<?xml version="1.0" encoding="UTF-8"?>
<!DOCTYPE mapper PUBLIC "-//mybatis.org//DTD Mapper 3.0//EN" "http://mybatis.org/dtd/mybatis-3-mapper.dtd">
<mapper namespace="com.uns.inf.mpos.dao.B2cShopperbiTempMapper">
  <resultMap id="BaseResultMap" type="com.uns.inf.mpos.entry.B2cShopperbiTemp">
    <!--
      WARNING - @mbggenerated
      This element is automatically generated by MyBatis Generator, do not modify.
      This element was generated on Mon May 05 18:20:31 CST 2014.
    -->
    <id column="B2C_SHOPPERBI_ID" jdbcType="DECIMAL" property="b2cShopperbiId" />
    <result column="SCOMPANY" jdbcType="VARCHAR" property="scompany" />
    <result column="GATEWAY" jdbcType="VARCHAR" property="gateway" />
    <result column="SQCODE" jdbcType="VARCHAR" property="sqcode" />
    <result column="SYNUM" jdbcType="VARCHAR" property="synum" />
    <result column="SICP" jdbcType="VARCHAR" property="sicp" />
    <result column="SADDRESS" jdbcType="VARCHAR" property="saddress" />
    <result column="SZIP" jdbcType="VARCHAR" property="szip" />
    <result column="SMANAGER" jdbcType="VARCHAR" property="smanager" />
    <result column="SRELATION" jdbcType="VARCHAR" property="srelation" />
    <result column="SEMAIL" jdbcType="VARCHAR" property="semail" />
    <result column="STEL" jdbcType="VARCHAR" property="stel" />
    <result column="SFAX" jdbcType="VARCHAR" property="sfax" />
    <result column="SHANDSET" jdbcType="VARCHAR" property="shandset" />
    <result column="SQQ" jdbcType="VARCHAR" property="sqq" />
    <result column="SMSN" jdbcType="VARCHAR" property="smsn" />
    <result column="SSHOPERTYPEID" jdbcType="DECIMAL" property="sshopertypeid" />
    <result column="SSHOPERTYPE" jdbcType="VARCHAR" property="sshopertype" />
    <result column="SDOMAIN" jdbcType="VARCHAR" property="sdomain" />
    <result column="SSHOPPERTYPEID" jdbcType="DECIMAL" property="sshoppertypeid" />
    <result column="SSHOPPERTYPE" jdbcType="VARCHAR" property="sshoppertype" />
    <result column="SCITY" jdbcType="VARCHAR" property="scity" />
    <result column="CITY" jdbcType="VARCHAR" property="city" />
    <result column="SPROVINCE" jdbcType="VARCHAR" property="sprovince" />
    <result column="PROVINCE" jdbcType="VARCHAR" property="province" />
    <result column="TRANSACTID" jdbcType="DECIMAL" property="transactid" />
    <result column="TRANSACTSUB" jdbcType="VARCHAR" property="transactsub" />
    <result column="TRANSACT" jdbcType="VARCHAR" property="transact" />
    <result column="OPERID" jdbcType="VARCHAR" property="operid" />
    <result column="OPER" jdbcType="VARCHAR" property="oper" />
    <result column="SIFPACTID" jdbcType="DECIMAL" property="sifpactid" />
    <result column="SIFPACT" jdbcType="VARCHAR" property="sifpact" />
    <result column="SPACTOPERID" jdbcType="VARCHAR" property="spactoperid" />
    <result column="SPACTOPER" jdbcType="VARCHAR" property="spactoper" />
    <result column="SISNEW" jdbcType="DECIMAL" property="sisnew" />
    <result column="SHOPPERCALLINGID" jdbcType="VARCHAR" property="shoppercallingid" />
    <result column="SHOPPERCALLING" jdbcType="VARCHAR" property="shoppercalling" />
    <result column="CREATED" jdbcType="TIMESTAMP" property="created" />
    <result column="SHOPPERID" jdbcType="DECIMAL" property="shopperid" />
    <result column="SAGENTID" jdbcType="DECIMAL" property="sagentid" />
    <result column="BATTALION" jdbcType="DECIMAL" property="battalion" />
    <result column="PERSENTID" jdbcType="DECIMAL" property="persentid" />
    <result column="IFATTEND" jdbcType="DECIMAL" property="ifattend" />
    <result column="IFAGENT" jdbcType="DECIMAL" property="ifagent" />
    <result column="SHOPPERTYPEID" jdbcType="DECIMAL" property="shoppertypeid" />
    <result column="SRELATIONCREDNO" jdbcType="VARCHAR" property="srelationcredno" />
    <result column="LEGALENTITY" jdbcType="VARCHAR" property="legalentity" />
    <result column="SRELATIONCREDEDATE" jdbcType="VARCHAR" property="srelationcrededate" />
    <result column="LEGALECREDNO" jdbcType="VARCHAR" property="legalecredno" />
    <result column="LEGALECREDEDATE" jdbcType="VARCHAR" property="legalecrededate" />
    <result column="SYNUMEDATE" jdbcType="VARCHAR" property="synumedate" />
    <result column="LICENSENO" jdbcType="VARCHAR" property="licenseno" />
    <result column="TAXREGISTERNO" jdbcType="VARCHAR" property="taxregisterno" />
    <result column="REMARK" jdbcType="VARCHAR" property="remark" />
    <result column="UPOPERID" jdbcType="VARCHAR" property="upoperid" />
    <result column="UPOPER" jdbcType="VARCHAR" property="upoper" />
    <result column="UPDATED" jdbcType="TIMESTAMP" property="updated" />
    <result column="GRADE" jdbcType="VARCHAR" property="grade" />
    <result column="DIVISION" jdbcType="VARCHAR" property="division" />
    <result column="SHOPPERID_P" jdbcType="DECIMAL" property="shopperidP" />
    <result column="SHORTNAME" jdbcType="VARCHAR" property="shortname" />
    <result column="LEVELS" jdbcType="VARCHAR" property="levels" />
  	<result column="IFVALID" jdbcType="DECIMAL" property="ifvalid" />
  	<result column="ACCOUNT_BANK_DICTVAL" jdbcType="VARCHAR" property="accountbankdictval" />
    <result column="ACCOUNT_BANK_NAME" jdbcType="VARCHAR" property="accountbankname" />
    <result column="ACCOUNT_BANK_PROV" jdbcType="VARCHAR" property="accountbankprov" />
    <result column="ACCOUNT_BANK_CLIENT_NAME" jdbcType="VARCHAR" property="accountbankclientname" />
    <result column="ACCOUNT_BANK_NO" jdbcType="VARCHAR" property="accountbankno" />
    <result column="ACCOUNT_BANK_OTHER" jdbcType="VARCHAR" property="accountbankother" />
    <result column="IS_TOP_MERCHANT" jdbcType="DECIMAL" property="istopmerchant" />
    <result column="TOP_FEE" jdbcType="DECIMAL" property="topfee" />
    <result column="MIN_SETTLE_MONEY" jdbcType="DECIMAL" property="minsettlemoney" />
    <result column="SETTLE_FREQUENCY" jdbcType="VARCHAR" property="settlefrequency" />
	<result column="OPEN_CHECK_STATUS" jdbcType="DECIMAL" property="opencheckstatus" />
	<result column="TERMIANL_STATUS" jdbcType="DECIMAL" property="termianlstatus" />
	<result column="TERMIAL_FILE" jdbcType="VARCHAR" property="termialfile" />
	<result column="BANK_FILE" jdbcType="VARCHAR" property="bankfile" />
	<result column="WORK_TIME" jdbcType="TIMESTAMP" property="worktime" />
	<result column="ISFORMAL" jdbcType="DECIMAL" property="isformal" />
	<result column="ISUPDATEBANK" jdbcType="DECIMAL" property="isupdatebank" />
	<result column="ISUPDATESHOPPER" jdbcType="DECIMAL" property="isupdateshopper" />
	<result column="SETTLEMENTTYPE" jdbcType="VARCHAR" property="settlementType" />
	<result column="YSBNO" jdbcType="VARCHAR" property="ysbNo" />
	<result column="YSBSCOMPANY" jdbcType="VARCHAR" property="ysbScompany" />
	<result column="RECHECKMERCHANTFLAG" jdbcType="VARCHAR" property="recheckmerchantflag" />
	<result column="RECHECKACCOUNTFLAG" jdbcType="VARCHAR" property="recheckaccountflag" />
	<result column="RECHECKTERMINALFLAG" jdbcType="VARCHAR" property="recheckterminalflag" />
	<result column="RECHECKMERCHANTREMARK" jdbcType="VARCHAR" property="recheckmerchantremark" />
	<result column="RECHECKACCOUNTREMARK" jdbcType="VARCHAR" property="recheckaccountremark" />
	<result column="RECHECKTERMINALREMARK" jdbcType="VARCHAR" property="recheckterminalremark" />
	<result column="MUSERID" jdbcType="VARCHAR" property="muserid" />
	<result column="MPASSWORD" jdbcType="VARCHAR" property="mpassword" />
	<result column="PHOTO_ID" jdbcType="DECIMAL" property="photoid" />
	<result column="MERCHANT_TYPE" jdbcType="VARCHAR" property="merchantType" />
	<result column="NAME" jdbcType="VARCHAR" property="name" />
	<result column="ID_NO" jdbcType="VARCHAR" property="IDNo" />
	<result column="LICENSE_NO" jdbcType="VARCHAR" property="licenseNo" />
	<result column="INDUSTRY" jdbcType="VARCHAR" property="industry" />
	<result column="BILL_PROVINCE" jdbcType="VARCHAR" property="billProvince" />
	<result column="BILL_PROVINCE_CODE" jdbcType="VARCHAR" property="billProvinceCode" />
	<result column="BILL_CITY" jdbcType="VARCHAR" property="billCity" />
	<result column="BILL_CITY_CODE" jdbcType="VARCHAR" property="billCityCode" />
	<result column="BILL_ADDRESS" jdbcType="VARCHAR" property="billAddress" />
	<result column="BILL_NAME" jdbcType="VARCHAR" property="billName" />
	<result column="IS_SUPPORT_T0" jdbcType="VARCHAR" property="isSupportT0" />
	<result column="IS_IC_APPLY_T0" jdbcType="VARCHAR" property="isIcApplyT0" />	
	<result column="T0_FEE" jdbcType="DECIMAL" property="T0fee" />
	<result column="T0_SINGLE_DAY_LIMIT" jdbcType="DECIMAL" property="T0SingleDayLimit" />
	<result column="ACCOUNT_BANK_PROV_CODE" jdbcType="VARCHAR" property="accountBankProvCode" />
	<result column="ACCOUNT_BANK_CITY" jdbcType="VARCHAR" property="accountBankCity" />
	<result column="ACCOUNT_BANK_CITY_CODE" jdbcType="VARCHAR" property="accountBankCityCode" />
	<result column="REPORT_RESOURCE" jdbcType="VARCHAR" property="reportResource" />
	<result column="EVICENUMBER" jdbcType="VARCHAR" property="evicenumber" />
	<result column="SHOPPERLIMIT" jdbcType="VARCHAR" property="shopperlimit" />
	<result column="PARENT_ID" jdbcType="VARCHAR" property="parentid" />
	<result column="FACTORING_NO" jdbcType="VARCHAR" property="factoringno" />
	<result column="PHOTO_CHECK_FLAG" jdbcType="VARCHAR" property="photoCheckFlag" />
	<result column="PHOTO_RECHECK_FLAG" jdbcType="VARCHAR" property="photoRecheckFlag" />
	<result column="PHOTO_RECHECK_REMARK" jdbcType="VARCHAR" property="photoRecheckRemark" />
	<result column="T0TYPE" property="t0type" jdbcType="VARCHAR" />
	<result column="T1TYPE"  jdbcType="VARCHAR" property="t1type"/>
	<result column="T0FIXEDAMOUNT" jdbcType="DECIMAL" property="t0fixedamount" />
	<result column="T0TOPAMOUNT" jdbcType="DECIMAL" property="t0topamount" />
	<result column="T0ADDITIONFEE" jdbcType="DECIMAL" property="t0additionfee" />
	<result column="T0MINAMOUNT" jdbcType="DECIMAL" property="t0minamount" />
	<result column="T0MAXAMOUNT" jdbcType="DECIMAL" property="t0maxamount" />
	<result column="T1_FEE" jdbcType="DECIMAL" property="t1fee" />
	<result column="T1TOPAMOUNT" jdbcType="DECIMAL" property="t1topamount" />
	<result column="EXAMINERESULLT" jdbcType="VARCHAR" property="examineresullt" />
	<result column="CARDTYPE" jdbcType="VARCHAR" property="cardType" />
	<result column="SMSCODE" jdbcType="VARCHAR" property="smsCode" />
	<result column="SMSCODEDATE" jdbcType="TIMESTAMP" property="smsCodeDate" />
	<result column="CHECK_DATE" jdbcType="TIMESTAMP" property="checkdate" />
	<result column="RECHECK_DATE" jdbcType="TIMESTAMP" property="recheckdate" />
	<result column="CURRENT_LOCATION" jdbcType="VARCHAR" property="currentLocation" />
	<result column="LONGITUDE" jdbcType="VARCHAR" property="longitude" />
	<result column="LATITUDE" jdbcType="VARCHAR" property="latitude" />
	<result column="AIFLAG" jdbcType="VARCHAR" property="aiflag" />
	<result column="MERCHANT_KEY" jdbcType="VARCHAR" property="merchantKey" />
	<result column="BANK_UPDATEDATE" jdbcType="TIMESTAMP" property="bankUpdateDate" />
	<result column="OPEN_MPOS_CREATE_DATE" jdbcType="TIMESTAMP" property="open_mpos_create_date" />
	<result column="QRPAYNO" jdbcType="VARCHAR" property="qrPayNo" />
	<result column="QRPAY_MERCHANT_KEY" jdbcType="VARCHAR" property="qrpayMerchantkey" />
	<result column="FIXED_QRCODE_URL" jdbcType="VARCHAR" property="fixedqrcodeurl" />
	<result column="FIXED_QRCODE_FLAG" jdbcType="VARCHAR" property="fixedqrcodeflag" />
	<result column="HF_FLAG" jdbcType="VARCHAR" property="hfflg" />
	<result column="HF_PSAM" jdbcType="VARCHAR" property="hfpsam" />
    <result column="STATUS" jdbcType="VARCHAR" property="status"/>
    <result column="HF_PSAM_D0" jdbcType="VARCHAR" property="hfpsamd0"/>
     
    <result column="FIX_QRCODE_CUSTOMER_NAME" jdbcType="VARCHAR" property="fixqrcodecustomername"/>
    <result column="IS_EXTERNAL_REVENUE" jdbcType="VARCHAR" property="isexternalrevenue"/>

      <result column="INVITE_CODE" jdbcType="VARCHAR" property="inviteCode"/>
      <result column="INVITE_CODE_P" jdbcType="VARCHAR" property="inviteCodeP"/>
    <result column="SETTLE_TYPE" jdbcType="VARCHAR" property="settleType"/>
    <result column="CREDITLINES" jdbcType="DECIMAL" property="creditLines"/>

    <result column="AGENT_PROFIT_RATIO" jdbcType="VARCHAR" property="agentProfitRatio"/>
    <result column="MERCH_PROFIT_RATIO1" jdbcType="VARCHAR" property="merchProfitRatio1"/>
    <result column="MERCH_PROFIT_RATIO2" jdbcType="VARCHAR" property="merchProfitRatio2"/>
    <result column="MERCH_PROFIT_RATIO3" jdbcType="VARCHAR" property="merchProfitRatio3"/>
    <result column="PROFITOWNER" jdbcType="VARCHAR" property="profitOwner"/>
    <result column="SEX" jdbcType="VARCHAR" property="sex"/>
    <result column="BIRTHDAY" jdbcType="VARCHAR" property="birthday"/>
    <result column="NATION" jdbcType="VARCHAR" property="nation"/>
    <result column="SIGNUNIT" jdbcType="VARCHAR" property="signUnit"/>
    <result column="USEFULLIFE" jdbcType="VARCHAR" property="usefulLife"/>
    <result column="CREDIT_BANK_DICTVAL" jdbcType="VARCHAR" property="creditBankDictval"/>
    <result column="CREDIT_BANK_NO" jdbcType="VARCHAR" property="creditBankNo"/>
    <result column="CREDIT_BANK_USEFULLIFE" jdbcType="VARCHAR" property="creditBankUsefullife"/>
    <result column="CREDIT_BANK_CLIENT_NAME" jdbcType="VARCHAR" property="creditBankClientName"/>
    <result column="CREDIT_BANK_CLIENT_ID_NO" jdbcType="VARCHAR" property="creditBankClientIdNo"/>
    <result column="CREDIT_BANK_CLIENT_TEL" jdbcType="VARCHAR" property="creditBankClientTel"/>
    <result column="ACCOUNT_BANK_CLIENT_TEL" jdbcType="VARCHAR" property="accountBankClientTel"/>
    
  </resultMap>
  <sql id="Base_Column_List">
    B2C_SHOPPERBI_ID, SCOMPANY, GATEWAY, SQCODE, SYNUM, SICP, SADDRESS, SZIP, SMANAGER, 
    SRELATION, SEMAIL, STEL, SFAX, SHANDSET, SQQ, SMSN, SSHOPERTYPEID, SSHOPERTYPE, SDOMAIN, 
    SSHOPPERTYPEID, SSHOPPERTYPE, SCITY, CITY, SPROVINCE, PROVINCE, TRANSACTID, TRANSACTSUB, 
    TRANSACT, OPERID, OPER, SIFPACTID, SIFPACT, SPACTOPERID, SPACTOPER, SISNEW, SHOPPERCALLINGID, 
    SHOPPERCALLING, CREATED, SHOPPERID, SAGENTID, BATTALION, PERSENTID, IFATTEND, IFAGENT, 
    SHOPPERTYPEID, SRELATIONCREDNO, LEGALENTITY, SRELATIONCREDEDATE, LEGALECREDNO, LEGALECREDEDATE, 
    SYNUMEDATE, LICENSENO, TAXREGISTERNO, REMARK, UPOPERID, UPOPER, UPDATED, GRADE, DIVISION, 
    SHOPPERID_P, SHORTNAME, LEVELS ,IFVALID,ACCOUNT_BANK_DICTVAL,ACCOUNT_BANK_NAME,
    ACCOUNT_BANK_PROV,ACCOUNT_BANK_CLIENT_NAME,ACCOUNT_BANK_NO,ACCOUNT_BANK_OTHER,IS_TOP_MERCHANT,
    TOP_FEE,MIN_SETTLE_MONEY,SETTLE_FREQUENCY,OPEN_CHECK_STATUS,TERMIANL_STATUS,TERMIAL_FILE,
    BANK_FILE,WORK_TIME,ISFORMAL,ISUPDATEBANK,ISUPDATESHOPPER,SETTLEMENTTYPE,YSBNO,YSBSCOMPANY,
    RECHECKMERCHANTFLAG,RECHECKACCOUNTFLAG,RECHECKTERMINALFLAG,RECHECKMERCHANTREMARK,RECHECKACCOUNTREMARK,RECHECKTERMINALREMARK,
    MUSERID,MPASSWORD,PHOTO_ID,MERCHANT_TYPE,NAME,ID_NO,LICENSE_NO,INDUSTRY,BILL_PROVINCE,BILL_PROVINCE_CODE,BILL_CITY,BILL_CITY_CODE,BILL_ADDRESS,BILL_NAME,
    IS_SUPPORT_T0,IS_IC_APPLY_T0,T0_FEE,T0_SINGLE_DAY_LIMIT,ACCOUNT_BANK_PROV_CODE,ACCOUNT_BANK_CITY,ACCOUNT_BANK_CITY_CODE,REPORT_RESOURCE,
    EVICENUMBER,SHOPPERLIMIT,PARENT_ID,FACTORING_NO,PHOTO_CHECK_FLAG,PHOTO_RECHECK_FLAG,PHOTO_RECHECK_REMARK,T0TYPE,
    T1TYPE,T0FIXEDAMOUNT,T0TOPAMOUNT,T0ADDITIONFEE,T0MINAMOUNT,T0MAXAMOUNT,T1_FEE,T1TOPAMOUNT,EXAMINERESULLT,CARDTYPE,SMSCODE,SMSCODEDATE,
    CHECK_DATE,RECHECK_DATE,CURRENT_LOCATION,LONGITUDE,LATITUDE,AIFLAG,MERCHANT_KEY,BANK_UPDATEDATE,OPEN_MPOS_CREATE_DATE,
    QRPAYNO,QRPAY_MERCHANT_KEY,FIXED_QRCODE_URL,FIXED_QRCODE_FLAG,HF_FLAG,HF_PSAM,HF_PSAM_D0,FIX_QRCODE_CUSTOMER_NAME,IS_EXTERNAL_REVENUE,SETTLE_TYPE,CREDITLINES,
    AGENT_PROFIT_RATIO,MERCH_PROFIT_RATIO1,MERCH_PROFIT_RATIO2,MERCH_PROFIT_RATIO3,PROFITOWNER,
    INVITE_CODE,INVITE_CODE_P,SEX,BIRTHDAY,NATION,SIGNUNIT,USEFULLIFE,CREDIT_BANK_DICTVAL,CREDIT_BANK_NO,CREDIT_BANK_USEFULLIFE,CREDIT_BANK_CLIENT_NAME,
    CREDIT_BANK_CLIENT_ID_NO,CREDIT_BANK_CLIENT_TEL,CHECKSTATUS,ACCOUNT_BANK_CLIENT_TEL
    
  </sql>
  
 <!-- 扫描查询审核状态为自动审核中的商户 -->
     <select id="findCheckingShopperbi" resultMap="BaseResultMap" >
    select 
    <include refid="Base_Column_List" />
    from B2C_SHOPPERBI_TEMP t
    where CHECKSTATUS=1
  </select>
  
    <!--自动审核之后更新信息-->
    <update id="updateByAutoScanInfo" parameterType="com.uns.inf.mpos.entry.B2cShopperbiTemp">
        update b2c_shopperbi_temp t
        <set>
            <if test="null != checkstatus and '' != checkstatus">
                t.checkstatus = #{checkstatus, jdbcType=VARCHAR},
            </if>
            <if test="null != notPassReason and '' != notPassReason">
                t.not_pass_reason = #{notPassReason, jdbcType=VARCHAR},
            </if>
            <if test="null != notPassStep and '' != notPassStep">
                t.not_pass_step = #{notPassStep, jdbcType=VARCHAR},
            </if>
            <if test="null != ifactivated and '' != ifactivated">
                t.ifactivated = #{ifactivated, jdbcType=VARCHAR},
            </if>
            <if test="null != ifactivadate and '' != ifactivadate">
                t.ifactivadate = #{ifactivadate, jdbcType=TIMESTAMP},
            </if>
            <if test="null != recheckdate and '' != recheckdate">
                t.recheck_date = #{recheckdate, jdbcType=TIMESTAMP},
            </if>
            <if test="null != transact and '' != transact">
                t.transact = #{transact, jdbcType=VARCHAR},
            </if>
            <if test="null != ifvalid">
                t.ifvalid = #{ifvalid, jdbcType=DECIMAL},
            </if>
            <if test="null != isformal">
                t.isformal = #{isformal, jdbcType=DECIMAL},
            </if>
        </set>
        where t.shopperid=#{shopperid, jdbcType=VARCHAR}
    </update>

    <!--自动审核之后更新正式信息-->
    <update id="updateFormalByAutoScanInfo" parameterType="com.uns.inf.mpos.entry.B2cShopperbiTemp">
        update b2c_shopperbi t
        <set>
            <if test="null != checkstatus and '' != checkstatus">
                t.checkstatus = #{checkstatus, jdbcType=VARCHAR},
            </if>
            <if test="null != notPassReason and '' != notPassReason">
                t.not_pass_reason = #{notPassReason, jdbcType=VARCHAR},
            </if>
            <if test="null != notPassStep and '' != notPassStep">
                t.not_pass_step = #{notPassStep, jdbcType=VARCHAR},
            </if>
            <if test="null != ifactivated and '' != ifactivated">
                t.ifactivated = #{ifactivated, jdbcType=VARCHAR},
            </if>
            <if test="null != ifactivadate and '' != ifactivadate">
                t.ifactivadate = #{ifactivadate, jdbcType=TIMESTAMP},
            </if>
            <if test="null != transact and '' != transact">
                t.transact = #{transact, jdbcType=VARCHAR},
            </if>
            <if test="null != ifvalid">
                t.ifvalid = #{ifvalid, jdbcType=DECIMAL},
            </if>
        </set>
        where t.shopperid=#{shopperid, jdbcType=VARCHAR}
    </update>

</mapper>