<?xml version="1.0" encoding="UTF-8"?>
<!DOCTYPE mapper PUBLIC "-//mybatis.org//DTD Mapper 3.0//EN" "http://mybatis.org/dtd/mybatis-3-mapper.dtd">
<mapper namespace="com.uns.inf.mpos.dao.MerchantProfitBatchFissionMapper">
    <resultMap id="BaseResultMap" type="com.uns.inf.mpos.entry.MerchantBean">
        <result column="CUSTOMERNO" jdbcType="VARCHAR" property="customerNo"/>
        <result column="OPERAMOUNT" jdbcType="VARCHAR" property="operAmount"/>
        <result column="OPERTYPE" jdbcType="VARCHAR" property="operType"/>
        <result column="BATCHNO" jdbcType="VARCHAR" property="batchNo"/>
        <result column="ORDERID" jdbcType="VARCHAR" property="orderId"/>
    </resultMap>
	<select id="findMposWaitPassProfit" resultMap="BaseResultMap">
		SELECT
			C.CUSTOMERID CUSTOMERNO ,
			T.PROFIT OPERAMOUNT,
			T.BATCH_NO BATCHNO,
			T.S_SHOPPERID shopperid,
			'2' OPERTYPE
		FROM MERCHANT_SPLIT_PROFIT_FISSION T,CUSTOMER C
		WHERE T.S_SHOPPERID=C.MICROMERCHANTNO
		AND T.PUSH_MSG_FLAG = '0' AND T.SETTLE_STATUS = '1'
	</select>
    <select id="findWaitPassProfit" resultMap="BaseResultMap">
		SELECT
		       C.CUSTOMERID CUSTOMERNO ,
		       T.PROFIT OPERAMOUNT,
		       T.BATCH_NO BATCHNO,
		       T.S_SHOPPERID shopperid,
		       '2' OPERTYPE
		  FROM MERCHANT_SPLIT_PROFIT_FISSION T,CUSTOMER C
		  WHERE T.S_SHOPPERID=C.SMALL_MERCH_NO
		   AND T.PUSH_MSG_FLAG = '0' AND T.SETTLE_STATUS = '1'
	</select>
    <update id="updateMsgFlag">
		UPDATE MERCHANT_SPLIT_PROFIT_FISSION SET PUSH_MSG_FLAG = '1' WHERE BATCH_NO = #{batchNo}
	</update>
	<update id="updateMerchantProfitPass">
		UPDATE MERCHANT_SPLIT_PROFIT_FISSION M
		   SET M.SETTLE_STATUS = '2', M.SETTLE_DATE = SYSDATE
		 WHERE M.SETTLE_STATUS = '1'
	</update>
	<select id="findMerchantProfitByBatch" resultType="java.lang.Long">
		SELECT ID FROM MERCHANT_SPLIT_PROFIT_FISSION WHERE BATCH_NO = #{batchNo}
	</select>
	<select id="checkSysConfig" resultType="java.lang.String">
		SELECT m.key_value FROM sys_config m WHERE m.key_name = 'merProfitAuditFlag'
	</select>

	<select id="findPassMerchantProfitById" parameterType="java.lang.Long" resultType="java.util.Map">
		SELECT t.batch_no infoid,
		t.s_shopperid smallMerchantNo,
		t.outtradetime tranTime,
		t.amount amount,
		t.profit profitAmount,
		decode(T.CHANNEL_TYPE,
		'2',
		'WXZF',
		'3',
		'ZFBZF',
		'4',
		'YLZF',
		'5',
		'KJZF',
		'6',
		'B2CZF',
		'7',
		'SHZF') payWay,
		decode(T.FEE_TYPE, '0', 'D0', '1', 'T1') tranFlag,
		t.shopperid,
		'3' msgType,
		'1' customerType,
		(select d.scompany from customer d where d.small_merch_no=t.shopperid) customerName ,
		(select c.scompany from customer c where c.small_merch_no=v.SUPER_SHOPPERID) dataSource,
		t.outtradeno orderId
		FROM MERCHANT_SPLIT_PROFIT_FISSION T, v_merchant_tree v
		where v.SMALL_MERCH_NO = t.shopperid AND  T.ID=#{merchantProfitId}
	</select>
	<select id="findMposPassMerchantProfitById" parameterType="java.lang.Long" resultType="java.util.Map">
		SELECT t.batch_no infoid,
		t.s_shopperid smallMerchantNo,
		t.outtradetime tranTime,
		t.amount amount,
		t.profit profitAmount,
		decode(T.CHANNEL_TYPE,
		'2',
		'WXZF',
		'3',
		'ZFBZF',
		'4',
		'YLZF',
		'5',
		'KJZF',
		'6',
		'B2CZF',
		'7',
		'SHZF') payWay,
		decode(T.FEE_TYPE, '0', 'D0', '1', 'T1') tranFlag,
		t.shopperid,
		'3' msgType,
		'1' customerType,
		(select d.scompany from customer d where d.MICROMERCHANTNO=t.shopperid) customerName ,
		(select c.scompany from customer c where c.MICROMERCHANTNO=v.SUPER_SHOPPERID) dataSource,
		t.outtradeno orderId
		FROM MERCHANT_SPLIT_PROFIT_FISSION T, v_merchant_tree v
		where v.MICROMERCHANTNO = t.shopperid AND  T.ID=#{merchantProfitId}
	</select>

</mapper>