<?xml version="1.0" encoding="UTF-8" ?>
<!DOCTYPE mapper PUBLIC "-//mybatis.org//DTD Mapper 3.0//EN" "http://mybatis.org/dtd/mybatis-3-mapper.dtd" >
<mapper namespace="com.uns.inf.mpos.dao.MposRemoteInvitationMapper" >
  <resultMap id="BaseResultMap" type="com.uns.inf.mpos.entry.MposRemoteInvitation" >
    <id column="REMOTE_INVITATION_ID" property="remoteInvitationId" jdbcType="DECIMAL" />
    <result column="SALESMAN" property="salesman" jdbcType="DECIMAL" />
    <result column="TEL" property="tel" jdbcType="VARCHAR" />
    <result column="FEE" property="fee" jdbcType="VARCHAR" />
    <result column="OPEN_TO_FLAG" property="openToFlag" jdbcType="VARCHAR" />
    <result column="IC_CARD_FLAG" property="icCardFlag" jdbcType="VARCHAR" />
    <result column="T0_FEE" property="t0Fee" jdbcType="VARCHAR" />
    <result column="SHOPPER_LIMIT" property="shopperLimit" jdbcType="VARCHAR" />
    <result column="AGENT_ID" property="agentId" jdbcType="VARCHAR" />
    <result column="CREATE_DATE" property="createDate" jdbcType="TIMESTAMP" />
    <result column="REMOTE_INVITATION" property="remoteInvitation" jdbcType="TIMESTAMP" />
    <result column="PAST_DATE" property="pastDate" jdbcType="TIMESTAMP" />
    <result column="UPDATE_DATE" property="updateDate" jdbcType="TIMESTAMP" />
    <result column="STATUS" property="status" jdbcType="VARCHAR" />
    <result column="VERIFICATION_CODE" property="verificationCode" jdbcType="VARCHAR" />
    <result column="PASSWORD" property="password" jdbcType="VARCHAR" />
    <result column="T0TYPE" property="t0type" jdbcType="VARCHAR" />
	<result column="T1TYPE" property="t1type" jdbcType="VARCHAR" />
	<result column="T0FIXEDAMOUNT" property="t0fixedamount" jdbcType="DECIMAL" />
	<result column="T0TOPAMOUNT" property="t0topamount" jdbcType="DECIMAL" />
	<result column="T0ADDITIONFEE" property="t0additionfee" jdbcType="DECIMAL" />
	<result column="T0MINAMOUNT" property="t0minamount" jdbcType="DECIMAL" />
	<result column="T0MAXAMOUNT" property="t0maxamount" jdbcType="DECIMAL" />
    <result column="CARDTYPE" property="cardType" jdbcType="VARCHAR" />
    <result column="T1_FEE" property="t1fee" jdbcType="DECIMAL" />
    <result column="T1TOPAMOUNT" property="t1topamount" jdbcType="DECIMAL" /> 
    <result column="FIRST_LOGIN" property="firstLogin" jdbcType="VARCHAR" />  
  </resultMap>
 
  <sql id="Base_Column_List" >
    REMOTE_INVITATION_ID, SALESMAN, TEL, FEE, OPEN_TO_FLAG, IC_CARD_FLAG, T0_FEE, SHOPPER_LIMIT, 
    AGENT_ID, CREATE_DATE, REMOTE_INVITATION, PAST_DATE, UPDATE_DATE,STATUS,
    VERIFICATION_CODE,PASSWORD,T0TYPE,T1TYPE,T0FIXEDAMOUNT,T0TOPAMOUNT,T0ADDITIONFEE,T0MINAMOUNT,
    T0MAXAMOUNT,CARDTYPE,T1_FEE,T1TOPAMOUNT,FIRST_LOGIN
  </sql>
  
   <update id="updateData"  >
     update MPOS_REMOTE_INVITATION
    set 
      	STATUS = 4,
      	UPDATE_DATE= sysdate
    where  status = 1  and to_char(PAST_DATE,'yyyy-MM-dd') <![CDATA[ <= to_char(sysdate - 1,'yyyy-mm-dd') ]]> 
  </update>
  
</mapper>