<?xml version="1.0" encoding="UTF-8"?>
<beans xmlns="http://www.springframework.org/schema/beans"
	xmlns:xsi="http://www.w3.org/2001/XMLSchema-instance"
	xsi:schemaLocation="http://www.springframework.org/schema/beans http://www.springframework.org/schema/beans/spring-beans-2.5.xsd"
	default-lazy-init="true">
	<import resource="classpath*:/context/acms-client.xml" />
	<bean class="com.uns.inf.acms.client.config.ConfigInitLoadingConfigurer"
		parent="baseConfigurer" lazy-init="false">
		<!-- 应用的名称 -->
		<property name="appName" value="mpos_job.web" />
		<!-- 应用的环境local、dev、sit、uat、prd -->
		<property name="appEnv" value="mpos_job.web.${maven.profiles.env}" />
		<!--参数前缀去除 -->
		<property name="prefixStripKeys">
			<list>
				<value>mpos_job.web.${maven.profiles.env}</value>
			</list>
		</property>
		<!-- 必须以inf.acms,开头，多个以逗号隔开，inf.sms说明以 inf.sms自动加载 -->
		<property name="keyPatterns"
			value="inf.acms,mpos_job.web.${maven.profiles.env}" />
	</bean>

</beans>
