<?xml version="1.0" encoding="UTF-8"?>
<beans xmlns="http://www.springframework.org/schema/beans"
       xmlns:xsi="http://www.w3.org/2001/XMLSchema-instance"	xmlns:aop="http://www.springframework.org/schema/aop" xmlns:context="http://www.springframework.org/schema/context" 
	xmlns:jdbc="http://www.springframework.org/schema/jdbc" xmlns:tx="http://www.springframework.org/schema/tx"
	xmlns:jpa="http://www.springframework.org/schema/data/jpa"
       xsi:schemaLocation="
       http://www.springframework.org/schema/beans http://www.springframework.org/schema/beans/spring-beans-2.0.xsd
       http://www.springframework.org/schema/aop http://www.springframework.org/schema/aop/spring-aop-3.1.xsd
		http://www.springframework.org/schema/context http://www.springframework.org/schema/context/spring-context-3.1.xsd
		http://www.springframework.org/schema/jdbc http://www.springframework.org/schema/jdbc/spring-jdbc-3.1.xsd
		http://www.springframework.org/schema/tx http://www.springframework.org/schema/tx/spring-tx-3.1.xsd
		http://www.springframework.org/schema/data/jpa http://www.springframework.org/schema/data/jpa/spring-jpa.xsd"
		default-lazy-init="true">

	<description>Spring公共配置</description>
	
	<!-- <bean id="dataSource" class="com.mchange.v2.c3p0.ComboPooledDataSource"
		destroy-method="close">
		<property name="driverClass" value="oracle.jdbc.driver.OracleDriver" />
		<property name="jdbcUrl" value="${datasource.url}" />
		<property name="user" value="${datasource.username}"/>
		<property name="password" value="${datasource.password}" />
		<property name="minPoolSize" value="10" /> 根据实际情况调节
		<property name="maxPoolSize" value="50" /> 根据实际情况调节
		<property name="initialPoolSize" value="10" /> 根据实际情况调节
		<property name="maxIdleTime" value="60" />
		<property name="idleConnectionTestPeriod" value="60" />
		<property name="checkoutTimeout" value="60000"/>  
	</bean> -->
	
	<bean id="baseDataSource" class="com.mchange.v2.c3p0.ComboPooledDataSource"
		destroy-method="close">
		<property name="driverClass" value="oracle.jdbc.driver.OracleDriver" /> 
		<property name="minPoolSize" value="10" /> 
		<property name="maxPoolSize" value="50" /> 
		<property name="initialPoolSize" value="10" /> 
		<property name="maxIdleTime" value="60" /> 
		<property name="idleConnectionTestPeriod" value="60" /> 
		<property name="checkoutTimeout" value="60000"/> 
		<property name="maxStatements" value="0"/> 
	</bean>

	<bean id="u3smallDataSource" parent="baseDataSource"
		destroy-method="close">
		<property name="jdbcUrl" value="${datasource.url}"/> 
		<property name="user" value="${datasource.username}" /> 
		<property name="password" value="${datasource.password}" /> 
	</bean>
	
	<bean id="qrcodeDataSource" parent="baseDataSource" destroy-method="close">
	    <property name="jdbcUrl" value="${qrcodeSource.qrcodeUrl}"/> 
		<property name="user" value="${qrcodeSource.qrcodeUsername}" /> 
	    <property name="password" value="${qrcodeSource.qrcodePassword}" /> 
	</bean>
	
	
	<bean id="mposDataSource" parent="baseDataSource" destroy-method="close">
	    <property name="jdbcUrl" value="${mposSource.mposUrl}"/> 
		<property name="user" value="${mposSource.mposUsername}" /> 
	    <property name="password" value="${mposSource.mposPassword}" /> 
	                                       	
	</bean>

	<bean id="insDataSource" parent="baseDataSource" destroy-method="close">
		<property name="jdbcUrl" value="${insSource.insUrl}"/>
		<property name="user" value="${insSource.insUsername}" />
		<property name="password" value="${insSource.insPassword}" />

	</bean>
	
	<bean id="dataSource" class="com.uns.inf.mpos.mutidatasource.RoutingDataSources">
		<property name="targetDataSources">
			<map key-type="java.lang.String">
				<entry value-ref="u3smallDataSource" key="U3_SMALL"></entry>
				<entry value-ref="qrcodeDataSource"  key="MPOS_QRCODE"></entry>
				<entry value-ref="mposDataSource"  key="MPOS"></entry>
				<entry value-ref="insDataSource" key="INS"></entry>
			</map>
		</property>
		<property name="defaultTargetDataSource" ref="u3smallDataSource"></property>
	</bean>
	
	<!-- 使用annotation 自动注册bean,并检查@Required,@Autowired的属性已被注入 -->
	<context:annotation-config />
	<context:component-scan base-package="com.uns.inf" />
	
	<!-- MyBatis配置 -->
	<bean id="sqlSessionFactory" class="org.mybatis.spring.SqlSessionFactoryBean">
		<property name="dataSource" ref="dataSource" />
		<!-- 自动扫描entity目录, 省掉Configuration.xml里的手工配置 -->
		<property name="typeAliasesPackage" value="com.uns.inf.*.entry" />
		<!-- 显式指定MAPPER文件位置 -->
		<property name="mapperLocations" value="classpath:/mybatis/*Mapper.xml" />
		<!-- 配置MyBatis 分页 -->
		
	</bean>
	<!-- 扫描basePackage下所有以@MyBatisRepository标识的 接口 -->
	<bean class="org.mybatis.spring.mapper.MapperScannerConfigurer">
		<property name="basePackage" value="com.uns.inf.*.dao" />
		<!-- 也可以使用使用接口过滤,实现了该接口的DAO才会被扫描器扫描 -->
		<!-- <property name="markerInterface" value="XXX" /> -->
	</bean>
	
	<!-- 事务管理器, JDBC单数据源事务 -->
	<bean id="transactionManager"
		class="org.springframework.jdbc.datasource.DataSourceTransactionManager">
		<property name="dataSource" ref="dataSource" />
	</bean>
	
	<!-- 使用annotation定义事务 -->
	<tx:annotation-driven transaction-manager="transactionManager"
		proxy-target-class="true" />

	<!-- 定义ASPECTJ -->
	<aop:aspectj-autoproxy proxy-target-class="true" />
</beans>