<?xml version="1.0" encoding="UTF-8" ?>
<!DOCTYPE mapper PUBLIC "-//mybatis.org//DTD Mapper 3.0//EN" "http://mybatis.org/dtd/mybatis-3-mapper.dtd" >
<mapper namespace="com.uns.organization.modules.organization.dao.CmbJoinInfoMapper" >
  <resultMap id="BaseResultMap" type="com.uns.organization.modules.organization.entity.CmbJoinInfo" >
    <id column="INFO_ID" property="infoId" jdbcType="DECIMAL" />
    <result column="FEE_RATE_ID" property="feeRateId" jdbcType="VARCHAR" />
    <result column="PAY_FEE_RATE_NO_WX" property="payFeeRateNoWx" jdbcType="VARCHAR" />
    <result column="FEE_RATE_WX" property="feeRateWx" jdbcType="VARCHAR" />
    <result column="PAY_FEE_RATE_NO_ZFB" property="payFeeRateNoZfb" jdbcType="VARCHAR" />
    <result column="FEE_RATE_ZFB" property="feeRateZfb" jdbcType="VARCHAR" />
    <result column="ACCOUNT_NAME" property="accountName" jdbcType="VARCHAR" />
    <result column="ACCOUNT_NO" property="accountNo" jdbcType="VARCHAR" />
    <result column="ACCOUNT_PROP" property="accountProp" jdbcType="VARCHAR" />
    <result column="PROVINCE_CODE_JS" property="provinceCodeJs" jdbcType="VARCHAR" />
    <result column="CITY_CODE_JS" property="cityCodeJs" jdbcType="VARCHAR" />
    <result column="BANK_BRANCH_NO" property="bankBranchNo" jdbcType="VARCHAR" />
    <result column="BANK_NAME" property="bankName" jdbcType="VARCHAR" />
    <result column="BANK_BRANCH" property="bankBranch" jdbcType="VARCHAR" />
    <result column="ID_CARD_NO" property="idCardNo" jdbcType="VARCHAR" />
    <result column="ALI_STATUS" property="aliStatus" jdbcType="VARCHAR" />
    <result column="WX_STATUS" property="wxStatus" jdbcType="VARCHAR" />
  </resultMap>
  <sql id="Base_Column_List" >
    INFO_ID, FEE_RATE_ID, PAY_FEE_RATE_NO_WX, FEE_RATE_WX, PAY_FEE_RATE_NO_ZFB, FEE_RATE_ZFB, 
    ACCOUNT_NAME, ACCOUNT_NO, ACCOUNT_PROP, PROVINCE_CODE_JS, CITY_CODE_JS, BANK_BRANCH_NO, 
    BANK_NAME, BANK_BRANCH, ID_CARD_NO, ALI_STATUS, WX_STATUS
  </sql>
  <select id="selectByPrimaryKey" resultMap="BaseResultMap" parameterType="java.lang.Long" >
    select 
    <include refid="Base_Column_List" />
    from CMB_JOIN_INFO
    where INFO_ID = #{infoId,jdbcType=DECIMAL}
  </select>
  <delete id="deleteByPrimaryKey" parameterType="java.lang.Long" >
    delete from CMB_JOIN_INFO
    where INFO_ID = #{infoId,jdbcType=DECIMAL}
  </delete>
  <insert id="insert" parameterType="com.uns.organization.modules.organization.entity.CmbJoinInfo" >
    insert into CMB_JOIN_INFO (INFO_ID, FEE_RATE_ID, PAY_FEE_RATE_NO_WX, 
      FEE_RATE_WX, PAY_FEE_RATE_NO_ZFB, FEE_RATE_ZFB, 
      ACCOUNT_NAME, ACCOUNT_NO, ACCOUNT_PROP, 
      PROVINCE_CODE_JS, CITY_CODE_JS, BANK_BRANCH_NO, 
      BANK_NAME, BANK_BRANCH, ID_CARD_NO, 
      ALI_STATUS, WX_STATUS)
    values (#{infoId,jdbcType=DECIMAL}, #{feeRateId,jdbcType=VARCHAR}, #{payFeeRateNoWx,jdbcType=VARCHAR}, 
      #{feeRateWx,jdbcType=VARCHAR}, #{payFeeRateNoZfb,jdbcType=VARCHAR}, #{feeRateZfb,jdbcType=VARCHAR}, 
      #{accountName,jdbcType=VARCHAR}, #{accountNo,jdbcType=VARCHAR}, #{accountProp,jdbcType=VARCHAR}, 
      #{provinceCodeJs,jdbcType=VARCHAR}, #{cityCodeJs,jdbcType=VARCHAR}, #{bankBranchNo,jdbcType=VARCHAR}, 
      #{bankName,jdbcType=VARCHAR}, #{bankBranch,jdbcType=VARCHAR}, #{idCardNo,jdbcType=VARCHAR}, 
      #{aliStatus,jdbcType=VARCHAR}, #{wxStatus,jdbcType=VARCHAR})
  </insert>
  <insert id="insertSelective" parameterType="com.uns.organization.modules.organization.entity.CmbJoinInfo" >
    insert into CMB_JOIN_INFO
    <trim prefix="(" suffix=")" suffixOverrides="," >
      <if test="infoId != null" >
        INFO_ID,
      </if>
      <if test="feeRateId != null" >
        FEE_RATE_ID,
      </if>
      <if test="payFeeRateNoWx != null" >
        PAY_FEE_RATE_NO_WX,
      </if>
      <if test="feeRateWx != null" >
        FEE_RATE_WX,
      </if>
      <if test="payFeeRateNoZfb != null" >
        PAY_FEE_RATE_NO_ZFB,
      </if>
      <if test="feeRateZfb != null" >
        FEE_RATE_ZFB,
      </if>
      <if test="accountName != null" >
        ACCOUNT_NAME,
      </if>
      <if test="accountNo != null" >
        ACCOUNT_NO,
      </if>
      <if test="accountProp != null" >
        ACCOUNT_PROP,
      </if>
      <if test="provinceCodeJs != null" >
        PROVINCE_CODE_JS,
      </if>
      <if test="cityCodeJs != null" >
        CITY_CODE_JS,
      </if>
      <if test="bankBranchNo != null" >
        BANK_BRANCH_NO,
      </if>
      <if test="bankName != null" >
        BANK_NAME,
      </if>
      <if test="bankBranch != null" >
        BANK_BRANCH,
      </if>
      <if test="idCardNo != null" >
        ID_CARD_NO,
      </if>
      <if test="aliStatus != null" >
        ALI_STATUS,
      </if>
      <if test="wxStatus != null" >
        WX_STATUS,
      </if>
    </trim>
    <trim prefix="values (" suffix=")" suffixOverrides="," >
      <if test="infoId != null" >
        #{infoId,jdbcType=DECIMAL},
      </if>
      <if test="feeRateId != null" >
        #{feeRateId,jdbcType=VARCHAR},
      </if>
      <if test="payFeeRateNoWx != null" >
        #{payFeeRateNoWx,jdbcType=VARCHAR},
      </if>
      <if test="feeRateWx != null" >
        #{feeRateWx,jdbcType=VARCHAR},
      </if>
      <if test="payFeeRateNoZfb != null" >
        #{payFeeRateNoZfb,jdbcType=VARCHAR},
      </if>
      <if test="feeRateZfb != null" >
        #{feeRateZfb,jdbcType=VARCHAR},
      </if>
      <if test="accountName != null" >
        #{accountName,jdbcType=VARCHAR},
      </if>
      <if test="accountNo != null" >
        #{accountNo,jdbcType=VARCHAR},
      </if>
      <if test="accountProp != null" >
        #{accountProp,jdbcType=VARCHAR},
      </if>
      <if test="provinceCodeJs != null" >
        #{provinceCodeJs,jdbcType=VARCHAR},
      </if>
      <if test="cityCodeJs != null" >
        #{cityCodeJs,jdbcType=VARCHAR},
      </if>
      <if test="bankBranchNo != null" >
        #{bankBranchNo,jdbcType=VARCHAR},
      </if>
      <if test="bankName != null" >
        #{bankName,jdbcType=VARCHAR},
      </if>
      <if test="bankBranch != null" >
        #{bankBranch,jdbcType=VARCHAR},
      </if>
      <if test="idCardNo != null" >
        #{idCardNo,jdbcType=VARCHAR},
      </if>
      <if test="aliStatus != null" >
        #{aliStatus,jdbcType=VARCHAR},
      </if>
      <if test="wxStatus != null" >
        #{wxStatus,jdbcType=VARCHAR},
      </if>
    </trim>
  </insert>
  <update id="updateByPrimaryKeySelective" parameterType="com.uns.organization.modules.organization.entity.CmbJoinInfo" >
    update CMB_JOIN_INFO
    <set >
      <if test="feeRateId != null" >
        FEE_RATE_ID = #{feeRateId,jdbcType=VARCHAR},
      </if>
      <if test="payFeeRateNoWx != null" >
        PAY_FEE_RATE_NO_WX = #{payFeeRateNoWx,jdbcType=VARCHAR},
      </if>
      <if test="feeRateWx != null" >
        FEE_RATE_WX = #{feeRateWx,jdbcType=VARCHAR},
      </if>
      <if test="payFeeRateNoZfb != null" >
        PAY_FEE_RATE_NO_ZFB = #{payFeeRateNoZfb,jdbcType=VARCHAR},
      </if>
      <if test="feeRateZfb != null" >
        FEE_RATE_ZFB = #{feeRateZfb,jdbcType=VARCHAR},
      </if>
      <if test="accountName != null" >
        ACCOUNT_NAME = #{accountName,jdbcType=VARCHAR},
      </if>
      <if test="accountNo != null" >
        ACCOUNT_NO = #{accountNo,jdbcType=VARCHAR},
      </if>
      <if test="accountProp != null" >
        ACCOUNT_PROP = #{accountProp,jdbcType=VARCHAR},
      </if>
      <if test="provinceCodeJs != null" >
        PROVINCE_CODE_JS = #{provinceCodeJs,jdbcType=VARCHAR},
      </if>
      <if test="cityCodeJs != null" >
        CITY_CODE_JS = #{cityCodeJs,jdbcType=VARCHAR},
      </if>
      <if test="bankBranchNo != null" >
        BANK_BRANCH_NO = #{bankBranchNo,jdbcType=VARCHAR},
      </if>
      <if test="bankName != null" >
        BANK_NAME = #{bankName,jdbcType=VARCHAR},
      </if>
      <if test="bankBranch != null" >
        BANK_BRANCH = #{bankBranch,jdbcType=VARCHAR},
      </if>
      <if test="idCardNo != null" >
        ID_CARD_NO = #{idCardNo,jdbcType=VARCHAR},
      </if>
      <if test="aliStatus != null" >
        ALI_STATUS = #{aliStatus,jdbcType=VARCHAR},
      </if>
      <if test="wxStatus != null" >
        WX_STATUS = #{wxStatus,jdbcType=VARCHAR},
      </if>
    </set>
    where INFO_ID = #{infoId,jdbcType=DECIMAL}
  </update>
  <update id="updateByPrimaryKey" parameterType="com.uns.organization.modules.organization.entity.CmbJoinInfo" >
    update CMB_JOIN_INFO
    set FEE_RATE_ID = #{feeRateId,jdbcType=VARCHAR},
      PAY_FEE_RATE_NO_WX = #{payFeeRateNoWx,jdbcType=VARCHAR},
      FEE_RATE_WX = #{feeRateWx,jdbcType=VARCHAR},
      PAY_FEE_RATE_NO_ZFB = #{payFeeRateNoZfb,jdbcType=VARCHAR},
      FEE_RATE_ZFB = #{feeRateZfb,jdbcType=VARCHAR},
      ACCOUNT_NAME = #{accountName,jdbcType=VARCHAR},
      ACCOUNT_NO = #{accountNo,jdbcType=VARCHAR},
      ACCOUNT_PROP = #{accountProp,jdbcType=VARCHAR},
      PROVINCE_CODE_JS = #{provinceCodeJs,jdbcType=VARCHAR},
      CITY_CODE_JS = #{cityCodeJs,jdbcType=VARCHAR},
      BANK_BRANCH_NO = #{bankBranchNo,jdbcType=VARCHAR},
      BANK_NAME = #{bankName,jdbcType=VARCHAR},
      BANK_BRANCH = #{bankBranch,jdbcType=VARCHAR},
      ID_CARD_NO = #{idCardNo,jdbcType=VARCHAR},
      ALI_STATUS = #{aliStatus,jdbcType=VARCHAR},
      WX_STATUS = #{wxStatus,jdbcType=VARCHAR}
    where INFO_ID = #{infoId,jdbcType=DECIMAL}
  </update>
</mapper>