<?xml version="1.0" encoding="UTF-8" ?>
<!DOCTYPE mapper PUBLIC "-//mybatis.org//DTD Mapper 3.0//EN" "http://mybatis.org/dtd/mybatis-3-mapper.dtd" >
<mapper namespace="com.uns.organization.modules.organization.dao.CommissionpolicyMapper" >
  <resultMap id="BaseResultMap" type="com.uns.organization.modules.organization.entity.Commissionpolicy" >
    <result column="COMMISSIONID" property="commissionid" jdbcType="DECIMAL" />
    <result column="COMMISSIONNAME" property="commissionname" jdbcType="VARCHAR" />
    <result column="COMMISSION_RATE" property="commissionRate" jdbcType="DECIMAL" />
    <result column="TOPFEE" property="topfee" jdbcType="DECIMAL" />
    <result column="CUSTOMERID" property="customerid" jdbcType="DECIMAL" />
    <result column="COMMISSIONTYPE" property="commissiontype" jdbcType="DECIMAL" />
    <result column="FEEVER" property="feever" jdbcType="VARCHAR" />
    <result column="CARDTYPE" property="cardtype" jdbcType="DECIMAL" />
    <result column="D0_COMMISSION_RATE" property="d0CommissionRate" jdbcType="DECIMAL" />
    <result column="FIXED_RATE" property="fixedRate" jdbcType="DECIMAL" />
    <result column="D0_FIXED_RATE" property="d0FixedRate" jdbcType="DECIMAL" />
  </resultMap>
 
  <sql id="Base_Column_List" >
    COMMISSIONID, COMMISSIONNAME, COMMISSION_RATE, TOPFEE, CUSTOMERID, COMMISSIONTYPE, 
    FEEVER, CARDTYPE, D0_COMMISSION_RATE
  </sql>
 
 
  <insert id="insert" parameterType="com.uns.organization.modules.organization.entity.Commissionpolicy" >
    insert into COMMISSIONPOLICY (COMMISSIONID, COMMISSIONNAME, COMMISSION_RATE, 
      TOPFEE, CUSTOMERID, COMMISSIONTYPE, 
      FEEVER, CARDTYPE, D0_COMMISSION_RATE
      )
    values (#{commissionid,jdbcType=DECIMAL}, #{commissionname,jdbcType=VARCHAR}, #{commissionRate,jdbcType=DECIMAL}, 
      #{topfee,jdbcType=DECIMAL}, #{customerid,jdbcType=DECIMAL}, #{commissiontype,jdbcType=DECIMAL}, 
      #{feever,jdbcType=VARCHAR}, #{cardtype,jdbcType=DECIMAL}, #{d0CommissionRate,jdbcType=DECIMAL}
      )
  </insert>
  <insert id="insertSelective" parameterType="com.uns.organization.modules.organization.entity.Commissionpolicy" >
    insert into COMMISSIONPOLICY
    <trim prefix="(" suffix=")" suffixOverrides="," >
      <if test="commissionid != null" >
        COMMISSIONID,
      </if>
      <if test="commissionname != null" >
        COMMISSIONNAME,
      </if>
      <if test="commissionRate != null" >
        COMMISSION_RATE,
      </if>
      <if test="topfee != null" >
        TOPFEE,
      </if>
      <if test="customerid != null" >
        CUSTOMERID,
      </if>
      <if test="commissiontype != null" >
        COMMISSIONTYPE,
      </if>
      <if test="feever != null" >
        FEEVER,
      </if>
      <if test="cardtype != null" >
        CARDTYPE,
      </if>
      <if test="d0CommissionRate != null" >
        D0_COMMISSION_RATE,
      </if>
    </trim>
    <trim prefix="values (" suffix=")" suffixOverrides="," >
      <if test="commissionid != null" >
        #{commissionid,jdbcType=DECIMAL},
      </if>
      <if test="commissionname != null" >
        #{commissionname,jdbcType=VARCHAR},
      </if>
      <if test="commissionRate != null" >
        #{commissionRate,jdbcType=DECIMAL},
      </if>
      <if test="topfee != null" >
        #{topfee,jdbcType=DECIMAL},
      </if>
      <if test="customerid != null" >
        #{customerid,jdbcType=DECIMAL},
      </if>
      <if test="commissiontype != null" >
        #{commissiontype,jdbcType=DECIMAL},
      </if>
      <if test="feever != null" >
        #{feever,jdbcType=VARCHAR},
      </if>
      <if test="cardtype != null" >
        #{cardtype,jdbcType=DECIMAL},
      </if>
      <if test="d0CommissionRate != null" >
        #{d0CommissionRate,jdbcType=DECIMAL},
      </if>
    </trim>
  </insert>
 
   <select id="findCommissionpolicy" parameterType="java.lang.Long" resultMap="BaseResultMap">
  	select ch.COMMISSIONID,
       ch.COMMISSIONNAME,
       ch.COMMISSION_RATE,
       ch.TOPFEE,
       ch.CUSTOMERID,
       ch.COMMISSIONTYPE,
       ch.FEEVER,
       ch.CARDTYPE,
       ch.D0_COMMISSION_RATE,
       ch.FIXED_RATE,
       ch.D0_FIXED_RATE
        from COMMISSIONPOLICY ch
        left join (select feever , customerid
               from insqrcode.COMMISSIONPOLICY_HIS
              group by customerid,feever) a
        on a.customerid = ch.customerid
        where ch.feever = a.feever
        and ch.customerid=#{customerid, jdbcType=DECIMAL}
        </select>

        </mapper>