<?xml version="1.0" encoding="UTF-8" ?>
<!DOCTYPE mapper PUBLIC "-//mybatis.org//DTD Mapper 3.0//EN" "http://mybatis.org/dtd/mybatis-3-mapper.dtd" >
<mapper namespace="com.uns.organization.modules.organization.dao.CustomerMapper" >
    <resultMap id="BaseResultMap" type="com.uns.organization.modules.organization.entity.Customer" >
        <id column="CUSTOMERID" property="customerid" jdbcType="DECIMAL" />
        <result column="SMALL_MERCH_NO" property="smallMerchNo" jdbcType="VARCHAR" />
        <result column="SCOMPANY" property="scompany" jdbcType="VARCHAR" />
        <result column="SHORT_NAME" property="shortName" jdbcType="VARCHAR" />
        <result column="PAY_TYPE" property="payType" jdbcType="VARCHAR" />
        <result column="PROVINCE" property="province" jdbcType="VARCHAR" />
        <result column="CITY" property="city" jdbcType="VARCHAR" />
        <result column="MERCH_ADDRESS" property="merchAddress" jdbcType="VARCHAR" />
        <result column="PHONE" property="phone" jdbcType="VARCHAR" />
        <result column="SERVICE_PHONE" property="servicePhone" jdbcType="VARCHAR" />
        <result column="ZFB_CATEGORY" property="zfbCategory" jdbcType="VARCHAR" />
        <result column="WX_CATEGORY" property="wxCategory" jdbcType="VARCHAR" />
        <result column="BUSINESS_LICENSE_NO" property="businessLicenseNo" jdbcType="VARCHAR" />
        <result column="STATUS" property="status" jdbcType="DECIMAL" />
        <result column="ACTIVESTATUS" property="activestatus" jdbcType="DECIMAL" />
        <result column="INS_NO" property="insNo" jdbcType="VARCHAR" />
        <result column="LINKMAN" property="linkman" jdbcType="VARCHAR" />
        <result column="LINKMAN_TYPE" property="linkmanType" jdbcType="VARCHAR" />
        <result column="CERT_ID" property="certId" jdbcType="VARCHAR" />
        <result column="CERT_TYPE" property="certType" jdbcType="VARCHAR" />
        <result column="INS_COMMISSION" property="insCommission" jdbcType="DECIMAL" />
        <result column="INDUSTRY" property="industry" jdbcType="VARCHAR" />
        <result column="INDUSTRY_TYPE" property="industryType" jdbcType="VARCHAR" />
        <result column="PROVINCECODE" property="provincecode" jdbcType="VARCHAR" />
        <result column="CITYCODE" property="citycode" jdbcType="VARCHAR" />
        <result column="COUNTYCODE" property="countycode" jdbcType="VARCHAR" />
        <result column="BILL_PROVINCE" property="billProvince" jdbcType="VARCHAR" />
        <result column="BILL_CITY" property="billCity" jdbcType="VARCHAR" />
        <result column="BILL_ADDRESS" property="billAddress" jdbcType="VARCHAR" />
        <result column="REMARK" property="remark" jdbcType="VARCHAR" />
        <result column="BANK_NAME" property="bankName" jdbcType="VARCHAR" />
        <result column="PROVINCE_NAME" property="provinceName" jdbcType="VARCHAR" />
        <result column="CITY_NAME" property="cityName" jdbcType="VARCHAR" />
        <result column="OPENING_BANK_NAME" property="openingBankName" jdbcType="VARCHAR" />
        <result column="NAME" property="name" jdbcType="VARCHAR" />
        <result column="BANKCARDNO" property="bankcardno" jdbcType="VARCHAR" />
        <result column="YSBUSERID" property="ysbuserid" jdbcType="DECIMAL" />
        <result column="CASCUSTOMID" property="cascustomid" jdbcType="DECIMAL" />
        <result column="ACCOUNT_BANK_ID" property="accountBankId" jdbcType="DECIMAL" />
        <result column="CUSTOMERTYPE" property="customertype" jdbcType="DECIMAL" />
        <result column="DYN_CODE_TYPE" property="dynCodeType" jdbcType="DECIMAL" />
        <result column="FIX_CODE_TYPE" property="fixCodeType" jdbcType="DECIMAL" />
        <result column="CREDIT_LINES" property="creditLines" jdbcType="DECIMAL" />
        <result column="FEEVER" property="feever" jdbcType="DECIMAL" />
        <result column="CREATEDATE" property="createdate" jdbcType="TIMESTAMP" />
        <result column="UPDATEDATE" property="updatedate" jdbcType="TIMESTAMP" />
        <result column="CHECKDATE" property="checkdate" jdbcType="TIMESTAMP" />
        <result column="CHECKDSTATUS" property="checkstatus" jdbcType="VARCHAR" />
        <result column="cstatus" property="cstatus" jdbcType="VARCHAR" />
        <result column="checkstatusstr" property="checkstatusstr" jdbcType="VARCHAR" />
        <result column="bill_name" property="billName" jdbcType="VARCHAR"/>
        <result column="PHOTO_ID" property="photoId" jdbcType="DECIMAL"/>
        <result column="protocol_num" property="protocolNum" jdbcType="VARCHAR"/>
        <result column="REASON_OF_NOT_PASS" property="reasonOfNotPass" jdbcType="VARCHAR"/>
    </resultMap>


    <sql id="Base_Column_List" >
        CUSTOMERID, SMALL_MERCH_NO, SCOMPANY, SHORT_NAME, PAY_TYPE, PROVINCE, CITY, MERCH_ADDRESS,
        PHONE, SERVICE_PHONE, ZFB_CATEGORY, WX_CATEGORY, BUSINESS_LICENSE_NO, STATUS, ACTIVESTATUS,
        INS_NO, LINKMAN, LINKMAN_TYPE, CERT_ID, CERT_TYPE, INS_COMMISSION, INDUSTRY, INDUSTRY_TYPE,
        PROVINCECODE, CITYCODE, COUNTYCODE, BILL_PROVINCE, BILL_CITY, BILL_ADDRESS, REMARK,
        BANK_NAME, PROVINCE_NAME, CITY_NAME, OPENING_BANK_NAME, NAME, BANKCARDNO, YSBUSERID,
        CASCUSTOMID, ACCOUNT_BANK_ID, CUSTOMERTYPE, DYN_CODE_TYPE, FIX_CODE_TYPE, CREDIT_LINES,
        FEEVER, CREATEDATE, UPDATEDATE,BILL_NAME,PHOTO_ID,PROTOCOL_NUM
    </sql>

    <select id="selectByPrimaryKey" resultMap="BaseResultMap" parameterType="java.lang.Long" >
        select
        <include refid="Base_Column_List" />
        from CUSTOMER
        where CUSTOMERID = #{customerid,jdbcType=DECIMAL}
    </select>
    <delete id="deleteByPrimaryKey" parameterType="java.lang.Long" >
        delete from CUSTOMER
        where CUSTOMERID = #{customerid,jdbcType=DECIMAL}
    </delete>

    <insert id="insert" parameterType="com.uns.organization.modules.organization.entity.Customer" >
        insert into CUSTOMER (CUSTOMERID, SMALL_MERCH_NO, SCOMPANY,
        SHORT_NAME, PAY_TYPE, PROVINCE,
        CITY, MERCH_ADDRESS, PHONE,
        SERVICE_PHONE, ZFB_CATEGORY, WX_CATEGORY,
        BUSINESS_LICENSE_NO, STATUS, ACTIVESTATUS,
        INS_NO, LINKMAN, LINKMAN_TYPE,
        CERT_ID, CERT_TYPE, INS_COMMISSION,
        INDUSTRY, INDUSTRY_TYPE, PROVINCECODE,
        CITYCODE, COUNTYCODE, BILL_PROVINCE,
        BILL_CITY, BILL_ADDRESS, REMARK,
        BANK_NAME, PROVINCE_NAME, CITY_NAME,
        OPENING_BANK_NAME, NAME, BANKCARDNO,
        YSBUSERID, CASCUSTOMID, ACCOUNT_BANK_ID,
        CUSTOMERTYPE, DYN_CODE_TYPE, FIX_CODE_TYPE,
        CREDIT_LINES, FEEVER, CREATEDATE,
        UPDATEDATE)
        values (#{customerid,jdbcType=DECIMAL}, #{smallMerchNo,jdbcType=VARCHAR}, #{scompany,jdbcType=VARCHAR},
        #{shortName,jdbcType=VARCHAR}, #{payType,jdbcType=VARCHAR}, #{province,jdbcType=VARCHAR},
        #{city,jdbcType=VARCHAR}, #{merchAddress,jdbcType=VARCHAR}, #{phone,jdbcType=VARCHAR},
        #{servicePhone,jdbcType=VARCHAR}, #{zfbCategory,jdbcType=VARCHAR}, #{wxCategory,jdbcType=VARCHAR},
        #{businessLicenseNo,jdbcType=VARCHAR}, #{status,jdbcType=DECIMAL}, #{activestatus,jdbcType=DECIMAL},
        #{insNo,jdbcType=VARCHAR}, #{linkman,jdbcType=VARCHAR}, #{linkmanType,jdbcType=VARCHAR},
        #{certId,jdbcType=VARCHAR}, #{certType,jdbcType=VARCHAR}, #{insCommission,jdbcType=DECIMAL},
        #{industry,jdbcType=VARCHAR}, #{industryType,jdbcType=VARCHAR}, #{provincecode,jdbcType=VARCHAR},
        #{citycode,jdbcType=VARCHAR}, #{countycode,jdbcType=VARCHAR}, #{billProvince,jdbcType=VARCHAR},
        #{billCity,jdbcType=VARCHAR}, #{billAddress,jdbcType=VARCHAR}, #{remark,jdbcType=VARCHAR},
        #{bankName,jdbcType=VARCHAR}, #{provinceName,jdbcType=VARCHAR}, #{cityName,jdbcType=VARCHAR},
        #{openingBankName,jdbcType=VARCHAR}, #{name,jdbcType=VARCHAR}, #{bankcardno,jdbcType=VARCHAR},
        #{ysbuserid,jdbcType=DECIMAL}, #{cascustomid,jdbcType=DECIMAL}, #{accountBankId,jdbcType=DECIMAL},
        #{customertype,jdbcType=DECIMAL}, #{dynCodeType,jdbcType=DECIMAL}, #{fixCodeType,jdbcType=DECIMAL},
        #{creditLines,jdbcType=DECIMAL}, #{feever,jdbcType=DECIMAL}, #{createdate,jdbcType=DATE},
        #{updatedate,jdbcType=DATE})
    </insert>
    <insert id="insertSelective" parameterType="com.uns.organization.modules.organization.entity.Customer" >
        insert into CUSTOMER
        <trim prefix="(" suffix=")" suffixOverrides="," >
            <if test="customerid != null" >
                CUSTOMERID,
            </if>
            <if test="smallMerchNo != null" >
                SMALL_MERCH_NO,
            </if>
            <if test="scompany != null" >
                SCOMPANY,
            </if>
            <if test="shortName != null" >
                SHORT_NAME,
            </if>
            <if test="payType != null" >
                PAY_TYPE,
            </if>
            <if test="province != null" >
                PROVINCE,
            </if>
            <if test="city != null" >
                CITY,
            </if>
            <if test="merchAddress != null" >
                MERCH_ADDRESS,
            </if>
            <if test="phone != null" >
                PHONE,
            </if>
            <if test="servicePhone != null" >
                SERVICE_PHONE,
            </if>
            <if test="zfbCategory != null" >
                ZFB_CATEGORY,
            </if>
            <if test="wxCategory != null" >
                WX_CATEGORY,
            </if>
            <if test="businessLicenseNo != null" >
                BUSINESS_LICENSE_NO,
            </if>
            <if test="status != null" >
                STATUS,
            </if>
            <if test="activestatus != null" >
                ACTIVESTATUS,
            </if>
            <if test="insNo != null" >
                INS_NO,
            </if>
            <if test="linkman != null" >
                LINKMAN,
            </if>
            <if test="linkmanType != null" >
                LINKMAN_TYPE,
            </if>
            <if test="certId != null" >
                CERT_ID,
            </if>
            <if test="certType != null" >
                CERT_TYPE,
            </if>
            <if test="insCommission != null" >
                INS_COMMISSION,
            </if>
            <if test="industry != null" >
                INDUSTRY,
            </if>
            <if test="industryType != null" >
                INDUSTRY_TYPE,
            </if>
            <if test="provincecode != null" >
                PROVINCECODE,
            </if>
            <if test="citycode != null" >
                CITYCODE,
            </if>
            <if test="countycode != null" >
                COUNTYCODE,
            </if>
            <if test="billProvince != null" >
                BILL_PROVINCE,
            </if>
            <if test="billCity != null" >
                BILL_CITY,
            </if>
            <if test="billAddress != null" >
                BILL_ADDRESS,
            </if>
            <if test="remark != null" >
                REMARK,
            </if>
            <if test="bankName != null" >
                BANK_NAME,
            </if>
            <if test="provinceName != null" >
                PROVINCE_NAME,
            </if>
            <if test="cityName != null" >
                CITY_NAME,
            </if>
            <if test="openingBankName != null" >
                OPENING_BANK_NAME,
            </if>
            <if test="name != null" >
                NAME,
            </if>
            <if test="bankcardno != null" >
                BANKCARDNO,
            </if>
            <if test="ysbuserid != null" >
                YSBUSERID,
            </if>
            <if test="cascustomid != null" >
                CASCUSTOMID,
            </if>
            <if test="accountBankId != null" >
                ACCOUNT_BANK_ID,
            </if>
            <if test="customertype != null" >
                CUSTOMERTYPE,
            </if>
            <if test="dynCodeType != null" >
                DYN_CODE_TYPE,
            </if>
            <if test="fixCodeType != null" >
                FIX_CODE_TYPE,
            </if>
            <if test="creditLines != null" >
                CREDIT_LINES,
            </if>
            <if test="feever != null" >
                FEEVER,
            </if>
            <if test="createdate != null" >
                CREATEDATE,
            </if>
            <if test="updatedate != null" >
                UPDATEDATE,
            </if>
        </trim>
        <trim prefix="values (" suffix=")" suffixOverrides="," >
            <if test="customerid != null" >
                #{customerid,jdbcType=DECIMAL},
            </if>
            <if test="smallMerchNo != null" >
                #{smallMerchNo,jdbcType=VARCHAR},
            </if>
            <if test="scompany != null" >
                #{scompany,jdbcType=VARCHAR},
            </if>
            <if test="shortName != null" >
                #{shortName,jdbcType=VARCHAR},
            </if>
            <if test="payType != null" >
                #{payType,jdbcType=VARCHAR},
            </if>
            <if test="province != null" >
                #{province,jdbcType=VARCHAR},
            </if>
            <if test="city != null" >
                #{city,jdbcType=VARCHAR},
            </if>
            <if test="merchAddress != null" >
                #{merchAddress,jdbcType=VARCHAR},
            </if>
            <if test="phone != null" >
                #{phone,jdbcType=VARCHAR},
            </if>
            <if test="servicePhone != null" >
                #{servicePhone,jdbcType=VARCHAR},
            </if>
            <if test="zfbCategory != null" >
                #{zfbCategory,jdbcType=VARCHAR},
            </if>
            <if test="wxCategory != null" >
                #{wxCategory,jdbcType=VARCHAR},
            </if>
            <if test="businessLicenseNo != null" >
                #{businessLicenseNo,jdbcType=VARCHAR},
            </if>
            <if test="status != null" >
                #{status,jdbcType=DECIMAL},
            </if>
            <if test="activestatus != null" >
                #{activestatus,jdbcType=DECIMAL},
            </if>
            <if test="insNo != null" >
                #{insNo,jdbcType=VARCHAR},
            </if>
            <if test="linkman != null" >
                #{linkman,jdbcType=VARCHAR},
            </if>
            <if test="linkmanType != null" >
                #{linkmanType,jdbcType=VARCHAR},
            </if>
            <if test="certId != null" >
                #{certId,jdbcType=VARCHAR},
            </if>
            <if test="certType != null" >
                #{certType,jdbcType=VARCHAR},
            </if>
            <if test="insCommission != null" >
                #{insCommission,jdbcType=DECIMAL},
            </if>
            <if test="industry != null" >
                #{industry,jdbcType=VARCHAR},
            </if>
            <if test="industryType != null" >
                #{industryType,jdbcType=VARCHAR},
            </if>
            <if test="provincecode != null" >
                #{provincecode,jdbcType=VARCHAR},
            </if>
            <if test="citycode != null" >
                #{citycode,jdbcType=VARCHAR},
            </if>
            <if test="countycode != null" >
                #{countycode,jdbcType=VARCHAR},
            </if>
            <if test="billProvince != null" >
                #{billProvince,jdbcType=VARCHAR},
            </if>
            <if test="billCity != null" >
                #{billCity,jdbcType=VARCHAR},
            </if>
            <if test="billAddress != null" >
                #{billAddress,jdbcType=VARCHAR},
            </if>
            <if test="remark != null" >
                #{remark,jdbcType=VARCHAR},
            </if>
            <if test="bankName != null" >
                #{bankName,jdbcType=VARCHAR},
            </if>
            <if test="provinceName != null" >
                #{provinceName,jdbcType=VARCHAR},
            </if>
            <if test="cityName != null" >
                #{cityName,jdbcType=VARCHAR},
            </if>
            <if test="openingBankName != null" >
                #{openingBankName,jdbcType=VARCHAR},
            </if>
            <if test="name != null" >
                #{name,jdbcType=VARCHAR},
            </if>
            <if test="bankcardno != null" >
                #{bankcardno,jdbcType=VARCHAR},
            </if>
            <if test="ysbuserid != null" >
                #{ysbuserid,jdbcType=DECIMAL},
            </if>
            <if test="cascustomid != null" >
                #{cascustomid,jdbcType=DECIMAL},
            </if>
            <if test="accountBankId != null" >
                #{accountBankId,jdbcType=DECIMAL},
            </if>
            <if test="customertype != null" >
                #{customertype,jdbcType=DECIMAL},
            </if>
            <if test="dynCodeType != null" >
                #{dynCodeType,jdbcType=DECIMAL},
            </if>
            <if test="fixCodeType != null" >
                #{fixCodeType,jdbcType=DECIMAL},
            </if>
            <if test="creditLines != null" >
                #{creditLines,jdbcType=DECIMAL},
            </if>
            <if test="feever != null" >
                #{feever,jdbcType=DECIMAL},
            </if>
            <if test="createdate != null" >
                #{createdate,jdbcType=DATE},
            </if>
            <if test="updatedate != null" >
                #{updatedate,jdbcType=DATE},
            </if>
        </trim>
    </insert>



    <update id="updateByPrimaryKeySelective" parameterType="com.uns.organization.modules.organization.entity.Customer" >
        update CUSTOMER
        <set >
            <if test="smallMerchNo != null" >
                SMALL_MERCH_NO = #{smallMerchNo,jdbcType=VARCHAR},
            </if>
            <if test="scompany != null" >
                SCOMPANY = #{scompany,jdbcType=VARCHAR},
            </if>
            <if test="shortName != null" >
                SHORT_NAME = #{shortName,jdbcType=VARCHAR},
            </if>
            <if test="payType != null" >
                PAY_TYPE = #{payType,jdbcType=VARCHAR},
            </if>
            <if test="province != null" >
                PROVINCE = #{province,jdbcType=VARCHAR},
            </if>
            <if test="city != null" >
                CITY = #{city,jdbcType=VARCHAR},
            </if>
            <if test="merchAddress != null" >
                MERCH_ADDRESS = #{merchAddress,jdbcType=VARCHAR},
            </if>
            <if test="phone != null" >
                PHONE = #{phone,jdbcType=VARCHAR},
            </if>
            <if test="servicePhone != null" >
                SERVICE_PHONE = #{servicePhone,jdbcType=VARCHAR},
            </if>
            <if test="zfbCategory != null" >
                ZFB_CATEGORY = #{zfbCategory,jdbcType=VARCHAR},
            </if>
            <if test="wxCategory != null" >
                WX_CATEGORY = #{wxCategory,jdbcType=VARCHAR},
            </if>
            <if test="businessLicenseNo != null" >
                BUSINESS_LICENSE_NO = #{businessLicenseNo,jdbcType=VARCHAR},
            </if>
            <if test="status != null" >
                STATUS = #{status,jdbcType=DECIMAL},
            </if>
            <if test="activestatus != null" >
                ACTIVESTATUS = #{activestatus,jdbcType=DECIMAL},
            </if>
            <if test="insNo != null" >
                INS_NO = #{insNo,jdbcType=VARCHAR},
            </if>
            <if test="linkman != null" >
                LINKMAN = #{linkman,jdbcType=VARCHAR},
            </if>
            <if test="linkmanType != null" >
                LINKMAN_TYPE = #{linkmanType,jdbcType=VARCHAR},
            </if>
            <if test="certId != null" >
                CERT_ID = #{certId,jdbcType=VARCHAR},
            </if>
            <if test="certType != null" >
                CERT_TYPE = #{certType,jdbcType=VARCHAR},
            </if>
            <if test="insCommission != null" >
                INS_COMMISSION = #{insCommission,jdbcType=DECIMAL},
            </if>
            <if test="industry != null" >
                INDUSTRY = #{industry,jdbcType=VARCHAR},
            </if>
            <if test="industryType != null" >
                INDUSTRY_TYPE = #{industryType,jdbcType=VARCHAR},
            </if>
            <if test="provincecode != null" >
                PROVINCECODE = #{provincecode,jdbcType=VARCHAR},
            </if>
            <if test="citycode != null" >
                CITYCODE = #{citycode,jdbcType=VARCHAR},
            </if>
            <if test="countycode != null" >
                COUNTYCODE = #{countycode,jdbcType=VARCHAR},
            </if>
            <if test="billProvince != null" >
                BILL_PROVINCE = #{billProvince,jdbcType=VARCHAR},
            </if>
            <if test="billCity != null" >
                BILL_CITY = #{billCity,jdbcType=VARCHAR},
            </if>
            <if test="billAddress != null" >
                BILL_ADDRESS = #{billAddress,jdbcType=VARCHAR},
            </if>
            <if test="remark != null" >
                REMARK = #{remark,jdbcType=VARCHAR},
            </if>
            <if test="bankName != null" >
                BANK_NAME = #{bankName,jdbcType=VARCHAR},
            </if>
            <if test="provinceName != null" >
                PROVINCE_NAME = #{provinceName,jdbcType=VARCHAR},
            </if>
            <if test="cityName != null" >
                CITY_NAME = #{cityName,jdbcType=VARCHAR},
            </if>
            <if test="openingBankName != null" >
                OPENING_BANK_NAME = #{openingBankName,jdbcType=VARCHAR},
            </if>
            <if test="name != null" >
                NAME = #{name,jdbcType=VARCHAR},
            </if>
            <if test="bankcardno != null" >
                BANKCARDNO = #{bankcardno,jdbcType=VARCHAR},
            </if>
            <if test="ysbuserid != null" >
                YSBUSERID = #{ysbuserid,jdbcType=DECIMAL},
            </if>
            <if test="cascustomid != null" >
                CASCUSTOMID = #{cascustomid,jdbcType=DECIMAL},
            </if>
            <if test="accountBankId != null" >
                ACCOUNT_BANK_ID = #{accountBankId,jdbcType=DECIMAL},
            </if>
            <if test="customertype != null" >
                CUSTOMERTYPE = #{customertype,jdbcType=DECIMAL},
            </if>
            <if test="dynCodeType != null" >
                DYN_CODE_TYPE = #{dynCodeType,jdbcType=DECIMAL},
            </if>
            <if test="fixCodeType != null" >
                FIX_CODE_TYPE = #{fixCodeType,jdbcType=DECIMAL},
            </if>
            <if test="creditLines != null" >
                CREDIT_LINES = #{creditLines,jdbcType=DECIMAL},
            </if>
            <if test="feever != null" >
                FEEVER = #{feever,jdbcType=DECIMAL},
            </if>
            <if test="createdate != null" >
                CREATEDATE = #{createdate,jdbcType=TIMESTAMP},
            </if>
            <if test="updatedate != null" >
                UPDATEDATE = #{updatedate,jdbcType=TIMESTAMP},
            </if>
            <if test="checkstatus != null" >
                CHECKSTATUS = #{checkstatus,jdbcType=VARCHAR},
            </if>
            <if test="checkdate != null" >
                CHECKDATE = #{checkdate,jdbcType=TIMESTAMP},
            </if>
            <if test="reasonOfNotPass != null" >
                REASON_OF_NOT_PASS = #{reasonOfNotPass,jdbcType=VARCHAR},
            </if>
        </set>
        where CUSTOMERID = #{customerid,jdbcType=DECIMAL}
    </update>
    <update id="updateByPrimaryKey" parameterType="com.uns.organization.modules.organization.entity.Customer" >
        update CUSTOMER
        set SMALL_MERCH_NO = #{smallMerchNo,jdbcType=VARCHAR},
        SCOMPANY = #{scompany,jdbcType=VARCHAR},
        SHORT_NAME = #{shortName,jdbcType=VARCHAR},
        PAY_TYPE = #{payType,jdbcType=VARCHAR},
        PROVINCE = #{province,jdbcType=VARCHAR},
        CITY = #{city,jdbcType=VARCHAR},
        MERCH_ADDRESS = #{merchAddress,jdbcType=VARCHAR},
        PHONE = #{phone,jdbcType=VARCHAR},
        SERVICE_PHONE = #{servicePhone,jdbcType=VARCHAR},
        ZFB_CATEGORY = #{zfbCategory,jdbcType=VARCHAR},
        WX_CATEGORY = #{wxCategory,jdbcType=VARCHAR},
        BUSINESS_LICENSE_NO = #{businessLicenseNo,jdbcType=VARCHAR},
        STATUS = #{status,jdbcType=DECIMAL},
        ACTIVESTATUS = #{activestatus,jdbcType=DECIMAL},
        INS_NO = #{insNo,jdbcType=VARCHAR},
        LINKMAN = #{linkman,jdbcType=VARCHAR},
        LINKMAN_TYPE = #{linkmanType,jdbcType=VARCHAR},
        CERT_ID = #{certId,jdbcType=VARCHAR},
        CERT_TYPE = #{certType,jdbcType=VARCHAR},
        INS_COMMISSION = #{insCommission,jdbcType=DECIMAL},
        INDUSTRY = #{industry,jdbcType=VARCHAR},
        INDUSTRY_TYPE = #{industryType,jdbcType=VARCHAR},
        PROVINCECODE = #{provincecode,jdbcType=VARCHAR},
        CITYCODE = #{citycode,jdbcType=VARCHAR},
        COUNTYCODE = #{countycode,jdbcType=VARCHAR},
        BILL_PROVINCE = #{billProvince,jdbcType=VARCHAR},
        BILL_CITY = #{billCity,jdbcType=VARCHAR},
        BILL_ADDRESS = #{billAddress,jdbcType=VARCHAR},
        REMARK = #{remark,jdbcType=VARCHAR},
        BANK_NAME = #{bankName,jdbcType=VARCHAR},
        PROVINCE_NAME = #{provinceName,jdbcType=VARCHAR},
        CITY_NAME = #{cityName,jdbcType=VARCHAR},
        OPENING_BANK_NAME = #{openingBankName,jdbcType=VARCHAR},
        NAME = #{name,jdbcType=VARCHAR},
        BANKCARDNO = #{bankcardno,jdbcType=VARCHAR},
        YSBUSERID = #{ysbuserid,jdbcType=DECIMAL},
        CASCUSTOMID = #{cascustomid,jdbcType=DECIMAL},
        ACCOUNT_BANK_ID = #{accountBankId,jdbcType=DECIMAL},
        CUSTOMERTYPE = #{customertype,jdbcType=DECIMAL},
        DYN_CODE_TYPE = #{dynCodeType,jdbcType=DECIMAL},
        FIX_CODE_TYPE = #{fixCodeType,jdbcType=DECIMAL},
        CREDIT_LINES = #{creditLines,jdbcType=DECIMAL},
        FEEVER = #{feever,jdbcType=DECIMAL},
        CREATEDATE = #{createdate,jdbcType=DATE},
        UPDATEDATE = #{updatedate,jdbcType=DATE}
        where CUSTOMERID = #{customerid,jdbcType=DECIMAL}
    </update>

    <!-- 根据条件查询商户列表 -->
    <select id="findCustomerList" resultMap="BaseResultMap"
            parameterType="com.uns.organization.modules.organization.web.form.CustomerForm">
        select
        c.CUSTOMERID,
        c.SMALL_MERCH_NO,
        c.PROVINCE,
        c.CITY,
        c.PROVINCECODE,
        c.CITYCODE,
        c.COUNTYCODE,
        c.SCOMPANY,
        ins.ins_name,
        sarea.provincialname,
        sarea.cityname,
        c.CREATEDATE,
        decode(c.STATUS,'1','正常','2','冻结','3','注销') as cstatus,c.INS_NO,
        replace(replace(replace(c.INDUSTRY_TYPE,'0','扫码'),'1','快捷'),'2','刷卡') as INDUSTRY_TYPE,
        decode(c.CHECKSTATUS,'0','未审核','1','审核通过','2','审核不通过','3','待再次审核') as checkstatus
        from customer c
        left join institution ins
        on ins.ins_no=c.ins_no
        left join sys_area sarea
        ON SAREA.YSB_PROV = C.PROVINCE
        AND SAREA.YSB_CITY = C.CITY
        where 1=1
        <if test="smallMerchNo != null and '' != smallMerchNo">
            and c.SMALL_MERCH_NO = #{smallMerchNo, jdbcType=VARCHAR}
        </if>
        <if test="insNo != null and '' != insNo">
            and c.INS_NO = #{insNo, jdbcType=VARCHAR}
        </if>
        <if test="scompany != null and '' != scompany">
            and c.SCOMPANY = #{scompany, jdbcType=VARCHAR}
        </if>
        <if test="insName != null and '' != insName">
            and ins.ins_name = #{insName, jdbcType=VARCHAR}
        </if>
        <if test="status != null and '' != status">
            and c.STATUS = #{status, jdbcType=VARCHAR}
        </if>
        <if test="province != null and '' != province">
            and c.province = #{province, jdbcType=VARCHAR}
        </if>
        <if test="city != null and '' != city">
            and c.city = #{city, jdbcType=VARCHAR}
        </if>
        <if test="checkstatus != null and '' != checkstatus">
            and c.CHECKSTATUS = #{checkstatus, jdbcType=VARCHAR}
        </if>
        <if test="industryType != null and '' != industryType">
            and c.INDUSTRY_TYPE like '%'||#{industryType}||'%'
        </if>
        order by c.CUSTOMERID desc
    </select>

    <!-- 查询商户详情 -->
    <select id="findCustomerDetails" parameterType="com.uns.organization.modules.organization.web.form.CustomerForm" resultMap="BaseResultMap">
        select
        c.NAME,
        c.province,
        c.city,
        c.CUSTOMERID,
        c.SMALL_MERCH_NO,
        c.SHORT_NAME,
        c.MERCH_ADDRESS,
        c.PHONE,
        c.SERVICE_PHONE,
        c.ZFB_CATEGORY,
        c.WX_CATEGORY,
        c.CHECKSTATUS,
        ins.ins_name,
        c.INS_NO,
        c.LINKMAN,
        c.CERT_ID,
        c.INS_COMMISSION,
        c.PROVINCECODE,
        c.CITYCODE,
        c.COUNTYCODE,
        c.BILL_PROVINCE,
        c.BILL_CITY,
        c.BILL_ADDRESS,
        c.REMARK,
        c.BANK_NAME,
        c.PROVINCE_NAME,
        c.CITY_NAME,
        c.OPENING_BANK_NAME,
        c.SCOMPANY,
        c.BANKCARDNO,
        c.YSBUSERID,
        c.CASCUSTOMID,
        c.ACCOUNT_BANK_ID,
        c.CUSTOMERTYPE,
        c.DYN_CODE_TYPE,
        c.FIX_CODE_TYPE,
        c.CREDIT_LINES,
        c.FEEVER,
        c.UPDATEDATE,
        c.INDUSTRY,
        c.PAY_TYPE,
        sarea.provincialname,
        sarea.cityname,
        c.CREATEDATE,
        c.LINKMAN_TYPE,
        c.PAY_TYPE,
        c.BUSINESS_LICENSE_NO,
        c.photo_id,
        c.bill_name,
        c.PROTOCOL_NUM,
        replace(replace(replace(c.INDUSTRY_TYPE,'0','扫码'),'1','快捷'),'2','刷卡') as INDUSTRY_TYPE,
        decode(c.STATUS,'1','正常','2','冻结','3','注销') as cstatus,
        c.REASON_OF_NOT_PASS
        from customer c
        left join sys_area sarea
        on c.province = sarea.ysb_prov and c.city = sarea.ysb_city
        left join institution ins
        on ins.ins_no=c.ins_no
        where customerid=#{customerid, jdbcType=DECIMAL}
    </select>

    <!-- 查询商户审核列表 -->
    <select id="findCheckCustomerList" resultMap="BaseResultMap"
            parameterType="com.uns.organization.modules.organization.web.form.CustomerForm">
        select
        c.CUSTOMERID,
        c.SMALL_MERCH_NO,
        c.SCOMPANY,
        c.PROVINCE,
        c.CITY,
        c.FEEVER,
        c.CHECKSTATUS,
        ins.ins_name,
        sarea.provincialname,
        sarea.cityname,
        decode(c.STATUS,'1','正常','2','冻结','3','注销') as cstatus, c.INS_NO,
        c.INDUSTRY_TYPE,
        c.CREATEDATE,
        decode(c.CHECKSTATUS,'0','未审核','1','审核通过','2','审核不通过','3','待再次审核') as checkstatusstr,
        c.CHECKDATE
        from customer c
        left join institution ins
        on ins.ins_no=c.ins_no
        left join sys_area sarea
        on sarea.ysb_prov = c.province and sarea.ysb_city = c.city
        where 1 = 1
        <if test="smallMerchNo != null and '' != smallMerchNo">
            and c.SMALL_MERCH_NO = #{smallMerchNo, jdbcType=VARCHAR}
        </if>
        <if test="insNo != null and '' != insNo">
            and c.INS_NO = #{insNo, jdbcType=VARCHAR}
        </if>
        <if test="scompany != null and '' != scompany">
            and c.SCOMPANY = #{scompany, jdbcType=VARCHAR}
        </if>
        <if test="insName != null and '' != insName">
            and ins.ins_name = #{insName, jdbcType=VARCHAR}
        </if>
        <if test="status != null and '' != status">
            and c.STATUS = #{status, jdbcType=VARCHAR}
        </if>
        <if test="province != null and '' != province">
            and c.province = #{province, jdbcType=VARCHAR}
        </if>
        <if test="city != null and '' != city">
            and c.city = #{city, jdbcType=VARCHAR}
        </if>
        <if test="checkstatus != null and '' != checkstatus">
            and c.CHECKSTATUS = #{checkstatus, jdbcType=VARCHAR}
        </if>
        <if test="industryType != null and '' != industryType">
            and c.INDUSTRY_TYPE = #{industryType, jdbcType=VARCHAR}
        </if>
        <if test="createdateStart != null and '' != createdateStart">
            and c.createdate <![CDATA[>=]]> to_date(#{createdateStart, jdbcType=VARCHAR},'yyyy-MM-dd hh24:mi:ss')
        </if>
        <if test="createdateEnd != null and '' != createdateEnd">
            and c.createdate <![CDATA[<=]]> to_date(#{createdateEnd, jdbcType=VARCHAR} || ' 23:59:59','yyyy-MM-dd hh24:mi:ss')
        </if>
        order by c.customerid desc
    </select>

    <update id="updateCheckstatusBySmallMerchNo" parameterType="com.uns.organization.modules.organization.entity.Customer">
        update customer
        <set>
            checkstatus=#{checkstatus, jdbcType=VARCHAR}
        </set>
        where small_merch_no=#{smallMerchNo, jdbcType=VARCHAR}
    </update>

</mapper>