<?xml version="1.0" encoding="UTF-8" ?>
<!DOCTYPE mapper PUBLIC "-//mybatis.org//DTD Mapper 3.0//EN" "http://mybatis.org/dtd/mybatis-3-mapper.dtd" >
<mapper namespace="com.uns.organization.modules.organization.dao.InsOperatorMapper" >
  <resultMap id="BaseResultMap" type="com.uns.organization.modules.organization.entity.InsOperator" >
    <id column="ID" property="operatorId" jdbcType="DECIMAL" />
    <result column="INS_NO" property="insNo" jdbcType="DECIMAL" />
    <result column="USERNAME" property="username" jdbcType="VARCHAR" />
    <result column="PASSWORD" property="password" jdbcType="VARCHAR" />
    <result column="LOGINNAME" property="loginname" jdbcType="VARCHAR" />
    <result column="INS_ROLE_SEQ" property="insRoleSeq" jdbcType="VARCHAR" />
    <result column="STATUS" property="status" jdbcType="VARCHAR" />
    <result column="REMARK" property="remark" jdbcType="VARCHAR" />
    <result column="CREATE_DATE" property="createDate" jdbcType="TIMESTAMP" />
    <result column="CREATE_USER" property="createUser" jdbcType="VARCHAR" />
    <result column="UPDATE_DATE" property="updateDate" jdbcType="TIMESTAMP" />
    <result column="UPDATE_USER" property="updateUser" jdbcType="VARCHAR" />
    <result column="LAST_LOGIN_DATE" property="lastLoginDate" jdbcType="TIMESTAMP" />
    <result column="DEFAULT_OPERATOR" property="defaultOperator" jdbcType="VARCHAR" />
  </resultMap>
  
  <sql id="Base_Column_List" >
    ID, INS_NO, USERNAME, PASSWORD, LOGINNAME, INS_ROLE_SEQ, STATUS, REMARK, CREATE_DATE, 
    CREATE_USER, UPDATE_DATE, UPDATE_USER, LAST_LOGIN_DATE,DEFAULT_OPERATOR
  </sql>
  
  <select id="selectByPrimaryKey" resultMap="BaseResultMap" parameterType="java.math.BigDecimal" >
    select 
    <include refid="Base_Column_List" />
    from INS_OPERATOR
    where ID = #{operatorId,jdbcType=DECIMAL}
  </select>
  <delete id="deleteByPrimaryKey" parameterType="java.math.BigDecimal" >
    delete from INS_OPERATOR
    where ID = #{operatorId,jdbcType=DECIMAL}
  </delete>
  
  <insert id="insert" parameterType="com.uns.organization.modules.organization.entity.InsOperator" >
    insert into INS_OPERATOR (ID, INS_NO, USERNAME, 
      PASSWORD, LOGINNAME, INS_ROLE_SEQ, 
      STATUS, REMARK, CREATE_DATE, 
      CREATE_USER, UPDATE_DATE, UPDATE_USER, 
      LAST_LOGIN_DATE,DEFAULT_OPERATOR)
    values (#{operatorId,jdbcType=DECIMAL}, #{insNo,jdbcType=DECIMAL}, #{username,jdbcType=VARCHAR}, 
      #{password,jdbcType=VARCHAR}, #{loginname,jdbcType=VARCHAR}, #{insRoleSeq,jdbcType=VARCHAR}, 
      #{status,jdbcType=VARCHAR}, #{remark,jdbcType=VARCHAR}, #{createDate,jdbcType=TIMESTAMP}, 
      #{createUser,jdbcType=VARCHAR}, #{updateDate,jdbcType=TIMESTAMP}, #{updateUser,jdbcType=VARCHAR}, 
      #{lastLoginDate,jdbcType=TIMESTAMP},#{defaultOperator,jdbcType=VARCHAR})
  </insert>
  
  <insert id="insertSelective" parameterType="com.uns.organization.modules.organization.entity.InsOperator" >
    insert into INS_OPERATOR
    <selectKey resultType="java.math.BigDecimal" keyProperty="operatorId" order="BEFORE">
    	select SEQ_INS_OPERATOR_ID.NEXTVAL from DUAL
    </selectKey>
    <trim prefix="(" suffix=")" suffixOverrides="," >
      <if test="operatorId != null" >
        ID,
      </if>
      <if test="insNo != null" >
        INS_NO,
      </if>
      <if test="username != null" >
        USERNAME,
      </if>
      <if test="password != null" >
        PASSWORD,
      </if>
      <if test="loginname != null" >
        LOGINNAME,
      </if>
      <if test="insRoleSeq != null" >
        INS_ROLE_SEQ,
      </if>
      <if test="status != null" >
        STATUS,
      </if>
      <if test="remark != null" >
        REMARK,
      </if>
      <if test="createDate != null" >
        CREATE_DATE,
      </if>
      <if test="createUser != null" >
        CREATE_USER,
      </if>
      <if test="updateDate != null" >
        UPDATE_DATE,
      </if>
      <if test="updateUser != null" >
        UPDATE_USER,
      </if>
      <if test="lastLoginDate != null" >
        LAST_LOGIN_DATE,
      </if>
      <if test="defaultOperator != null" >
        DEFAULT_OPERATOR,
      </if>
    </trim>
    <trim prefix="values (" suffix=")" suffixOverrides="," >
      <if test="operatorId != null" >
        #{operatorId,jdbcType=DECIMAL},
      </if>
      <if test="insNo != null" >
        #{insNo,jdbcType=DECIMAL},
      </if>
      <if test="username != null" >
        #{username,jdbcType=VARCHAR},
      </if>
      <if test="password != null" >
        #{password,jdbcType=VARCHAR},
      </if>
      <if test="loginname != null" >
        #{loginname,jdbcType=VARCHAR},
      </if>
      <if test="insRoleSeq != null" >
        #{insRoleSeq,jdbcType=VARCHAR},
      </if>
      <if test="status != null" >
        #{status,jdbcType=VARCHAR},
      </if>
      <if test="remark != null" >
        #{remark,jdbcType=VARCHAR},
      </if>
      <if test="createDate != null" >
        #{createDate,jdbcType=TIMESTAMP},
      </if>
      <if test="createUser != null" >
        #{createUser,jdbcType=VARCHAR},
      </if>
      <if test="updateDate != null" >
        #{updateDate,jdbcType=TIMESTAMP},
      </if>
      <if test="updateUser != null" >
        #{updateUser,jdbcType=VARCHAR},
      </if>
      <if test="lastLoginDate != null" >
        #{lastLoginDate,jdbcType=TIMESTAMP},
      </if>
      <if test="defaultOperator != null" >
         #{defaultOperator,jdbcType=VARCHAR},
      </if>
    </trim>
  </insert>
  
  <update id="updateByPrimaryKeySelective" parameterType="com.uns.organization.modules.organization.entity.InsOperator" >
    update INS_OPERATOR
    <set >
      <if test="insNo != null" >
        INS_NO = #{insNo,jdbcType=DECIMAL},
      </if>
      <if test="username != null" >
        USERNAME = #{username,jdbcType=VARCHAR},
      </if>
      <if test="password != null" >
        PASSWORD = #{password,jdbcType=VARCHAR},
      </if>
      <if test="loginname != null" >
        LOGINNAME = #{loginname,jdbcType=VARCHAR},
      </if>
      <if test="insRoleSeq != null" >
        INS_ROLE_SEQ = #{insRoleSeq,jdbcType=VARCHAR},
      </if>
      <if test="status != null" >
        STATUS = #{status,jdbcType=VARCHAR},
      </if>
      <if test="remark != null" >
        REMARK = #{remark,jdbcType=VARCHAR},
      </if>
      <if test="createDate != null" >
        CREATE_DATE = #{createDate,jdbcType=TIMESTAMP},
      </if>
      <if test="createUser != null" >
        CREATE_USER = #{createUser,jdbcType=VARCHAR},
      </if>
      <if test="updateDate != null" >
        UPDATE_DATE = #{updateDate,jdbcType=TIMESTAMP},
      </if>
      <if test="updateUser != null" >
        UPDATE_USER = #{updateUser,jdbcType=VARCHAR},
      </if>
      <if test="lastLoginDate != null" >
        LAST_LOGIN_DATE = #{lastLoginDate,jdbcType=TIMESTAMP},
      </if>
      <if test="defaultOperator != null" >
         DEFAULT_OPERATOR = #{defaultOperator,jdbcType=VARCHAR},
      </if>
    </set>
    where ID = #{operatorId,jdbcType=DECIMAL}
  </update>
  <update id="updateByPrimaryKey" parameterType="com.uns.organization.modules.organization.entity.InsOperator" >
    update INS_OPERATOR
    set INS_NO = #{insNo,jdbcType=DECIMAL},
      USERNAME = #{username,jdbcType=VARCHAR},
      PASSWORD = #{password,jdbcType=VARCHAR},
      LOGINNAME = #{loginname,jdbcType=VARCHAR},
      INS_ROLE_SEQ = #{insRoleSeq,jdbcType=VARCHAR},
      STATUS = #{status,jdbcType=VARCHAR},
      REMARK = #{remark,jdbcType=VARCHAR},
      CREATE_DATE = #{createDate,jdbcType=TIMESTAMP},
      CREATE_USER = #{createUser,jdbcType=VARCHAR},
      UPDATE_DATE = #{updateDate,jdbcType=TIMESTAMP},
      UPDATE_USER = #{updateUser,jdbcType=VARCHAR},
      LAST_LOGIN_DATE = #{lastLoginDate,jdbcType=TIMESTAMP},
      DEFAULT_OPERATOR = #{defaultOperator,jdbcType=VARCHAR}
    where ID = #{operatorId,jdbcType=DECIMAL}
  </update>
  
  <!--  机构账号 查询列表分页-->
  <select id="findInsOperatorList" parameterType="com.uns.organization.modules.organization.entity.InsOperator" resultMap="BaseResultMap">
  	 SELECT O.ID operatorId,
  	 			 O.INS_NO,
      			 I.INS_NAME,
      			 O.CREATE_DATE,
      			 O.LAST_LOGIN_DATE,
      			 I.INS_TEL,
      			 O.STATUS,
      			 I.BUSINESS_SWITCH
 	  FROM INS_OPERATOR O
LEFT JOIN INSTITUTION I
   		  ON I.INS_NO = O.INS_NO
   	WHERE O.DEFAULT_OPERATOR=1
    <if test="insNo !=null and insNo !=''">
    	and O.INS_NO = #{insNo,jdbcType=DECIMAL}
    </if>
    <if test="insTel !=null and insTel !=''">
    	and I.INS_TEL = #{insTel,jdbcType=VARCHAR}
    </if>
    <if test="insName !=null and insName !=''">
    	and I.INS_NAME like '%' || #{insName,jdbcType=VARCHAR} || '%'
    </if>
    <if test="status !=null and status !=''">
    	and O.STATUS = #{status,jdbcType=VARCHAR}
    </if>
    <if test="createDateStart !=null and createDateStart !=''">
    	and O.CREATE_DATE <![CDATA[ >= ]]> to_date(#{createDateStart,jdbcType=VARCHAR} || ' 00:00:00','yyyy-MM-dd HH24:mi:ss')
    </if>
     <if test="createDateEnd !=null and createDateEnd !=''">
    	and O.CREATE_DATE <![CDATA[ <= ]]> to_date(#{createDateEnd,jdbcType=VARCHAR} || ' 23:59:59','yyyy-MM-dd HH24:mi:ss')
    </if>
    order by O.CREATE_DATE desc
  </select>
  
  <select id="findInsOperatorByOperatorId" parameterType="java.math.BigDecimal" resultType="com.uns.organization.modules.organization.entity.InsOperator">
	  	SELECT O.ID operatorId,
	  				O.INS_NO,
	        		I.INS_NAME,
	        		I.INS_TEL,
	        		O.STATUS,
	        		O.INS_ROLE_SEQ
	 	 FROM INS_OPERATOR O 
   LEFT JOIN INSTITUTION I 
   			 ON I.INS_NO=O.INS_NO
   	     where ID = #{operatorId,jdbcType=DECIMAL}
  </select>
  
  <select id="findAllInsRole" resultType="com.uns.organization.modules.organization.entity.InsRoleInfo">
  		 SELECT ID,
        			 ROLE_NAME,
        			 REMARK,
        			 STATUS,
        			 CREATE_USER,
        			 UPDATE_USER,
        			 CREATE_DATE,
        			 UPDATE_DATE,
        			 VERSION
   		  FROM INS_ROLE_INFO
   		  WHERE VERSION=1
    ORDER BY CREATE_DATE DESC
  </select>
</mapper>