<?xml version="1.0" encoding="UTF-8" ?>
<!DOCTYPE mapper PUBLIC "-//mybatis.org//DTD Mapper 3.0//EN" "http://mybatis.org/dtd/mybatis-3-mapper.dtd" >
<mapper namespace="com.uns.organization.modules.organization.dao.InsRoleInfoMapper" >
  <resultMap id="BaseResultMap" type="com.uns.organization.modules.organization.entity.InsRoleInfo" >
    <id column="ID" property="id" jdbcType="DECIMAL" />
    <result column="ROLE_NAME" property="roleName" jdbcType="VARCHAR" />
    <result column="REMARK" property="remark" jdbcType="VARCHAR" />
    <result column="STATUS" property="status" jdbcType="DECIMAL" />
    <result column="CREATE_USER" property="createUser" jdbcType="DECIMAL" />
    <result column="UPDATE_USER" property="updateUser" jdbcType="DECIMAL" />
    <result column="CREATE_DATE" property="createDate" jdbcType="DATE" />
    <result column="UPDATE_DATE" property="updateDate" jdbcType="DATE" />
    <result column="VERSION" property="version" jdbcType="DECIMAL" />
  </resultMap>
 
  <sql id="Base_Column_List" >
    ID, ROLE_NAME, REMARK, STATUS, CREATE_USER, UPDATE_USER, CREATE_DATE, UPDATE_DATE, 
    VERSION
  </sql>
  
  <select id="selectByPrimaryKey" resultMap="BaseResultMap" parameterType="java.lang.String" >
    select 
    <include refid="Base_Column_List" />
    from INS_ROLE_INFO
    where ID = #{id,jdbcType=VARCHAR}
  </select>
  <delete id="deleteByPrimaryKey" parameterType="java.lang.String" >
    delete from INS_ROLE_INFO
    where ID = #{id,jdbcType=VARCHAR}
  </delete>
 
  <insert id="insert" parameterType="com.uns.organization.modules.organization.entity.InsRoleInfo" >
    insert into INS_ROLE_INFO (ID, ROLE_NAME, REMARK, 
      STATUS, CREATE_USER, UPDATE_USER, 
      CREATE_DATE, UPDATE_DATE, VERSION
      )
    values (#{id,jdbcType=DECIMAL}, #{roleName,jdbcType=VARCHAR}, #{remark,jdbcType=VARCHAR}, 
      #{status,jdbcType=DECIMAL}, #{createUser,jdbcType=DECIMAL}, #{updateUser,jdbcType=DECIMAL}, 
      #{createDate,jdbcType=DATE}, #{updateDate,jdbcType=DATE}, #{version,jdbcType=DECIMAL}
      )
  </insert>
  <insert id="insertSelective" parameterType="com.uns.organization.modules.organization.entity.InsRoleInfo" >
    insert into INS_ROLE_INFO
    <selectKey resultType="java.lang.String" keyProperty="id" order="BEFORE">
    	select SEQ_INS_ROLE_INFO.NEXTVAL from DUAL
    </selectKey>
    <trim prefix="(" suffix=")" suffixOverrides="," >
      <if test="id != null" >
        ID,
      </if>
      <if test="roleName != null" >
        ROLE_NAME,
      </if>
      <if test="remark != null" >
        REMARK,
      </if>
      <if test="status != null" >
        STATUS,
      </if>
      <if test="createUser != null" >
        CREATE_USER,
      </if>
      <if test="updateUser != null" >
        UPDATE_USER,
      </if>
      <if test="createDate != null" >
        CREATE_DATE,
      </if>
      <if test="updateDate != null" >
        UPDATE_DATE,
      </if>
      <if test="version != null" >
        VERSION,
      </if>
    </trim>
    <trim prefix="values (" suffix=")" suffixOverrides="," >
      <if test="id != null" >
        #{id,jdbcType=DECIMAL},
      </if>
      <if test="roleName != null" >
        #{roleName,jdbcType=VARCHAR},
      </if>
      <if test="remark != null" >
        #{remark,jdbcType=VARCHAR},
      </if>
      <if test="status != null" >
        #{status,jdbcType=DECIMAL},
      </if>
      <if test="createUser != null" >
        #{createUser,jdbcType=DECIMAL},
      </if>
      <if test="updateUser != null" >
        #{updateUser,jdbcType=DECIMAL},
      </if>
      <if test="createDate != null" >
        #{createDate,jdbcType=DATE},
      </if>
      <if test="updateDate != null" >
        #{updateDate,jdbcType=DATE},
      </if>
      <if test="version != null" >
        #{version,jdbcType=DECIMAL},
      </if>
    </trim>
  </insert>
  
  
  
  <update id="updateByPrimaryKeySelective" parameterType="com.uns.organization.modules.organization.entity.InsRoleInfo" >
    update INS_ROLE_INFO
    <set >
      <if test="roleName != null" >
        ROLE_NAME = #{roleName,jdbcType=VARCHAR},
      </if>
      <if test="remark != null" >
        REMARK = #{remark,jdbcType=VARCHAR},
      </if>
      <if test="status != null" >
        STATUS = #{status,jdbcType=DECIMAL},
      </if>
      <if test="createUser != null" >
        CREATE_USER = #{createUser,jdbcType=DECIMAL},
      </if>
      <if test="updateUser != null" >
        UPDATE_USER = #{updateUser,jdbcType=DECIMAL},
      </if>
      <if test="createDate != null" >
        CREATE_DATE = #{createDate,jdbcType=DATE},
      </if>
      <if test="updateDate != null" >
        UPDATE_DATE = #{updateDate,jdbcType=DATE},
      </if>
      <if test="version != null" >
        VERSION = #{version,jdbcType=DECIMAL},
      </if>
    </set>
    where ID = #{id,jdbcType=DECIMAL}
  </update>
  <update id="updateByPrimaryKey" parameterType="com.uns.organization.modules.organization.entity.InsRoleInfo" >
    update INS_ROLE_INFO
    set ROLE_NAME = #{roleName,jdbcType=VARCHAR},
      REMARK = #{remark,jdbcType=VARCHAR},
      STATUS = #{status,jdbcType=DECIMAL},
      CREATE_USER = #{createUser,jdbcType=DECIMAL},
      UPDATE_USER = #{updateUser,jdbcType=DECIMAL},
      CREATE_DATE = #{createDate,jdbcType=DATE},
      UPDATE_DATE = #{updateDate,jdbcType=DATE},
      VERSION = #{version,jdbcType=DECIMAL}
    where ID = #{id,jdbcType=DECIMAL}
  </update>
  
  
   <select id="findInsRoleFunftionList" resultMap="BaseResultMap"  >
    select 
    <include refid="Base_Column_List" />
    from INS_ROLE_INFO
    where ROLE_NAME = #{roleName,jdbcType=VARCHAR}
  </select>
  
   
  
  <select id="findInsRoleList" resultMap="BaseResultMap"  >
  	 select 
    <include refid="Base_Column_List" />
    from INS_ROLE_INFO
	where   VERSION=1
	<if test="roleName !=null and roleName !=''">
		and ROLE_NAME like '%' || #{roleName,jdbcType=VARCHAR} || '%'
	</if>
  </select>
  
  <select id="findAllMenu" resultType="com.uns.organization.modules.sys.entity.Menu">
		select f.id,
       			  f.function_id AS "parent.id",
       			  f.function_value AS "name",
          	      f.function_url AS "href",
       			  p.function_value AS "parent.name",
       			  f.pri AS "sort"
 		  from ins_function_info f
  	  left join ins_function_info p on p.id=f.function_id
     order by f.pri
  </select>
  
  <!-- 清除角色与菜单对应关系 -->
  <delete id="deleteRoleFunction">
  		delete FROM INS_ROLE_FUNCTION where role_id = #{roleId}
  </delete>
  <!-- 保存角色和菜单对应关系 -->
  <insert id="insertRoleFunction">
		insert into INS_ROLE_FUNCTION(role_id, function_id)
		<foreach collection="functionIds" item="functionId" separator=" union all ">
			select #{id}, #{functionId}
			from dual
		</foreach>
	</insert>
	
	<!-- 查询角色拥有的权限 -->
	<select id="findFunctionByInsRole" resultType="java.lang.String">
		select FUNCTION_ID from INS_ROLE_FUNCTION 
		where ROLE_ID=#{insRoleId}
	</select>
	
	<!-- 验证机构角色名是否存在 -->
	<select id="findInsRoleByRoleName" resultMap="BaseResultMap"  >
    select 
    <include refid="Base_Column_List" />
    from INS_ROLE_INFO
    where VERSION=1
    and ROLE_NAME = #{roleName,jdbcType=VARCHAR}
  </select>
</mapper>