<?xml version="1.0" encoding="UTF-8" ?>
<!DOCTYPE mapper PUBLIC "-//mybatis.org//DTD Mapper 3.0//EN" "http://mybatis.org/dtd/mybatis-3-mapper.dtd" >
<mapper namespace="com.uns.organization.modules.organization.dao.InsSplitProfitSmMapper" >
  <resultMap id="BaseResultMap" type="com.uns.organization.modules.organization.entity.InsSplitProfitSm" >
    <id column="ID" property="id" jdbcType="DECIMAL" />
    <result column="SET_DATE" property="setDate" jdbcType="DATE" />
    <result column="CHANNEL_TYPE" property="channelType" jdbcType="VARCHAR" />
    <result column="FEE_TYPE" property="feeType" jdbcType="VARCHAR" />
    <result column="OUTTRADENO" property="outtradeno" jdbcType="VARCHAR" />
    <result column="OUTTRADETIME" property="outtradetime" jdbcType="VARCHAR" />
    <result column="AMOUNT" property="amount" jdbcType="DECIMAL" />
    <result column="COMMISSION" property="commission" jdbcType="DECIMAL" />
    <result column="ARRIVALAMOUNT" property="arrivalamount" jdbcType="DECIMAL" />
    <result column="INS_NO" property="insNo" jdbcType="VARCHAR" />
    <result column="INS_NAME" property="insName" jdbcType="VARCHAR"/>
    <result column="SM_FEE" property="smFee" jdbcType="DECIMAL" />
    <result column="PROFIT" property="profit" jdbcType="DECIMAL" />
    <result column="CREATE_DATE" property="createDate" jdbcType="DATE" />
    <result column="BATCH_NO" property="batchNo" jdbcType="VARCHAR" />
    <result column="CUSTOMERID" property="customerid" jdbcType="DECIMAL" />
    <result column="COMMISSIONID" property="commissionid" jdbcType="DECIMAL" />
    <result column="FEEVER" property="feever" jdbcType="VARCHAR" />
    <result column="REMARK" property="remark" jdbcType="VARCHAR" />
    <result column="SHOPPERID" property="shopperid" jdbcType="VARCHAR" />
    <result column="SMALL_MERCH_NO" property="smallMerchNo" jdbcType="VARCHAR"/>
    <result column="SCOMPANY" property="scompany" jdbcType="VARCHAR"/>
    <result column="CREATE_DATE" property="createDate" jdbcType="TIMESTAMP"/>
    <result column="INS_FEE" property="insFee" jdbcType="DECIMAL"/>
    <result column="ORI_ORDERID" property="oriOrderId" jdbcType="VARCHAR"/>
    <result column="cusFixFee" property="cusFixFee" jdbcType="VARCHAR"/>
    <result column="cusD0FixFee" property="cusD0FixFee" jdbcType="VARCHAR"/>
    <result column="insFixFee" property="insFixFee" jdbcType="VARCHAR"/>
    <result column="insD0FixFee" property="insD0FixFee" jdbcType="VARCHAR"/>
  </resultMap>
  <sql id="Base_Column_List" >
    ID, SET_DATE, CHANNEL_TYPE, FEE_TYPE, OUTTRADENO, OUTTRADETIME, AMOUNT, COMMISSION, 
    ARRIVALAMOUNT, INS_NO, SM_FEE, PROFIT, CREATE_DATE, BATCH_NO, CUSTOMERID, COMMISSIONID, 
    FEEVER, REMARK, SHOPPERID
  </sql>

  <select id="querySplitProfitList" resultMap="BaseResultMap">
    SELECT PROFIT.OUTTRADENO,
           INS.INS_NO,
           INS.INS_NAME,
           CUS.SMALL_MERCH_NO,
           CUS.SCOMPANY,
           TO_DATE(PROFIT.OUTTRADETIME,'yyyy-MM-dd hh24:mi:ss') CREATE_DATE,
           PROFIT.CHANNEL_TYPE,
           DECODE(PROFIT.FEE_TYPE, '0', 'D0', '1', 'T1') FEE_TYPE,
           PROFIT.SM_FEE,
           PROFIT.AMOUNT,
           PROFIT.COMMISSION,
           PROFIT.ARRIVALAMOUNT,
           PROFIT.PROFIT,
           PROFIT.INS_FEE,
           QC.ORI_ORDERID,
           cp.fixed_rate cusFixFee,
           cp.d0_fixed_rate cusD0FixFee,
           insf.fix_fee insFixFee,
           insf.d0_fix_fee insD0FixFee
      FROM INS_SPLIT_PROFIT_SM PROFIT
      LEFT JOIN QR_CODE_TRANS_EXT QC
        ON PROFIT.OUTTRADENO = QC.ORDER_ID
      LEFT JOIN INSTITUTION INS
        ON PROFIT.INS_NO = INS.INS_NO
      LEFT JOIN CUSTOMER CUS
        ON PROFIT.SHOPPERID = CUS.SMALL_MERCH_NO
      LEFT JOIN COMMISSIONPOLICY CP
        ON CP.CUSTOMERID = CUS.CUSTOMERID AND CP.CARDTYPE = PROFIT.CHANNEL_TYPE
      LEFT JOIN INSTITUTION_FEE INSF
        ON INSF.INS_NO = INS.INS_NO AND INSF.INS_FEE_TYPE = PROFIT.CHANNEL_TYPE
     WHERE 1 = 1
    <if test="batchNo != null and batchNo != ''">
      AND PROFIT.BATCH_NO = #{batchNo,jdbcType=VARCHAR}
    </if>
    <if test="outtradeno != null and outtradeno != ''">
      AND PROFIT.OUTTRADENO = #{outtradeno,jdbcType=VARCHAR}
    </if>
    <if test="oriOrderId != null and oriOrderId != ''">
      AND QC.ORI_ORDERID = #{oriOrderId}
    </if>
    <if test="beginDate != null and beginDate != ''">
      <![CDATA[
      AND TO_DATE(PROFIT.OUTTRADETIME, 'yyyy-MM-dd hh24:mi:ss') >=
      TO_DATE(#{beginDate,jdbcType=VARCHAR} || '00:00:00', 'yyyy-MM-dd hh24:mi:ss')
      ]]>
    </if>
    <if test="endDate != null and endDate != ''">
      <![CDATA[
      AND TO_DATE(PROFIT.OUTTRADETIME, 'yyyy-MM-dd hh24:mi:ss') <=
      TO_DATE(#{endDate,jdbcType=VARCHAR} || '23:59:59', 'yyyy-MM-dd hh24:mi:ss')
      ]]>
    </if>
    <if test="smallMerchNo != null and smallMerchNo != ''">
      AND CUS.SMALL_MERCH_NO = #{smallMerchNo,jdbcType=VARCHAR}
    </if>
    <if test="scompany != null and scompany != ''">
      AND CUS.SCOMPANY = #{scompany,jdbcType=VARCHAR}
    </if>
    ORDER BY PROFIT.CREATE_DATE DESC
  </select>

  <select id="selectByPrimaryKey" resultMap="BaseResultMap" parameterType="java.math.BigDecimal" >
    select 
    <include refid="Base_Column_List" />
    from INS_SPLIT_PROFIT_SM
    where ID = #{id,jdbcType=DECIMAL}
  </select>
  <delete id="deleteByPrimaryKey" parameterType="java.math.BigDecimal" >
    delete from INS_SPLIT_PROFIT_SM
    where ID = #{id,jdbcType=DECIMAL}
  </delete>
  <insert id="insert" parameterType="com.uns.organization.modules.organization.entity.InsSplitProfitSm" >
    insert into INS_SPLIT_PROFIT_SM (ID, SET_DATE, CHANNEL_TYPE, 
      FEE_TYPE, OUTTRADENO, OUTTRADETIME, 
      AMOUNT, COMMISSION, ARRIVALAMOUNT, 
      INS_NO, SM_FEE, PROFIT, 
      CREATE_DATE, BATCH_NO, CUSTOMERID, 
      COMMISSIONID, FEEVER, REMARK, 
      SHOPPERID)
    values (#{id,jdbcType=DECIMAL}, #{setDate,jdbcType=DATE}, #{channelType,jdbcType=VARCHAR}, 
      #{feeType,jdbcType=VARCHAR}, #{outtradeno,jdbcType=VARCHAR}, #{outtradetime,jdbcType=VARCHAR}, 
      #{amount,jdbcType=DECIMAL}, #{commission,jdbcType=DECIMAL}, #{arrivalamount,jdbcType=DECIMAL}, 
      #{insNo,jdbcType=VARCHAR}, #{smFee,jdbcType=DECIMAL}, #{profit,jdbcType=DECIMAL}, 
      #{createDate,jdbcType=DATE}, #{batchNo,jdbcType=VARCHAR}, #{customerid,jdbcType=DECIMAL}, 
      #{commissionid,jdbcType=DECIMAL}, #{feever,jdbcType=VARCHAR}, #{remark,jdbcType=VARCHAR}, 
      #{shopperid,jdbcType=VARCHAR})
  </insert>
  <insert id="insertSelective" parameterType="com.uns.organization.modules.organization.entity.InsSplitProfitSm" >
    insert into INS_SPLIT_PROFIT_SM
    <trim prefix="(" suffix=")" suffixOverrides="," >
      <if test="id != null" >
        ID,
      </if>
      <if test="setDate != null" >
        SET_DATE,
      </if>
      <if test="channelType != null" >
        CHANNEL_TYPE,
      </if>
      <if test="feeType != null" >
        FEE_TYPE,
      </if>
      <if test="outtradeno != null" >
        OUTTRADENO,
      </if>
      <if test="outtradetime != null" >
        OUTTRADETIME,
      </if>
      <if test="amount != null" >
        AMOUNT,
      </if>
      <if test="commission != null" >
        COMMISSION,
      </if>
      <if test="arrivalamount != null" >
        ARRIVALAMOUNT,
      </if>
      <if test="insNo != null" >
        INS_NO,
      </if>
      <if test="smFee != null" >
        SM_FEE,
      </if>
      <if test="profit != null" >
        PROFIT,
      </if>
      <if test="createDate != null" >
        CREATE_DATE,
      </if>
      <if test="batchNo != null" >
        BATCH_NO,
      </if>
      <if test="customerid != null" >
        CUSTOMERID,
      </if>
      <if test="commissionid != null" >
        COMMISSIONID,
      </if>
      <if test="feever != null" >
        FEEVER,
      </if>
      <if test="remark != null" >
        REMARK,
      </if>
      <if test="shopperid != null" >
        SHOPPERID,
      </if>
    </trim>
    <trim prefix="values (" suffix=")" suffixOverrides="," >
      <if test="id != null" >
        #{id,jdbcType=DECIMAL},
      </if>
      <if test="setDate != null" >
        #{setDate,jdbcType=DATE},
      </if>
      <if test="channelType != null" >
        #{channelType,jdbcType=VARCHAR},
      </if>
      <if test="feeType != null" >
        #{feeType,jdbcType=VARCHAR},
      </if>
      <if test="outtradeno != null" >
        #{outtradeno,jdbcType=VARCHAR},
      </if>
      <if test="outtradetime != null" >
        #{outtradetime,jdbcType=VARCHAR},
      </if>
      <if test="amount != null" >
        #{amount,jdbcType=DECIMAL},
      </if>
      <if test="commission != null" >
        #{commission,jdbcType=DECIMAL},
      </if>
      <if test="arrivalamount != null" >
        #{arrivalamount,jdbcType=DECIMAL},
      </if>
      <if test="insNo != null" >
        #{insNo,jdbcType=VARCHAR},
      </if>
      <if test="smFee != null" >
        #{smFee,jdbcType=DECIMAL},
      </if>
      <if test="profit != null" >
        #{profit,jdbcType=DECIMAL},
      </if>
      <if test="createDate != null" >
        #{createDate,jdbcType=DATE},
      </if>
      <if test="batchNo != null" >
        #{batchNo,jdbcType=VARCHAR},
      </if>
      <if test="customerid != null" >
        #{customerid,jdbcType=DECIMAL},
      </if>
      <if test="commissionid != null" >
        #{commissionid,jdbcType=DECIMAL},
      </if>
      <if test="feever != null" >
        #{feever,jdbcType=VARCHAR},
      </if>
      <if test="remark != null" >
        #{remark,jdbcType=VARCHAR},
      </if>
      <if test="shopperid != null" >
        #{shopperid,jdbcType=VARCHAR},
      </if>
    </trim>
  </insert>

  <update id="updateByPrimaryKeySelective" parameterType="com.uns.organization.modules.organization.entity.InsSplitProfitSm" >
    update INS_SPLIT_PROFIT_SM
    <set >
      <if test="setDate != null" >
        SET_DATE = #{setDate,jdbcType=DATE},
      </if>
      <if test="channelType != null" >
        CHANNEL_TYPE = #{channelType,jdbcType=VARCHAR},
      </if>
      <if test="feeType != null" >
        FEE_TYPE = #{feeType,jdbcType=VARCHAR},
      </if>
      <if test="outtradeno != null" >
        OUTTRADENO = #{outtradeno,jdbcType=VARCHAR},
      </if>
      <if test="outtradetime != null" >
        OUTTRADETIME = #{outtradetime,jdbcType=VARCHAR},
      </if>
      <if test="amount != null" >
        AMOUNT = #{amount,jdbcType=DECIMAL},
      </if>
      <if test="commission != null" >
        COMMISSION = #{commission,jdbcType=DECIMAL},
      </if>
      <if test="arrivalamount != null" >
        ARRIVALAMOUNT = #{arrivalamount,jdbcType=DECIMAL},
      </if>
      <if test="insNo != null" >
        INS_NO = #{insNo,jdbcType=VARCHAR},
      </if>
      <if test="smFee != null" >
        SM_FEE = #{smFee,jdbcType=DECIMAL},
      </if>
      <if test="profit != null" >
        PROFIT = #{profit,jdbcType=DECIMAL},
      </if>
      <if test="createDate != null" >
        CREATE_DATE = #{createDate,jdbcType=DATE},
      </if>
      <if test="batchNo != null" >
        BATCH_NO = #{batchNo,jdbcType=VARCHAR},
      </if>
      <if test="customerid != null" >
        CUSTOMERID = #{customerid,jdbcType=DECIMAL},
      </if>
      <if test="commissionid != null" >
        COMMISSIONID = #{commissionid,jdbcType=DECIMAL},
      </if>
      <if test="feever != null" >
        FEEVER = #{feever,jdbcType=VARCHAR},
      </if>
      <if test="remark != null" >
        REMARK = #{remark,jdbcType=VARCHAR},
      </if>
      <if test="shopperid != null" >
        SHOPPERID = #{shopperid,jdbcType=VARCHAR},
      </if>
    </set>
    where ID = #{id,jdbcType=DECIMAL}
  </update>
  <update id="updateByPrimaryKey" parameterType="com.uns.organization.modules.organization.entity.InsSplitProfitSm" >
    update INS_SPLIT_PROFIT_SM
    set SET_DATE = #{setDate,jdbcType=DATE},
      CHANNEL_TYPE = #{channelType,jdbcType=VARCHAR},
      FEE_TYPE = #{feeType,jdbcType=VARCHAR},
      OUTTRADENO = #{outtradeno,jdbcType=VARCHAR},
      OUTTRADETIME = #{outtradetime,jdbcType=VARCHAR},
      AMOUNT = #{amount,jdbcType=DECIMAL},
      COMMISSION = #{commission,jdbcType=DECIMAL},
      ARRIVALAMOUNT = #{arrivalamount,jdbcType=DECIMAL},
      INS_NO = #{insNo,jdbcType=VARCHAR},
      SM_FEE = #{smFee,jdbcType=DECIMAL},
      PROFIT = #{profit,jdbcType=DECIMAL},
      CREATE_DATE = #{createDate,jdbcType=DATE},
      BATCH_NO = #{batchNo,jdbcType=VARCHAR},
      CUSTOMERID = #{customerid,jdbcType=DECIMAL},
      COMMISSIONID = #{commissionid,jdbcType=DECIMAL},
      FEEVER = #{feever,jdbcType=VARCHAR},
      REMARK = #{remark,jdbcType=VARCHAR},
      SHOPPERID = #{shopperid,jdbcType=VARCHAR}
    where ID = #{id,jdbcType=DECIMAL}
  </update>
</mapper>