<?xml version="1.0" encoding="UTF-8" ?>
<!DOCTYPE mapper PUBLIC "-//mybatis.org//DTD Mapper 3.0//EN" "http://mybatis.org/dtd/mybatis-3-mapper.dtd" >
<mapper namespace="com.uns.organization.modules.organization.dao.InsSplitBatchSmMapper" >
  <resultMap id="BaseResultMap" type="com.uns.organization.modules.organization.entity.InsSplitBatchSm" >
    <id column="ID" property="id" jdbcType="DECIMAL" />
    <result column="BEGIN_DATE" property="beginDate" jdbcType="VARCHAR" />
    <result column="END_DATE" property="endDate" jdbcType="VARCHAR" />
    <result column="TRANS_TYPE" property="transType" jdbcType="VARCHAR" />
    <result column="BATCH_NO" property="batchNo" jdbcType="VARCHAR" />
    <result column="INS_NO" property="insNo" jdbcType="VARCHAR" />
    <result column="INS_NAME" property="insName" jdbcType="VARCHAR"/>
    <result column="SUM_COUNT" property="sumCount" jdbcType="DECIMAL" />
    <result column="SUM_AMOUNT" property="sumAmount" jdbcType="DECIMAL" />
    <result column="SUM_PROFIT" property="sumProfit" jdbcType="DECIMAL" />
    <result column="STATUS" property="status" jdbcType="VARCHAR" />
    <result column="CREATE_DATE" property="createDate" jdbcType="TIMESTAMP" />
    <result column="WX_T1_FEE" property="wxT1Fee" jdbcType="VARCHAR"/>
    <result column="WX_D0_FEE" property="wxD0Fee" jdbcType="VARCHAR"/>
    <result column="ZFB_T1_FEE" property="zfbT1Fee" jdbcType="VARCHAR"/>
    <result column="ZFB_D0_FEE" property="zfbD0Fee" jdbcType="VARCHAR"/>
  </resultMap>
  <sql id="Base_Column_List" >
    ID, BEGIN_DATE, END_DATE, TRANS_TYPE, BATCH_NO, INS_NO, SUM_COUNT, SUM_AMOUNT, SUM_PROFIT, 
    STATUS, CREATE_DATE
  </sql>
  <select id="selectByPrimaryKey" resultMap="BaseResultMap" parameterType="java.math.BigDecimal" >
    select 
    <include refid="Base_Column_List" />
    from INS_SPLIT_BATCH_SM
    where ID = #{id,jdbcType=DECIMAL}
  </select>
  <delete id="deleteByPrimaryKey" parameterType="java.math.BigDecimal" >
    delete from INS_SPLIT_BATCH_SM
    where ID = #{id,jdbcType=DECIMAL}
  </delete>
  <insert id="insert" parameterType="com.uns.organization.modules.organization.entity.InsSplitBatchSm" >
    insert into INS_SPLIT_BATCH_SM (ID, BEGIN_DATE, END_DATE, 
      TRANS_TYPE, BATCH_NO, INS_NO, 
      SUM_COUNT, SUM_AMOUNT, SUM_PROFIT, 
      STATUS, CREATE_DATE)
    values (#{id,jdbcType=DECIMAL}, #{beginDate,jdbcType=DATE}, #{endDate,jdbcType=DATE}, 
      #{transType,jdbcType=VARCHAR}, #{batchNo,jdbcType=VARCHAR}, #{insNo,jdbcType=VARCHAR}, 
      #{sumCount,jdbcType=DECIMAL}, #{sumAmount,jdbcType=DECIMAL}, #{sumProfit,jdbcType=DECIMAL}, 
      #{status,jdbcType=VARCHAR}, #{createDate,jdbcType=DATE})
  </insert>
  <insert id="insertSelective" parameterType="com.uns.organization.modules.organization.entity.InsSplitBatchSm" >
    insert into INS_SPLIT_BATCH_SM
    <trim prefix="(" suffix=")" suffixOverrides="," >
      <if test="id != null" >
        ID,
      </if>
      <if test="beginDate != null" >
        BEGIN_DATE,
      </if>
      <if test="endDate != null" >
        END_DATE,
      </if>
      <if test="transType != null" >
        TRANS_TYPE,
      </if>
      <if test="batchNo != null" >
        BATCH_NO,
      </if>
      <if test="insNo != null" >
        INS_NO,
      </if>
      <if test="sumCount != null" >
        SUM_COUNT,
      </if>
      <if test="sumAmount != null" >
        SUM_AMOUNT,
      </if>
      <if test="sumProfit != null" >
        SUM_PROFIT,
      </if>
      <if test="status != null" >
        STATUS,
      </if>
      <if test="createDate != null" >
        CREATE_DATE,
      </if>
    </trim>
    <trim prefix="values (" suffix=")" suffixOverrides="," >
      <if test="id != null" >
        #{id,jdbcType=DECIMAL},
      </if>
      <if test="beginDate != null" >
        #{beginDate,jdbcType=DATE},
      </if>
      <if test="endDate != null" >
        #{endDate,jdbcType=DATE},
      </if>
      <if test="transType != null" >
        #{transType,jdbcType=VARCHAR},
      </if>
      <if test="batchNo != null" >
        #{batchNo,jdbcType=VARCHAR},
      </if>
      <if test="insNo != null" >
        #{insNo,jdbcType=VARCHAR},
      </if>
      <if test="sumCount != null" >
        #{sumCount,jdbcType=DECIMAL},
      </if>
      <if test="sumAmount != null" >
        #{sumAmount,jdbcType=DECIMAL},
      </if>
      <if test="sumProfit != null" >
        #{sumProfit,jdbcType=DECIMAL},
      </if>
      <if test="status != null" >
        #{status,jdbcType=VARCHAR},
      </if>
      <if test="createDate != null" >
        #{createDate,jdbcType=DATE},
      </if>
    </trim>
  </insert>
    <update id="updateByPrimaryKeySelective" parameterType="com.uns.organization.modules.organization.entity.InsSplitBatchSm" >
    update INS_SPLIT_BATCH_SM
    <set >
      <if test="beginDate != null" >
        BEGIN_DATE = #{beginDate,jdbcType=DATE},
      </if>
      <if test="endDate != null" >
        END_DATE = #{endDate,jdbcType=DATE},
      </if>
      <if test="transType != null" >
        TRANS_TYPE = #{transType,jdbcType=VARCHAR},
      </if>
      <if test="batchNo != null" >
        BATCH_NO = #{batchNo,jdbcType=VARCHAR},
      </if>
      <if test="insNo != null" >
        INS_NO = #{insNo,jdbcType=VARCHAR},
      </if>
      <if test="sumCount != null" >
        SUM_COUNT = #{sumCount,jdbcType=DECIMAL},
      </if>
      <if test="sumAmount != null" >
        SUM_AMOUNT = #{sumAmount,jdbcType=DECIMAL},
      </if>
      <if test="sumProfit != null" >
        SUM_PROFIT = #{sumProfit,jdbcType=DECIMAL},
      </if>
      <if test="status != null" >
        STATUS = #{status,jdbcType=VARCHAR},
      </if>
      <if test="createDate != null" >
        CREATE_DATE = #{createDate,jdbcType=DATE},
      </if>
    </set>
    where ID = #{id,jdbcType=DECIMAL}
  </update>
  <update id="updateByPrimaryKey" parameterType="com.uns.organization.modules.organization.entity.InsSplitBatchSm" >
    update INS_SPLIT_BATCH_SM
    set BEGIN_DATE = #{beginDate,jdbcType=DATE},
      END_DATE = #{endDate,jdbcType=DATE},
      TRANS_TYPE = #{transType,jdbcType=VARCHAR},
      BATCH_NO = #{batchNo,jdbcType=VARCHAR},
      INS_NO = #{insNo,jdbcType=VARCHAR},
      SUM_COUNT = #{sumCount,jdbcType=DECIMAL},
      SUM_AMOUNT = #{sumAmount,jdbcType=DECIMAL},
      SUM_PROFIT = #{sumProfit,jdbcType=DECIMAL},
      STATUS = #{status,jdbcType=VARCHAR},
      CREATE_DATE = #{createDate,jdbcType=DATE}
    where ID = #{id,jdbcType=DECIMAL}
  </update>
  <update id="profitAudit">
    UPDATE INS_SPLIT_BATCH_SM
    <set>
      <if test="status != null and status != ''">
        STATUS = #{status},
      </if>
      <if test="settleDate != null">
        SETTLE_DATE = #{settleDate,jdbcType=TIMESTAMP},
      </if>
    </set>
    WHERE BATCH_NO IN
    <foreach collection="batchNoArr" item="item" index="index" open="(" close=")" separator=",">
      #{item}
    </foreach>
  </update>
  <select id="queryProfitBatchList" resultMap="BaseResultMap">
SELECT BS.ID,
       BS.BATCH_NO,
       BS.CREATE_DATE,
       BS.INS_NO,
       INS.INS_NAME,
       BS.SUM_COUNT,
       BS.SUM_AMOUNT,
       BS.SUM_PROFIT,
       BS.STATUS
    FROM INS_SPLIT_BATCH_SM BS
    LEFT JOIN INSTITUTION INS
    ON BS.INS_NO = INS.INS_NO
    WHERE 1 = 1
    <if test="insNo != null and insNo != ''">
      AND BS.INS_NO = #{insNo,jdbcType=VARCHAR}
    </if>
    <if test="insName != null and insName != ''">
      AND INS.INS_NAME = #{insName,jdbcType=VARCHAR}
    </if>
    <if test="batchNo != null and batchNo != ''">
      AND BS.BATCH_NO = #{batchNo,jdbcType=VARCHAR}
    </if>
    <choose>
      <when test="statusType == '0'.toString()">
        <choose>
          <when test="status != null and status != ''">
            AND BS.STATUS = #{status}
          </when>
          <otherwise>
            AND BS.STATUS IN('0','1','5')
          </otherwise>
        </choose>
      </when>
      <otherwise>
        <choose>
          <when test="status != null and status != ''">
            AND BS.STATUS = #{status}
          </when>
          <otherwise>
            AND BS.STATUS IN('1','3','4')
          </otherwise>
        </choose>
      </otherwise>
    </choose>
    <if test="beginDate != null and beginDate != ''">
      <![CDATA[
      AND BS.CREATE_DATE >=
      TO_DATE(#{beginDate,jdbcType=VARCHAR} || '00:00:00', 'yyyy-MM-dd hh24:mi:ss')
      ]]>
    </if>
    <if test="endDate != null and endDate != ''">
      <![CDATA[
      AND BS.CREATE_DATE <=
      TO_DATE(#{endDate,jdbcType=VARCHAR} || '23:59:59', 'yyyy-MM-dd hh24:mi:ss')
      ]]>
    </if>
    ORDER BY BS.CREATE_DATE DESC
  </select>
  <select id="querySplitBatch" resultMap="BaseResultMap">
    SELECT M.BATCH_NO, M.INS_NO, INS.INS_NAME, M.STATUS
      FROM INS_SPLIT_BATCH_SM M
      LEFT JOIN INSTITUTION INS
        ON M.INS_NO = INS.INS_NO
     WHERE M.BATCH_NO = #{batchNo}
  </select>
</mapper>