<?xml version="1.0" encoding="UTF-8" ?>
<!DOCTYPE mapper PUBLIC "-//mybatis.org//DTD Mapper 3.0//EN" "http://mybatis.org/dtd/mybatis-3-mapper.dtd" >
<mapper namespace="com.uns.organization.modules.organization.dao.InstitutionFeeHisMapper" >
  <resultMap id="BaseResultMap" type="com.uns.organization.modules.organization.entity.InstitutionFeeHis" >
    <result column="INS_FEE_ID" property="insFeeId" jdbcType="DECIMAL" />
    <result column="INS_NO" property="insNo" jdbcType="DECIMAL" />
    <result column="CREATE_DATE" property="createDate" jdbcType="TIMESTAMP" />
    <result column="UPDATE_DATE" property="updateDate" jdbcType="TIMESTAMP" />
    <result column="INS_FEE_TYPE" property="insFeeType" jdbcType="VARCHAR" />
    <result column="FEE" property="fee" jdbcType="VARCHAR" />
    <result column="D0_FEE" property="d0Fee" jdbcType="VARCHAR" />
    <result column="CREATE_USER" property="createUser" jdbcType="VARCHAR" />
    <result column="UPDATE_USER" property="updateUser" jdbcType="VARCHAR" />
    <result column="FEEVER" property="feever" jdbcType="VARCHAR" />
    <result column="FIX_FEE" property="fixFee" jdbcType="DECIMAL" />
    <result column="D0_FIX_FEE" property="d0FixFee" jdbcType="DECIMAL" />
  </resultMap>
  
  <sql id="Base_Column_List" >
    INS_FEE_ID, INS_NO, CREATE_DATE, UPDATE_DATE, INS_FEE_TYPE, FEE, D0_FEE, 
    CREATE_USER, UPDATE_USER, FEEVER,FIX_FEE,D0_FIX_FEE
  </sql>
 
  <select id="selectByPrimaryKey" resultMap="BaseResultMap" parameterType="java.math.BigDecimal" >
    select 
    <include refid="Base_Column_List" />
    from INSTITUTION_FEE_HIS
    where INS_FEE_ID = #{insFeeId,jdbcType=DECIMAL}
  </select>
  <delete id="deleteByPrimaryKey" parameterType="java.math.BigDecimal" >
    delete from INSTITUTION_FEE_HIS
    where INS_FEE_ID = #{insFeeId,jdbcType=DECIMAL}
  </delete>
  
  <insert id="insert" parameterType="com.uns.organization.modules.organization.entity.InstitutionFeeHis" >
    insert into INSTITUTION_FEE_HIS (INS_FEE_ID, INS_NO, CREATE_DATE, 
      UPDATE_DATE, INS_FEE_TYPE, FEE, 
      D0_FEE, CREATE_USER, UPDATE_USER, 
      FEEVER,FIX_FEE)
    values (#{insFeeId,jdbcType=DECIMAL}, #{insNo,jdbcType=DECIMAL}, #{createDate,jdbcType=TIMESTAMP}, 
      #{updateDate,jdbcType=TIMESTAMP}, #{insFeeType,jdbcType=VARCHAR}, #{fee,jdbcType=VARCHAR}, 
      #{d0Fee,jdbcType=VARCHAR}, #{createUser,jdbcType=VARCHAR}, #{updateUser,jdbcType=VARCHAR}, 
      #{feever,jdbcType=VARCHAR},#{fixFee,jdbcType=DECIMAL})
  </insert>
  <insert id="insertSelective" parameterType="com.uns.organization.modules.organization.entity.InstitutionFeeHis" >
    insert into INSTITUTION_FEE_HIS
    <trim prefix="(" suffix=")" suffixOverrides="," >
      <if test="insFeeId != null" >
        INS_FEE_ID,
      </if>
      <if test="insNo != null" >
        INS_NO,
      </if>
      <if test="createDate != null" >
        CREATE_DATE,
      </if>
      <if test="updateDate != null" >
        UPDATE_DATE,
      </if>
      <if test="insFeeType != null" >
        INS_FEE_TYPE,
      </if>
      <if test="fee != null" >
        FEE,
      </if>
      <if test="d0Fee != null" >
        D0_FEE,
      </if>
      <if test="createUser != null" >
        CREATE_USER,
      </if>
      <if test="updateUser != null" >
        UPDATE_USER,
      </if>
      <if test="feever != null" >
        FEEVER,
      </if>
      <if test="fixFee != null" >
        FIX_FEE,
      </if>
    </trim>
    <trim prefix="values (" suffix=")" suffixOverrides="," >
      <if test="insFeeId != null" >
        #{insFeeId,jdbcType=DECIMAL},
      </if>
      <if test="insNo != null" >
        #{insNo,jdbcType=DECIMAL},
      </if>
      <if test="createDate != null" >
        #{createDate,jdbcType=TIMESTAMP},
      </if>
      <if test="updateDate != null" >
        #{updateDate,jdbcType=TIMESTAMP},
      </if>
      <if test="insFeeType != null" >
        #{insFeeType,jdbcType=VARCHAR},
      </if>
      <if test="fee != null" >
        #{fee,jdbcType=VARCHAR},
      </if>
      <if test="d0Fee != null" >
        #{d0Fee,jdbcType=VARCHAR},
      </if>
      <if test="createUser != null" >
        #{createUser,jdbcType=VARCHAR},
      </if>
      <if test="updateUser != null" >
        #{updateUser,jdbcType=VARCHAR},
      </if>
      <if test="feever != null" >
        #{feever,jdbcType=VARCHAR},
      </if>
      <if test="fixFee != null" >
       #{fixFee,jdbcType=DECIMAL}
      </if>
    </trim>
  </insert>
  
  
  
  <update id="updateByPrimaryKeySelective" parameterType="com.uns.organization.modules.organization.entity.InstitutionFeeHis" >
    update INSTITUTION_FEE_HIS
    <set >
      <if test="insNo != null" >
        INS_NO = #{insNo,jdbcType=DECIMAL},
      </if>
      <if test="createDate != null" >
        CREATE_DATE = #{createDate,jdbcType=TIMESTAMP},
      </if>
      <if test="updateDate != null" >
        UPDATE_DATE = #{updateDate,jdbcType=TIMESTAMP},
      </if>
      <if test="insFeeType != null" >
        INS_FEE_TYPE = #{insFeeType,jdbcType=VARCHAR},
      </if>
      <if test="fee != null" >
        FEE = #{fee,jdbcType=VARCHAR},
      </if>
      <if test="d0Fee != null" >
        D0_FEE = #{d0Fee,jdbcType=VARCHAR},
      </if>
      <if test="createUser != null" >
        CREATE_USER = #{createUser,jdbcType=VARCHAR},
      </if>
      <if test="updateUser != null" >
        UPDATE_USER = #{updateUser,jdbcType=VARCHAR},
      </if>
      <if test="feever != null" >
        FEEVER = #{feever,jdbcType=VARCHAR},
      </if>
      <if test="fixFee != null" >
       FIX_FEE = #{fixFee,jdbcType=DECIMAL}
      </if>
    </set>
    where INS_FEE_ID = #{insFeeId,jdbcType=DECIMAL}
  </update>
  <update id="updateByPrimaryKey" parameterType="com.uns.organization.modules.organization.entity.InstitutionFeeHis" >
    update INSTITUTION_FEE_HIS
    set INS_NO = #{insNo,jdbcType=DECIMAL},
      CREATE_DATE = #{createDate,jdbcType=TIMESTAMP},
      UPDATE_DATE = #{updateDate,jdbcType=TIMESTAMP},
      INS_FEE_TYPE = #{insFeeType,jdbcType=VARCHAR},
      FEE = #{fee,jdbcType=VARCHAR},
      D0_FEE = #{d0Fee,jdbcType=VARCHAR},
      CREATE_USER = #{createUser,jdbcType=VARCHAR},
      UPDATE_USER = #{updateUser,jdbcType=VARCHAR},
      FEEVER = #{feever,jdbcType=VARCHAR},
      FIX_FEE = #{fixFee,jdbcType=DECIMAL}
    where INS_FEE_ID = #{insFeeId,jdbcType=DECIMAL}
  </update>
  
  <!-- 将查询的机构费率保存到费率历史表中 -->
  <insert id="insertByInstitutionFee" parameterType="java.math.BigDecimal">
  	insert into INSTITUTION_FEE_HIS
	  (INS_FEE_ID,
	   INS_NO,
	   CREATE_DATE,
	   UPDATE_DATE,
	   INS_FEE_TYPE,
	   FEE,
	   D0_FEE,
	   CREATE_USER,
	   UPDATE_USER,
	   FIX_FEE,
	   D0_FIX_FEE)
  	select INS_FEE_ID,
         INS_NO,
         CREATE_DATE,
         UPDATE_DATE,
         INS_FEE_TYPE,
         FEE,
         D0_FEE,
         CREATE_USER,
         UPDATE_USER,
         FIX_FEE,
         D0_FIX_FEE
    from INSTITUTION_FEE
   	where INS_FEE_ID = #{insFeeId,jdbcType=DECIMAL}
  </insert>
  
  <select id="findFeeHisList" parameterType="com.uns.organization.modules.organization.entity.InstitutionFeeHis" resultMap="BaseResultMap" >
  	 select 
    <include refid="Base_Column_List" />
    from INSTITUTION_FEE_HIS
    where 1=1
    <if test="insNo != null and insNo != ''">
		and INS_NO= #{insNo}
	</if>
	order by UPDATE_DATE desc
  </select>
</mapper>