<?xml version="1.0" encoding="UTF-8" ?>
<!DOCTYPE mapper PUBLIC "-//mybatis.org//DTD Mapper 3.0//EN" "http://mybatis.org/dtd/mybatis-3-mapper.dtd" >
<mapper namespace="com.uns.organization.modules.organization.dao.InstitutionFeeMapper" >
  <resultMap id="BaseResultMap" type="com.uns.organization.modules.organization.entity.InstitutionFee" >
    <id column="INS_FEE_ID" property="insFeeId" jdbcType="DECIMAL" />
    <result column="INS_NO" property="insNo" jdbcType="VARCHAR" />
    <result column="CREATE_DATE" property="createDate" jdbcType="TIMESTAMP" />
    <result column="UPDATE_DATE" property="updateDate" jdbcType="TIMESTAMP" />
    <result column="INS_FEE_TYPE" property="insFeeType" jdbcType="VARCHAR" />
    <result column="FEE" property="fee" jdbcType="VARCHAR" />
    <result column="D0_FEE" property="d0Fee" jdbcType="VARCHAR" />
    <result column="CREATE_USER" property="createUser" jdbcType="VARCHAR" />
    <result column="UPDATE_USER" property="updateUser" jdbcType="VARCHAR" />
    <result column="FIX_FF" property="fixFee" jdbcType="DECIMAL" />
  </resultMap>
  
  <sql id="Base_Column_List" >
    INS_FEE_ID, INS_NO, CREATE_DATE, UPDATE_DATE, INS_FEE_TYPE, FEE, D0_FEE, CREATE_USER, 
    UPDATE_USER,FIX_FEE,D0_FIX_FEE
  </sql>
  
  <select id="selectByPrimaryKey" resultMap="BaseResultMap" parameterType="java.math.BigDecimal" >
    select 
    <include refid="Base_Column_List" />
    from INSTITUTION_FEE
    where INS_FEE_ID = #{insFeeId,jdbcType=DECIMAL}
  </select>
  <delete id="deleteByPrimaryKey" parameterType="java.math.BigDecimal" >
    delete from INSTITUTION_FEE
    where INS_FEE_ID = #{insFeeId,jdbcType=DECIMAL}
  </delete>
  
   <delete id="deleteByInsNo" parameterType="java.lang.String" >
    delete from INSTITUTION_FEE
    where INS_NO = #{insNo,jdbcType=VARCHAR}
  </delete>
 
  <insert id="insert" parameterType="com.uns.organization.modules.organization.entity.InstitutionFee" >
    insert into INSTITUTION_FEE (INS_FEE_ID, INS_NO, CREATE_DATE, 
      UPDATE_DATE, INS_FEE_TYPE, FEE, 
      D0_FEE, CREATE_USER, UPDATE_USER,FIX_FEE
      )
    values (SEQ_INSTITUTION_FEE_ID.NEXTVAL, #{insNo,jdbcType=VARCHAR}, #{createDate,jdbcType=TIMESTAMP}, 
      #{updateDate,jdbcType=TIMESTAMP}, #{insFeeType,jdbcType=VARCHAR}, #{fee,jdbcType=VARCHAR}, 
      #{d0Fee,jdbcType=VARCHAR}, #{createUser,jdbcType=VARCHAR}, #{updateUser,jdbcType=VARCHAR},#{fixFee,jdbcType=DECIMAL}
      )
  </insert>
  <insert id="insertSelective" parameterType="com.uns.organization.modules.organization.entity.InstitutionFee" >
    insert into INSTITUTION_FEE
    <selectKey resultType="java.math.BigDecimal" keyProperty="insFeeId" order="BEFORE">
    	select SEQ_INSTITUTION_FEE_ID.NEXTVAL from DUAL
    </selectKey>
    <trim prefix="(" suffix=")" suffixOverrides="," >
      <if test="insFeeId != null" >
        INS_FEE_ID,
      </if>
      <if test="insNo != null" >
        INS_NO,
      </if>
      <if test="createDate != null" >
        CREATE_DATE,
      </if>
      <if test="updateDate != null" >
        UPDATE_DATE,
      </if>
      <if test="insFeeType != null" >
        INS_FEE_TYPE,
      </if>
      <if test="fee != null" >
        FEE,
      </if>
      <if test="d0Fee != null" >
        D0_FEE,
      </if>
      <if test="createUser != null" >
        CREATE_USER,
      </if>
      <if test="updateUser != null" >
        UPDATE_USER,
      </if>
      <if test="fixFee != null" >
        FIX_FEE,
      </if>
      <if test="d0FixFee != null">
        D0_FIX_FEE
      </if>
    </trim>
    <trim prefix="values (" suffix=")" suffixOverrides="," >
      <if test="insFeeId != null" >
        #{insFeeId,jdbcType=DECIMAL},
      </if>
      <if test="insNo != null" >
        #{insNo,jdbcType=VARCHAR},
      </if>
      <if test="createDate != null" >
        #{createDate,jdbcType=TIMESTAMP},
      </if>
      <if test="updateDate != null" >
        #{updateDate,jdbcType=TIMESTAMP},
      </if>
      <if test="insFeeType != null" >
        #{insFeeType,jdbcType=VARCHAR},
      </if>
      <if test="fee != null" >
        #{fee,jdbcType=VARCHAR},
      </if>
      <if test="d0Fee != null" >
        #{d0Fee,jdbcType=VARCHAR},
      </if>
      <if test="createUser != null" >
        #{createUser,jdbcType=VARCHAR},
      </if>
      <if test="updateUser != null" >
        #{updateUser,jdbcType=VARCHAR},
      </if>
      <if test="fixFee != null" >
        #{fixFee,jdbcType=DECIMAL},
      </if>
      <if test="d0FixFee != null">
        #{d0FixFee,jdbcType=DECIMAL},
      </if>
    </trim>
  </insert>
 
  <update id="updateByPrimaryKeySelective" parameterType="com.uns.organization.modules.organization.entity.InstitutionFee" >
    update INSTITUTION_FEE
    <set >
      <if test="insNo != null" >
        INS_NO = #{insNo,jdbcType=VARCHAR},
      </if>
      <if test="createDate != null" >
        CREATE_DATE = #{createDate,jdbcType=TIMESTAMP},
      </if>
      <if test="updateDate != null" >
        UPDATE_DATE = #{updateDate,jdbcType=TIMESTAMP},
      </if>
      <if test="insFeeType != null" >
        INS_FEE_TYPE = #{insFeeType,jdbcType=VARCHAR},
      </if>
      <if test="fee != null" >
        FEE = #{fee,jdbcType=VARCHAR},
      </if>
      <if test="d0Fee != null" >
        D0_FEE = #{d0Fee,jdbcType=VARCHAR},
      </if>
      <if test="createUser != null" >
        CREATE_USER = #{createUser,jdbcType=VARCHAR},
      </if>
      <if test="updateUser != null" >
        UPDATE_USER = #{updateUser,jdbcType=VARCHAR},
      </if>
      <if test="fixFee != null" >
        FIX_FEE = #{fixFee,jdbcType=DECIMAL},
      </if>
    </set>
    where INS_FEE_ID = #{insFeeId,jdbcType=DECIMAL}
  </update>
  <update id="updateByPrimaryKey" parameterType="com.uns.organization.modules.organization.entity.InstitutionFee" >
    update INSTITUTION_FEE
    set INS_NO = #{insNo,jdbcType=VARCHAR},
      CREATE_DATE = #{createDate,jdbcType=TIMESTAMP},
      UPDATE_DATE = #{updateDate,jdbcType=TIMESTAMP},
      INS_FEE_TYPE = #{insFeeType,jdbcType=VARCHAR},
      FEE = #{fee,jdbcType=VARCHAR},
      D0_FEE = #{d0Fee,jdbcType=VARCHAR},
      CREATE_USER = #{createUser,jdbcType=VARCHAR},
      UPDATE_USER = #{updateUser,jdbcType=VARCHAR},
       FIX_FEE = #{fixFee,jdbcType=DECIMAL}
    where INS_FEE_ID = #{insFeeId,jdbcType=DECIMAL}
  </update>
  
  
  <select id="findInsFeeList" parameterType="java.lang.String" resultMap="BaseResultMap">
  	select 
    <include refid="Base_Column_List" />
    from INSTITUTION_FEE
    where INS_NO = #{insNo,jdbcType=VARCHAR}
    order by UPDATE_DATE desc
  </select>

  <select id="findInsCommissionType" parameterType="java.lang.String" resultType="com.uns.organization.modules.organization.entity.InsCommissionType">
    select icr.ins_no insNo,
       icr.cardtype cardType,
       icr.commission_rate commissionRate,
       icr.d0_commission_rate d0CommissionRate,
       icr.fixed_rate fixedRate,
       icr.d0_fixed_rate d0FixedRate
    from ins_commission_range icr
    where icr.ins_no = #{insNo,jdbcType=VARCHAR}
  </select>

  <delete id="deleteByComRange" parameterType="java.lang.String">
      delete from ins_commission_range icr where icr.ins_no = #{insNo,jdbcType=VARCHAR}
  </delete>
</mapper>