<?xml version="1.0" encoding="UTF-8" ?>
<!DOCTYPE mapper PUBLIC "-//mybatis.org//DTD Mapper 3.0//EN" "http://mybatis.org/dtd/mybatis-3-mapper.dtd" >
<mapper namespace="com.uns.organization.modules.organization.dao.InstitutionHisMapper" >
  <resultMap id="BaseResultMap" type="com.uns.organization.modules.organization.entity.InstitutionHis" >
    <result column="INS_ID" property="insId" jdbcType="DECIMAL" />
    <result column="INS_NO" property="insNo" jdbcType="VARCHAR" />
    <result column="INS_NAME" property="insName" jdbcType="VARCHAR" />
    <result column="INS_PUB_KEY" property="insPubKey" jdbcType="VARCHAR" />
    <result column="ACCOUNT_BANK_ID" property="accountBankId" jdbcType="DECIMAL" />
    <result column="CREATE_TIME" property="createTime" jdbcType="DATE" />
    <result column="UPDATE_TIME" property="updateTime" jdbcType="DATE" />
    <result column="BUSINESS_SWITCH" property="businessSwitch" jdbcType="VARCHAR" />
    <result column="SUPPORT_D0_SWITCH" property="supportD0Switch" jdbcType="VARCHAR" />
    <result column="ZFB_APP_ID" property="zfbAppId" jdbcType="VARCHAR" />
    <result column="ZFB_PUB_KEY" property="zfbPubKey" jdbcType="VARCHAR" />
    <result column="ZFB_PRI_KEY" property="zfbPriKey" jdbcType="VARCHAR" />
    <result column="WX_APP_ID" property="wxAppId" jdbcType="VARCHAR" />
    <result column="WX_APP_SECRET" property="wxAppSecret" jdbcType="VARCHAR" />
    <result column="INS_SHORT_NAME" property="insShortName" jdbcType="VARCHAR" />
    <result column="INS_TEL" property="insTel" jdbcType="VARCHAR" />
    <result column="INS_PROVINCE" property="insProvince" jdbcType="VARCHAR" />
    <result column="INS_PROVINCE_NAME" property="insProvinceName" jdbcType="VARCHAR" />
    <result column="INS_CITY" property="insCity" jdbcType="VARCHAR" />
    <result column="INS_CITY_NAME" property="insCityName" jdbcType="VARCHAR" />
    <result column="INS_SRELATION" property="insSrelation" jdbcType="VARCHAR" />
    <result column="INS_FAX" property="insFax" jdbcType="VARCHAR" />
    <result column="INS_EMAIL" property="insEmail" jdbcType="VARCHAR" />
    <result column="INS_ZIP" property="insZip" jdbcType="VARCHAR" />
    <result column="INS_ADDRESS" property="insAddress" jdbcType="VARCHAR" />
    <result column="INS_YNUM" property="insYnum" jdbcType="VARCHAR" />
    <result column="INS_BANK_CODE" property="insBankCode" jdbcType="VARCHAR" />
    <result column="INS_BANK_NAME" property="insBankName" jdbcType="VARCHAR" />
    <result column="INS_SUB_BANK_NAME" property="insSubBankName" jdbcType="VARCHAR" />
    <result column="INS_BANK_CLIENT_NAME" property="insBankClientName" jdbcType="VARCHAR" />
    <result column="INS_BANK_CARD_NO" property="insBankCardNo" jdbcType="VARCHAR" />
    <result column="YSBUSERID" property="ysbuserid" jdbcType="DECIMAL" />
    <result column="CASCUSTOMID" property="cascustomid" jdbcType="DECIMAL" />
    <result column="BUSINESS_TYPE" property="businessType" jdbcType="VARCHAR" />
    <result column="IDCARD_NO" property="idcardNo" jdbcType="VARCHAR" />
    <result column="OPEN_PROVINCE" property="openProvince" jdbcType="VARCHAR" />
    <result column="OPEN_CITY" property="openCity" jdbcType="VARCHAR" />
  </resultMap>
 
  <sql id="Base_Column_List" >
    INS_ID, INS_NO, INS_NAME, INS_PUB_KEY, ACCOUNT_BANK_ID, CREATE_TIME, UPDATE_TIME, 
    BUSINESS_SWITCH, SUPPORT_D0_SWITCH, ZFB_APP_ID, ZFB_PUB_KEY, ZFB_PRI_KEY, WX_APP_ID, 
    WX_APP_SECRET, INS_SHORT_NAME, INS_TEL, INS_PROVINCE, INS_PROVINCE_NAME, INS_CITY, 
    INS_CITY_NAME, INS_SRELATION, INS_FAX, INS_EMAIL, INS_ZIP, INS_ADDRESS, INS_YNUM, 
    INS_BANK_CODE, INS_BANK_NAME, INS_SUB_BANK_NAME, INS_BANK_CLIENT_NAME, INS_BANK_CARD_NO, 
    YSBUSERID, CASCUSTOMID,BUSINESS_TYPE,IDCARD_NO,OPEN_PROVINCE,OPEN_CITY
  </sql>
  
  
  <insert id="insert" parameterType="com.uns.organization.modules.organization.entity.InstitutionHis" >
    insert into INSTITUTION_HIS (INS_ID, INS_NO, INS_NAME, 
      INS_PUB_KEY, ACCOUNT_BANK_ID, CREATE_TIME, 
      UPDATE_TIME, BUSINESS_SWITCH, SUPPORT_D0_SWITCH, 
      ZFB_APP_ID, ZFB_PUB_KEY, ZFB_PRI_KEY, 
      WX_APP_ID, WX_APP_SECRET, INS_SHORT_NAME, 
      INS_TEL, INS_PROVINCE, INS_PROVINCE_NAME, 
      INS_CITY, INS_CITY_NAME, INS_SRELATION, 
      INS_FAX, INS_EMAIL, INS_ZIP, 
      INS_ADDRESS, INS_YNUM, INS_BANK_CODE, 
      INS_BANK_NAME, INS_SUB_BANK_NAME, INS_BANK_CLIENT_NAME, 
      INS_BANK_CARD_NO, YSBUSERID, CASCUSTOMID,BUSINESS_TYPE,
      IDCARD_NO,OPEN_PROVINCE,OPEN_CITY
      )
    values (#{insId,jdbcType=DECIMAL}, #{insNo,jdbcType=VARCHAR}, #{insName,jdbcType=VARCHAR}, 
      #{insPubKey,jdbcType=VARCHAR}, #{accountBankId,jdbcType=DECIMAL}, #{createTime,jdbcType=TIMESTAMP}, 
      #{updateTime,jdbcType=TIMESTAMP}, #{businessSwitch,jdbcType=VARCHAR}, #{supportD0Switch,jdbcType=VARCHAR}, 
      #{zfbAppId,jdbcType=VARCHAR}, #{zfbPubKey,jdbcType=VARCHAR}, #{zfbPriKey,jdbcType=VARCHAR}, 
      #{wxAppId,jdbcType=VARCHAR}, #{wxAppSecret,jdbcType=VARCHAR}, #{insShortName,jdbcType=VARCHAR}, 
      #{insTel,jdbcType=VARCHAR}, #{insProvince,jdbcType=VARCHAR}, #{insProvinceName,jdbcType=VARCHAR}, 
      #{insCity,jdbcType=VARCHAR}, #{insCityName,jdbcType=VARCHAR}, #{insSrelation,jdbcType=VARCHAR}, 
      #{insFax,jdbcType=VARCHAR}, #{insEmail,jdbcType=VARCHAR}, #{insZip,jdbcType=VARCHAR}, 
      #{insAddress,jdbcType=VARCHAR}, #{insYnum,jdbcType=VARCHAR}, #{insBankCode,jdbcType=VARCHAR}, 
      #{insBankName,jdbcType=VARCHAR}, #{insSubBankName,jdbcType=VARCHAR}, #{insBankClientName,jdbcType=VARCHAR}, 
      #{insBankCardNo,jdbcType=VARCHAR}, #{ysbuserid,jdbcType=DECIMAL}, #{cascustomid,jdbcType=DECIMAL}
     #{businessType,jdbcType=VARCHAR}, #{idcardNo,jdbcType=VARCHAR}, #{openProvince,jdbcType=VARCHAR}, #{openCity,jdbcType=VARCHAR})
  </insert>
  
  <!-- 通过id 查询 INSTITUTION 保存到历史表中-->
  <insert id="insertByInstitution" parameterType="java.lang.Long">
    insert into INSTITUTION_HIS (INS_ID, INS_NO, INS_NAME, 
      INS_PUB_KEY, ACCOUNT_BANK_ID, CREATE_TIME, 
      UPDATE_TIME, BUSINESS_SWITCH, SUPPORT_D0_SWITCH, 
      ZFB_APP_ID, ZFB_PUB_KEY, ZFB_PRI_KEY, 
      WX_APP_ID, WX_APP_SECRET, INS_SHORT_NAME, 
      INS_TEL, INS_PROVINCE, INS_PROVINCE_NAME, 
      INS_CITY, INS_CITY_NAME, INS_SRELATION, 
      INS_FAX, INS_EMAIL, INS_ZIP, 
      INS_ADDRESS, INS_YNUM, INS_BANK_CODE, 
      INS_BANK_NAME, INS_SUB_BANK_NAME, INS_BANK_CLIENT_NAME, 
      INS_BANK_CARD_NO, YSBUSERID, CASCUSTOMID,BUSINESS_TYPE,IDCARD_NO,OPEN_PROVINCE,OPEN_CITY,MER_SETTLE_CYCLE,MER_RATE_RANGE,COMMISSION_TYPE)
   	 select 
   	  INS_ID, INS_NO, INS_NAME, 
      INS_PUB_KEY, ACCOUNT_BANK_ID, CREATE_TIME, 
      UPDATE_TIME, BUSINESS_SWITCH, SUPPORT_D0_SWITCH, 
      ZFB_APP_ID, ZFB_PUB_KEY, ZFB_PRI_KEY, 
      WX_APP_ID, WX_APP_SECRET, INS_SHORT_NAME, 
      INS_TEL, INS_PROVINCE, INS_PROVINCE_NAME, 
      INS_CITY, INS_CITY_NAME, INS_SRELATION, 
      INS_FAX, INS_EMAIL, INS_ZIP, 
      INS_ADDRESS, INS_YNUM, INS_BANK_CODE, 
      INS_BANK_NAME, INS_SUB_BANK_NAME, INS_BANK_CLIENT_NAME, 
      INS_BANK_CARD_NO, YSBUSERID, CASCUSTOMID,BUSINESS_TYPE,
      IDCARD_NO,OPEN_PROVINCE,OPEN_CITY,MER_SETTLE_CYCLE,MER_RATE_RANGE,COMMISSION_TYPE
     from INSTITUTION
     where INS_ID = #{insId,jdbcType=DECIMAL}
  </insert>
  
  <insert id="insertSelective" parameterType="com.uns.organization.modules.organization.entity.InstitutionHis" >
    insert into INSTITUTION_HIS
    <trim prefix="(" suffix=")" suffixOverrides="," >
      <if test="insId != null" >
        INS_ID,
      </if>
      <if test="insNo != null" >
        INS_NO,
      </if>
      <if test="insName != null" >
        INS_NAME,
      </if>
      <if test="insPubKey != null" >
        INS_PUB_KEY,
      </if>
      <if test="accountBankId != null" >
        ACCOUNT_BANK_ID,
      </if>
      <if test="createTime != null" >
        CREATE_TIME,
      </if>
      <if test="updateTime != null" >
        UPDATE_TIME,
      </if>
      <if test="businessSwitch != null" >
        BUSINESS_SWITCH,
      </if>
      <if test="supportD0Switch != null" >
        SUPPORT_D0_SWITCH,
      </if>
      <if test="zfbAppId != null" >
        ZFB_APP_ID,
      </if>
      <if test="zfbPubKey != null" >
        ZFB_PUB_KEY,
      </if>
      <if test="zfbPriKey != null" >
        ZFB_PRI_KEY,
      </if>
      <if test="wxAppId != null" >
        WX_APP_ID,
      </if>
      <if test="wxAppSecret != null" >
        WX_APP_SECRET,
      </if>
      <if test="insShortName != null" >
        INS_SHORT_NAME,
      </if>
      <if test="insTel != null" >
        INS_TEL,
      </if>
      <if test="insProvince != null" >
        INS_PROVINCE,
      </if>
      <if test="insProvinceName != null" >
        INS_PROVINCE_NAME,
      </if>
      <if test="insCity != null" >
        INS_CITY,
      </if>
      <if test="insCityName != null" >
        INS_CITY_NAME,
      </if>
      <if test="insSrelation != null" >
        INS_SRELATION,
      </if>
      <if test="insFax != null" >
        INS_FAX,
      </if>
      <if test="insEmail != null" >
        INS_EMAIL,
      </if>
      <if test="insZip != null" >
        INS_ZIP,
      </if>
      <if test="insAddress != null" >
        INS_ADDRESS,
      </if>
      <if test="insYnum != null" >
        INS_YNUM,
      </if>
      <if test="insBankCode != null" >
        INS_BANK_CODE,
      </if>
      <if test="insBankName != null" >
        INS_BANK_NAME,
      </if>
      <if test="insSubBankName != null" >
        INS_SUB_BANK_NAME,
      </if>
      <if test="insBankClientName != null" >
        INS_BANK_CLIENT_NAME,
      </if>
      <if test="insBankCardNo != null" >
        INS_BANK_CARD_NO,
      </if>
      <if test="ysbuserid != null" >
        YSBUSERID,
      </if>
      <if test="cascustomid != null" >
        CASCUSTOMID,
      </if>
      <if test="businessType != null" >
        BUSINESS_TYPE,
      </if>
       <if test="idcardNo != null" >
        IDCARD_NO,
      </if>
       <if test="openProvince != null" >
        OPEN_PROVINCE,
      </if>
       <if test="openCity != null" >
        OPEN_CITY,
      </if>
    </trim>
    <trim prefix="values (" suffix=")" suffixOverrides="," >
      <if test="insId != null" >
        #{insId,jdbcType=DECIMAL},
      </if>
      <if test="insNo != null" >
        #{insNo,jdbcType=VARCHAR},
      </if>
      <if test="insName != null" >
        #{insName,jdbcType=VARCHAR},
      </if>
      <if test="insPubKey != null" >
        #{insPubKey,jdbcType=VARCHAR},
      </if>
      <if test="accountBankId != null" >
        #{accountBankId,jdbcType=DECIMAL},
      </if>
      <if test="createTime != null" >
        #{createTime,jdbcType=TIMESTAMP},
      </if>
      <if test="updateTime != null" >
        #{updateTime,jdbcType=TIMESTAMP},
      </if>
      <if test="businessSwitch != null" >
        #{businessSwitch,jdbcType=VARCHAR},
      </if>
      <if test="supportD0Switch != null" >
        #{supportD0Switch,jdbcType=VARCHAR},
      </if>
      <if test="zfbAppId != null" >
        #{zfbAppId,jdbcType=VARCHAR},
      </if>
      <if test="zfbPubKey != null" >
        #{zfbPubKey,jdbcType=VARCHAR},
      </if>
      <if test="zfbPriKey != null" >
        #{zfbPriKey,jdbcType=VARCHAR},
      </if>
      <if test="wxAppId != null" >
        #{wxAppId,jdbcType=VARCHAR},
      </if>
      <if test="wxAppSecret != null" >
        #{wxAppSecret,jdbcType=VARCHAR},
      </if>
      <if test="insShortName != null" >
        #{insShortName,jdbcType=VARCHAR},
      </if>
      <if test="insTel != null" >
        #{insTel,jdbcType=VARCHAR},
      </if>
      <if test="insProvince != null" >
        #{insProvince,jdbcType=VARCHAR},
      </if>
      <if test="insProvinceName != null" >
        #{insProvinceName,jdbcType=VARCHAR},
      </if>
      <if test="insCity != null" >
        #{insCity,jdbcType=VARCHAR},
      </if>
      <if test="insCityName != null" >
        #{insCityName,jdbcType=VARCHAR},
      </if>
      <if test="insSrelation != null" >
        #{insSrelation,jdbcType=VARCHAR},
      </if>
      <if test="insFax != null" >
        #{insFax,jdbcType=VARCHAR},
      </if>
      <if test="insEmail != null" >
        #{insEmail,jdbcType=VARCHAR},
      </if>
      <if test="insZip != null" >
        #{insZip,jdbcType=VARCHAR},
      </if>
      <if test="insAddress != null" >
        #{insAddress,jdbcType=VARCHAR},
      </if>
      <if test="insYnum != null" >
        #{insYnum,jdbcType=VARCHAR},
      </if>
      <if test="insBankCode != null" >
        #{insBankCode,jdbcType=VARCHAR},
      </if>
      <if test="insBankName != null" >
        #{insBankName,jdbcType=VARCHAR},
      </if>
      <if test="insSubBankName != null" >
        #{insSubBankName,jdbcType=VARCHAR},
      </if>
      <if test="insBankClientName != null" >
        #{insBankClientName,jdbcType=VARCHAR},
      </if>
      <if test="insBankCardNo != null" >
        #{insBankCardNo,jdbcType=VARCHAR},
      </if>
      <if test="ysbuserid != null" >
        #{ysbuserid,jdbcType=DECIMAL},
      </if>
      <if test="cascustomid != null" >
        #{cascustomid,jdbcType=DECIMAL},
      </if>
      <if test="businessType != null" >
        #{businessType,jdbcType=VARCHAR},
      </if>
      <if test="idcardNo != null" >
        #{idcardNo,jdbcType=VARCHAR},
      </if>
      <if test="openProvince != null" >
        #{openProvince,jdbcType=VARCHAR},
      </if>
      <if test="openCity != null" >
        #{openCity,jdbcType=VARCHAR},
      </if>
    </trim>
  </insert>
  
</mapper>