<?xml version="1.0" encoding="UTF-8"?>
<!DOCTYPE mapper PUBLIC "-//mybatis.org//DTD Mapper 3.0//EN" "http://mybatis.org/dtd/mybatis-3-mapper.dtd">
<mapper namespace="com.uns.organization.modules.organization.dao.MposPhotoTmpMapper">
  <resultMap id="BaseResultMap" type="com.uns.organization.modules.organization.entity.MposPhotoTmp">
    <id column="PHOTO_ID" jdbcType="DECIMAL" property="photoId" />
    <result column="FACE_IDCARD_PHOTO" jdbcType="VARCHAR" property="faceIdcardPhoto" />
    <result column="BACK_IDCARD_PHOTO" jdbcType="VARCHAR" property="backIdcardPhoto" />
    <result column="HAND_IDCARD_PHOTO" jdbcType="VARCHAR" property="handIdcardPhoto" />
    <result column="DEBIT_PHOTO" jdbcType="VARCHAR" property="debitPhoto" />
    <result column="LICENSE_PHOTO" jdbcType="VARCHAR" property="licensePhoto" />
    <result column="OPENPERMIT_PHOTO" jdbcType="VARCHAR" property="openpermitPhoto" />
    <result column="ID_CARD_NO" jdbcType="VARCHAR" property="idCardNo" />
    <result column="INS_NO" jdbcType="VARCHAR" property="insNo" />
  </resultMap>

  <sql id="Base_Column_List">
    PHOTO_ID, FACE_IDCARD_PHOTO, BACK_IDCARD_PHOTO, HAND_IDCARD_PHOTO, DEBIT_PHOTO, LICENSE_PHOTO, 
    OPENPERMIT_PHOTO, ID_CARD_NO, INS_NO
  </sql>
  <select id="selectByPrimaryKey" parameterType="java.math.BigDecimal" resultMap="BaseResultMap">
    select 
    <include refid="Base_Column_List" />
    from MPOS_PHOTO_TMP
    where PHOTO_ID = #{photoId,jdbcType=DECIMAL}
  </select>
  <select id="getUUID" resultType="java.lang.String">
    SELECT SYS_GUID() FROM DUAL
  </select>
  <delete id="deleteByPrimaryKey" parameterType="java.math.BigDecimal">
    delete from MPOS_PHOTO_TMP
    where PHOTO_ID = #{photoId,jdbcType=DECIMAL}
  </delete>
  <delete id="deleteByParam">
    delete from MPOS_PHOTO_TMP
    WHERE ID_CARD_NO = #{idCard,jdbcType=VARCHAR}
    and INS_NO = #{insNo,jdbcType=VARCHAR}
  </delete>
  <insert id="insert" parameterType="com.uns.organization.modules.organization.entity.MposPhotoTmp">
    insert into MPOS_PHOTO_TMP (PHOTO_ID, FACE_IDCARD_PHOTO, BACK_IDCARD_PHOTO, 
      HAND_IDCARD_PHOTO, DEBIT_PHOTO, LICENSE_PHOTO, 
      OPENPERMIT_PHOTO, ID_CARD_NO, INS_NO
      )
    values (#{photoId,jdbcType=DECIMAL}, #{faceIdcardPhoto,jdbcType=VARCHAR}, #{backIdcardPhoto,jdbcType=VARCHAR}, 
      #{handIdcardPhoto,jdbcType=VARCHAR}, #{debitPhoto,jdbcType=VARCHAR}, #{licensePhoto,jdbcType=VARCHAR}, 
      #{openpermitPhoto,jdbcType=VARCHAR}, #{idCardNo,jdbcType=VARCHAR}, #{insNo,jdbcType=VARCHAR}
      )
  </insert>
  <insert id="insertSelective" parameterType="com.uns.organization.modules.organization.entity.MposPhotoTmp">
    <selectKey resultType="Decimal" keyProperty="photoId" order="BEFORE">
      SELECT MPOS_PHOTO_TMP_SEQ.NEXTVAL FROM DUAL
    </selectKey>
    insert into MPOS_PHOTO_TMP
    <trim prefix="(" suffix=")" suffixOverrides=",">
      <if test="photoId != null">
        PHOTO_ID,
      </if>
      <if test="faceIdcardPhoto != null">
        FACE_IDCARD_PHOTO,
      </if>
      <if test="backIdcardPhoto != null">
        BACK_IDCARD_PHOTO,
      </if>
      <if test="handIdcardPhoto != null">
        HAND_IDCARD_PHOTO,
      </if>
      <if test="debitPhoto != null">
        DEBIT_PHOTO,
      </if>
      <if test="licensePhoto != null">
        LICENSE_PHOTO,
      </if>
      <if test="openpermitPhoto != null">
        OPENPERMIT_PHOTO,
      </if>
      <if test="idCardNo != null">
        ID_CARD_NO,
      </if>
      <if test="insNo != null">
        INS_NO,
      </if>
    </trim>
    <trim prefix="values (" suffix=")" suffixOverrides=",">
      <if test="photoId != null">
        #{photoId,jdbcType=DECIMAL},
      </if>
      <if test="faceIdcardPhoto != null">
        #{faceIdcardPhoto,jdbcType=VARCHAR},
      </if>
      <if test="backIdcardPhoto != null">
        #{backIdcardPhoto,jdbcType=VARCHAR},
      </if>
      <if test="handIdcardPhoto != null">
        #{handIdcardPhoto,jdbcType=VARCHAR},
      </if>
      <if test="debitPhoto != null">
        #{debitPhoto,jdbcType=VARCHAR},
      </if>
      <if test="licensePhoto != null">
        #{licensePhoto,jdbcType=VARCHAR},
      </if>
      <if test="openpermitPhoto != null">
        #{openpermitPhoto,jdbcType=VARCHAR},
      </if>
      <if test="idCardNo != null">
        #{idCardNo,jdbcType=VARCHAR},
      </if>
      <if test="insNo != null">
        #{insNo,jdbcType=VARCHAR},
      </if>
    </trim>
  </insert>
  <update id="updateByPrimaryKeySelective" parameterType="com.uns.organization.modules.organization.entity.MposPhotoTmp">
    update MPOS_PHOTO_TMP
    <set>
      <if test="faceIdcardPhoto != null">
        FACE_IDCARD_PHOTO = #{faceIdcardPhoto,jdbcType=VARCHAR},
      </if>
      <if test="backIdcardPhoto != null">
        BACK_IDCARD_PHOTO = #{backIdcardPhoto,jdbcType=VARCHAR},
      </if>
      <if test="handIdcardPhoto != null">
        HAND_IDCARD_PHOTO = #{handIdcardPhoto,jdbcType=VARCHAR},
      </if>
      <if test="debitPhoto != null">
        DEBIT_PHOTO = #{debitPhoto,jdbcType=VARCHAR},
      </if>
      <if test="licensePhoto != null">
        LICENSE_PHOTO = #{licensePhoto,jdbcType=VARCHAR},
      </if>
      <if test="openpermitPhoto != null">
        OPENPERMIT_PHOTO = #{openpermitPhoto,jdbcType=VARCHAR},
      </if>
      <if test="idCardNo != null">
        ID_CARD_NO = #{idCardNo,jdbcType=VARCHAR},
      </if>
      <if test="insNo != null">
        INS_NO = #{insNo,jdbcType=VARCHAR},
      </if>
    </set>
    where PHOTO_ID = #{photoId,jdbcType=DECIMAL}
  </update>
  <update id="updateByPrimaryKey" parameterType="com.uns.organization.modules.organization.entity.MposPhotoTmp">
    update MPOS_PHOTO_TMP
    set FACE_IDCARD_PHOTO = #{faceIdcardPhoto,jdbcType=VARCHAR},
      BACK_IDCARD_PHOTO = #{backIdcardPhoto,jdbcType=VARCHAR},
      HAND_IDCARD_PHOTO = #{handIdcardPhoto,jdbcType=VARCHAR},
      DEBIT_PHOTO = #{debitPhoto,jdbcType=VARCHAR},
      LICENSE_PHOTO = #{licensePhoto,jdbcType=VARCHAR},
      OPENPERMIT_PHOTO = #{openpermitPhoto,jdbcType=VARCHAR},
      ID_CARD_NO = #{idCardNo,jdbcType=VARCHAR},
      INS_NO = #{insNo,jdbcType=VARCHAR}
    where PHOTO_ID = #{photoId,jdbcType=DECIMAL}
  </update>
</mapper>