<?xml version="1.0" encoding="UTF-8" ?>
<!DOCTYPE mapper PUBLIC "-//mybatis.org//DTD Mapper 3.0//EN" "http://mybatis.org/dtd/mybatis-3-mapper.dtd" >
<mapper namespace="com.uns.organization.modules.organization.dao.PercentagMapper" >
  <resultMap id="BaseResultMap" type="com.uns.organization.modules.organization.entity.Percentag" >
  </resultMap>
  <!--  抽成查询列表分页-->
  <select id="findPercentagList" parameterType="com.uns.organization.modules.organization.entity.Percentag" 
  														resultType="com.uns.organization.modules.organization.entity.Percentag">
		select c.small_merch_no customerNo,
		          c.scompany, 
		          t.ins_no, 
		          i.ins_name, 
		          t.order_id, 
		          t.amount,   
		          c.ins_commission/100 percentag,       			
		          q.amount percentagAmount,
		          t.card_type, 
		          q.tran_time, 
		          q.tran_type 
		 from qr_code_trans_ext q
		    left join t_qr_code_trans t  on t.order_id = q.ori_orderid
		    left join customer c  			on c.customerid = t.customer_no
		    left join institution i  			on i.ins_no = t.ins_no
		 where q.tran_type = 4
		 <if test="customerNo !=null and customerNo!=''">
		 	and c.small_merch_no=#{customerNo}
		 </if>
		 <if test="scompany !=null and scompany !=''">
		 	and c.scompany=#{scompany}
		 </if>
		 <if test="insNo !=null and insNo !=''">
		 	and t.ins_no=#{insNo}
		 </if>
		  <if test="insName !=null and insName !=''">
		 	and i.ins_name=#{insName}
		 </if>
		 <if test="orderId !=null and orderId !=''">
		 	and t.order_id=#{orderId}
		 </if>
		 <if test="cardType !=null and cardType !=''">
		 	and t.card_type=#{cardType}
		 </if>
		 <if test="beginDate !=null and beginDate !=''">
		 	and q.tran_time<![CDATA[ >= ]]>replace(#{beginDate} || '000000','-','')
		 </if>
		 <if test="endDate !=null and endDate !=''">
		 	and q.tran_time<![CDATA[ <= ]]>replace(#{endDate} || '235959','-','')
		 </if>
  </select>
  
  <!--  抽成提现查询列表分页-->
  <select id="findPercentagTxList" parameterType="com.uns.organization.modules.organization.entity.PercentagTx" 
  														resultType="com.uns.organization.modules.organization.entity.PercentagTx">
	  select 	q.order_id 		batchNo, 
	  			q.tran_time		tranTime,
	         	q.ori_orderid		insNo, 	
	         	i.ins_name			insName, 
	         	q.tran_flag		tranFlag
	    from qr_code_trans_ext q
	left join institution i
	      	on i.ins_no = q.ori_orderid
	   where q.tran_type = 5
	 <if test="insNo !=null and insNo !=''">
	 	and q.ori_orderid=#{insNo}
	 </if>
	  <if test="insName !=null and insName !=''">
	 	and i.ins_name=#{insName}
	 </if>
	 <if test="batchNo !=null and batchNo !=''">
	 	and q.order_id=#{batchNo}
	 </if>
	 <if test="tranFlag !=null and tranFlag !=''">
	 	and q.tran_flag=#{tranFlag}
	 </if>
	 <if test="beginDate != null and beginDate !=''">
        and q.tran_time <![CDATA[ >= ]]>replace(#{beginDate} || '000000','-','')
	 </if>
     <if test="endDate!=null and endDate !=''">
        and q.tran_time <![CDATA[ <= ]]>replace(#{endDate} || '235959','-','')
     </if>
  </select>
    <!--抽成总金额-->
	<select id="findSumAmount" resultType="java.lang.String" parameterType="java.util.Map">

          select sum(q.amount) sumAmount
          from qr_code_trans_ext q
          left join t_qr_code_trans t
            on t.order_id = q.ori_orderid
          left join institution i
            on i.ins_no = t.ins_no
         where q.tran_type = 4
        <if test="insNo !=null and insNo !=''">
            and t.ins_no = #{insNo,jdbcType=VARCHAR}
        </if>
        <if test="transTime !=null and transTime !=''">
            and q.tran_time<![CDATA[ >= ]]> replace(#{transTime,jdbcType=VARCHAR} || '000000','-','')
        </if>
        <if test="transTime !=null and transTime !=''">
            and q.tran_time<![CDATA[ <= ]]> replace(#{transTime,jdbcType=VARCHAR} || '235959','-','')
        </if>
	</select>

</mapper>