<?xml version="1.0" encoding="UTF-8" ?>
<!DOCTYPE mapper PUBLIC "-//mybatis.org//DTD Mapper 3.0//EN" "http://mybatis.org/dtd/mybatis-3-mapper.dtd" >
<mapper namespace="com.uns.organization.modules.organization.dao.TQrCodeTransMapper" >
  <resultMap id="BaseResultMap" type="com.uns.organization.modules.organization.entity.TQrCodeTrans" >
    <id column="ID" property="id" jdbcType="DECIMAL" />
    <result column="PRO_VER" property="proVer" jdbcType="VARCHAR" />
    <result column="MSG_TYPE" property="msgType" jdbcType="VARCHAR" />
    <result column="ORDER_ID" property="orderId" jdbcType="VARCHAR" />
    <result column="PAY_WAY" property="payWay" jdbcType="VARCHAR" />
    <result column="ORDER_STATUS" property="orderStatus" jdbcType="VARCHAR" />
    <result column="TRACE_NO" property="traceNo" jdbcType="VARCHAR" />
    <result column="SUBJECT" property="subject" jdbcType="VARCHAR" />
    <result column="MERCHANT_CODE" property="merchantCode" jdbcType="VARCHAR" />
    <result column="SMZF_MSG_ID" property="smzfMsgId" jdbcType="VARCHAR" />
    <result column="QR_CODE" property="qrCode" jdbcType="VARCHAR" />
    <result column="FEE" property="fee" jdbcType="DECIMAL" />
    <result column="REQ_DATE" property="reqDate" jdbcType="VARCHAR" />
    <result column="TRAN_DATE" property="tranDate" jdbcType="VARCHAR" />
    <result column="BANK_DATE" property="bankDate" jdbcType="VARCHAR" />
    <result column="SMALL_MERCH_NO" property="smallMerchNo" jdbcType="VARCHAR" />
    <result column="CUSTOMER_NO" property="customerNo" jdbcType="VARCHAR" />
    <result column="COMMITION_ID" property="commitionId" jdbcType="VARCHAR" />
    <result column="AMOUNT" property="amount" jdbcType="DECIMAL" />
    <result column="D0_FLAG" property="d0Flag" jdbcType="VARCHAR" />
    <result column="SETTLE_DATE" property="settleDate" jdbcType="VARCHAR" />
    <result column="ORDER_DESC" property="orderDesc" jdbcType="VARCHAR" />
    <result column="OPERATOR_ID" property="operatorId" jdbcType="VARCHAR" />
    <result column="STORE_ID" property="storeId" jdbcType="VARCHAR" />
    <result column="TERMINAL_ID" property="terminalId" jdbcType="VARCHAR" />
    <result column="LIMIT_PAY" property="limitPay" jdbcType="VARCHAR" />
    <result column="RESP_TYPE" property="respType" jdbcType="CHAR" />
    <result column="RESP_CODE" property="respCode" jdbcType="CHAR" />
    <result column="RESP_MSG" property="respMsg" jdbcType="VARCHAR" />
    <result column="BUYER_PAYAMOUNT" property="buyerPayamount" jdbcType="DECIMAL" />
    <result column="POINT_AMOUNT" property="pointAmount" jdbcType="DECIMAL" />
    <result column="BUYER_ID" property="buyerId" jdbcType="VARCHAR" />
    <result column="BUYER_ACCOUNT" property="buyerAccount" jdbcType="VARCHAR" />
    <result column="ISCLEARORCANCEL" property="isclearorcancel" jdbcType="VARCHAR" />
    <result column="EXTEND1" property="extend1" jdbcType="VARCHAR" />
    <result column="EXTEND2" property="extend2" jdbcType="VARCHAR" />
    <result column="EXTEND3" property="extend3" jdbcType="VARCHAR" />
    <result column="ARRIVAL_AMOUNT" property="arrivalAmount" jdbcType="DECIMAL" />
    <result column="CHARGE_STATUS" property="chargeStatus" jdbcType="VARCHAR" />
    <result column="WITHDRAW_STATUS" property="withdrawStatus" jdbcType="VARCHAR" />
    <result column="D0_FEE" property="d0Fee" jdbcType="DECIMAL" />
    <result column="CARD_TYPE" property="cardType" jdbcType="DECIMAL" />
    <result column="BANK_ID" property="bankId" jdbcType="VARCHAR" />
    <result column="FEEVER" property="feever" jdbcType="VARCHAR" />
    <result column="TRAN_TYPE" property="tranType" jdbcType="VARCHAR" />
    <result column="BANK_CODE" property="bankCode" jdbcType="VARCHAR" />
    <result column="PAY_CARD_TYPE" property="payCardType" jdbcType="VARCHAR" />
    <result column="INS_NO" property="insNo" jdbcType="VARCHAR" />
    <result column="CALLBACK_URL" property="callbackUrl" jdbcType="VARCHAR" />
    <result column="SETTLE_KEY" property="settleKey" jdbcType="VARCHAR" />
    <result column="VOUCHER_NUM" property="voucherNum" jdbcType="VARCHAR" />
    <result column="WITH_DRAW_D0FLAG" property="withDrawD0flag" jdbcType="VARCHAR" />
    <result column="AUDIT_STATUS" property="auditStatus" jdbcType="DECIMAL" />
    <result column="MERCHANT_URL" property="merchantUrl" jdbcType="VARCHAR" />
    <result column="minusamount" property="minusamount" jdbcType="VARCHAR" />
    <result column="cardtypestr" property="cardtypestr" jdbcType="VARCHAR" />
    <result column="qamountstr" property="qamountstr" jdbcType="VARCHAR" />
    <result column="RATE" property="rate" jdbcType="DECIMAL"/>
      <result column="SUMAMOUNT" jdbcType="DECIMAL" />
      <result column="amountstr" property="amountstr" jdbcType="VARCHAR" />
  </resultMap>
  
  <sql id="Base_Column_List" >
    ID, PRO_VER, MSG_TYPE, ORDER_ID, PAY_WAY, ORDER_STATUS, TRACE_NO, SUBJECT, MERCHANT_CODE, 
    SMZF_MSG_ID, QR_CODE, FEE, REQ_DATE, TRAN_DATE, BANK_DATE, SMALL_MERCH_NO, CUSTOMER_NO, 
    COMMITION_ID, AMOUNT, D0_FLAG, SETTLE_DATE, ORDER_DESC, OPERATOR_ID, STORE_ID, TERMINAL_ID, 
    LIMIT_PAY, RESP_TYPE, RESP_CODE, RESP_MSG, BUYER_PAYAMOUNT, POINT_AMOUNT, BUYER_ID, 
    BUYER_ACCOUNT, ISCLEARORCANCEL, EXTEND1, EXTEND2, EXTEND3, ARRIVAL_AMOUNT, CHARGE_STATUS, 
    WITHDRAW_STATUS, D0_FEE, CARD_TYPE, BANK_ID, FEEVER, TRAN_TYPE, BANK_CODE, PAY_CARD_TYPE, 
    INS_NO, CALLBACK_URL, SETTLE_KEY, VOUCHER_NUM, WITH_DRAW_D0FLAG, AUDIT_STATUS, MERCHANT_URL
  </sql>
  
  <select id="selectByPrimaryKey" resultMap="BaseResultMap" parameterType="java.lang.Long" >
    select 
    <include refid="Base_Column_List" />
    from T_QR_CODE_TRANS
    where ID = #{id,jdbcType=DECIMAL}
  </select>
  <delete id="deleteByPrimaryKey" parameterType="java.lang.Long" >
    delete from T_QR_CODE_TRANS
    where ID = #{id,jdbcType=DECIMAL}
  </delete>
  
  <insert id="insert" parameterType="com.uns.organization.modules.organization.entity.TQrCodeTrans" >
    insert into T_QR_CODE_TRANS (ID, PRO_VER, MSG_TYPE, 
      ORDER_ID, PAY_WAY, ORDER_STATUS, 
      TRACE_NO, SUBJECT, MERCHANT_CODE, 
      SMZF_MSG_ID, QR_CODE, FEE, 
      REQ_DATE, TRAN_DATE, BANK_DATE, 
      SMALL_MERCH_NO, CUSTOMER_NO, COMMITION_ID, 
      AMOUNT, D0_FLAG, SETTLE_DATE, 
      ORDER_DESC, OPERATOR_ID, STORE_ID, 
      TERMINAL_ID, LIMIT_PAY, RESP_TYPE, 
      RESP_CODE, RESP_MSG, BUYER_PAYAMOUNT, 
      POINT_AMOUNT, BUYER_ID, BUYER_ACCOUNT, 
      ISCLEARORCANCEL, EXTEND1, EXTEND2, 
      EXTEND3, ARRIVAL_AMOUNT, CHARGE_STATUS, 
      WITHDRAW_STATUS, D0_FEE, CARD_TYPE, 
      BANK_ID, FEEVER, TRAN_TYPE, 
      BANK_CODE, PAY_CARD_TYPE, INS_NO, 
      CALLBACK_URL, SETTLE_KEY, VOUCHER_NUM, 
      WITH_DRAW_D0FLAG, AUDIT_STATUS, MERCHANT_URL
      )
    values (#{id,jdbcType=DECIMAL}, #{proVer,jdbcType=VARCHAR}, #{msgType,jdbcType=VARCHAR}, 
      #{orderId,jdbcType=VARCHAR}, #{payWay,jdbcType=VARCHAR}, #{orderStatus,jdbcType=VARCHAR}, 
      #{traceNo,jdbcType=VARCHAR}, #{subject,jdbcType=VARCHAR}, #{merchantCode,jdbcType=VARCHAR}, 
      #{smzfMsgId,jdbcType=VARCHAR}, #{qrCode,jdbcType=VARCHAR}, #{fee,jdbcType=DECIMAL}, 
      #{reqDate,jdbcType=VARCHAR}, #{tranDate,jdbcType=VARCHAR}, #{bankDate,jdbcType=VARCHAR}, 
      #{smallMerchNo,jdbcType=VARCHAR}, #{customerNo,jdbcType=VARCHAR}, #{commitionId,jdbcType=VARCHAR}, 
      #{amount,jdbcType=DECIMAL}, #{d0Flag,jdbcType=VARCHAR}, #{settleDate,jdbcType=VARCHAR}, 
      #{orderDesc,jdbcType=VARCHAR}, #{operatorId,jdbcType=VARCHAR}, #{storeId,jdbcType=VARCHAR}, 
      #{terminalId,jdbcType=VARCHAR}, #{limitPay,jdbcType=VARCHAR}, #{respType,jdbcType=CHAR}, 
      #{respCode,jdbcType=CHAR}, #{respMsg,jdbcType=VARCHAR}, #{buyerPayamount,jdbcType=DECIMAL}, 
      #{pointAmount,jdbcType=DECIMAL}, #{buyerId,jdbcType=VARCHAR}, #{buyerAccount,jdbcType=VARCHAR}, 
      #{isclearorcancel,jdbcType=VARCHAR}, #{extend1,jdbcType=VARCHAR}, #{extend2,jdbcType=VARCHAR}, 
      #{extend3,jdbcType=VARCHAR}, #{arrivalAmount,jdbcType=DECIMAL}, #{chargeStatus,jdbcType=VARCHAR}, 
      #{withdrawStatus,jdbcType=VARCHAR}, #{d0Fee,jdbcType=DECIMAL}, #{cardType,jdbcType=DECIMAL}, 
      #{bankId,jdbcType=VARCHAR}, #{feever,jdbcType=VARCHAR}, #{tranType,jdbcType=VARCHAR}, 
      #{bankCode,jdbcType=VARCHAR}, #{payCardType,jdbcType=VARCHAR}, #{insNo,jdbcType=VARCHAR}, 
      #{callbackUrl,jdbcType=VARCHAR}, #{settleKey,jdbcType=VARCHAR}, #{voucherNum,jdbcType=VARCHAR}, 
      #{withDrawD0flag,jdbcType=VARCHAR}, #{auditStatus,jdbcType=DECIMAL}, #{merchantUrl,jdbcType=VARCHAR}
      )
  </insert>
  <insert id="insertSelective" parameterType="com.uns.organization.modules.organization.entity.TQrCodeTrans" >
    insert into T_QR_CODE_TRANS
    <trim prefix="(" suffix=")" suffixOverrides="," >
      <if test="id != null" >
        ID,
      </if>
      <if test="proVer != null" >
        PRO_VER,
      </if>
      <if test="msgType != null" >
        MSG_TYPE,
      </if>
      <if test="orderId != null" >
        ORDER_ID,
      </if>
      <if test="payWay != null" >
        PAY_WAY,
      </if>
      <if test="orderStatus != null" >
        ORDER_STATUS,
      </if>
      <if test="traceNo != null" >
        TRACE_NO,
      </if>
      <if test="subject != null" >
        SUBJECT,
      </if>
      <if test="merchantCode != null" >
        MERCHANT_CODE,
      </if>
      <if test="smzfMsgId != null" >
        SMZF_MSG_ID,
      </if>
      <if test="qrCode != null" >
        QR_CODE,
      </if>
      <if test="fee != null" >
        FEE,
      </if>
      <if test="reqDate != null" >
        REQ_DATE,
      </if>
      <if test="tranDate != null" >
        TRAN_DATE,
      </if>
      <if test="bankDate != null" >
        BANK_DATE,
      </if>
      <if test="smallMerchNo != null" >
        SMALL_MERCH_NO,
      </if>
      <if test="customerNo != null" >
        CUSTOMER_NO,
      </if>
      <if test="commitionId != null" >
        COMMITION_ID,
      </if>
      <if test="amount != null" >
        AMOUNT,
      </if>
      <if test="d0Flag != null" >
        D0_FLAG,
      </if>
      <if test="settleDate != null" >
        SETTLE_DATE,
      </if>
      <if test="orderDesc != null" >
        ORDER_DESC,
      </if>
      <if test="operatorId != null" >
        OPERATOR_ID,
      </if>
      <if test="storeId != null" >
        STORE_ID,
      </if>
      <if test="terminalId != null" >
        TERMINAL_ID,
      </if>
      <if test="limitPay != null" >
        LIMIT_PAY,
      </if>
      <if test="respType != null" >
        RESP_TYPE,
      </if>
      <if test="respCode != null" >
        RESP_CODE,
      </if>
      <if test="respMsg != null" >
        RESP_MSG,
      </if>
      <if test="buyerPayamount != null" >
        BUYER_PAYAMOUNT,
      </if>
      <if test="pointAmount != null" >
        POINT_AMOUNT,
      </if>
      <if test="buyerId != null" >
        BUYER_ID,
      </if>
      <if test="buyerAccount != null" >
        BUYER_ACCOUNT,
      </if>
      <if test="isclearorcancel != null" >
        ISCLEARORCANCEL,
      </if>
      <if test="extend1 != null" >
        EXTEND1,
      </if>
      <if test="extend2 != null" >
        EXTEND2,
      </if>
      <if test="extend3 != null" >
        EXTEND3,
      </if>
      <if test="arrivalAmount != null" >
        ARRIVAL_AMOUNT,
      </if>
      <if test="chargeStatus != null" >
        CHARGE_STATUS,
      </if>
      <if test="withdrawStatus != null" >
        WITHDRAW_STATUS,
      </if>
      <if test="d0Fee != null" >
        D0_FEE,
      </if>
      <if test="cardType != null" >
        CARD_TYPE,
      </if>
      <if test="bankId != null" >
        BANK_ID,
      </if>
      <if test="feever != null" >
        FEEVER,
      </if>
      <if test="tranType != null" >
        TRAN_TYPE,
      </if>
      <if test="bankCode != null" >
        BANK_CODE,
      </if>
      <if test="payCardType != null" >
        PAY_CARD_TYPE,
      </if>
      <if test="insNo != null" >
        INS_NO,
      </if>
      <if test="callbackUrl != null" >
        CALLBACK_URL,
      </if>
      <if test="settleKey != null" >
        SETTLE_KEY,
      </if>
      <if test="voucherNum != null" >
        VOUCHER_NUM,
      </if>
      <if test="withDrawD0flag != null" >
        WITH_DRAW_D0FLAG,
      </if>
      <if test="auditStatus != null" >
        AUDIT_STATUS,
      </if>
      <if test="merchantUrl != null" >
        MERCHANT_URL,
      </if>
    </trim>
    <trim prefix="values (" suffix=")" suffixOverrides="," >
      <if test="id != null" >
        #{id,jdbcType=DECIMAL},
      </if>
      <if test="proVer != null" >
        #{proVer,jdbcType=VARCHAR},
      </if>
      <if test="msgType != null" >
        #{msgType,jdbcType=VARCHAR},
      </if>
      <if test="orderId != null" >
        #{orderId,jdbcType=VARCHAR},
      </if>
      <if test="payWay != null" >
        #{payWay,jdbcType=VARCHAR},
      </if>
      <if test="orderStatus != null" >
        #{orderStatus,jdbcType=VARCHAR},
      </if>
      <if test="traceNo != null" >
        #{traceNo,jdbcType=VARCHAR},
      </if>
      <if test="subject != null" >
        #{subject,jdbcType=VARCHAR},
      </if>
      <if test="merchantCode != null" >
        #{merchantCode,jdbcType=VARCHAR},
      </if>
      <if test="smzfMsgId != null" >
        #{smzfMsgId,jdbcType=VARCHAR},
      </if>
      <if test="qrCode != null" >
        #{qrCode,jdbcType=VARCHAR},
      </if>
      <if test="fee != null" >
        #{fee,jdbcType=DECIMAL},
      </if>
      <if test="reqDate != null" >
        #{reqDate,jdbcType=VARCHAR},
      </if>
      <if test="tranDate != null" >
        #{tranDate,jdbcType=VARCHAR},
      </if>
      <if test="bankDate != null" >
        #{bankDate,jdbcType=VARCHAR},
      </if>
      <if test="smallMerchNo != null" >
        #{smallMerchNo,jdbcType=VARCHAR},
      </if>
      <if test="customerNo != null" >
        #{customerNo,jdbcType=VARCHAR},
      </if>
      <if test="commitionId != null" >
        #{commitionId,jdbcType=VARCHAR},
      </if>
      <if test="amount != null" >
        #{amount,jdbcType=DECIMAL},
      </if>
      <if test="d0Flag != null" >
        #{d0Flag,jdbcType=VARCHAR},
      </if>
      <if test="settleDate != null" >
        #{settleDate,jdbcType=VARCHAR},
      </if>
      <if test="orderDesc != null" >
        #{orderDesc,jdbcType=VARCHAR},
      </if>
      <if test="operatorId != null" >
        #{operatorId,jdbcType=VARCHAR},
      </if>
      <if test="storeId != null" >
        #{storeId,jdbcType=VARCHAR},
      </if>
      <if test="terminalId != null" >
        #{terminalId,jdbcType=VARCHAR},
      </if>
      <if test="limitPay != null" >
        #{limitPay,jdbcType=VARCHAR},
      </if>
      <if test="respType != null" >
        #{respType,jdbcType=CHAR},
      </if>
      <if test="respCode != null" >
        #{respCode,jdbcType=CHAR},
      </if>
      <if test="respMsg != null" >
        #{respMsg,jdbcType=VARCHAR},
      </if>
      <if test="buyerPayamount != null" >
        #{buyerPayamount,jdbcType=DECIMAL},
      </if>
      <if test="pointAmount != null" >
        #{pointAmount,jdbcType=DECIMAL},
      </if>
      <if test="buyerId != null" >
        #{buyerId,jdbcType=VARCHAR},
      </if>
      <if test="buyerAccount != null" >
        #{buyerAccount,jdbcType=VARCHAR},
      </if>
      <if test="isclearorcancel != null" >
        #{isclearorcancel,jdbcType=VARCHAR},
      </if>
      <if test="extend1 != null" >
        #{extend1,jdbcType=VARCHAR},
      </if>
      <if test="extend2 != null" >
        #{extend2,jdbcType=VARCHAR},
      </if>
      <if test="extend3 != null" >
        #{extend3,jdbcType=VARCHAR},
      </if>
      <if test="arrivalAmount != null" >
        #{arrivalAmount,jdbcType=DECIMAL},
      </if>
      <if test="chargeStatus != null" >
        #{chargeStatus,jdbcType=VARCHAR},
      </if>
      <if test="withdrawStatus != null" >
        #{withdrawStatus,jdbcType=VARCHAR},
      </if>
      <if test="d0Fee != null" >
        #{d0Fee,jdbcType=DECIMAL},
      </if>
      <if test="cardType != null" >
        #{cardType,jdbcType=DECIMAL},
      </if>
      <if test="bankId != null" >
        #{bankId,jdbcType=VARCHAR},
      </if>
      <if test="feever != null" >
        #{feever,jdbcType=VARCHAR},
      </if>
      <if test="tranType != null" >
        #{tranType,jdbcType=VARCHAR},
      </if>
      <if test="bankCode != null" >
        #{bankCode,jdbcType=VARCHAR},
      </if>
      <if test="payCardType != null" >
        #{payCardType,jdbcType=VARCHAR},
      </if>
      <if test="insNo != null" >
        #{insNo,jdbcType=VARCHAR},
      </if>
      <if test="callbackUrl != null" >
        #{callbackUrl,jdbcType=VARCHAR},
      </if>
      <if test="settleKey != null" >
        #{settleKey,jdbcType=VARCHAR},
      </if>
      <if test="voucherNum != null" >
        #{voucherNum,jdbcType=VARCHAR},
      </if>
      <if test="withDrawD0flag != null" >
        #{withDrawD0flag,jdbcType=VARCHAR},
      </if>
      <if test="auditStatus != null" >
        #{auditStatus,jdbcType=DECIMAL},
      </if>
      <if test="merchantUrl != null" >
        #{merchantUrl,jdbcType=VARCHAR},
      </if>
    </trim>
  </insert>
  
 
 
  <update id="updateByPrimaryKeySelective" parameterType="com.uns.organization.modules.organization.entity.TQrCodeTrans" >
    update T_QR_CODE_TRANS
    <set >
      <if test="proVer != null" >
        PRO_VER = #{proVer,jdbcType=VARCHAR},
      </if>
      <if test="msgType != null" >
        MSG_TYPE = #{msgType,jdbcType=VARCHAR},
      </if>
      <if test="orderId != null" >
        ORDER_ID = #{orderId,jdbcType=VARCHAR},
      </if>
      <if test="payWay != null" >
        PAY_WAY = #{payWay,jdbcType=VARCHAR},
      </if>
      <if test="orderStatus != null" >
        ORDER_STATUS = #{orderStatus,jdbcType=VARCHAR},
      </if>
      <if test="traceNo != null" >
        TRACE_NO = #{traceNo,jdbcType=VARCHAR},
      </if>
      <if test="subject != null" >
        SUBJECT = #{subject,jdbcType=VARCHAR},
      </if>
      <if test="merchantCode != null" >
        MERCHANT_CODE = #{merchantCode,jdbcType=VARCHAR},
      </if>
      <if test="smzfMsgId != null" >
        SMZF_MSG_ID = #{smzfMsgId,jdbcType=VARCHAR},
      </if>
      <if test="qrCode != null" >
        QR_CODE = #{qrCode,jdbcType=VARCHAR},
      </if>
      <if test="fee != null" >
        FEE = #{fee,jdbcType=DECIMAL},
      </if>
      <if test="reqDate != null" >
        REQ_DATE = #{reqDate,jdbcType=VARCHAR},
      </if>
      <if test="tranDate != null" >
        TRAN_DATE = #{tranDate,jdbcType=VARCHAR},
      </if>
      <if test="bankDate != null" >
        BANK_DATE = #{bankDate,jdbcType=VARCHAR},
      </if>
      <if test="smallMerchNo != null" >
        SMALL_MERCH_NO = #{smallMerchNo,jdbcType=VARCHAR},
      </if>
      <if test="customerNo != null" >
        CUSTOMER_NO = #{customerNo,jdbcType=VARCHAR},
      </if>
      <if test="commitionId != null" >
        COMMITION_ID = #{commitionId,jdbcType=VARCHAR},
      </if>
      <if test="amount != null" >
        AMOUNT = #{amount,jdbcType=DECIMAL},
      </if>
      <if test="d0Flag != null" >
        D0_FLAG = #{d0Flag,jdbcType=VARCHAR},
      </if>
      <if test="settleDate != null" >
        SETTLE_DATE = #{settleDate,jdbcType=VARCHAR},
      </if>
      <if test="orderDesc != null" >
        ORDER_DESC = #{orderDesc,jdbcType=VARCHAR},
      </if>
      <if test="operatorId != null" >
        OPERATOR_ID = #{operatorId,jdbcType=VARCHAR},
      </if>
      <if test="storeId != null" >
        STORE_ID = #{storeId,jdbcType=VARCHAR},
      </if>
      <if test="terminalId != null" >
        TERMINAL_ID = #{terminalId,jdbcType=VARCHAR},
      </if>
      <if test="limitPay != null" >
        LIMIT_PAY = #{limitPay,jdbcType=VARCHAR},
      </if>
      <if test="respType != null" >
        RESP_TYPE = #{respType,jdbcType=CHAR},
      </if>
      <if test="respCode != null" >
        RESP_CODE = #{respCode,jdbcType=CHAR},
      </if>
      <if test="respMsg != null" >
        RESP_MSG = #{respMsg,jdbcType=VARCHAR},
      </if>
      <if test="buyerPayamount != null" >
        BUYER_PAYAMOUNT = #{buyerPayamount,jdbcType=DECIMAL},
      </if>
      <if test="pointAmount != null" >
        POINT_AMOUNT = #{pointAmount,jdbcType=DECIMAL},
      </if>
      <if test="buyerId != null" >
        BUYER_ID = #{buyerId,jdbcType=VARCHAR},
      </if>
      <if test="buyerAccount != null" >
        BUYER_ACCOUNT = #{buyerAccount,jdbcType=VARCHAR},
      </if>
      <if test="isclearorcancel != null" >
        ISCLEARORCANCEL = #{isclearorcancel,jdbcType=VARCHAR},
      </if>
      <if test="extend1 != null" >
        EXTEND1 = #{extend1,jdbcType=VARCHAR},
      </if>
      <if test="extend2 != null" >
        EXTEND2 = #{extend2,jdbcType=VARCHAR},
      </if>
      <if test="extend3 != null" >
        EXTEND3 = #{extend3,jdbcType=VARCHAR},
      </if>
      <if test="arrivalAmount != null" >
        ARRIVAL_AMOUNT = #{arrivalAmount,jdbcType=DECIMAL},
      </if>
      <if test="chargeStatus != null" >
        CHARGE_STATUS = #{chargeStatus,jdbcType=VARCHAR},
      </if>
      <if test="withdrawStatus != null" >
        WITHDRAW_STATUS = #{withdrawStatus,jdbcType=VARCHAR},
      </if>
      <if test="d0Fee != null" >
        D0_FEE = #{d0Fee,jdbcType=DECIMAL},
      </if>
      <if test="cardType != null" >
        CARD_TYPE = #{cardType,jdbcType=DECIMAL},
      </if>
      <if test="bankId != null" >
        BANK_ID = #{bankId,jdbcType=VARCHAR},
      </if>
      <if test="feever != null" >
        FEEVER = #{feever,jdbcType=VARCHAR},
      </if>
      <if test="tranType != null" >
        TRAN_TYPE = #{tranType,jdbcType=VARCHAR},
      </if>
      <if test="bankCode != null" >
        BANK_CODE = #{bankCode,jdbcType=VARCHAR},
      </if>
      <if test="payCardType != null" >
        PAY_CARD_TYPE = #{payCardType,jdbcType=VARCHAR},
      </if>
      <if test="insNo != null" >
        INS_NO = #{insNo,jdbcType=VARCHAR},
      </if>
      <if test="callbackUrl != null" >
        CALLBACK_URL = #{callbackUrl,jdbcType=VARCHAR},
      </if>
      <if test="settleKey != null" >
        SETTLE_KEY = #{settleKey,jdbcType=VARCHAR},
      </if>
      <if test="voucherNum != null" >
        VOUCHER_NUM = #{voucherNum,jdbcType=VARCHAR},
      </if>
      <if test="withDrawD0flag != null" >
        WITH_DRAW_D0FLAG = #{withDrawD0flag,jdbcType=VARCHAR},
      </if>
      <if test="auditStatus != null" >
        AUDIT_STATUS = #{auditStatus,jdbcType=DECIMAL},
      </if>
      <if test="merchantUrl != null" >
        MERCHANT_URL = #{merchantUrl,jdbcType=VARCHAR},
      </if>
    </set>
    where ID = #{id,jdbcType=DECIMAL}
  </update>
  <update id="updateByPrimaryKey" parameterType="com.uns.organization.modules.organization.entity.TQrCodeTrans" >
    update T_QR_CODE_TRANS
    set PRO_VER = #{proVer,jdbcType=VARCHAR},
      MSG_TYPE = #{msgType,jdbcType=VARCHAR},
      ORDER_ID = #{orderId,jdbcType=VARCHAR},
      PAY_WAY = #{payWay,jdbcType=VARCHAR},
      ORDER_STATUS = #{orderStatus,jdbcType=VARCHAR},
      TRACE_NO = #{traceNo,jdbcType=VARCHAR},
      SUBJECT = #{subject,jdbcType=VARCHAR},
      MERCHANT_CODE = #{merchantCode,jdbcType=VARCHAR},
      SMZF_MSG_ID = #{smzfMsgId,jdbcType=VARCHAR},
      QR_CODE = #{qrCode,jdbcType=VARCHAR},
      FEE = #{fee,jdbcType=DECIMAL},
      REQ_DATE = #{reqDate,jdbcType=VARCHAR},
      TRAN_DATE = #{tranDate,jdbcType=VARCHAR},
      BANK_DATE = #{bankDate,jdbcType=VARCHAR},
      SMALL_MERCH_NO = #{smallMerchNo,jdbcType=VARCHAR},
      CUSTOMER_NO = #{customerNo,jdbcType=VARCHAR},
      COMMITION_ID = #{commitionId,jdbcType=VARCHAR},
      AMOUNT = #{amount,jdbcType=DECIMAL},
      D0_FLAG = #{d0Flag,jdbcType=VARCHAR},
      SETTLE_DATE = #{settleDate,jdbcType=VARCHAR},
      ORDER_DESC = #{orderDesc,jdbcType=VARCHAR},
      OPERATOR_ID = #{operatorId,jdbcType=VARCHAR},
      STORE_ID = #{storeId,jdbcType=VARCHAR},
      TERMINAL_ID = #{terminalId,jdbcType=VARCHAR},
      LIMIT_PAY = #{limitPay,jdbcType=VARCHAR},
      RESP_TYPE = #{respType,jdbcType=CHAR},
      RESP_CODE = #{respCode,jdbcType=CHAR},
      RESP_MSG = #{respMsg,jdbcType=VARCHAR},
      BUYER_PAYAMOUNT = #{buyerPayamount,jdbcType=DECIMAL},
      POINT_AMOUNT = #{pointAmount,jdbcType=DECIMAL},
      BUYER_ID = #{buyerId,jdbcType=VARCHAR},
      BUYER_ACCOUNT = #{buyerAccount,jdbcType=VARCHAR},
      ISCLEARORCANCEL = #{isclearorcancel,jdbcType=VARCHAR},
      EXTEND1 = #{extend1,jdbcType=VARCHAR},
      EXTEND2 = #{extend2,jdbcType=VARCHAR},
      EXTEND3 = #{extend3,jdbcType=VARCHAR},
      ARRIVAL_AMOUNT = #{arrivalAmount,jdbcType=DECIMAL},
      CHARGE_STATUS = #{chargeStatus,jdbcType=VARCHAR},
      WITHDRAW_STATUS = #{withdrawStatus,jdbcType=VARCHAR},
      D0_FEE = #{d0Fee,jdbcType=DECIMAL},
      CARD_TYPE = #{cardType,jdbcType=DECIMAL},
      BANK_ID = #{bankId,jdbcType=VARCHAR},
      FEEVER = #{feever,jdbcType=VARCHAR},
      TRAN_TYPE = #{tranType,jdbcType=VARCHAR},
      BANK_CODE = #{bankCode,jdbcType=VARCHAR},
      PAY_CARD_TYPE = #{payCardType,jdbcType=VARCHAR},
      INS_NO = #{insNo,jdbcType=VARCHAR},
      CALLBACK_URL = #{callbackUrl,jdbcType=VARCHAR},
      SETTLE_KEY = #{settleKey,jdbcType=VARCHAR},
      VOUCHER_NUM = #{voucherNum,jdbcType=VARCHAR},
      WITH_DRAW_D0FLAG = #{withDrawD0flag,jdbcType=VARCHAR},
      AUDIT_STATUS = #{auditStatus,jdbcType=DECIMAL},
      MERCHANT_URL = #{merchantUrl,jdbcType=VARCHAR}
    where ID = #{id,jdbcType=DECIMAL}
  </update>
  
      <!-- 通过条件查询交易列表 -->
  <select id="findTransList" parameterType="com.uns.organization.modules.organization.web.form.TransForm" resultMap="BaseResultMap">
  	select 
  	t.collect_way,
  	t.pay_way,
    t.ORDER_ID, 
    t.FEE, 
    t.SMALL_MERCH_NO, 
    t.CUSTOMER_NO, 
    t.AMOUNT, 
    t.D0_FLAG, 
    t.ARRIVAL_AMOUNT,
    t.CARD_TYPE, 
    t.INS_NO, 
    c.scompany as customername, 
    q.order_id as qorderid, 
    q.tran_flag as qtranflag, 
    ins.ins_name as insName,
    q.amount as qamount,
    to_char(nvl(t.fee,0)+nvl(t.profit_fee,0),'fm9999999990.00') as minusamount,
    to_date(q.tran_time,'yyyyMMddhh24miss') as qtrantime, 
    to_date(t.TRAN_DATE,'yyyyMMddhh24miss') as TRAN_DATE
  	from T_QR_CODE_TRANS t
  	left join customer c
  	on t.customer_no=c.customerid
  	left join QR_CODE_TRANS_EXT q
  	on t.order_id = q.ori_orderid 
  	left join institution ins
  	on t.ins_no = ins.ins_no
  	where q.tran_type=0
  	<if test="collectWay != null and collectWay != ''">
  		and t.collect_way = #{collectWay, jdbcType=VARCHAR}
  	</if>
  	<if test='collectWay != null and collectWay != "" and collectWay == "0" and payWay != null and payWay != ""'>
  		and t.pay_way=#{payWay, jdbcType=VARCHAR}
  	</if>
  	<if test='insNo != null and insNo != ""'>
  		and t.ins_no=#{insNo, jdbcType=VARCHAR}
  	</if>
  	<if test='insName != null and insName != ""'>
  		and ins.ins_name=#{insName, jdbcType=VARCHAR}
  	</if>
  	<if test='smallMerchNo != null and smallMerchNo != ""'>
  		and t.small_merch_no=#{smallMerchNo, jdbcType=VARCHAR}
  	</if>
  	<if test='customername != null and customername != ""'>
  		and c.scompany=#{customername, jdbcType=VARCHAR}
  	</if>
  	<if test='orderId != null and orderId != ""'>
  		and t.order_id=#{orderId, jdbcType=VARCHAR}
  	</if>
  	<if test='qorderid != null and qorderid != ""'>
  		and q.order_id=#{qorderid, jdbcType=VARCHAR}
  	</if>
  	<if test='d0Flag != null and d0Flag != ""'>
  		and t.d0_flag=#{d0Flag, jdbcType=VARCHAR}
  	</if>
  	<if test='qtranflag != null and qtranflag != ""'>
  		and q.tran_flag=#{qtranflag, jdbcType=VARCHAR}
  	</if>
  	<if test='qtrantimeStart != null and qtrantimeStart != ""'>
  		and to_date(q.tran_time,'yyyyMMddhh24miss') <![CDATA[>=]]> to_date(#{qtrantimeStart, jdbcType=VARCHAR},'yyyy-MM-dd hh24:mi:ss')
  	</if>
  	<if test='qtrantimeEnd != null and qtrantimeEnd != ""'>
  		and to_date(q.tran_time,'yyyyMMddhh24miss') <![CDATA[<=]]> to_date(#{qtrantimeEnd, jdbcType=VARCHAR}|| ' 23:59:59','yyyy-MM-dd hh24:mi:ss')
  	</if>
  	order by t.id desc
  </select>
  <!-- 获取充值总金额 -->
  <select id="findSumAmountList" parameterType="com.uns.organization.modules.organization.web.form.TransForm" resultType="java.util.Map">
    select sum(q.amount) sumAmount,count(*) sCount
    from T_QR_CODE_TRANS t
    left join customer c
    on t.customer_no=c.customerid
    left join QR_CODE_TRANS_EXT q
    on t.order_id = q.ori_orderid
    left join institution ins
    on t.ins_no = ins.ins_no
    where q.tran_type=0
    <if test="collectWay != null and collectWay != ''">
      and t.collect_way = #{collectWay, jdbcType=VARCHAR}
    </if>
    <if test='collectWay != null and collectWay != "" and collectWay == "0" and payWay != null and payWay != ""'>
      and t.pay_way=#{payWay, jdbcType=VARCHAR}
    </if>
    <if test='insNo != null and insNo != ""'>
      and t.ins_no=#{insNo, jdbcType=VARCHAR}
    </if>
    <if test='insName != null and insName != ""'>
      and ins.ins_name=#{insName, jdbcType=VARCHAR}
    </if>
    <if test='smallMerchNo != null and smallMerchNo != ""'>
      and t.small_merch_no=#{smallMerchNo, jdbcType=VARCHAR}
    </if>
    <if test='customername != null and customername != ""'>
      and c.scompany=#{customername, jdbcType=VARCHAR}
    </if>
    <if test='orderId != null and orderId != ""'>
      and t.order_id=#{orderId, jdbcType=VARCHAR}
    </if>
    <if test='qorderid != null and qorderid != ""'>
      and q.order_id=#{qorderid, jdbcType=VARCHAR}
    </if>
    <if test='d0Flag != null and d0Flag != ""'>
      and t.d0_flag=#{d0Flag, jdbcType=VARCHAR}
    </if>
    <if test='qtranflag != null and qtranflag != ""'>
      and q.tran_flag=#{qtranflag, jdbcType=VARCHAR}
    </if>
    <if test='qtrantimeStart != null and qtrantimeStart != ""'>
      and to_date(q.tran_time,'yyyyMMddhh24miss') <![CDATA[>=]]> to_date(#{qtrantimeStart, jdbcType=VARCHAR},'yyyy-MM-dd hh24:mi:ss')
    </if>
    <if test='qtrantimeEnd != null and qtrantimeEnd != ""'>
      and to_date(q.tran_time,'yyyyMMddhh24miss') <![CDATA[<=]]> to_date(#{qtrantimeEnd, jdbcType=VARCHAR}|| ' 23:59:59','yyyy-MM-dd hh24:mi:ss')
    </if>
    <if test='customerNo != null and customerNo != "" '>
      and t.SMALL_MERCH_NO = #{customerNo, jdbcType=VARCHAR}
    </if>
  </select>
    <!-- 获取扣除总金额 -->
    <select id="findArrivalAmount" parameterType="com.uns.organization.modules.organization.web.form.TransForm" resultType="java.lang.String">
        select sum(minusAmount) from (select to_char(nvl(t.fee, 0) + nvl(t.profit_fee, 0),'fm9999999990.00') minusAmount
        from T_QR_CODE_TRANS t
        left join customer c
        on t.customer_no=c.customerid
        left join QR_CODE_TRANS_EXT q
        on t.order_id = q.ori_orderid
        left join institution ins
        on t.ins_no = ins.ins_no
        where q.tran_type=0
        <if test="collectWay != null and collectWay != ''">
            and t.collect_way = #{collectWay, jdbcType=VARCHAR}
        </if>
        <if test='collectWay != null and collectWay != "" and collectWay == "0" and payWay != null and payWay != ""'>
            and t.pay_way=#{payWay, jdbcType=VARCHAR}
        </if>
        <if test='insNo != null and insNo != ""'>
            and t.ins_no=#{insNo, jdbcType=VARCHAR}
        </if>
        <if test='insName != null and insName != ""'>
            and ins.ins_name=#{insName, jdbcType=VARCHAR}
        </if>
        <if test='smallMerchNo != null and smallMerchNo != ""'>
            and t.small_merch_no=#{smallMerchNo, jdbcType=VARCHAR}
        </if>
        <if test='customername != null and customername != ""'>
            and c.scompany=#{customername, jdbcType=VARCHAR}
        </if>
        <if test='orderId != null and orderId != ""'>
            and t.order_id=#{orderId, jdbcType=VARCHAR}
        </if>
        <if test='qorderid != null and qorderid != ""'>
            and q.order_id=#{qorderid, jdbcType=VARCHAR}
        </if>
        <if test='d0Flag != null and d0Flag != ""'>
            and t.d0_flag=#{d0Flag, jdbcType=VARCHAR}
        </if>
        <if test='qtranflag != null and qtranflag != ""'>
            and q.tran_flag=#{qtranflag, jdbcType=VARCHAR}
        </if>
        <if test='qtrantimeStart != null and qtrantimeStart != ""'>
            and to_date(q.tran_time,'yyyyMMddhh24miss') <![CDATA[>=]]>
            to_date(#{qtrantimeStart, jdbcType=VARCHAR},'yyyy-MM-dd hh24:mi:ss')
        </if>
        <if test='qtrantimeEnd != null and qtrantimeEnd != ""'>
            and to_date(q.tran_time,'yyyyMMddhh24miss') <![CDATA[<=]]> to_date(#{qtrantimeEnd, jdbcType=VARCHAR}||
            ' 23:59:59','yyyy-MM-dd hh24:mi:ss')
        </if>
        )
    </select>
  <!-- 查询交易详情 -->
  <select id="findTransDetails" parameterType="com.uns.organization.modules.organization.web.form.TransForm" resultMap="BaseResultMap">
  	select 
    t.ORDER_ID, 
    t.FEE, 
    to_date(t.TRAN_DATE,'yyyyMMddhh24miss') as TRAN_DATE,  
    t.SMALL_MERCH_NO, 
    t.CUSTOMER_NO, 
    t.AMOUNT, 
    t.D0_FLAG, 
    t.ARRIVAL_AMOUNT,
    t.FEE,
    t.CARD_TYPE, 
    t.INS_NO, 
    nvl(t.profit_fee,0) as profit_fee,
    c.scompany as customername,
    q.order_id as qorderid, 
    to_date(q.tran_time,'yyyyMMddhh24miss') as qtrantime, 
    q.tran_flag as qtranflag, 
    ins.ins_name as insName,
    q.amount as qamount
  	from T_QR_CODE_TRANS t 
  	left join customer c
  	on t.customer_no=c.customerid
  	left join QR_CODE_TRANS_EXT q
  	on t.order_id = q.ori_orderid
  	left join institution ins
  	on t.ins_no = ins.ins_no
  	where q.order_id=#{qorderid, jdbcType=DECIMAL}
  </select>
     <!-- 通过条件查询交易列表导出excel（decode） -->
  <select id="findExcelTransList" parameterType="com.uns.organization.modules.organization.web.form.TransForm" resultMap="BaseResultMap">
  	select 
  	t.pay_way,
    t.ORDER_ID, 
    t.FEE, 
    t.SMALL_MERCH_NO, 
    t.CUSTOMER_NO, 
    t.AMOUNT, 
    t.ARRIVAL_AMOUNT,
    t.INS_NO, 
    c.scompany as customername, 
    q.order_id as qorderid, 
    ins.ins_name as insName,
    to_char(q.amount,'fm9999999990.00') as qamountstr,
    to_char(nvl(t.fee,0)+nvl(t.profit_fee,0),'fm9999999990.00') as minusamount,
    to_date(q.tran_time,'yyyyMMddhh24miss') as qtrantime, 
    to_date(t.TRAN_DATE,'yyyyMMddhh24miss') as TRAN_DATE, 
    decode(t.collect_way,'0',decode(t.pay_way,'WXZF','微信二维码支付','ZFBZF','支付宝二维码支付','ZFBAPPZF', '支付宝APP支付','WXAPPZF', '微信APP支付','ZFBH5ZF', '支付宝H5支付','WXGZHZF', '微信公众号支付'),'1','快捷','2','刷卡') as collectwaystr,
    decode(t.D0_FLAG,'0','D0','1','T1') as d0_flag,
    decode(q.tran_flag,'0','失败','1','成功') as qtranflag,
    DECODE(T.D0_FLAG,
    '0',
    CH.D0_COMMISSION_RATE,
    '1',
    CH.COMMISSION_RATE) RATE
  	from T_QR_CODE_TRANS t
  	left join customer c
  	on t.customer_no=c.customerid
  	left join QR_CODE_TRANS_EXT q
  	on t.order_id = q.ori_orderid 
  	left join institution ins
  	on t.ins_no = ins.ins_no
    LEFT JOIN COMMISSIONPOLICY_HIS CH
    ON T.COMMITION_ID = CH.COMMISSIONID
    AND T.CARD_TYPE = CH.CARDTYPE
    AND T.FEEVER = CH.FEEVER
  	where q.tran_type=0  	
  	<if test="collectWay != null and collectWay != ''">
  		and t.collect_way = #{collectWay, jdbcType=VARCHAR}
  	</if>
  	<if test='collectWay != null and collectWay != "" and collectWay == "0" and payWay != null and payWay != ""'>
  		and t.pay_way=#{payWay, jdbcType=VARCHAR}
  	</if>
  	<if test='insName != null and insName != ""'>
  		and ins.ins_name=#{insName, jdbcType=VARCHAR}
  	</if>
  	<if test='smallMerchNo != null and smallMerchNo != ""'>
  		and t.small_merch_no=#{smallMerchNo, jdbcType=VARCHAR}
  	</if>
  	<if test='customername != null and customername != ""'>
  		and c.scompany=#{customername, jdbcType=VARCHAR}
  	</if>
  	<if test='orderId != null and orderId != ""'>
  		and t.order_id=#{orderId, jdbcType=VARCHAR}
  	</if>
  	<if test='qorderid != null and qorderid != ""'>
  		and q.order_id=#{qorderid, jdbcType=VARCHAR}
  	</if>
  	<if test='d0Flag != null and d0Flag != ""'>
  		and t.d0_flag=#{d0Flag, jdbcType=VARCHAR}
  	</if>
  	<if test='qtranflag != null and qtranflag != ""'>
  		and q.tran_flag=#{qtranflag, jdbcType=VARCHAR}
  	</if>
  	<if test='qtrantimeStart != null and qtrantimeStart != ""'>
  		and to_date(q.tran_time,'yyyyMMddhh24miss') <![CDATA[>=]]> to_date(#{qtrantimeStart, jdbcType=VARCHAR},'yyyy-MM-dd hh24:mi:ss')
  	</if>
  	<if test='qtrantimeEnd != null and qtrantimeEnd != ""'>
  		and to_date(q.tran_time,'yyyyMMddhh24miss') <![CDATA[<=]]> to_date(#{qtrantimeEnd, jdbcType=VARCHAR}|| ' 23:59:59','yyyy-MM-dd hh24:mi:ss')
  	</if>
  	order by t.id desc
  </select>
  <select id="findT1WithdrawList" parameterType="com.uns.organization.modules.organization.web.form.TransForm" resultMap="BaseResultMap">
    select
    t.ORDER_ID,
    t.SMALL_MERCH_NO,
    t.CUSTOMER_NO,
    t.D0_FLAG,
    t.ARRIVAL_AMOUNT,
    t.INS_NO,
    t.collect_way,
    t.pay_way,
    c.scompany as customername,
    q.order_id as qorderid,
    q.tran_flag as qtranflag,
    ins.ins_name as insName,
    t.amount as amount,
    q.amount as qamount,
    to_date(t.TRAN_DATE,'yyyyMMddhh24miss') as TRAN_DATE,
    to_date(q.tran_time,'yyyyMMddhh24miss') as qtrantime
    from T_QR_CODE_TRANS t
    left join customer c
    on t.customer_no=c.customerid
    left join QR_CODE_TRANS_EXT q
    on t.order_id = q.ori_orderid
    left join institution ins
    on t.ins_no = ins.ins_no
    where q.tran_type=2 and t.order_status in (1, 2) and t.d0_flag='1'
    <if test="collectWay != null and collectWay != ''">
      and t.collect_way = #{collectWay, jdbcType=VARCHAR}
    </if>
    <if test='collectWay != null and collectWay != "" and collectWay == "0" and payWay != null and payWay != ""'>
      and t.pay_way=#{payWay, jdbcType=VARCHAR}
    </if>
    <if test='insNo != null and insNo != ""'>
      and c.ins_no=#{insNo, jdbcType=VARCHAR}
    </if>
    <if test='insName != null and insName != ""'>
      and ins.ins_name=#{insName, jdbcType=VARCHAR}
    </if>
    <if test='smallMerchNo != null and smallMerchNo != ""'>
      and t.small_merch_no=#{smallMerchNo, jdbcType=VARCHAR}
    </if>
    <if test='customername != null and customername != ""'>
      and c.scompany=#{customername, jdbcType=VARCHAR}
    </if>
    <if test='orderId != null and orderId != ""'>
      and t.order_id=#{orderId, jdbcType=VARCHAR}
    </if>
    <if test='qorderid != null and qorderid != ""'>
      and q.order_id=#{qorderid, jdbcType=VARCHAR}
    </if>
    <if test='qtranflag != null and qtranflag != ""'>
      and q.tran_flag=#{qtranflag, jdbcType=VARCHAR}
    </if>
    <if test='qtrantimeStart != null and qtrantimeStart != ""'>
      and to_date(q.tran_time,'yyyyMMddhh24miss') <![CDATA[>=]]> to_date(#{qtrantimeStart, jdbcType=VARCHAR},'yyyy-MM-dd hh24:mi:ss')
    </if>
    <if test='qtrantimeEnd != null and qtrantimeEnd != ""'>
      and to_date(q.tran_time,'yyyyMMddhh24miss') <![CDATA[<=]]> to_date(#{qtrantimeEnd, jdbcType=VARCHAR} || '23:59:59','yyyy-MM-dd hh24:mi:ss')
    </if>
    <if test='trandateStart != null and trandateStart != ""'>
      and to_date(t.tran_date,'yyyyMMddhh24miss') <![CDATA[>=]]> to_date(#{trandateStart, jdbcType=VARCHAR},'yyyy-MM-dd hh24:mi:ss')
    </if>
    <if test='trandateEnd != null and trandateEnd != ""'>
      and to_date(t.tran_date,'yyyyMMddhh24miss') <![CDATA[<=]]> to_date(#{trandateEnd, jdbcType=VARCHAR} || '23:59:59','yyyy-MM-dd hh24:mi:ss')
    </if>
    <if test='customerNo != null and customerNo != "" '>
      and t.SMALL_MERCH_NO = #{customerNo, jdbcType=VARCHAR}
    </if>
    order by t.id desc
  </select>
    <!-- T1提现统计汇总 -->
    <select id="findT1SumAmount" resultType="java.util.Map" parameterType="com.uns.organization.modules.organization.web.form.TransForm">
        select
        sum(t.amount) as sumAmount,
        sum(q.amount) as sumQAmount,
        count(*) as sCount
        from T_QR_CODE_TRANS t
        left join customer c
        on t.customer_no=c.customerid
        left join QR_CODE_TRANS_EXT q
        on t.order_id = q.ori_orderid
        left join institution ins
        on t.ins_no = ins.ins_no
        where q.tran_type=2 and t.order_status in (1, 2) and t.d0_flag='1'
        <if test="collectWay != null and collectWay != ''">
            and t.collect_way = #{collectWay, jdbcType=VARCHAR}
        </if>
        <if test='collectWay != null and collectWay != "" and collectWay == "0" and payWay != null and payWay != ""'>
            and t.pay_way=#{payWay, jdbcType=VARCHAR}
        </if>
        <if test='insNo != null and insNo != ""'>
            and c.ins_no=#{insNo, jdbcType=VARCHAR}
        </if>
        <if test='insName != null and insName != ""'>
            and ins.ins_name=#{insName, jdbcType=VARCHAR}
        </if>
        <if test='smallMerchNo != null and smallMerchNo != ""'>
            and t.small_merch_no=#{smallMerchNo, jdbcType=VARCHAR}
        </if>
        <if test='customername != null and customername != ""'>
            and c.scompany=#{customername, jdbcType=VARCHAR}
        </if>
        <if test='orderId != null and orderId != ""'>
            and t.order_id=#{orderId, jdbcType=VARCHAR}
        </if>
        <if test='qorderid != null and qorderid != ""'>
            and q.order_id=#{qorderid, jdbcType=VARCHAR}
        </if>
        <if test='qtranflag != null and qtranflag != ""'>
            and q.tran_flag=#{qtranflag, jdbcType=VARCHAR}
        </if>
        <if test='qtrantimeStart != null and qtrantimeStart != ""'>
            and to_date(q.tran_time,'yyyyMMddhh24miss') <![CDATA[>=]]> to_date(#{qtrantimeStart, jdbcType=VARCHAR},'yyyy-MM-dd hh24:mi:ss')
        </if>
        <if test='qtrantimeEnd != null and qtrantimeEnd != ""'>
            and to_date(q.tran_time,'yyyyMMddhh24miss') <![CDATA[<=]]> to_date(#{qtrantimeEnd, jdbcType=VARCHAR} || '23:59:59','yyyy-MM-dd hh24:mi:ss')
        </if>
        <if test='trandateStart != null and trandateStart != ""'>
            and to_date(t.tran_date,'yyyyMMddhh24miss') <![CDATA[>=]]> to_date(#{trandateStart, jdbcType=VARCHAR},'yyyy-MM-dd hh24:mi:ss')
        </if>
        <if test='trandateEnd != null and trandateEnd != ""'>
            and to_date(t.tran_date,'yyyyMMddhh24miss') <![CDATA[<=]]> to_date(#{trandateEnd, jdbcType=VARCHAR} || '23:59:59','yyyy-MM-dd hh24:mi:ss')
        </if>
        <if test='customerNo != null and customerNo != "" '>
            and t.SMALL_MERCH_NO = #{customerNo, jdbcType=VARCHAR}
        </if>
    </select>
  <!-- 通过条件查询提现列表 -->
  <select id="findWithdrawList" parameterType="com.uns.organization.modules.organization.web.form.TransForm" resultMap="BaseResultMap">
  	select 
    t.ORDER_ID, 
    t.SMALL_MERCH_NO, 
    t.CUSTOMER_NO,
    t.D0_FLAG, 
    t.ARRIVAL_AMOUNT,
    t.INS_NO, 
    t.collect_way,
    t.pay_way,
    c.scompany as customername, 
    q.order_id as qorderid, 
    q.tran_flag as qtranflag, 
    ins.ins_name as insName,
    t.amount as amount,
    q.amount as qamount,
    to_date(t.TRAN_DATE,'yyyyMMddhh24miss') as TRAN_DATE,  
    to_date(q.tran_time,'yyyyMMddhh24miss') as qtrantime
  	from T_QR_CODE_TRANS t 
  	left join customer c
  	on t.customer_no=c.customerid
  	left join QR_CODE_TRANS_EXT q
  	on t.order_id = q.ori_orderid 
  	left join institution ins
  	on t.ins_no = ins.ins_no
  	where q.tran_type=2 and t.order_status in (1, 2) and t.d0_flag='0'
  	<if test="collectWay != null and collectWay != ''">
  		and t.collect_way = #{collectWay, jdbcType=VARCHAR}
  	</if>
  	<if test='collectWay != null and collectWay != "" and collectWay == "0" and payWay != null and payWay != ""'>
  		and t.pay_way=#{payWay, jdbcType=VARCHAR}
  	</if>
  	<if test='insNo != null and insNo != ""'>
  		and c.ins_no=#{insNo, jdbcType=VARCHAR}
  	</if>
  	<if test='insName != null and insName != ""'>
  		and ins.ins_name=#{insName, jdbcType=VARCHAR}
  	</if>
  	<if test='smallMerchNo != null and smallMerchNo != ""'>
  		and t.small_merch_no=#{smallMerchNo, jdbcType=VARCHAR}
  	</if>
  	<if test='customername != null and customername != ""'>
  		and c.scompany=#{customername, jdbcType=VARCHAR}
  	</if>
  	<if test='orderId != null and orderId != ""'>
  		and t.order_id=#{orderId, jdbcType=VARCHAR}
  	</if>
  	<if test='qorderid != null and qorderid != ""'>
  		and q.order_id=#{qorderid, jdbcType=VARCHAR}
  	</if>
  	<if test='qtranflag != null and qtranflag != ""'>
  		and q.tran_flag=#{qtranflag, jdbcType=VARCHAR}
  	</if>
  	<if test='qtrantimeStart != null and qtrantimeStart != ""'>
  		and to_date(q.tran_time,'yyyyMMddhh24miss') <![CDATA[>=]]> to_date(#{qtrantimeStart, jdbcType=VARCHAR},'yyyy-MM-dd hh24:mi:ss')
  	</if>
  	<if test='qtrantimeEnd != null and qtrantimeEnd != ""'>
  		and to_date(q.tran_time,'yyyyMMddhh24miss') <![CDATA[<=]]> to_date(#{qtrantimeEnd, jdbcType=VARCHAR}|| ' 23:59:59','yyyy-MM-dd hh24:mi:ss')
  	</if>
  	<if test='trandateStart != null and trandateStart != ""'>
  		and to_date(t.tran_date,'yyyyMMddhh24miss') <![CDATA[>=]]> to_date(#{trandateStart, jdbcType=VARCHAR},'yyyy-MM-dd hh24:mi:ss')
  	</if>
  	<if test='trandateEnd != null and trandateEnd != ""'>
  		and to_date(t.tran_date,'yyyyMMddhh24miss') <![CDATA[<=]]> to_date(#{trandateEnd, jdbcType=VARCHAR}|| ' 23:59:59','yyyy-MM-dd hh24:mi:ss')
  	</if>
    <if test='customerNo != null and customerNo != "" '>
        and t.SMALL_MERCH_NO = #{customerNo, jdbcType=VARCHAR}
    </if>
  	order by t.id desc
  </select>
    <!-- D0提现统计汇总 -->
    <select id="findD0SumAmount" resultType="java.util.Map" parameterType="com.uns.organization.modules.organization.web.form.TransForm">
        select
        sum(t.amount) as sumAmount,
        sum(q.amount) as sumQAmount,
        count(*) as sCount
        from T_QR_CODE_TRANS t
        left join customer c
        on t.customer_no=c.customerid
        left join QR_CODE_TRANS_EXT q
        on t.order_id = q.ori_orderid
        left join institution ins
        on t.ins_no = ins.ins_no
        where q.tran_type=2 and t.order_status in (1, 2) and t.d0_flag='0'
        <if test="collectWay != null and collectWay != ''">
            and t.collect_way = #{collectWay, jdbcType=VARCHAR}
        </if>
        <if test='collectWay != null and collectWay != "" and collectWay == "0" and payWay != null and payWay != ""'>
            and t.pay_way=#{payWay, jdbcType=VARCHAR}
        </if>
        <if test='insNo != null and insNo != ""'>
            and c.ins_no=#{insNo, jdbcType=VARCHAR}
        </if>
        <if test='insName != null and insName != ""'>
            and ins.ins_name=#{insName, jdbcType=VARCHAR}
        </if>
        <if test='smallMerchNo != null and smallMerchNo != ""'>
            and t.small_merch_no=#{smallMerchNo, jdbcType=VARCHAR}
        </if>
        <if test='customername != null and customername != ""'>
            and c.scompany=#{customername, jdbcType=VARCHAR}
        </if>
        <if test='orderId != null and orderId != ""'>
            and t.order_id=#{orderId, jdbcType=VARCHAR}
        </if>
        <if test='qorderid != null and qorderid != ""'>
            and q.order_id=#{qorderid, jdbcType=VARCHAR}
        </if>
        <if test='qtranflag != null and qtranflag != ""'>
            and q.tran_flag=#{qtranflag, jdbcType=VARCHAR}
        </if>
        <if test='qtrantimeStart != null and qtrantimeStart != ""'>
            and to_date(q.tran_time,'yyyyMMddhh24miss') <![CDATA[>=]]> to_date(#{qtrantimeStart, jdbcType=VARCHAR},'yyyy-MM-dd hh24:mi:ss')
        </if>
        <if test='qtrantimeEnd != null and qtrantimeEnd != ""'>
            and to_date(q.tran_time,'yyyyMMddhh24miss') <![CDATA[<=]]> to_date(#{qtrantimeEnd, jdbcType=VARCHAR}|| ' 23:59:59','yyyy-MM-dd hh24:mi:ss')
        </if>
        <if test='trandateStart != null and trandateStart != ""'>
            and to_date(t.tran_date,'yyyyMMddhh24miss') <![CDATA[>=]]> to_date(#{trandateStart, jdbcType=VARCHAR},'yyyy-MM-dd hh24:mi:ss')
        </if>
        <if test='trandateEnd != null and trandateEnd != ""'>
            and to_date(t.tran_date,'yyyyMMddhh24miss') <![CDATA[<=]]> to_date(#{trandateEnd, jdbcType=VARCHAR}|| ' 23:59:59','yyyy-MM-dd hh24:mi:ss')
        </if>
        <if test='customerNo != null and customerNo != "" '>
            and t.SMALL_MERCH_NO = #{customerNo, jdbcType=VARCHAR}
        </if>
    </select>
  <!-- 查询提现详情 -->
  <select id="findWithdrawDetails" parameterType="com.uns.organization.modules.organization.web.form.TransForm" resultMap="BaseResultMap">
  	select 
    t.ORDER_ID, 
    t.FEE, 
    t.SMALL_MERCH_NO, 
    t.CUSTOMER_NO,
    t.D0_FLAG, 
    t.ARRIVAL_AMOUNT,
    t.CARD_TYPE, 
    t.INS_NO,
    c.scompany as customername, 
    q.order_id as qorderid, 
    q.tran_flag as qtranflag, 
    ins.ins_name as insName,
    q.amount as qamount,
    to_date(t.TRAN_DATE,'yyyyMMddhh24miss') as TRAN_DATE,
    to_date(q.tran_time,'yyyyMMddhh24miss') as qtrantime
  	from T_QR_CODE_TRANS t 
  	left join customer c
  	on t.customer_no=c.customerid
  	left join QR_CODE_TRANS_EXT q
  	on t.order_id = q.ori_orderid
  	left join institution ins
  	on t.ins_no = ins.ins_no
  	where q.order_id=#{qorderid, jdbcType=DECIMAL}
  </select>
  
  <!-- 通过条件查询提现列表（decode） -->
  <select id="findExcelWithdrawList" parameterType="com.uns.organization.modules.organization.web.form.TransFormForExcelWithdraw" resultMap="BaseResultMap">
  	select 
  	decode(t.collect_way,'0',decode(t.pay_way,'WXZF','微信二维码支付','ZFBZF','支付宝二维码支付','ZFBAPPZF', '支付宝APP支付','WXAPPZF', '微信APP支付','ZFBH5ZF', '支付宝H5支付','WXGZHZF', '微信公众号支付'),'1','快捷','2','刷卡') as collectwaystr,
  	t.pay_way,
    t.ORDER_ID, 
    t.SMALL_MERCH_NO, 
    t.CUSTOMER_NO,
    t.ARRIVAL_AMOUNT,
    t.INS_NO, 
    c.scompany as customername, 
    q.order_id as qorderid, 
    ins.ins_name as insName,
      to_char(t.amount,'fm9999999990.00') as amountstr,
      to_char(q.amount,'fm9999999990.00') as qamountstr,
      to_date(t.TRAN_DATE,'yyyyMMddhh24miss') as TRAN_DATE,
      to_date(q.tran_time,'yyyyMMddhh24miss') as qtrantime,
    decode(t.D0_FLAG,'0','D0','1','T1') as d0_flag, 
    decode(q.tran_flag,'0','失败','1','成功') as qtranflag
  	from T_QR_CODE_TRANS t 
  	left join customer c
  	on t.customer_no=c.customerid
  	left join QR_CODE_TRANS_EXT q
  	on t.order_id = q.ori_orderid 
  	left join institution ins
  	on t.ins_no = ins.ins_no
  	where q.tran_type=2 and t.order_status in (1, 2) and t.d0_flag='0'
  	<if test="collectWay != null and collectWay != ''">
  		and t.collect_way = #{collectWay, jdbcType=VARCHAR}
  	</if>
  	<if test='collectWay != null and collectWay != "" and collectWay == "0" and payWay != null and payWay != ""'>
  		and t.pay_way=#{payWay, jdbcType=VARCHAR}
  	</if>
  	<if test='insNo != null and insNo != ""'>
  		and c.ins_no=#{insNo, jdbcType=VARCHAR}
  	</if>
  	<if test='insName != null and insName != ""'>
  		and ins.ins_name=#{insName, jdbcType=VARCHAR}
  	</if>
  	<if test='smallMerchNo != null and smallMerchNo != ""'>
  		and t.small_merch_no=#{smallMerchNo, jdbcType=VARCHAR}
  	</if>
  	<if test='customername != null and customername != ""'>
  		and c.scompany=#{customername, jdbcType=VARCHAR}
  	</if>
  	<if test='orderId != null and orderId != ""'>
  		and t.order_id=#{orderId, jdbcType=VARCHAR}
  	</if>
  	<if test='qorderid != null and qorderid != ""'>
  		and q.order_id=#{qorderid, jdbcType=VARCHAR}
  	</if>
  	<if test='qtranflag != null and qtranflag != ""'>
  		and q.tran_flag=#{qtranflag, jdbcType=VARCHAR}
  	</if>
  	<if test='qtrantimeStart != null and qtrantimeStart != ""'>
  		and to_date(q.tran_time,'yyyyMMddhh24miss') <![CDATA[>=]]> to_date(#{qtrantimeStart, jdbcType=VARCHAR},'yyyy-MM-dd hh24:mi:ss')
  	</if>
  	<if test='qtrantimeEnd != null and qtrantimeEnd != ""'>
  		and to_date(q.tran_time,'yyyyMMddhh24miss') <![CDATA[<=]]> to_date(#{qtrantimeEnd, jdbcType=VARCHAR}|| ' 23:59:59','yyyy-MM-dd hh24:mi:ss')
  	</if>
  	<if test='trandateStart != null and trandateStart != ""'>
  		and to_date(t.tran_date,'yyyyMMddhh24miss') <![CDATA[>=]]> to_date(#{trandateStart, jdbcType=VARCHAR},'yyyy-MM-dd hh24:mi:ss')
  	</if>
  	<if test='trandateEnd != null and trandateEnd != ""'>
  		and to_date(t.tran_date,'yyyyMMddhh24miss') <![CDATA[<=]]> to_date(#{trandateEnd, jdbcType=VARCHAR}|| ' 23:59:59','yyyy-MM-dd hh24:mi:ss')
  	</if>
    <if test='customerNo != null and customerNo != "" '>
      and t.SMALL_MERCH_NO = #{customerNo, jdbcType=VARCHAR}
    </if>
  	order by t.id desc
  </select>
  <!-- 通过条件查询提现列表（decode） -->
  <select id="findExcelT1WithdrawList" parameterType="com.uns.organization.modules.organization.web.form.TransFormForExcelWithdraw" resultMap="BaseResultMap">
    select
    decode(t.collect_way,'0',decode(t.pay_way,'WXZF','微信二维码支付','ZFBZF','支付宝二维码支付','ZFBAPPZF', '支付宝APP支付','WXAPPZF', '微信APP支付','ZFBH5ZF', '支付宝H5支付','WXGZHZF', '微信公众号支付'),'1','快捷','2','刷卡') as collectwaystr,
    t.pay_way,
    t.ORDER_ID,
    t.SMALL_MERCH_NO,
    t.CUSTOMER_NO,
    t.ARRIVAL_AMOUNT,
    t.INS_NO,
    c.scompany as customername,
    q.order_id as qorderid,
    ins.ins_name as insName,
    to_char(t.amount,'fm9999999990.00') as amountstr,
    to_char(q.amount,'fm9999999990.00') as qamountstr,
    to_date(t.TRAN_DATE,'yyyyMMddhh24miss') as TRAN_DATE,
    to_date(q.tran_time,'yyyyMMddhh24miss') as qtrantime,
    decode(t.D0_FLAG,'0','D0','1','T1') as d0_flag,
    decode(q.tran_flag,'0','失败','1','成功') as qtranflag
    from T_QR_CODE_TRANS t
    left join customer c
    on t.customer_no=c.customerid
    left join QR_CODE_TRANS_EXT q
    on t.order_id = q.ori_orderid
    left join institution ins
    on t.ins_no = ins.ins_no
    where q.tran_type=2 and t.order_status in (1, 2) and t.d0_flag='1'
    <if test="collectWay != null and collectWay != ''">
      and t.collect_way = #{collectWay, jdbcType=VARCHAR}
    </if>
    <if test='collectWay != null and collectWay != "" and collectWay == "0" and payWay != null and payWay != ""'>
      and t.pay_way=#{payWay, jdbcType=VARCHAR}
    </if>
    <if test='insNo != null and insNo != ""'>
      and c.ins_no=#{insNo, jdbcType=VARCHAR}
    </if>
    <if test='insName != null and insName != ""'>
      and ins.ins_name=#{insName, jdbcType=VARCHAR}
    </if>
    <if test='smallMerchNo != null and smallMerchNo != ""'>
      and t.small_merch_no=#{smallMerchNo, jdbcType=VARCHAR}
    </if>
    <if test='customername != null and customername != ""'>
      and c.scompany=#{customername, jdbcType=VARCHAR}
    </if>
    <if test='orderId != null and orderId != ""'>
      and t.order_id=#{orderId, jdbcType=VARCHAR}
    </if>
    <if test='qorderid != null and qorderid != ""'>
      and q.order_id=#{qorderid, jdbcType=VARCHAR}
    </if>
    <if test='qtranflag != null and qtranflag != ""'>
      and q.tran_flag=#{qtranflag, jdbcType=VARCHAR}
    </if>
    <if test='qtrantimeStart != null and qtrantimeStart != ""'>
      and to_date(q.tran_time,'yyyyMMddhh24miss') <![CDATA[>=]]> to_date(#{qtrantimeStart, jdbcType=VARCHAR},'yyyy-MM-dd hh24:mi:ss')
    </if>
    <if test='qtrantimeEnd != null and qtrantimeEnd != ""'>
      and to_date(q.tran_time,'yyyyMMddhh24miss') <![CDATA[<=]]> to_date(#{qtrantimeEnd, jdbcType=VARCHAR}|| '23:59:59','yyyy-MM-dd hh24:mi:ss')
    </if>
    <if test='trandateStart != null and trandateStart != ""'>
      and to_date(t.tran_date,'yyyyMMddhh24miss') <![CDATA[>=]]> to_date(#{trandateStart, jdbcType=VARCHAR},'yyyy-MM-dd hh24:mi:ss')
    </if>
    <if test='trandateEnd != null and trandateEnd != ""'>
      and to_date(t.tran_date,'yyyyMMddhh24miss') <![CDATA[<=]]> to_date(#{trandateEnd, jdbcType=VARCHAR}|| '23:59:59','yyyy-MM-dd hh24:mi:ss')
    </if>
    <if test='customerNo != null and customerNo != "" '>
          and t.SMALL_MERCH_NO = #{customerNo, jdbcType=VARCHAR}
    </if>
    order by t.id desc
  </select>
</mapper>