<?xml version="1.0" encoding="UTF-8" ?>
<!DOCTYPE mapper PUBLIC "-//mybatis.org//DTD Mapper 3.0//EN" "http://mybatis.org/dtd/mybatis-3-mapper.dtd" >
<mapper namespace="com.uns.organization.modules.organization.dao.ZhaoshangJoinMapper" >
  <resultMap id="BaseResultMap" type="com.uns.organization.modules.organization.entity.ZhaoshangJoin" >
    <id column="ID" property="id" jdbcType="DECIMAL" />
    <result column="IS_COMMON" property="isCommon" jdbcType="VARCHAR" />
    <result column="APP_ID" property="appId" jdbcType="VARCHAR" />
    <result column="TIMESTAMP" property="timestamp" jdbcType="VARCHAR" />
    <result column="VERSION" property="version" jdbcType="VARCHAR" />
    <result column="OUT_MERCHANT_ID" property="outMerchantId" jdbcType="VARCHAR" />
    <result column="MCH_APP_ID" property="mchAppId" jdbcType="VARCHAR" />
    <result column="SMALL_MERCHANT_NO" property="smallMerchantNo" jdbcType="VARCHAR" />
    <result column="INS_NO" property="insNo" jdbcType="VARCHAR" />
    <result column="NAME" property="name" jdbcType="VARCHAR" />
    <result column="ALIAS_NAME" property="aliasName" jdbcType="VARCHAR" />
    <result column="LOGIN_ID" property="loginId" jdbcType="VARCHAR" />
    <result column="PASSWORD" property="password" jdbcType="VARCHAR" />
    <result column="MOBILE_NO" property="mobileNo" jdbcType="VARCHAR" />
    <result column="SERVICE_PHONE" property="servicePhone" jdbcType="VARCHAR" />
    <result column="INDUSTRY_CATEGORY_ID" property="industryCategoryId" jdbcType="VARCHAR" />
    <result column="WX_CATEGORY_ID" property="wxCategoryId" jdbcType="VARCHAR" />
    <result column="WX_CATEGORY_NAME" property="wxCategoryName" jdbcType="VARCHAR" />
    <result column="ALI_CATEGORY_ID" property="aliCategoryId" jdbcType="VARCHAR" />
    <result column="ALI_CATEGORY_NAME" property="aliCategoryName" jdbcType="VARCHAR" />
    <result column="EMAIL" property="email" jdbcType="VARCHAR" />
    <result column="BUSINESS_LICENSE" property="businessLicense" jdbcType="VARCHAR" />
    <result column="BUSINESS_LICENSE_TYPE" property="businessLicenseType" jdbcType="VARCHAR" />
    <result column="MERCHANT_LICENSE" property="merchantLicense" jdbcType="VARCHAR" />
    <result column="LXR_NAME" property="lxrName" jdbcType="VARCHAR" />
    <result column="LXR_TYPE" property="lxrType" jdbcType="VARCHAR" />
    <result column="ID_CARD_NO" property="idCardNo" jdbcType="VARCHAR" />
    <result column="PHONE" property="phone" jdbcType="VARCHAR" />
    <result column="PROVINCE_CODE" property="provinceCode" jdbcType="VARCHAR" />
    <result column="CITY_CODE" property="cityCode" jdbcType="VARCHAR" />
    <result column="DISTRICT_CODE" property="districtCode" jdbcType="VARCHAR" />
    <result column="ADDRESS" property="address" jdbcType="VARCHAR" />
    <result column="REMARK" property="remark" jdbcType="VARCHAR" />
    <result column="EXTEND1" property="extend1" jdbcType="VARCHAR" />
    <result column="EXTEND2" property="extend2" jdbcType="VARCHAR" />
    <result column="EXTEND3" property="extend3" jdbcType="VARCHAR" />
    <result column="AUDIT_STATUS" property="auditStatus" jdbcType="VARCHAR" />
    <result column="JOIN_APP_ID" property="joinAppId" jdbcType="VARCHAR" />
    <result column="JOIN_TIMESTAMP" property="joinTimestamp" jdbcType="VARCHAR" />
    <result column="BANK_APP_ID" property="bankAppId" jdbcType="VARCHAR" />
    <result column="FEE_RATE_ID" property="feeRateId" jdbcType="VARCHAR" />
    <result column="PAY_FEE_RATE_NO_WX" property="payFeeRateNoWx" jdbcType="VARCHAR" />
    <result column="FEE_RATE_WX" property="feeRateWx" jdbcType="VARCHAR" />
    <result column="PAY_FEE_RATE_NO_ZFB" property="payFeeRateNoZfb" jdbcType="VARCHAR" />
    <result column="FEE_RATE_ZFB" property="feeRateZfb" jdbcType="VARCHAR" />
    <result column="ACCOUNT_NAME" property="accountName" jdbcType="VARCHAR" />
    <result column="ACCOUNT_NO" property="accountNo" jdbcType="VARCHAR" />
    <result column="ACCOUNT_PROP" property="accountProp" jdbcType="VARCHAR" />
    <result column="PROVINCE_CODE_JS" property="provinceCodeJs" jdbcType="VARCHAR" />
    <result column="CITY_CODE_JS" property="cityCodeJs" jdbcType="VARCHAR" />
    <result column="BANK_BRANCH_NO" property="bankBranchNo" jdbcType="VARCHAR" />
    <result column="BANK_NAME" property="bankName" jdbcType="VARCHAR" />
    <result column="BANK_BRANCH" property="bankBranch" jdbcType="VARCHAR" />
    <result column="ID_CARD_NO_JS" property="idCardNoJs" jdbcType="VARCHAR" />
    <result column="ALI_STATUS" property="aliStatus" jdbcType="VARCHAR" />
    <result column="WX_STATUS" property="wxStatus" jdbcType="VARCHAR" />
    <result column="ALI_AUDIT_STATUS" property="aliAuditStatus" jdbcType="VARCHAR" />
    <result column="WX_AUDIT_STATUS" property="wxAuditStatus" jdbcType="VARCHAR" />
    <result column="RESPONSE_URL" property="responseUrl" jdbcType="VARCHAR" />
    <result column="TRANCE_NO" property="tranceNo" jdbcType="VARCHAR" />
  </resultMap>
  
  <sql id="Base_Column_List" >
    ID, IS_COMMON, APP_ID, TIMESTAMP, VERSION, OUT_MERCHANT_ID, MCH_APP_ID, SMALL_MERCHANT_NO, 
    INS_NO, NAME, ALIAS_NAME, LOGIN_ID, PASSWORD, MOBILE_NO, SERVICE_PHONE, INDUSTRY_CATEGORY_ID, 
    WX_CATEGORY_ID, WX_CATEGORY_NAME, ALI_CATEGORY_ID, ALI_CATEGORY_NAME, EMAIL, BUSINESS_LICENSE, 
    BUSINESS_LICENSE_TYPE, MERCHANT_LICENSE, LXR_NAME, LXR_TYPE, ID_CARD_NO, PHONE, PROVINCE_CODE, 
    CITY_CODE, DISTRICT_CODE, ADDRESS, REMARK, EXTEND1, EXTEND2, EXTEND3, AUDIT_STATUS, 
    JOIN_APP_ID, JOIN_TIMESTAMP, BANK_APP_ID, FEE_RATE_ID, PAY_FEE_RATE_NO_WX, FEE_RATE_WX, 
    PAY_FEE_RATE_NO_ZFB, FEE_RATE_ZFB, ACCOUNT_NAME, ACCOUNT_NO, ACCOUNT_PROP, PROVINCE_CODE_JS, 
    CITY_CODE_JS, BANK_BRANCH_NO, BANK_NAME, BANK_BRANCH, ID_CARD_NO_JS, ALI_STATUS, 
    WX_STATUS, ALI_AUDIT_STATUS, WX_AUDIT_STATUS, RESPONSE_URL, TRANCE_NO
  </sql>
  <select id="selectByPrimaryKey" resultMap="BaseResultMap" parameterType="java.lang.Long" >
    select 
    <include refid="Base_Column_List" />
    from ZHAOSHANG_JOIN
    where ID = #{id,jdbcType=DECIMAL}
  </select>
  <delete id="deleteByPrimaryKey" parameterType="java.lang.Long" >
    delete from ZHAOSHANG_JOIN
    where ID = #{id,jdbcType=DECIMAL}
  </delete>
  
  <insert id="insert" parameterType="com.uns.organization.modules.organization.entity.ZhaoshangJoin" >
    insert into ZHAOSHANG_JOIN (ID, IS_COMMON, APP_ID, 
      TIMESTAMP, VERSION, OUT_MERCHANT_ID, 
      MCH_APP_ID, SMALL_MERCHANT_NO, INS_NO, 
      NAME, ALIAS_NAME, LOGIN_ID, 
      PASSWORD, MOBILE_NO, SERVICE_PHONE, 
      INDUSTRY_CATEGORY_ID, WX_CATEGORY_ID, WX_CATEGORY_NAME, 
      ALI_CATEGORY_ID, ALI_CATEGORY_NAME, EMAIL, 
      BUSINESS_LICENSE, BUSINESS_LICENSE_TYPE, MERCHANT_LICENSE, 
      LXR_NAME, LXR_TYPE, ID_CARD_NO, 
      PHONE, PROVINCE_CODE, CITY_CODE, 
      DISTRICT_CODE, ADDRESS, REMARK, 
      EXTEND1, EXTEND2, EXTEND3, 
      AUDIT_STATUS, JOIN_APP_ID, JOIN_TIMESTAMP, 
      BANK_APP_ID, FEE_RATE_ID, PAY_FEE_RATE_NO_WX, 
      FEE_RATE_WX, PAY_FEE_RATE_NO_ZFB, FEE_RATE_ZFB, 
      ACCOUNT_NAME, ACCOUNT_NO, ACCOUNT_PROP, 
      PROVINCE_CODE_JS, CITY_CODE_JS, BANK_BRANCH_NO, 
      BANK_NAME, BANK_BRANCH, ID_CARD_NO_JS, 
      ALI_STATUS, WX_STATUS, ALI_AUDIT_STATUS, 
      WX_AUDIT_STATUS, RESPONSE_URL, TRANCE_NO
      )
    values (#{id,jdbcType=DECIMAL}, #{isCommon,jdbcType=VARCHAR}, #{appId,jdbcType=VARCHAR}, 
      #{timestamp,jdbcType=VARCHAR}, #{version,jdbcType=VARCHAR}, #{outMerchantId,jdbcType=VARCHAR}, 
      #{mchAppId,jdbcType=VARCHAR}, #{smallMerchantNo,jdbcType=VARCHAR}, #{insNo,jdbcType=VARCHAR}, 
      #{name,jdbcType=VARCHAR}, #{aliasName,jdbcType=VARCHAR}, #{loginId,jdbcType=VARCHAR}, 
      #{password,jdbcType=VARCHAR}, #{mobileNo,jdbcType=VARCHAR}, #{servicePhone,jdbcType=VARCHAR}, 
      #{industryCategoryId,jdbcType=VARCHAR}, #{wxCategoryId,jdbcType=VARCHAR}, #{wxCategoryName,jdbcType=VARCHAR}, 
      #{aliCategoryId,jdbcType=VARCHAR}, #{aliCategoryName,jdbcType=VARCHAR}, #{email,jdbcType=VARCHAR}, 
      #{businessLicense,jdbcType=VARCHAR}, #{businessLicenseType,jdbcType=VARCHAR}, #{merchantLicense,jdbcType=VARCHAR}, 
      #{lxrName,jdbcType=VARCHAR}, #{lxrType,jdbcType=VARCHAR}, #{idCardNo,jdbcType=VARCHAR}, 
      #{phone,jdbcType=VARCHAR}, #{provinceCode,jdbcType=VARCHAR}, #{cityCode,jdbcType=VARCHAR}, 
      #{districtCode,jdbcType=VARCHAR}, #{address,jdbcType=VARCHAR}, #{remark,jdbcType=VARCHAR}, 
      #{extend1,jdbcType=VARCHAR}, #{extend2,jdbcType=VARCHAR}, #{extend3,jdbcType=VARCHAR}, 
      #{auditStatus,jdbcType=VARCHAR}, #{joinAppId,jdbcType=VARCHAR}, #{joinTimestamp,jdbcType=VARCHAR}, 
      #{bankAppId,jdbcType=VARCHAR}, #{feeRateId,jdbcType=VARCHAR}, #{payFeeRateNoWx,jdbcType=VARCHAR}, 
      #{feeRateWx,jdbcType=VARCHAR}, #{payFeeRateNoZfb,jdbcType=VARCHAR}, #{feeRateZfb,jdbcType=VARCHAR}, 
      #{accountName,jdbcType=VARCHAR}, #{accountNo,jdbcType=VARCHAR}, #{accountProp,jdbcType=VARCHAR}, 
      #{provinceCodeJs,jdbcType=VARCHAR}, #{cityCodeJs,jdbcType=VARCHAR}, #{bankBranchNo,jdbcType=VARCHAR}, 
      #{bankName,jdbcType=VARCHAR}, #{bankBranch,jdbcType=VARCHAR}, #{idCardNoJs,jdbcType=VARCHAR}, 
      #{aliStatus,jdbcType=VARCHAR}, #{wxStatus,jdbcType=VARCHAR}, #{aliAuditStatus,jdbcType=VARCHAR}, 
      #{wxAuditStatus,jdbcType=VARCHAR}, #{responseUrl,jdbcType=VARCHAR}, #{tranceNo,jdbcType=VARCHAR}
      )
  </insert>
  <insert id="insertSelective" parameterType="com.uns.organization.modules.organization.entity.ZhaoshangJoin" >
    insert into ZHAOSHANG_JOIN
    <trim prefix="(" suffix=")" suffixOverrides="," >
      <if test="id != null" >
        ID,
      </if>
      <if test="isCommon != null" >
        IS_COMMON,
      </if>
      <if test="appId != null" >
        APP_ID,
      </if>
      <if test="timestamp != null" >
        TIMESTAMP,
      </if>
      <if test="version != null" >
        VERSION,
      </if>
      <if test="outMerchantId != null" >
        OUT_MERCHANT_ID,
      </if>
      <if test="mchAppId != null" >
        MCH_APP_ID,
      </if>
      <if test="smallMerchantNo != null" >
        SMALL_MERCHANT_NO,
      </if>
      <if test="insNo != null" >
        INS_NO,
      </if>
      <if test="name != null" >
        NAME,
      </if>
      <if test="aliasName != null" >
        ALIAS_NAME,
      </if>
      <if test="loginId != null" >
        LOGIN_ID,
      </if>
      <if test="password != null" >
        PASSWORD,
      </if>
      <if test="mobileNo != null" >
        MOBILE_NO,
      </if>
      <if test="servicePhone != null" >
        SERVICE_PHONE,
      </if>
      <if test="industryCategoryId != null" >
        INDUSTRY_CATEGORY_ID,
      </if>
      <if test="wxCategoryId != null" >
        WX_CATEGORY_ID,
      </if>
      <if test="wxCategoryName != null" >
        WX_CATEGORY_NAME,
      </if>
      <if test="aliCategoryId != null" >
        ALI_CATEGORY_ID,
      </if>
      <if test="aliCategoryName != null" >
        ALI_CATEGORY_NAME,
      </if>
      <if test="email != null" >
        EMAIL,
      </if>
      <if test="businessLicense != null" >
        BUSINESS_LICENSE,
      </if>
      <if test="businessLicenseType != null" >
        BUSINESS_LICENSE_TYPE,
      </if>
      <if test="merchantLicense != null" >
        MERCHANT_LICENSE,
      </if>
      <if test="lxrName != null" >
        LXR_NAME,
      </if>
      <if test="lxrType != null" >
        LXR_TYPE,
      </if>
      <if test="idCardNo != null" >
        ID_CARD_NO,
      </if>
      <if test="phone != null" >
        PHONE,
      </if>
      <if test="provinceCode != null" >
        PROVINCE_CODE,
      </if>
      <if test="cityCode != null" >
        CITY_CODE,
      </if>
      <if test="districtCode != null" >
        DISTRICT_CODE,
      </if>
      <if test="address != null" >
        ADDRESS,
      </if>
      <if test="remark != null" >
        REMARK,
      </if>
      <if test="extend1 != null" >
        EXTEND1,
      </if>
      <if test="extend2 != null" >
        EXTEND2,
      </if>
      <if test="extend3 != null" >
        EXTEND3,
      </if>
      <if test="auditStatus != null" >
        AUDIT_STATUS,
      </if>
      <if test="joinAppId != null" >
        JOIN_APP_ID,
      </if>
      <if test="joinTimestamp != null" >
        JOIN_TIMESTAMP,
      </if>
      <if test="bankAppId != null" >
        BANK_APP_ID,
      </if>
      <if test="feeRateId != null" >
        FEE_RATE_ID,
      </if>
      <if test="payFeeRateNoWx != null" >
        PAY_FEE_RATE_NO_WX,
      </if>
      <if test="feeRateWx != null" >
        FEE_RATE_WX,
      </if>
      <if test="payFeeRateNoZfb != null" >
        PAY_FEE_RATE_NO_ZFB,
      </if>
      <if test="feeRateZfb != null" >
        FEE_RATE_ZFB,
      </if>
      <if test="accountName != null" >
        ACCOUNT_NAME,
      </if>
      <if test="accountNo != null" >
        ACCOUNT_NO,
      </if>
      <if test="accountProp != null" >
        ACCOUNT_PROP,
      </if>
      <if test="provinceCodeJs != null" >
        PROVINCE_CODE_JS,
      </if>
      <if test="cityCodeJs != null" >
        CITY_CODE_JS,
      </if>
      <if test="bankBranchNo != null" >
        BANK_BRANCH_NO,
      </if>
      <if test="bankName != null" >
        BANK_NAME,
      </if>
      <if test="bankBranch != null" >
        BANK_BRANCH,
      </if>
      <if test="idCardNoJs != null" >
        ID_CARD_NO_JS,
      </if>
      <if test="aliStatus != null" >
        ALI_STATUS,
      </if>
      <if test="wxStatus != null" >
        WX_STATUS,
      </if>
      <if test="aliAuditStatus != null" >
        ALI_AUDIT_STATUS,
      </if>
      <if test="wxAuditStatus != null" >
        WX_AUDIT_STATUS,
      </if>
      <if test="responseUrl != null" >
        RESPONSE_URL,
      </if>
      <if test="tranceNo != null" >
        TRANCE_NO,
      </if>
    </trim>
    <trim prefix="values (" suffix=")" suffixOverrides="," >
      <if test="id != null" >
        #{id,jdbcType=DECIMAL},
      </if>
      <if test="isCommon != null" >
        #{isCommon,jdbcType=VARCHAR},
      </if>
      <if test="appId != null" >
        #{appId,jdbcType=VARCHAR},
      </if>
      <if test="timestamp != null" >
        #{timestamp,jdbcType=VARCHAR},
      </if>
      <if test="version != null" >
        #{version,jdbcType=VARCHAR},
      </if>
      <if test="outMerchantId != null" >
        #{outMerchantId,jdbcType=VARCHAR},
      </if>
      <if test="mchAppId != null" >
        #{mchAppId,jdbcType=VARCHAR},
      </if>
      <if test="smallMerchantNo != null" >
        #{smallMerchantNo,jdbcType=VARCHAR},
      </if>
      <if test="insNo != null" >
        #{insNo,jdbcType=VARCHAR},
      </if>
      <if test="name != null" >
        #{name,jdbcType=VARCHAR},
      </if>
      <if test="aliasName != null" >
        #{aliasName,jdbcType=VARCHAR},
      </if>
      <if test="loginId != null" >
        #{loginId,jdbcType=VARCHAR},
      </if>
      <if test="password != null" >
        #{password,jdbcType=VARCHAR},
      </if>
      <if test="mobileNo != null" >
        #{mobileNo,jdbcType=VARCHAR},
      </if>
      <if test="servicePhone != null" >
        #{servicePhone,jdbcType=VARCHAR},
      </if>
      <if test="industryCategoryId != null" >
        #{industryCategoryId,jdbcType=VARCHAR},
      </if>
      <if test="wxCategoryId != null" >
        #{wxCategoryId,jdbcType=VARCHAR},
      </if>
      <if test="wxCategoryName != null" >
        #{wxCategoryName,jdbcType=VARCHAR},
      </if>
      <if test="aliCategoryId != null" >
        #{aliCategoryId,jdbcType=VARCHAR},
      </if>
      <if test="aliCategoryName != null" >
        #{aliCategoryName,jdbcType=VARCHAR},
      </if>
      <if test="email != null" >
        #{email,jdbcType=VARCHAR},
      </if>
      <if test="businessLicense != null" >
        #{businessLicense,jdbcType=VARCHAR},
      </if>
      <if test="businessLicenseType != null" >
        #{businessLicenseType,jdbcType=VARCHAR},
      </if>
      <if test="merchantLicense != null" >
        #{merchantLicense,jdbcType=VARCHAR},
      </if>
      <if test="lxrName != null" >
        #{lxrName,jdbcType=VARCHAR},
      </if>
      <if test="lxrType != null" >
        #{lxrType,jdbcType=VARCHAR},
      </if>
      <if test="idCardNo != null" >
        #{idCardNo,jdbcType=VARCHAR},
      </if>
      <if test="phone != null" >
        #{phone,jdbcType=VARCHAR},
      </if>
      <if test="provinceCode != null" >
        #{provinceCode,jdbcType=VARCHAR},
      </if>
      <if test="cityCode != null" >
        #{cityCode,jdbcType=VARCHAR},
      </if>
      <if test="districtCode != null" >
        #{districtCode,jdbcType=VARCHAR},
      </if>
      <if test="address != null" >
        #{address,jdbcType=VARCHAR},
      </if>
      <if test="remark != null" >
        #{remark,jdbcType=VARCHAR},
      </if>
      <if test="extend1 != null" >
        #{extend1,jdbcType=VARCHAR},
      </if>
      <if test="extend2 != null" >
        #{extend2,jdbcType=VARCHAR},
      </if>
      <if test="extend3 != null" >
        #{extend3,jdbcType=VARCHAR},
      </if>
      <if test="auditStatus != null" >
        #{auditStatus,jdbcType=VARCHAR},
      </if>
      <if test="joinAppId != null" >
        #{joinAppId,jdbcType=VARCHAR},
      </if>
      <if test="joinTimestamp != null" >
        #{joinTimestamp,jdbcType=VARCHAR},
      </if>
      <if test="bankAppId != null" >
        #{bankAppId,jdbcType=VARCHAR},
      </if>
      <if test="feeRateId != null" >
        #{feeRateId,jdbcType=VARCHAR},
      </if>
      <if test="payFeeRateNoWx != null" >
        #{payFeeRateNoWx,jdbcType=VARCHAR},
      </if>
      <if test="feeRateWx != null" >
        #{feeRateWx,jdbcType=VARCHAR},
      </if>
      <if test="payFeeRateNoZfb != null" >
        #{payFeeRateNoZfb,jdbcType=VARCHAR},
      </if>
      <if test="feeRateZfb != null" >
        #{feeRateZfb,jdbcType=VARCHAR},
      </if>
      <if test="accountName != null" >
        #{accountName,jdbcType=VARCHAR},
      </if>
      <if test="accountNo != null" >
        #{accountNo,jdbcType=VARCHAR},
      </if>
      <if test="accountProp != null" >
        #{accountProp,jdbcType=VARCHAR},
      </if>
      <if test="provinceCodeJs != null" >
        #{provinceCodeJs,jdbcType=VARCHAR},
      </if>
      <if test="cityCodeJs != null" >
        #{cityCodeJs,jdbcType=VARCHAR},
      </if>
      <if test="bankBranchNo != null" >
        #{bankBranchNo,jdbcType=VARCHAR},
      </if>
      <if test="bankName != null" >
        #{bankName,jdbcType=VARCHAR},
      </if>
      <if test="bankBranch != null" >
        #{bankBranch,jdbcType=VARCHAR},
      </if>
      <if test="idCardNoJs != null" >
        #{idCardNoJs,jdbcType=VARCHAR},
      </if>
      <if test="aliStatus != null" >
        #{aliStatus,jdbcType=VARCHAR},
      </if>
      <if test="wxStatus != null" >
        #{wxStatus,jdbcType=VARCHAR},
      </if>
      <if test="aliAuditStatus != null" >
        #{aliAuditStatus,jdbcType=VARCHAR},
      </if>
      <if test="wxAuditStatus != null" >
        #{wxAuditStatus,jdbcType=VARCHAR},
      </if>
      <if test="responseUrl != null" >
        #{responseUrl,jdbcType=VARCHAR},
      </if>
      <if test="tranceNo != null" >
        #{tranceNo,jdbcType=VARCHAR},
      </if>
    </trim>
  </insert>
  <update id="updateByPrimaryKeySelective" parameterType="com.uns.organization.modules.organization.entity.ZhaoshangJoin" >
    update ZHAOSHANG_JOIN
    <set >
      <if test="isCommon != null" >
        IS_COMMON = #{isCommon,jdbcType=VARCHAR},
      </if>
      <if test="appId != null" >
        APP_ID = #{appId,jdbcType=VARCHAR},
      </if>
      <if test="timestamp != null" >
        TIMESTAMP = #{timestamp,jdbcType=VARCHAR},
      </if>
      <if test="version != null" >
        VERSION = #{version,jdbcType=VARCHAR},
      </if>
      <if test="outMerchantId != null" >
        OUT_MERCHANT_ID = #{outMerchantId,jdbcType=VARCHAR},
      </if>
      <if test="mchAppId != null" >
        MCH_APP_ID = #{mchAppId,jdbcType=VARCHAR},
      </if>
      <if test="smallMerchantNo != null" >
        SMALL_MERCHANT_NO = #{smallMerchantNo,jdbcType=VARCHAR},
      </if>
      <if test="insNo != null" >
        INS_NO = #{insNo,jdbcType=VARCHAR},
      </if>
      <if test="name != null" >
        NAME = #{name,jdbcType=VARCHAR},
      </if>
      <if test="aliasName != null" >
        ALIAS_NAME = #{aliasName,jdbcType=VARCHAR},
      </if>
      <if test="loginId != null" >
        LOGIN_ID = #{loginId,jdbcType=VARCHAR},
      </if>
      <if test="password != null" >
        PASSWORD = #{password,jdbcType=VARCHAR},
      </if>
      <if test="mobileNo != null" >
        MOBILE_NO = #{mobileNo,jdbcType=VARCHAR},
      </if>
      <if test="servicePhone != null" >
        SERVICE_PHONE = #{servicePhone,jdbcType=VARCHAR},
      </if>
      <if test="industryCategoryId != null" >
        INDUSTRY_CATEGORY_ID = #{industryCategoryId,jdbcType=VARCHAR},
      </if>
      <if test="wxCategoryId != null" >
        WX_CATEGORY_ID = #{wxCategoryId,jdbcType=VARCHAR},
      </if>
      <if test="wxCategoryName != null" >
        WX_CATEGORY_NAME = #{wxCategoryName,jdbcType=VARCHAR},
      </if>
      <if test="aliCategoryId != null" >
        ALI_CATEGORY_ID = #{aliCategoryId,jdbcType=VARCHAR},
      </if>
      <if test="aliCategoryName != null" >
        ALI_CATEGORY_NAME = #{aliCategoryName,jdbcType=VARCHAR},
      </if>
      <if test="email != null" >
        EMAIL = #{email,jdbcType=VARCHAR},
      </if>
      <if test="businessLicense != null" >
        BUSINESS_LICENSE = #{businessLicense,jdbcType=VARCHAR},
      </if>
      <if test="businessLicenseType != null" >
        BUSINESS_LICENSE_TYPE = #{businessLicenseType,jdbcType=VARCHAR},
      </if>
      <if test="merchantLicense != null" >
        MERCHANT_LICENSE = #{merchantLicense,jdbcType=VARCHAR},
      </if>
      <if test="lxrName != null" >
        LXR_NAME = #{lxrName,jdbcType=VARCHAR},
      </if>
      <if test="lxrType != null" >
        LXR_TYPE = #{lxrType,jdbcType=VARCHAR},
      </if>
      <if test="idCardNo != null" >
        ID_CARD_NO = #{idCardNo,jdbcType=VARCHAR},
      </if>
      <if test="phone != null" >
        PHONE = #{phone,jdbcType=VARCHAR},
      </if>
      <if test="provinceCode != null" >
        PROVINCE_CODE = #{provinceCode,jdbcType=VARCHAR},
      </if>
      <if test="cityCode != null" >
        CITY_CODE = #{cityCode,jdbcType=VARCHAR},
      </if>
      <if test="districtCode != null" >
        DISTRICT_CODE = #{districtCode,jdbcType=VARCHAR},
      </if>
      <if test="address != null" >
        ADDRESS = #{address,jdbcType=VARCHAR},
      </if>
      <if test="remark != null" >
        REMARK = #{remark,jdbcType=VARCHAR},
      </if>
      <if test="extend1 != null" >
        EXTEND1 = #{extend1,jdbcType=VARCHAR},
      </if>
      <if test="extend2 != null" >
        EXTEND2 = #{extend2,jdbcType=VARCHAR},
      </if>
      <if test="extend3 != null" >
        EXTEND3 = #{extend3,jdbcType=VARCHAR},
      </if>
      <if test="auditStatus != null" >
        AUDIT_STATUS = #{auditStatus,jdbcType=VARCHAR},
      </if>
      <if test="joinAppId != null" >
        JOIN_APP_ID = #{joinAppId,jdbcType=VARCHAR},
      </if>
      <if test="joinTimestamp != null" >
        JOIN_TIMESTAMP = #{joinTimestamp,jdbcType=VARCHAR},
      </if>
      <if test="bankAppId != null" >
        BANK_APP_ID = #{bankAppId,jdbcType=VARCHAR},
      </if>
      <if test="feeRateId != null" >
        FEE_RATE_ID = #{feeRateId,jdbcType=VARCHAR},
      </if>
      <if test="payFeeRateNoWx != null" >
        PAY_FEE_RATE_NO_WX = #{payFeeRateNoWx,jdbcType=VARCHAR},
      </if>
      <if test="feeRateWx != null" >
        FEE_RATE_WX = #{feeRateWx,jdbcType=VARCHAR},
      </if>
      <if test="payFeeRateNoZfb != null" >
        PAY_FEE_RATE_NO_ZFB = #{payFeeRateNoZfb,jdbcType=VARCHAR},
      </if>
      <if test="feeRateZfb != null" >
        FEE_RATE_ZFB = #{feeRateZfb,jdbcType=VARCHAR},
      </if>
      <if test="accountName != null" >
        ACCOUNT_NAME = #{accountName,jdbcType=VARCHAR},
      </if>
      <if test="accountNo != null" >
        ACCOUNT_NO = #{accountNo,jdbcType=VARCHAR},
      </if>
      <if test="accountProp != null" >
        ACCOUNT_PROP = #{accountProp,jdbcType=VARCHAR},
      </if>
      <if test="provinceCodeJs != null" >
        PROVINCE_CODE_JS = #{provinceCodeJs,jdbcType=VARCHAR},
      </if>
      <if test="cityCodeJs != null" >
        CITY_CODE_JS = #{cityCodeJs,jdbcType=VARCHAR},
      </if>
      <if test="bankBranchNo != null" >
        BANK_BRANCH_NO = #{bankBranchNo,jdbcType=VARCHAR},
      </if>
      <if test="bankName != null" >
        BANK_NAME = #{bankName,jdbcType=VARCHAR},
      </if>
      <if test="bankBranch != null" >
        BANK_BRANCH = #{bankBranch,jdbcType=VARCHAR},
      </if>
      <if test="idCardNoJs != null" >
        ID_CARD_NO_JS = #{idCardNoJs,jdbcType=VARCHAR},
      </if>
      <if test="aliStatus != null" >
        ALI_STATUS = #{aliStatus,jdbcType=VARCHAR},
      </if>
      <if test="wxStatus != null" >
        WX_STATUS = #{wxStatus,jdbcType=VARCHAR},
      </if>
      <if test="aliAuditStatus != null" >
        ALI_AUDIT_STATUS = #{aliAuditStatus,jdbcType=VARCHAR},
      </if>
      <if test="wxAuditStatus != null" >
        WX_AUDIT_STATUS = #{wxAuditStatus,jdbcType=VARCHAR},
      </if>
      <if test="responseUrl != null" >
        RESPONSE_URL = #{responseUrl,jdbcType=VARCHAR},
      </if>
      <if test="tranceNo != null" >
        TRANCE_NO = #{tranceNo,jdbcType=VARCHAR},
      </if>
    </set>
    where ID = #{id,jdbcType=DECIMAL}
  </update>
  <update id="updateByPrimaryKey" parameterType="com.uns.organization.modules.organization.entity.ZhaoshangJoin" >
    update ZHAOSHANG_JOIN
    set IS_COMMON = #{isCommon,jdbcType=VARCHAR},
      APP_ID = #{appId,jdbcType=VARCHAR},
      TIMESTAMP = #{timestamp,jdbcType=VARCHAR},
      VERSION = #{version,jdbcType=VARCHAR},
      OUT_MERCHANT_ID = #{outMerchantId,jdbcType=VARCHAR},
      MCH_APP_ID = #{mchAppId,jdbcType=VARCHAR},
      SMALL_MERCHANT_NO = #{smallMerchantNo,jdbcType=VARCHAR},
      INS_NO = #{insNo,jdbcType=VARCHAR},
      NAME = #{name,jdbcType=VARCHAR},
      ALIAS_NAME = #{aliasName,jdbcType=VARCHAR},
      LOGIN_ID = #{loginId,jdbcType=VARCHAR},
      PASSWORD = #{password,jdbcType=VARCHAR},
      MOBILE_NO = #{mobileNo,jdbcType=VARCHAR},
      SERVICE_PHONE = #{servicePhone,jdbcType=VARCHAR},
      INDUSTRY_CATEGORY_ID = #{industryCategoryId,jdbcType=VARCHAR},
      WX_CATEGORY_ID = #{wxCategoryId,jdbcType=VARCHAR},
      WX_CATEGORY_NAME = #{wxCategoryName,jdbcType=VARCHAR},
      ALI_CATEGORY_ID = #{aliCategoryId,jdbcType=VARCHAR},
      ALI_CATEGORY_NAME = #{aliCategoryName,jdbcType=VARCHAR},
      EMAIL = #{email,jdbcType=VARCHAR},
      BUSINESS_LICENSE = #{businessLicense,jdbcType=VARCHAR},
      BUSINESS_LICENSE_TYPE = #{businessLicenseType,jdbcType=VARCHAR},
      MERCHANT_LICENSE = #{merchantLicense,jdbcType=VARCHAR},
      LXR_NAME = #{lxrName,jdbcType=VARCHAR},
      LXR_TYPE = #{lxrType,jdbcType=VARCHAR},
      ID_CARD_NO = #{idCardNo,jdbcType=VARCHAR},
      PHONE = #{phone,jdbcType=VARCHAR},
      PROVINCE_CODE = #{provinceCode,jdbcType=VARCHAR},
      CITY_CODE = #{cityCode,jdbcType=VARCHAR},
      DISTRICT_CODE = #{districtCode,jdbcType=VARCHAR},
      ADDRESS = #{address,jdbcType=VARCHAR},
      REMARK = #{remark,jdbcType=VARCHAR},
      EXTEND1 = #{extend1,jdbcType=VARCHAR},
      EXTEND2 = #{extend2,jdbcType=VARCHAR},
      EXTEND3 = #{extend3,jdbcType=VARCHAR},
      AUDIT_STATUS = #{auditStatus,jdbcType=VARCHAR},
      JOIN_APP_ID = #{joinAppId,jdbcType=VARCHAR},
      JOIN_TIMESTAMP = #{joinTimestamp,jdbcType=VARCHAR},
      BANK_APP_ID = #{bankAppId,jdbcType=VARCHAR},
      FEE_RATE_ID = #{feeRateId,jdbcType=VARCHAR},
      PAY_FEE_RATE_NO_WX = #{payFeeRateNoWx,jdbcType=VARCHAR},
      FEE_RATE_WX = #{feeRateWx,jdbcType=VARCHAR},
      PAY_FEE_RATE_NO_ZFB = #{payFeeRateNoZfb,jdbcType=VARCHAR},
      FEE_RATE_ZFB = #{feeRateZfb,jdbcType=VARCHAR},
      ACCOUNT_NAME = #{accountName,jdbcType=VARCHAR},
      ACCOUNT_NO = #{accountNo,jdbcType=VARCHAR},
      ACCOUNT_PROP = #{accountProp,jdbcType=VARCHAR},
      PROVINCE_CODE_JS = #{provinceCodeJs,jdbcType=VARCHAR},
      CITY_CODE_JS = #{cityCodeJs,jdbcType=VARCHAR},
      BANK_BRANCH_NO = #{bankBranchNo,jdbcType=VARCHAR},
      BANK_NAME = #{bankName,jdbcType=VARCHAR},
      BANK_BRANCH = #{bankBranch,jdbcType=VARCHAR},
      ID_CARD_NO_JS = #{idCardNoJs,jdbcType=VARCHAR},
      ALI_STATUS = #{aliStatus,jdbcType=VARCHAR},
      WX_STATUS = #{wxStatus,jdbcType=VARCHAR},
      ALI_AUDIT_STATUS = #{aliAuditStatus,jdbcType=VARCHAR},
      WX_AUDIT_STATUS = #{wxAuditStatus,jdbcType=VARCHAR},
      RESPONSE_URL = #{responseUrl,jdbcType=VARCHAR},
      TRANCE_NO = #{tranceNo,jdbcType=VARCHAR}
    where ID = #{id,jdbcType=DECIMAL}
  </update>
  
    <!-- 查询商户报件列表 -->
  <select id="findCustomerReportList" parameterType="com.uns.organization.modules.organization.web.form.ReportForm" resultType="com.uns.organization.modules.organization.entity.ZhaoshangJoin">
  	select 
  	zsj.id,
  	zsj.small_merchant_no,
  	zsj.name,
  	ins.ins_name,
  	c.pay_type,
  	zsj.audit_status,
  	zsj.create_time
  	from zhaoshang_join zsj
  	left join customer c
  	on c.small_merch_no = zsj.small_merchant_no
  	left join institution ins
  	on ins.ins_no = zsj.ins_no
  	where 1=1
  	<if test="smallMerchantNo != null and smallMerchantNo != ''">
  		and zsj.small_merchant_no=#{smallMerchantNo, jdbcType=VARCHAR}
  	</if>
  	<if test="name != null and name != ''">
  		and zsj.name=#{name, jdbcType=VARCHAR}
  	</if>
  	<if test="insNo != null and insNo != ''">
  		and zsj.ins_no=#{insNo, jdbcType=VARCHAR}
  	</if>
  	<if test="payType != null and payType != ''">
  		and c.pay_type=#{payType, jdbcType=VARCHAR}
  	</if>
  	<if test="auditStatus != null and auditStatus != ''">
  		and zsj.audit_status=#{auditStatus, jdbcType=VARCHAR}
  	</if>
  	<if test="createTimeStart != null and createTimeStart != ''">
  		and zsj.create_time <![CDATA[>=]]> to_date(#{createTimeStart, jdbcType=VARCHAR}, 'yyyy-MM-dd hh24:mi:ss')
  	</if>
  	<if test="createTimeEnd != null and createTimeEnd != ''">
  		and zsj.create_time <![CDATA[<=]]> to_date(#{createTimeEnd, jdbcType=VARCHAR} || ' 23:59:59', 'yyyy-MM-dd hh24:mi:ss')
  	</if>
  	order by zsj.id
  </select>
  
  <!-- 查询商户报件详情 -->
  <select id="findCustomerReportDetails" parameterType="com.uns.organization.modules.organization.web.form.ReportForm" resultMap="BaseResultMap">
  	select 
  	<include refid="Base_Column_List"/>
  	from zhaoshang_join
  	where id=#{zsjid, jdbcType=DECIMAL}
  </select>
  
  <update id="updateAuditStatus" parameterType="com.uns.organization.modules.organization.web.form.ReportForm">
  	update zhaoshang_join
  	<set>
  		audit_status=#{auditStatus, jdbcType=VARCHAR}
  	</set>
  	where id=#{zsjid, jdbcType=DECIMAL}
  </update>
</mapper>