<?xml version="1.0" encoding="UTF-8"?>
<beans xmlns="http://www.springframework.org/schema/beans"
	xmlns:xsi="http://www.w3.org/2001/XMLSchema-instance" xmlns:aop="http://www.springframework.org/schema/aop"
	xmlns:context="http://www.springframework.org/schema/context"
	xmlns:jdbc="http://www.springframework.org/schema/jdbc" xmlns:tx="http://www.springframework.org/schema/tx"
	xmlns:jpa="http://www.springframework.org/schema/data/jpa"
	xsi:schemaLocation="
		http://www.springframework.org/schema/beans http://www.springframework.org/schema/beans/spring-beans-3.1.xsd
		http://www.springframework.org/schema/aop http://www.springframework.org/schema/aop/spring-aop-3.1.xsd
		http://www.springframework.org/schema/context http://www.springframework.org/schema/context/spring-context-3.1.xsd
		http://www.springframework.org/schema/jdbc http://www.springframework.org/schema/jdbc/spring-jdbc-3.1.xsd
		http://www.springframework.org/schema/tx http://www.springframework.org/schema/tx/spring-tx-3.1.xsd
		http://www.springframework.org/schema/data/jpa http://www.springframework.org/schema/data/jpa/spring-jpa.xsd"
	default-lazy-init="false" default-autowire="byName">

	
	<description>Spring公共配置</description>
	<!--引用參數平台 -->
	<import resource="classpath*:/context/acms-client.xml" />

	<bean class="com.uns.inf.acms.client.config.ConfigInitLoadingConfigurer"
		parent="baseConfigurer" lazy-init="false">
		<!-- 应用的名称 -->
		<property name="appName" value="mpos.image_pos" />
		<!-- 应用的环境local、dev、sit、uat、prd -->
		<property name="appEnv" value="mpos.image_pos.${maven.profiles.env}" />
		<!--参数前缀去除 -->
		<property name="prefixStripKeys">
			<list>
				<value>mpos.image_pos.${maven.profiles.env}</value>
			</list>
		</property>
		<!-- 必须以inf.acms,开头，多个以逗号隔开，inf.sms说明以 inf.sms自动加载 -->
		<property name="keyPatterns"
			value="inf.acms,mpos.image_pos.${maven.profiles.env}" />
	</bean>

	<bean id="dataSource" class="com.mchange.v2.c3p0.ComboPooledDataSource" destroy-method="close"> 
		<property name="driverClass" value="oracle.jdbc.driver.OracleDriver" /> 
		<property name="jdbcUrl" value="${datasource.url}"/> 
		<property name="user" value="${datasource.username}" /> 
		<property name="password" value="${datasource.password}" /> 
		<property name="minPoolSize" value="10" /> 
		<property name="maxPoolSize" value="50" /> 
		<property name="initialPoolSize" value="10" /> 
		<property name="maxIdleTime" value="60" /> 
		<property name="idleConnectionTestPeriod" value="60" /> 
		<property name="checkoutTimeout" value="60000"/>  
	</bean>
	
	<bean id="paginationInterceptor" class="com.uns.common.interceptor.PaginationInterceptor"></bean>

	<!-- MyBatis配置 -->
	<bean id="sessionFactory" class="org.mybatis.spring.SqlSessionFactoryBean">
		<property name="dataSource" ref="dataSource" />
		<!-- 自动扫描entity目录, 省掉Configuration.xml里的手工配置 -->
		<property name="typeAliasesPackage" value="com.uns.model" />
		<!-- 显式指定Mapper文件位置 -->
		<property name="mapperLocations" value="classpath:/mybatis/*Mapper.xml" />
		<!-- 分页 -->
		<property name="plugins">
			<ref bean="paginationInterceptor" />
		</property>

	</bean>


	<!-- 扫描basePackage下所有以@MyBatisRepository标识的 接口 -->
	<bean class="org.mybatis.spring.mapper.MapperScannerConfigurer">
		<property name="basePackage" value="com.uns.dao" />
		<property name="annotationClass" value="org.springframework.stereotype.Repository" />
	</bean>

	<!-- 事务管理器, Jdbc单数据源事务 -->
	<bean id="transactionManager"
		class="org.springframework.jdbc.datasource.DataSourceTransactionManager">
		<property name="dataSource" ref="dataSource" />
	</bean>


	<!-- 使用annotation定义事务 -->
	<tx:annotation-driven transaction-manager="transactionManager" />

	<!-- 定义aspectj -->
	<!-- <aop:aspectj-autoproxy proxy-target-class="true" /> -->

	<aop:config>
		<aop:advisor pointcut="execution(* com..service..*Service.*(..))"
			advice-ref="txAdvice" />
		<aop:advisor pointcut="execution(* com..web..*Controller.*(..))"
			advice-ref="txAdvice" />
	</aop:config>

	<tx:advice id="txAdvice">
		<tx:attributes>
			<tx:method name="*" read-only="true" />
			<tx:method name="get*" read-only="true" />
			<tx:method name="load*" read-only="true" />
			<tx:method name="paging*" read-only="true" />
			<tx:method name="find*" read-only="true" />
			<tx:method name="save*" rollback-for="Exception" />
			<tx:method name="edit*" rollback-for="Exception" />
			<tx:method name="create*" rollback-for="Exception" />
			<tx:method name="update*" rollback-for="Exception" />
			<tx:method name="remove*" rollback-for="Exception" />
			<tx:method name="del*" rollback-for="Exception" />
		</tx:attributes>
	</tx:advice>


	<bean id="messageSource"
		class="org.springframework.context.support.ResourceBundleMessageSource"
		scope="singleton">
		<property name="useCodeAsDefaultMessage" value="true" />
		<property name="basenames">
			<list>
				<value>messages</value>
			</list>
		</property>
	</bean>
	
	
	
	<!-- 使用annotation 自动注册bean,并检查@Required,@Autowired的属性已被注入 -->
	<context:annotation-config />
	<context:component-scan base-package="com.uns" />


</beans>