<?xml version="1.0" encoding="UTF-8"?>
<!DOCTYPE generatorConfiguration
  PUBLIC "-//mybatis.org//DTD MyBatis Generator Configuration 1.0//EN"
  "http://mybatis.org/dtd/mybatis-generator-config_1_0.dtd">

<generatorConfiguration>
  <classPathEntry location="E:\lib\ojdbc14.jar" />

  <context id="DB2Tables" targetRuntime="MyBatis3">
    <jdbcConnection driverClass="oracle.jdbc.driver.OracleDriver"
        connectionURL="jdbc:oracle:thin:@172.22.20.106:1521:mpos"
        userId="insqrcode"
        password="123456">
    </jdbcConnection>

   <commentGenerator>  
        <!-- 是否去除自动生成的注释 true：是 ： false:否 -->  
        <property name="suppressAllComments" value="true"/>  
    </commentGenerator>  
    <javaTypeResolver >
      <property name="forceBigDecimals" value="false" />
    </javaTypeResolver>

    <javaModelGenerator targetPackage="com.uns.model" targetProject=".\src\main\java\">
      <property name="enableSubPackages" value="false" />
      <property name="trimStrings" value="true" />
    </javaModelGenerator>

    <sqlMapGenerator targetPackage="mybatis"  targetProject=".\src\main\resources\">
      <property name="enableSubPackages" value="false" />
    </sqlMapGenerator>

    <javaClientGenerator type="XMLMAPPER" targetPackage="com.uns.dao"  targetProject=".\src\main\java\">
      <property name="enableSubPackages" value="false" />
    </javaClientGenerator>

  </context>
</generatorConfiguration>