<?xml version="1.0" encoding="UTF-8" ?>
<!DOCTYPE mapper PUBLIC "-//mybatis.org//DTD Mapper 3.0//EN" "http://mybatis.org/dtd/mybatis-3-mapper.dtd">
<mapper namespace="com.uns.organization.modules.sys.dao.LogDao">
    
	<select id="findList" resultType="Log">
		SELECT 
			a.*,
			u.id AS "createBy.id",
			u.name AS "createBy.name"
			
		FROM sys_log a
		JOIN sys_user u ON u.id = a.create_by
		WHERE a.create_date BETWEEN #{beginDate} AND #{endDate}
		<if test="title != null and title != ''">
			AND a.title LIKE '%'||#{title}||'%'
		</if>
		<if test="createBy != null and createBy.id != null and createBy.id != ''">
			AND a.create_by = #{createBy.id}
		</if>
		<if test="requestUri != null and requestUri != ''">
			AND a.request_uri LIKE '%'||#{requestUri}||'%'		
		</if>
		<if test="exception != null and exception != ''">
			AND a.type = #{TYPE_EXCEPTION}
		</if>
		ORDER BY a.create_date DESC
	</select>
	
	<insert id="insert">
		INSERT INTO sys_log(
			id, 
			type, 
			title,
			create_by, 
			create_date, 
			remote_addr, 
			user_agent, 
			request_uri, 
			method, 
			params, 
			exception
		) VALUES (
			#{id}, 
			#{type}, 
			#{title}, 
			#{createBy.id}, 
			#{createDate,jdbcType=TIMESTAMP}, 
			#{remoteAddr}, 
			#{userAgent}, 
			#{requestUri}, 
			#{method}, 
			#{params}, 
			#{exception}
		)
	</insert>
	
</mapper>