<?xml version="1.0" encoding="UTF-8" ?>
<!DOCTYPE mapper PUBLIC "-//mybatis.org//DTD Mapper 3.0//EN" "http://mybatis.org/dtd/mybatis-3-mapper.dtd" >
<mapper namespace="com.uns.dao.ImageMapper" >
  <resultMap id="BaseResultMap" type="com.uns.model.Image" >
    <id column="UUID_TMP" property="uuid" jdbcType="VARCHAR" />
    <result column="IMAGE_NAME" property="imageName" jdbcType="VARCHAR" />
    <result column="IMAGE_PATH" property="imagePath" jdbcType="VARCHAR" />
    <result column="MODULE_NAME" property="moduleName" jdbcType="VARCHAR" />
    <result column="CREATE_DATE" property="createDate" jdbcType="TIMESTAMP" />
    <result column="UPDATE_DATE" property="updateDate" jdbcType="TIMESTAMP" />
    <result column="IMAGE_FROM" property="imageFrom" jdbcType="VARCHAR" />
  </resultMap>
 
  <sql id="Base_Column_List" >
    UUID, IMAGE_NAME, IMAGE_PATH, MODULE_NAME, CREATE_DATE, UPDATE_DATE, IMAGE_FROM
  </sql>
 
  <select id="selectByPrimaryKey" resultMap="BaseResultMap" parameterType="byte[]" >
    select 
    <include refid="Base_Column_List" />
    from IMAGE
    where UUID = #{uuid,jdbcType=VARCHAR}
  </select>
  <delete id="deleteByPrimaryKey" parameterType="byte[]" >
    delete from IMAGE
    where UUID = #{uuid,jdbcType=VARCHAR}
  </delete>
  
  <insert id="insert" parameterType="com.uns.model.Image" >
    insert into IMAGE (UUID, IMAGE_NAME, IMAGE_PATH, 
      MODULE_NAME, CREATE_DATE, UPDATE_DATE, 
      IMAGE_FROM)
    values (#{uuid,jdbcType=VARCHAR}, #{imageName,jdbcType=VARCHAR}, #{imagePath,jdbcType=VARCHAR}, 
      #{moduleName,jdbcType=VARCHAR}, #{createDate,jdbcType=TIMESTAMP}, #{updateDate,jdbcType=TIMESTAMP},
      #{imageFrom,jdbcType=VARCHAR})
  </insert>
  <insert id="insertSelective" parameterType="com.uns.model.Image" >
    insert into IMAGE
    <trim prefix="(" suffix=")" suffixOverrides="," >
      
        UUID,
      
      <if test="imageName != null" >
        IMAGE_NAME,
      </if>
      <if test="imagePath != null" >
        IMAGE_PATH,
      </if>
      <if test="moduleName != null" >
        MODULE_NAME,
      </if>
      <if test="createDate != null" >
        CREATE_DATE,
      </if>
      <if test="updateDate != null" >
        UPDATE_DATE,
      </if>
      <if test="imageFrom != null" >
        IMAGE_FROM,
      </if>
    </trim>
    <trim prefix="values (" suffix=")" suffixOverrides="," >
     	sys_guid(),
      <if test="imageName != null" >
        #{imageName,jdbcType=VARCHAR},
      </if>
      <if test="imagePath != null" >
        #{imagePath,jdbcType=VARCHAR},
      </if>
      <if test="moduleName != null" >
        #{moduleName,jdbcType=VARCHAR},
      </if>
      <if test="createDate != null" >
        #{createDate,jdbcType=TIMESTAMP},
      </if>
      <if test="updateDate != null" >
        #{updateDate,jdbcType=TIMESTAMP},
      </if>
      <if test="imageFrom != null" >
        #{imageFrom,jdbcType=VARCHAR},
      </if>
    </trim>
  </insert>
  <insert id="insertInsSelective" parameterType="com.uns.model.Image" >
    insert into INS_IMAGE
    <trim prefix="(" suffix=")" suffixOverrides="," >
      <if test="uuid != null">
        UUID,
      </if>
      <if test="imageName != null" >
        IMAGE_NAME,
      </if>
      <if test="imagePath != null" >
        IMAGE_PATH,
      </if>
      <if test="moduleName != null" >
        MODULE_NAME,
      </if>
      <if test="createDate != null" >
        CREATE_DATE,
      </if>
      <if test="updateDate != null" >
        UPDATE_DATE,
      </if>
      <if test="imageFrom != null" >
        IMAGE_FROM,
      </if>
    </trim>
    <trim prefix="values (" suffix=")" suffixOverrides="," >
      <if test="uuid != null">
        #{uuid,jdbcType=VARCHAR},
      </if>
      <if test="imageName != null" >
        #{imageName,jdbcType=VARCHAR},
      </if>
      <if test="imagePath != null" >
        #{imagePath,jdbcType=VARCHAR},
      </if>
      <if test="moduleName != null" >
        #{moduleName,jdbcType=VARCHAR},
      </if>
      <if test="createDate != null" >
        #{createDate,jdbcType=TIMESTAMP},
      </if>
      <if test="updateDate != null" >
        #{updateDate,jdbcType=TIMESTAMP},
      </if>
      <if test="imageFrom != null" >
        #{imageFrom,jdbcType=VARCHAR},
      </if>
    </trim>
  </insert>
 
  <update id="updateByPrimaryKeySelective" parameterType="com.uns.model.Image" >
    update IMAGE
    <set >
      <if test="imageName != null" >
        IMAGE_NAME = #{imageName,jdbcType=VARCHAR},
      </if>
      <if test="imagePath != null" >
        IMAGE_PATH = #{imagePath,jdbcType=VARCHAR},
      </if>
      <if test="moduleName != null" >
        MODULE_NAME = #{moduleName,jdbcType=VARCHAR},
      </if>
      <if test="createDate != null" >
        CREATE_DATE = #{createDate,jdbcType=TIMESTAMP},
      </if>
      <if test="updateDate != null" >
        UPDATE_DATE = #{updateDate,jdbcType=TIMESTAMP},
      </if>
      <if test="imageFrom != null" >
        IMAGE_FROM = #{imageFrom,jdbcType=VARCHAR},
      </if>
    </set>
    where UUID = #{uuid,jdbcType=VARCHAR}
  </update>
  <update id="updateByPrimaryKey" parameterType="com.uns.model.Image" >
    update IMAGE
    set IMAGE_NAME = #{imageName,jdbcType=VARCHAR},
      IMAGE_PATH = #{imagePath,jdbcType=VARCHAR},
      MODULE_NAME = #{moduleName,jdbcType=VARCHAR},
      CREATE_DATE = #{createDate,jdbcType=TIMESTAMP},
      UPDATE_DATE = #{updateDate,jdbcType=TIMESTAMP},
      IMAGE_FROM = #{imageFrom,jdbcType=VARCHAR}
    where UUID = #{uuid,jdbcType=VARCHAR}
  </update>
  
   <select id="getImageByName" resultMap="BaseResultMap" parameterType="java.lang.String" >
    select 
    <include refid="Base_Column_List" />
    from IMAGE
    where IMAGE_NAME = #{imageName,jdbcType=VARCHAR}
  </select>
</mapper>