<?xml version="1.0" encoding="UTF-8" ?>
<!DOCTYPE mapper PUBLIC "-//mybatis.org//DTD Mapper 3.0//EN" "http://mybatis.org/dtd/mybatis-3-mapper.dtd" >
<mapper namespace="com.uns.dao.MtImagePosMapper" >
  <resultMap id="BaseResultMap" type="com.uns.model.MtImagePos" >
    <id column="ID" property="id" jdbcType="DECIMAL" />
    <result column="TRAN_ID" property="tranId" jdbcType="VARCHAR" />
    <result column="TRAN_NO" property="tranNo" jdbcType="VARCHAR" />
    <result column="TRAN_TYPE" property="tranType" jdbcType="VARCHAR" />
    <result column="TRAN_FLAG" property="tranFlag" jdbcType="VARCHAR" />
    <result column="TRAN_DATE" property="tranDate" jdbcType="VARCHAR" />
    <result column="TRAN_TIME" property="tranTime" jdbcType="VARCHAR" />
    <result column="MERCHANT_NO" property="merchantNo" jdbcType="VARCHAR" />
    <result column="TERMINAL_NO" property="terminalNo" jdbcType="VARCHAR" />
    <result column="CREATE_DATE" property="createDate" jdbcType="DATE" />
    <result column="UPDATE_DATE" property="updateDate" jdbcType="DATE" />
    <result column="IMAGE_URL" property="imageUrl" jdbcType="VARCHAR" />
    <result column="IMAGE_NAME" property="imageName" jdbcType="VARCHAR" />
    <result column="IMAGE_UUID" property="imageUuid" jdbcType="VARCHAR" />
    <result column="P_IMAGE_URL" property="pImageUrl" jdbcType="VARCHAR" />
    <result column="P_IMAGE_NAME" property="pImageName" jdbcType="VARCHAR" />
    <result column="P_IMAGE_UUID" property="pImageUuid" jdbcType="VARCHAR" />
    <result column="LONGITUDE" property="longitude" jdbcType="VARCHAR" />
    <result column="LATITUDE" property="latitude" jdbcType="VARCHAR" />
    
  </resultMap>
 
 
  <sql id="Base_Column_List" >
    ID, TRAN_ID, TRAN_NO, TRAN_TYPE, TRAN_FLAG, TRAN_DATE, TRAN_TIME, MERCHANT_NO, TERMINAL_NO, 
    CREATE_DATE, UPDATE_DATE, IMAGE_URL, IMAGE_NAME,IMAGE_UUID,P_IMAGE_URL,P_IMAGE_NAME,P_IMAGE_UUID,
    LONGITUDE,LATITUDE
  </sql>
 
  <select id="selectByPrimaryKey" resultMap="BaseResultMap" parameterType="java.math.BigDecimal" >
    select 
    <include refid="Base_Column_List" />
    from MT_IMAGE_POS
    where ID = #{id,jdbcType=DECIMAL}
  </select>
  
  <select id="getImageByTranId" resultMap="BaseResultMap" parameterType="java.lang.String" >
    select 
    <include refid="Base_Column_List" />
    from MT_IMAGE_POS
    where TRAN_ID = #{tranId,jdbcType=VARCHAR}
  </select>
  
  <delete id="deleteByPrimaryKey" parameterType="java.math.BigDecimal" >
    delete from MT_IMAGE_POS
    where ID = #{id,jdbcType=DECIMAL}
  </delete>
  
  <insert id="insert" parameterType="com.uns.model.MtImagePos" >
    insert into MT_IMAGE_POS (ID, TRAN_ID, TRAN_NO, 
      TRAN_TYPE, TRAN_FLAG, TRAN_DATE, 
      TRAN_TIME, MERCHANT_NO, TERMINAL_NO, 
      CREATE_DATE, UPDATE_DATE, IMAGE_URL, 
      IMAGE_NAME,IMAGE_UUID,P_IMAGE_URL,
      P_IMAGE_NAME,P_IMAGE_UUID,LONGITUDE,LATITUDE)
    values (#{id,jdbcType=DECIMAL}, #{tranId,jdbcType=VARCHAR}, #{tranNo,jdbcType=VARCHAR}, 
      #{tranType,jdbcType=VARCHAR}, #{tranFlag,jdbcType=VARCHAR}, #{tranDate,jdbcType=VARCHAR}, 
      #{tranTime,jdbcType=VARCHAR}, #{merchantNo,jdbcType=VARCHAR}, #{terminalNo,jdbcType=VARCHAR}, 
      #{createDate,jdbcType=DATE}, #{updateDate,jdbcType=DATE}, #{imageUrl,jdbcType=VARCHAR}, 
      #{imageName,jdbcType=VARCHAR},#{imageUuid,jdbcType=VARCHAR},
      #{pImageUrl,jdbcType=VARCHAR},#{pImageName,jdbcType=VARCHAR},
      #{pImageUuid,jdbcType=VARCHAR}, #{longitude,jdbcType=VARCHAR} #{latitude,jdbcType=VARCHAR})
  </insert>
  <insert id="insertSelective" parameterType="com.uns.model.MtImagePos" >
    insert into MT_IMAGE_POS
    <trim prefix="(" suffix=")" suffixOverrides="," >
        ID,
      <if test="tranId != null" >
        TRAN_ID,
      </if>
      <if test="tranNo != null" >
        TRAN_NO,
      </if>
      <if test="tranType != null" >
        TRAN_TYPE,
      </if>
      <if test="tranFlag != null" >
        TRAN_FLAG,
      </if>
      <if test="tranDate != null" >
        TRAN_DATE,
      </if>
      <if test="tranTime != null" >
        TRAN_TIME,
      </if>
      <if test="merchantNo != null" >
        MERCHANT_NO,
      </if>
      <if test="terminalNo != null" >
        TERMINAL_NO,
      </if>
      <if test="createDate != null" >
        CREATE_DATE,
      </if>
      <if test="updateDate != null" >
        UPDATE_DATE,
      </if>
      <if test="imageUrl != null" >
        IMAGE_URL,
      </if>
      <if test="imageName != null" >
        IMAGE_NAME,
      </if>
        IMAGE_UUID,
      <if test="pImageUrl != null" >
        P_IMAGE_URL,
      </if>
      <if test="pImageName != null" >
        P_IMAGE_NAME,
      </if>
      <if test="pImageName != null" >
        P_IMAGE_UUID,
      </if>
       <if test="longitude != null" >
        LONGITUDE,
      </if>
       <if test="latitude != null" >
        LATITUDE,
      </if>
    </trim>
   
    <trim prefix="values (" suffix=")" suffixOverrides="," >
        SEQ_IMAGE.Nextval,
      <if test="tranId != null" >
        #{tranId,jdbcType=VARCHAR},
      </if>
      <if test="tranNo != null" >
        #{tranNo,jdbcType=VARCHAR},
      </if>
      <if test="tranType != null" >
        #{tranType,jdbcType=VARCHAR},
      </if>
      <if test="tranFlag != null" >
        #{tranFlag,jdbcType=VARCHAR},
      </if>
      <if test="tranDate != null" >
        #{tranDate,jdbcType=VARCHAR},
      </if>
      <if test="tranTime != null" >
        #{tranTime,jdbcType=VARCHAR},
      </if>
      <if test="merchantNo != null" >
        #{merchantNo,jdbcType=VARCHAR},
      </if>
      <if test="terminalNo != null" >
        #{terminalNo,jdbcType=VARCHAR},
      </if>
      <if test="createDate != null" >
        #{createDate,jdbcType=DATE},
      </if>
      <if test="updateDate != null" >
        #{updateDate,jdbcType=DATE},
      </if>
      <if test="imageUrl != null" >
        #{imageUrl,jdbcType=VARCHAR},
      </if>
       <if test="imageName != null" >
        #{imageName,jdbcType=VARCHAR},
      </if>
      sys_guid(),
      <if test="pImageUrl != null" >
        #{pImageUrl,jdbcType=VARCHAR},
      </if>
       <if test="pImageName != null" >
       #{pImageName,jdbcType=VARCHAR},
       
      </if>
       <if test="pImageName != null" >
        sys_guid(),
      </if>
       <if test="longitude != null" >
       #{longitude,jdbcType=VARCHAR},
      </if>
       <if test="latitude != null" >
       #{latitude,jdbcType=VARCHAR},
      </if>
    </trim>
  </insert>



  <update id="updateByPrimaryKeySelective" parameterType="com.uns.model.MtImagePos" >
    update MT_IMAGE_POS
    <set >
      <if test="tranId != null" >
        TRAN_ID = #{tranId,jdbcType=VARCHAR},
      </if>
      <if test="tranNo != null" >
        TRAN_NO = #{tranNo,jdbcType=VARCHAR},
      </if>
      <if test="tranType != null" >
        TRAN_TYPE = #{tranType,jdbcType=VARCHAR},
      </if>
      <if test="tranFlag != null" >
        TRAN_FLAG = #{tranFlag,jdbcType=VARCHAR},
      </if>
      <if test="tranDate != null" >
        TRAN_DATE = #{tranDate,jdbcType=VARCHAR},
      </if>
      <if test="tranTime != null" >
        TRAN_TIME = #{tranTime,jdbcType=VARCHAR},
      </if>
      <if test="merchantNo != null" >
        MERCHANT_NO = #{merchantNo,jdbcType=VARCHAR},
      </if>
      <if test="terminalNo != null" >
        TERMINAL_NO = #{terminalNo,jdbcType=VARCHAR},
      </if>
      <if test="createDate != null" >
        CREATE_DATE = #{createDate,jdbcType=DATE},
      </if>
      <if test="updateDate != null" >
        UPDATE_DATE = #{updateDate,jdbcType=DATE},
      </if>
      <if test="imageUrl != null" >
        IMAGE_URL = #{imageUrl,jdbcType=VARCHAR},
      </if>
      <if test="imageName != null" >
        IMAGE_NAME = #{imageName,jdbcType=VARCHAR},
      </if>
      <if test="imageUuid != null" >
        IMAGE_UUID = #{imageUuid,jdbcType=VARCHAR},
      </if>
       <if test="longitude != null" >
       	LONGITUDE=#{longitude,jdbcType=VARCHAR},
      </if>
       <if test="latitude != null" >
       	LATITUDE=#{latitude,jdbcType=VARCHAR},
      </if>
    </set>
    where ID = #{id,jdbcType=DECIMAL}
  </update>
  <update id="updateByPrimaryKey" parameterType="com.uns.model.MtImagePos" >
    update MT_IMAGE_POS
    set TRAN_ID = #{tranId,jdbcType=VARCHAR},
      TRAN_NO = #{tranNo,jdbcType=VARCHAR},
      TRAN_TYPE = #{tranType,jdbcType=VARCHAR},
      TRAN_FLAG = #{tranFlag,jdbcType=VARCHAR},
      TRAN_DATE = #{tranDate,jdbcType=VARCHAR},
      TRAN_TIME = #{tranTime,jdbcType=VARCHAR},
      MERCHANT_NO = #{merchantNo,jdbcType=VARCHAR},
      TERMINAL_NO = #{terminalNo,jdbcType=VARCHAR},
      CREATE_DATE = #{createDate,jdbcType=DATE},
      UPDATE_DATE = #{updateDate,jdbcType=DATE},
      IMAGE_URL = #{imageUrl,jdbcType=VARCHAR},
	  IMAGE_UUID = #{imageUuid,jdbcType=VARCHAR},
	  LONGITUDE=#{longitude,jdbcType=VARCHAR},
	  LATITUDE=#{latitude,jdbcType=VARCHAR},
    where ID = #{id,jdbcType=DECIMAL}
  </update>
</mapper>