<?xml version="1.0" encoding="UTF-8" ?>
<!DOCTYPE mapper PUBLIC "-//mybatis.org//DTD Mapper 3.0//EN" "http://mybatis.org/dtd/mybatis-3-mapper.dtd" >
<mapper namespace="com.uns.dao.B2cDictMapper" >
  <resultMap id="BaseResultMap" type="com.uns.model.B2cDict" >
    <id column="B2C_DICT_ID" property="b2cDictId" jdbcType="DECIMAL" />
    <result column="DICT" property="dict" jdbcType="VARCHAR" />
    <result column="DICTCLSID" property="dictclsid" jdbcType="VARCHAR" />
    <result column="DICTCLS" property="dictcls" jdbcType="VARCHAR" />
    <result column="DICTID" property="dictid" jdbcType="VARCHAR" />
    <result column="GBID" property="gbid" jdbcType="VARCHAR" />
    <result column="SORT" property="sort" jdbcType="DECIMAL" />
    <result column="NOTE" property="note" jdbcType="VARCHAR" />
    <result column="IFSTOP" property="ifstop" jdbcType="DECIMAL" />
  </resultMap>

  <sql id="Base_Column_List" >
    B2C_DICT_ID, DICT, DICTCLSID, DICTCLS, DICTID, GBID, SORT, NOTE, IFSTOP
  </sql>
  <select id="selectByPrimaryKey" resultMap="BaseResultMap" parameterType="java.math.BigDecimal" >
    select 
    <include refid="Base_Column_List" />
    from B2C_DICT
    where B2C_DICT_ID = #{b2cDictId,jdbcType=DECIMAL}
  </select>
  <delete id="deleteByPrimaryKey" parameterType="java.math.BigDecimal" >
    delete from B2C_DICT
    where B2C_DICT_ID = #{b2cDictId,jdbcType=DECIMAL}
  </delete>
  <insert id="insert" parameterType="com.uns.model.B2cDict" >
    insert into B2C_DICT (B2C_DICT_ID, DICT, DICTCLSID, 
      DICTCLS, DICTID, GBID, 
      SORT, NOTE, IFSTOP)
    values (#{b2cDictId,jdbcType=DECIMAL}, #{dict,jdbcType=VARCHAR}, #{dictclsid,jdbcType=VARCHAR}, 
      #{dictcls,jdbcType=VARCHAR}, #{dictid,jdbcType=VARCHAR}, #{gbid,jdbcType=VARCHAR}, 
      #{sort,jdbcType=DECIMAL}, #{note,jdbcType=VARCHAR}, #{ifstop,jdbcType=DECIMAL})
  </insert>
  <insert id="insertSelective" parameterType="com.uns.model.B2cDict" >
    insert into B2C_DICT
    <trim prefix="(" suffix=")" suffixOverrides="," >
      <if test="b2cDictId != null" >
        B2C_DICT_ID,
      </if>
      <if test="dict != null" >
        DICT,
      </if>
      <if test="dictclsid != null" >
        DICTCLSID,
      </if>
      <if test="dictcls != null" >
        DICTCLS,
      </if>
      <if test="dictid != null" >
        DICTID,
      </if>
      <if test="gbid != null" >
        GBID,
      </if>
      <if test="sort != null" >
        SORT,
      </if>
      <if test="note != null" >
        NOTE,
      </if>
      <if test="ifstop != null" >
        IFSTOP,
      </if>
    </trim>
    <trim prefix="values (" suffix=")" suffixOverrides="," >
      <if test="b2cDictId != null" >
        #{b2cDictId,jdbcType=DECIMAL},
      </if>
      <if test="dict != null" >
        #{dict,jdbcType=VARCHAR},
      </if>
      <if test="dictclsid != null" >
        #{dictclsid,jdbcType=VARCHAR},
      </if>
      <if test="dictcls != null" >
        #{dictcls,jdbcType=VARCHAR},
      </if>
      <if test="dictid != null" >
        #{dictid,jdbcType=VARCHAR},
      </if>
      <if test="gbid != null" >
        #{gbid,jdbcType=VARCHAR},
      </if>
      <if test="sort != null" >
        #{sort,jdbcType=DECIMAL},
      </if>
      <if test="note != null" >
        #{note,jdbcType=VARCHAR},
      </if>
      <if test="ifstop != null" >
        #{ifstop,jdbcType=DECIMAL},
      </if>
    </trim>
  </insert>
  <update id="updateByPrimaryKeySelective" parameterType="com.uns.model.B2cDict" >
    update B2C_DICT
    <set >
      <if test="dict != null" >
        DICT = #{dict,jdbcType=VARCHAR},
      </if>
      <if test="dictclsid != null" >
        DICTCLSID = #{dictclsid,jdbcType=VARCHAR},
      </if>
      <if test="dictcls != null" >
        DICTCLS = #{dictcls,jdbcType=VARCHAR},
      </if>
      <if test="dictid != null" >
        DICTID = #{dictid,jdbcType=VARCHAR},
      </if>
      <if test="gbid != null" >
        GBID = #{gbid,jdbcType=VARCHAR},
      </if>
      <if test="sort != null" >
        SORT = #{sort,jdbcType=DECIMAL},
      </if>
      <if test="note != null" >
        NOTE = #{note,jdbcType=VARCHAR},
      </if>
      <if test="ifstop != null" >
        IFSTOP = #{ifstop,jdbcType=DECIMAL},
      </if>
    </set>
    where B2C_DICT_ID = #{b2cDictId,jdbcType=DECIMAL}
  </update>
  <update id="updateByPrimaryKey" parameterType="com.uns.model.B2cDict" >
    update B2C_DICT
    set DICT = #{dict,jdbcType=VARCHAR},
      DICTCLSID = #{dictclsid,jdbcType=VARCHAR},
      DICTCLS = #{dictcls,jdbcType=VARCHAR},
      DICTID = #{dictid,jdbcType=VARCHAR},
      GBID = #{gbid,jdbcType=VARCHAR},
      SORT = #{sort,jdbcType=DECIMAL},
      NOTE = #{note,jdbcType=VARCHAR},
      IFSTOP = #{ifstop,jdbcType=DECIMAL}
    where B2C_DICT_ID = #{b2cDictId,jdbcType=DECIMAL}
  </update>
  <!-- 银行名称以及银行简称-->
  <select id="findAllBank"  resultMap="BaseResultMap">
    select
    DICT,GBID,DICTID
    from b2c_dict  b where b.dictclsid='180' order by nlssort(b.dict,'NLS_SORT=SCHINESE_PINYIN_M')
  </select>
  <select id="findBankByDictId" resultType="java.lang.String">
    select DICT from b2c_dict b where b.dictclsid='180' and b.DICTID = #{bankCode}
  </select>
</mapper>