<?xml version="1.0" encoding="UTF-8" ?>
<!DOCTYPE mapper PUBLIC "-//mybatis.org//DTD Mapper 3.0//EN" "http://mybatis.org/dtd/mybatis-3-mapper.dtd" >
<mapper namespace="com.uns.dao.CommissionpolicyMapper" >
  <resultMap id="BaseResultMap" type="com.uns.model.Commissionpolicy" >
    <result column="COMMISSIONID" property="commissionid" jdbcType="DECIMAL" />
    <result column="COMMISSIONNAME" property="commissionname" jdbcType="VARCHAR" />
    <result column="COMMISSION_RATE" property="commissionRate" jdbcType="DECIMAL" />
    <result column="TOPFEE" property="topfee" jdbcType="DECIMAL" />
    <result column="CUSTOMERID" property="customerid" jdbcType="DECIMAL" />
    <result column="COMMISSIONTYPE" property="commissiontype" jdbcType="DECIMAL" />
    <result column="FEEVER" property="feever" jdbcType="VARCHAR" />
    <result column="CARDTYPE" property="cardtype" jdbcType="DECIMAL" />
    <result column="D0_COMMISSION_RATE" property="d0CommissionRate" jdbcType="DECIMAL" />
    <result column="FIXED_RATE" property="fixedRate" jdbcType="DECIMAL" />
    <result column="D0_FIXED_RATE" property="d0FixedRate" jdbcType="DECIMAL" />
  </resultMap>
  <sql id="Base_Column_List" >
    COMMISSIONID, COMMISSIONNAME, COMMISSION_RATE, TOPFEE, CUSTOMERID, COMMISSIONTYPE, 
    FEEVER, CARDTYPE, D0_COMMISSION_RATE, FIXED_RATE, D0_FIXED_RATE
  </sql>
  <insert id="insert" parameterType="com.uns.model.Commissionpolicy" >
    insert into COMMISSIONPOLICY (COMMISSIONID, COMMISSIONNAME, COMMISSION_RATE, 
      TOPFEE, CUSTOMERID, COMMISSIONTYPE, 
      FEEVER, CARDTYPE, D0_COMMISSION_RATE
      )
    values (#{commissionid,jdbcType=DECIMAL}, #{commissionname,jdbcType=VARCHAR}, #{commissionRate,jdbcType=DECIMAL}, 
      #{topfee,jdbcType=DECIMAL}, #{customerid,jdbcType=DECIMAL}, #{commissiontype,jdbcType=DECIMAL}, 
      #{feever,jdbcType=VARCHAR}, #{cardtype,jdbcType=DECIMAL}, #{d0CommissionRate,jdbcType=DECIMAL}
      )
  </insert>
  <insert id="insertSelective" parameterType="com.uns.model.Commissionpolicy" keyProperty="commissionid" useGeneratedKeys="true">
    <selectKey keyProperty="commissionid" resultType="java.lang.Long" order="BEFORE">
      SELECT SEQ_COMMISSIONPOLICY_ID.NEXTVAL FROM DUAL
    </selectKey>
    insert into COMMISSIONPOLICY
    <trim prefix="(" suffix=")" suffixOverrides="," >
      <if test="commissionid != null" >
        COMMISSIONID,
      </if>
      <if test="commissionname != null" >
        COMMISSIONNAME,
      </if>
      <if test="commissionRate != null" >
        COMMISSION_RATE,
      </if>
      <if test="topfee != null" >
        TOPFEE,
      </if>
      <if test="customerid != null" >
        CUSTOMERID,
      </if>
      <if test="commissiontype != null" >
        COMMISSIONTYPE,
      </if>
      <if test="feever != null" >
        FEEVER,
      </if>
      <if test="cardtype != null" >
        CARDTYPE,
      </if>
      <if test="d0CommissionRate != null" >
        D0_COMMISSION_RATE,
      </if>
    </trim>
    <trim prefix="values (" suffix=")" suffixOverrides="," >
      <if test="commissionid != null" >
        #{commissionid,jdbcType=DECIMAL},
      </if>
      <if test="commissionname != null" >
        #{commissionname,jdbcType=VARCHAR},
      </if>
      <if test="commissionRate != null" >
        #{commissionRate,jdbcType=DECIMAL},
      </if>
      <if test="topfee != null" >
        #{topfee,jdbcType=DECIMAL},
      </if>
      <if test="customerid != null" >
        #{customerid,jdbcType=DECIMAL},
      </if>
      <if test="commissiontype != null" >
        #{commissiontype,jdbcType=DECIMAL},
      </if>
      <if test="feever != null" >
        #{feever,jdbcType=VARCHAR},
      </if>
      <if test="cardtype != null" >
        #{cardtype,jdbcType=DECIMAL},
      </if>
      <if test="d0CommissionRate != null" >
        #{d0CommissionRate,jdbcType=DECIMAL},
      </if>
    </trim>
  </insert>
  <insert id="insertHisSelective" parameterType="com.uns.model.Commissionpolicy" >
    insert into COMMISSIONPOLICY_HIS
    <trim prefix="(" suffix=")" suffixOverrides="," >
      <if test="commissionid != null" >
        COMMISSIONID,
      </if>
      <if test="commissionname != null" >
        COMMISSIONNAME,
      </if>
      <if test="commissionRate != null" >
        COMMISSION_RATE,
      </if>
      <if test="topfee != null" >
        TOPFEE,
      </if>
      <if test="customerid != null" >
        CUSTOMERID,
      </if>
      <if test="commissiontype != null" >
        COMMISSIONTYPE,
      </if>
      <if test="feever != null" >
        FEEVER,
      </if>
      ARCH_DATE,
      <if test="cardtype != null" >
        CARDTYPE,
      </if>
      <if test="d0CommissionRate != null" >
        D0_COMMISSION_RATE,
      </if>
    </trim>
    <trim prefix="values (" suffix=")" suffixOverrides="," >
      <if test="commissionid != null" >
        #{commissionid,jdbcType=DECIMAL},
      </if>
      <if test="commissionname != null" >
        #{commissionname,jdbcType=VARCHAR},
      </if>
      <if test="commissionRate != null" >
        #{commissionRate,jdbcType=DECIMAL},
      </if>
      <if test="topfee != null" >
        #{topfee,jdbcType=DECIMAL},
      </if>
      <if test="customerid != null" >
        #{customerid,jdbcType=DECIMAL},
      </if>
      <if test="commissiontype != null" >
        #{commissiontype,jdbcType=DECIMAL},
      </if>
      <if test="feever != null" >
        #{feever,jdbcType=VARCHAR},
      </if>
      SYSDATE,
      <if test="cardtype != null" >
        #{cardtype,jdbcType=DECIMAL},
      </if>
      <if test="d0CommissionRate != null" >
        #{d0CommissionRate,jdbcType=DECIMAL},
      </if>
    </trim>
  </insert>
  <insert id="insertBatch">
    INSERT INTO COMMISSIONPOLICY
      (COMMISSIONID,
       COMMISSIONNAME,
       COMMISSION_RATE,
       TOPFEE,
       CUSTOMERID,
       COMMISSIONTYPE,
       FEEVER,
       CARDTYPE,
       D0_COMMISSION_RATE)
      SELECT SEQ_COMMISSIONPOLICY_ID.NEXTVAL, A.* FROM
      (
        <foreach collection="list" item="item" index="index" separator="union all">
          SELECT
          #{item.commissionname,jdbcType=VARCHAR},
          #{item.commissionRate,jdbcType=DECIMAL},
          #{item.topfee,jdbcType=DECIMAL},
          #{item.customerid,jdbcType=DECIMAL},
          #{item.commissiontype,jdbcType=DECIMAL},
          #{item.feever,jdbcType=VARCHAR},
          #{item.cardtype,jdbcType=DECIMAL},
          #{item.d0CommissionRate,jdbcType=DECIMAL}
          FROM DUAL
        </foreach>
      ) A
  </insert>
  <select id="findCommissionpolicy" parameterType="java.lang.Long" resultMap="BaseResultMap">
  	select 
  	<include refid="Base_Column_List" />
  	from commissionpolicy
  	where customerid=#{customerid, jdbcType=DECIMAL}
  </select>
  
</mapper>