<?xml version="1.0" encoding="UTF-8" ?>
<!DOCTYPE mapper PUBLIC "-//mybatis.org//DTD Mapper 3.0//EN" "http://mybatis.org/dtd/mybatis-3-mapper.dtd" >
<mapper namespace="com.uns.dao.InsFunctionInfoMapper" >
  <resultMap id="BaseResultMap" type="com.uns.model.InsFunctionInfo" >
    <id column="ID" property="id" jdbcType="DECIMAL" />
    <result column="FUNCTION_CODE" property="functionCode" jdbcType="VARCHAR" />
    <result column="FUNCTION_VALUE" property="functionValue" jdbcType="VARCHAR" />
    <result column="FUNCTION_URL" property="functionUrl" jdbcType="VARCHAR" />
    <result column="STATUS" property="status" jdbcType="DECIMAL" />
    <result column="FUNCTION_TYPE" property="functionType" jdbcType="VARCHAR" />
    <result column="FUNCTION_ID" property="functionId" jdbcType="DECIMAL" />
    <result column="PRI" property="pri" jdbcType="DECIMAL" />
    <result column="CREATE_DATE" property="createDate" jdbcType="DATE" />
    <result column="UPDATE_DATE" property="updateDate" jdbcType="DATE" />
    <result column="VERSION" property="version" jdbcType="DECIMAL" />
    <result column="DESCRIPTION" property="description" jdbcType="VARCHAR" />
  </resultMap>
  
  <sql id="Base_Column_List" >
    ID, FUNCTION_CODE, FUNCTION_VALUE, FUNCTION_URL, STATUS, FUNCTION_TYPE, FUNCTION_ID, 
    PRI, CREATE_DATE, UPDATE_DATE, VERSION, DESCRIPTION
  </sql>
  
  <select id="selectByPrimaryKey" resultMap="BaseResultMap" parameterType="java.math.BigDecimal" >
    select 
    <include refid="Base_Column_List" />
    from INS_FUNCTION_INFO
    where ID = #{id,jdbcType=DECIMAL}
  </select>
  <delete id="deleteByPrimaryKey" parameterType="java.math.BigDecimal" >
    delete from INS_FUNCTION_INFO
    where ID = #{id,jdbcType=DECIMAL}
  </delete>
  
  <insert id="insert" parameterType="com.uns.model.InsFunctionInfo" >
    insert into INS_FUNCTION_INFO (ID, FUNCTION_CODE, FUNCTION_VALUE, 
      FUNCTION_URL, STATUS, FUNCTION_TYPE, 
      FUNCTION_ID, PRI, CREATE_DATE, 
      UPDATE_DATE, VERSION, DESCRIPTION
      )
    values (#{id,jdbcType=DECIMAL}, #{functionCode,jdbcType=VARCHAR}, #{functionValue,jdbcType=VARCHAR}, 
      #{functionUrl,jdbcType=VARCHAR}, #{status,jdbcType=DECIMAL}, #{functionType,jdbcType=VARCHAR}, 
      #{functionId,jdbcType=DECIMAL}, #{pri,jdbcType=DECIMAL}, #{createDate,jdbcType=DATE}, 
      #{updateDate,jdbcType=DATE}, #{version,jdbcType=DECIMAL}, #{description,jdbcType=VARCHAR}
      )
  </insert>
  <insert id="insertSelective" parameterType="com.uns.model.InsFunctionInfo" >
    insert into INS_FUNCTION_INFO
    <trim prefix="(" suffix=")" suffixOverrides="," >
      <if test="id != null" >
        ID,
      </if>
      <if test="functionCode != null" >
        FUNCTION_CODE,
      </if>
      <if test="functionValue != null" >
        FUNCTION_VALUE,
      </if>
      <if test="functionUrl != null" >
        FUNCTION_URL,
      </if>
      <if test="status != null" >
        STATUS,
      </if>
      <if test="functionType != null" >
        FUNCTION_TYPE,
      </if>
      <if test="functionId != null" >
        FUNCTION_ID,
      </if>
      <if test="pri != null" >
        PRI,
      </if>
      <if test="createDate != null" >
        CREATE_DATE,
      </if>
      <if test="updateDate != null" >
        UPDATE_DATE,
      </if>
      <if test="version != null" >
        VERSION,
      </if>
      <if test="description != null" >
        DESCRIPTION,
      </if>
    </trim>
    <trim prefix="values (" suffix=")" suffixOverrides="," >
      <if test="id != null" >
        #{id,jdbcType=DECIMAL},
      </if>
      <if test="functionCode != null" >
        #{functionCode,jdbcType=VARCHAR},
      </if>
      <if test="functionValue != null" >
        #{functionValue,jdbcType=VARCHAR},
      </if>
      <if test="functionUrl != null" >
        #{functionUrl,jdbcType=VARCHAR},
      </if>
      <if test="status != null" >
        #{status,jdbcType=DECIMAL},
      </if>
      <if test="functionType != null" >
        #{functionType,jdbcType=VARCHAR},
      </if>
      <if test="functionId != null" >
        #{functionId,jdbcType=DECIMAL},
      </if>
      <if test="pri != null" >
        #{pri,jdbcType=DECIMAL},
      </if>
      <if test="createDate != null" >
        #{createDate,jdbcType=DATE},
      </if>
      <if test="updateDate != null" >
        #{updateDate,jdbcType=DATE},
      </if>
      <if test="version != null" >
        #{version,jdbcType=DECIMAL},
      </if>
      <if test="description != null" >
        #{description,jdbcType=VARCHAR},
      </if>
    </trim>
  </insert>
  
 
  <update id="updateByPrimaryKeySelective" parameterType="com.uns.model.InsFunctionInfo" >
    update INS_FUNCTION_INFO
    <set >
      <if test="functionCode != null" >
        FUNCTION_CODE = #{functionCode,jdbcType=VARCHAR},
      </if>
      <if test="functionValue != null" >
        FUNCTION_VALUE = #{functionValue,jdbcType=VARCHAR},
      </if>
      <if test="functionUrl != null" >
        FUNCTION_URL = #{functionUrl,jdbcType=VARCHAR},
      </if>
      <if test="status != null" >
        STATUS = #{status,jdbcType=DECIMAL},
      </if>
      <if test="functionType != null" >
        FUNCTION_TYPE = #{functionType,jdbcType=VARCHAR},
      </if>
      <if test="functionId != null" >
        FUNCTION_ID = #{functionId,jdbcType=DECIMAL},
      </if>
      <if test="pri != null" >
        PRI = #{pri,jdbcType=DECIMAL},
      </if>
      <if test="createDate != null" >
        CREATE_DATE = #{createDate,jdbcType=DATE},
      </if>
      <if test="updateDate != null" >
        UPDATE_DATE = #{updateDate,jdbcType=DATE},
      </if>
      <if test="version != null" >
        VERSION = #{version,jdbcType=DECIMAL},
      </if>
      <if test="description != null" >
        DESCRIPTION = #{description,jdbcType=VARCHAR},
      </if>
    </set>
    where ID = #{id,jdbcType=DECIMAL}
  </update>
  <update id="updateByPrimaryKey" parameterType="com.uns.model.InsFunctionInfo" >
    update INS_FUNCTION_INFO
    set FUNCTION_CODE = #{functionCode,jdbcType=VARCHAR},
      FUNCTION_VALUE = #{functionValue,jdbcType=VARCHAR},
      FUNCTION_URL = #{functionUrl,jdbcType=VARCHAR},
      STATUS = #{status,jdbcType=DECIMAL},
      FUNCTION_TYPE = #{functionType,jdbcType=VARCHAR},
      FUNCTION_ID = #{functionId,jdbcType=DECIMAL},
      PRI = #{pri,jdbcType=DECIMAL},
      CREATE_DATE = #{createDate,jdbcType=DATE},
      UPDATE_DATE = #{updateDate,jdbcType=DATE},
      VERSION = #{version,jdbcType=DECIMAL},
      DESCRIPTION = #{description,jdbcType=VARCHAR}
    where ID = #{id,jdbcType=DECIMAL}
  </update>
  
  <!-- 权限不能超出默认账号的权限 -->
  <select id="findLoginFunction" resultMap="BaseResultMap" >	
	SELECT  
	<include refid="Base_Column_List" /> 
	FROM INS_FUNCTION_INFO  WHERE ID IN (
			SELECT Z.FUNCTION_ID
	  		 FROM INS_ROLE_FUNCTION Z, INS_ROLE_FUNCTION D
		    WHERE Z.FUNCTION_ID = D.FUNCTION_ID
	   			AND Z.ROLE_ID = #{insRoleSeq,jdbcType=VARCHAR}
	   			AND D.ROLE_ID = #{defaultRole,jdbcType=VARCHAR}
    )
  </select>
  
   <select id="findRoleFunctionByRole" resultMap="BaseResultMap" parameterType="java.lang.Long" >
    	SELECT 
    	<include refid="Base_Column_List" />
    	FROM INS_FUNCTION_INFO R 
    	WHERE 
    		R.ID IN(SELECT F.FUNCTION_ID FROM ins_ROLE_FUNCTION F WHERE F.ROLE_ID=#{roleId,jdbcType=DECIMAL})
  </select>
</mapper>