<?xml version="1.0" encoding="UTF-8" ?>
<!DOCTYPE mapper PUBLIC "-//mybatis.org//DTD Mapper 3.0//EN" "http://mybatis.org/dtd/mybatis-3-mapper.dtd" >
<mapper namespace="com.uns.dao.InsOperatorMapper" >
  <resultMap id="BaseResultMap" type="com.uns.model.InsOperator" >
    <id column="ID" property="id" jdbcType="DECIMAL" />
    <result column="INS_NO" property="insNo" jdbcType="VARCHAR" />
    <result column="USERNAME" property="username" jdbcType="VARCHAR" />
    <result column="PASSWORD" property="password" jdbcType="VARCHAR" />
    <result column="LOGINNAME" property="loginname" jdbcType="VARCHAR" />
    <result column="INS_ROLE_SEQ" property="insRoleSeq" jdbcType="VARCHAR" />
    <result column="STATUS" property="status" jdbcType="VARCHAR" />
    <result column="REMARK" property="remark" jdbcType="VARCHAR" />
    <result column="CREATE_DATE" property="createDate" jdbcType="TIMESTAMP" />
    <result column="CREATE_USER" property="createUser" jdbcType="VARCHAR" />
    <result column="UPDATE_DATE" property="updateDate" jdbcType="TIMESTAMP" />
    <result column="UPDATE_USER" property="updateUser" jdbcType="VARCHAR" />
    <result column="LAST_LOGIN_DATE" property="lastLoginDate" jdbcType="TIMESTAMP" />
    <result column="DEFAULT_OPERATOR" property="defaultOperator" jdbcType="VARCHAR" />
  </resultMap>
  
  <sql id="Base_Column_List" >
    ID, INS_NO, USERNAME, PASSWORD, LOGINNAME, INS_ROLE_SEQ, STATUS, REMARK, CREATE_DATE, 
    CREATE_USER, UPDATE_DATE, UPDATE_USER, LAST_LOGIN_DATE,DEFAULT_OPERATOR
  </sql>
  
  <select id="selectByPrimaryKey" resultMap="BaseResultMap" parameterType="java.math.BigDecimal" >
    select 
    <include refid="Base_Column_List" />
    from INS_OPERATOR
    where ID = #{id,jdbcType=DECIMAL}
  </select>
  
  <delete id="deleteByPrimaryKey" parameterType="java.math.BigDecimal" >
    delete from INS_OPERATOR
    where ID = #{id,jdbcType=DECIMAL}
  </delete>
  
  <insert id="insert" parameterType="com.uns.model.InsOperator" >
    insert into INS_OPERATOR (ID, INS_NO, USERNAME, 
      PASSWORD, LOGINNAME, INS_ROLE_SEQ, 
      STATUS, REMARK, CREATE_DATE, 
      CREATE_USER, UPDATE_DATE, UPDATE_USER, 
      LAST_LOGIN_DATE)
    values (#{id,jdbcType=DECIMAL}, #{insNo,jdbcType=VARCHAR}, #{username,jdbcType=VARCHAR}, 
      #{password,jdbcType=VARCHAR}, #{loginname,jdbcType=VARCHAR}, #{insRoleSeq,jdbcType=VARCHAR}, 
      #{status,jdbcType=VARCHAR}, #{remark,jdbcType=VARCHAR}, #{createDate,jdbcType=TIMESTAMP}, 
      #{createUser,jdbcType=VARCHAR}, #{updateDate,jdbcType=TIMESTAMP}, #{updateUser,jdbcType=VARCHAR}, 
      #{lastLoginDate,jdbcType=TIMESTAMP})
  </insert>
  <insert id="insertSelective" parameterType="com.uns.model.InsOperator" >
   	<selectKey resultType="java.lang.Long" keyProperty="id" order="BEFORE">
	      SELECT SEQ_INS_OPERATOR_ID.NEXTVAL FROM DUAL
	</selectKey>
    insert into INS_OPERATOR
    <trim prefix="(" suffix=")" suffixOverrides="," >
      <if test="id != null" >
        ID,
      </if>
      <if test="insNo != null" >
        INS_NO,
      </if>
      <if test="username != null" >
        USERNAME,
      </if>
      <if test="password != null" >
        PASSWORD,
      </if>
      <if test="loginname != null" >
        LOGINNAME,
      </if>
      <if test="insRoleSeq != null" >
        INS_ROLE_SEQ,
      </if>
      <if test="status != null" >
        STATUS,
      </if>
      <if test="remark != null" >
        REMARK,
      </if>
      <if test="createDate != null" >
        CREATE_DATE,
      </if>
      <if test="createUser != null" >
        CREATE_USER,
      </if>
      <if test="updateDate != null" >
        UPDATE_DATE,
      </if>
      <if test="updateUser != null" >
        UPDATE_USER,
      </if>
      <if test="lastLoginDate != null" >
        LAST_LOGIN_DATE,
      </if>
    </trim>
    <trim prefix="values (" suffix=")" suffixOverrides="," >
      <if test="id != null" >
        #{id,jdbcType=DECIMAL},
      </if>
      <if test="insNo != null" >
        #{insNo,jdbcType=VARCHAR},
      </if>
      <if test="username != null" >
        #{username,jdbcType=VARCHAR},
      </if>
      <if test="password != null" >
        #{password,jdbcType=VARCHAR},
      </if>
      <if test="loginname != null" >
        #{loginname,jdbcType=VARCHAR},
      </if>
      <if test="insRoleSeq != null" >
        #{insRoleSeq,jdbcType=VARCHAR},
      </if>
      <if test="status != null" >
        #{status,jdbcType=VARCHAR},
      </if>
      <if test="remark != null" >
        #{remark,jdbcType=VARCHAR},
      </if>
      <if test="createDate != null" >
        #{createDate,jdbcType=TIMESTAMP},
      </if>
      <if test="createUser != null" >
        #{createUser,jdbcType=VARCHAR},
      </if>
      <if test="updateDate != null" >
        #{updateDate,jdbcType=TIMESTAMP},
      </if>
      <if test="updateUser != null" >
        #{updateUser,jdbcType=VARCHAR},
      </if>
      <if test="lastLoginDate != null" >
        #{lastLoginDate,jdbcType=TIMESTAMP},
      </if>
    </trim>
  </insert>
  
  <update id="updateByPrimaryKeySelective" parameterType="com.uns.model.InsOperator" >
    update INS_OPERATOR
    <set >
      <if test="insNo != null" >
        INS_NO = #{insNo,jdbcType=VARCHAR},
      </if>
      <if test="username != null" >
        USERNAME = #{username,jdbcType=VARCHAR},
      </if>
      <if test="password != null" >
        PASSWORD = #{password,jdbcType=VARCHAR},
      </if>
      <if test="loginname != null" >
        LOGINNAME = #{loginname,jdbcType=VARCHAR},
      </if>
      <if test="insRoleSeq != null" >
        INS_ROLE_SEQ = #{insRoleSeq,jdbcType=VARCHAR},
      </if>
      <if test="status != null" >
        STATUS = #{status,jdbcType=VARCHAR},
      </if>
      <if test="remark != null" >
        REMARK = #{remark,jdbcType=VARCHAR},
      </if>
      <if test="createDate != null" >
        CREATE_DATE = #{createDate,jdbcType=TIMESTAMP},
      </if>
      <if test="createUser != null" >
        CREATE_USER = #{createUser,jdbcType=VARCHAR},
      </if>
      <if test="updateDate != null" >
        UPDATE_DATE = #{updateDate,jdbcType=TIMESTAMP},
      </if>
      <if test="updateUser != null" >
        UPDATE_USER = #{updateUser,jdbcType=VARCHAR},
      </if>
      <if test="lastLoginDate != null" >
        LAST_LOGIN_DATE = #{lastLoginDate,jdbcType=TIMESTAMP},
      </if>
    </set>
    where ID = #{id,jdbcType=DECIMAL}
  </update>
  <update id="updateByPrimaryKey" parameterType="com.uns.model.InsOperator" >
    update INS_OPERATOR
    set INS_NO = #{insNo,jdbcType=VARCHAR},
      USERNAME = #{username,jdbcType=VARCHAR},
      PASSWORD = #{password,jdbcType=VARCHAR},
      LOGINNAME = #{loginname,jdbcType=VARCHAR},
      INS_ROLE_SEQ = #{insRoleSeq,jdbcType=VARCHAR},
      STATUS = #{status,jdbcType=VARCHAR},
      REMARK = #{remark,jdbcType=VARCHAR},
      CREATE_DATE = #{createDate,jdbcType=TIMESTAMP},
      CREATE_USER = #{createUser,jdbcType=VARCHAR},
      UPDATE_DATE = #{updateDate,jdbcType=TIMESTAMP},
      UPDATE_USER = #{updateUser,jdbcType=VARCHAR},
      LAST_LOGIN_DATE = #{lastLoginDate,jdbcType=TIMESTAMP}
    where ID = #{id,jdbcType=DECIMAL}
  </update>
  
  <select id="findInsOperatorByTel" resultMap="BaseResultMap" parameterType="java.lang.String" >
    select 
    <include refid="Base_Column_List" />
    from INS_OPERATOR
    where LOGINNAME = #{loginName,jdbcType=VARCHAR}
  </select>
  
   <select id="findInsOperatorList" resultType="java.util.Map" parameterType="com.uns.web.form.InsOperatorForm" >
    select 
    	O.ID,
	    O.USERNAME,
	    O.LOGINNAME,
	    O.CREATE_DATE,
	    O.LAST_LOGIN_DATE,
	    T.ROLE_NAME,
	    decode(O.STATUS,'0','正常'，'1'，'注销','2','冻结','3','锁定') STATUS,
	    O.DEFAULT_OPERATOR
    from INS_OPERATOR o,INS_ROLE_INFO t
    where o.INS_ROLE_SEQ=t.id and  INS_NO = #{insNo,jdbcType=VARCHAR}
     <if test='loginNameq!=null and loginNameq!=""'>
		and O.LOGINNAME=#{loginNameq,jdbcType=VARCHAR}
	</if>
    <if test='statusq!=null and statusq!=""'>
		and O.STATUS=#{statusq,jdbcType=VARCHAR}
	</if>
	 <if test='usernameq!=null and usernameq!=""'>
		and O.USERNAME=#{usernameq,jdbcType=VARCHAR}
	</if>
	 <if test='insRoleSeq!=null and insRoleSeq!=""'>
		and t.id=#{insRoleSeq,jdbcType=VARCHAR}
	</if>
	<if test='startTime != null and startTime!="" '>
		AND o.CREATE_DATE<![CDATA[ >= to_date(#{startTime} || ' 00:00:00','yyyy-mm-dd hh24:mi:ss') ]]>
	</if>
	<if test='endTime != null and endTime!="" '>
		AND o.CREATE_DATE<![CDATA[ <= to_date(#{endTime} || ' 23:59:59','yyyy-mm-dd hh24:mi:ss') ]]>
	</if>
	<if test='lastStartTime != null and lastStartTime!="" '>
		AND o.LAST_LOGIN_DATE<![CDATA[ >= to_date(#{lastStartTime} || ' 00:00:00','yyyy-mm-dd hh24:mi:ss') ]]>
	</if>
	<if test='lastEndTime != null and lastEndTime!="" '>
		AND o.LAST_LOGIN_DATE<![CDATA[ <= to_date(#{lastEndTime} || ' 23:59:59','yyyy-mm-dd hh24:mi:ss') ]]>
	</if>
    order by o.CREATE_DATE desc
  </select>
  
  <!-- 查询机构默认操作员  DEFAULT_OPERATOR='1' 默认账号-->
  <select id="findDefaultOperator" parameterType="java.lang.String" resultMap="BaseResultMap">
  	  select 
      <include refid="Base_Column_List" />
	     from INS_OPERATOR
	   where DEFAULT_OPERATOR = '1'
	       and INS_NO = #{insNo}
  </select>
</mapper>