<?xml version="1.0" encoding="UTF-8" ?>
<!DOCTYPE mapper PUBLIC "-//mybatis.org//DTD Mapper 3.0//EN" "http://mybatis.org/dtd/mybatis-3-mapper.dtd" >
<mapper namespace="com.uns.dao.InsRoleFunctionMapper" >
  <resultMap id="BaseResultMap" type="com.uns.model.InsRoleFunction" >
    <result column="FUNCTION_ID" property="functionId" jdbcType="DECIMAL" />
    <result column="ROLE_ID" property="roleId" jdbcType="DECIMAL" />
  </resultMap>
  
  <sql id="Base_Column_List" >
    FUNCTION_ID, ROLE_ID
  </sql>
  
 
  <insert id="insert" parameterType="com.uns.model.InsRoleFunction" >
    insert into INS_ROLE_FUNCTION (FUNCTION_ID, ROLE_ID)
    values (#{functionId,jdbcType=DECIMAL}, #{roleId,jdbcType=DECIMAL})
  </insert>
  <insert id="insertSelective" parameterType="com.uns.model.InsRoleFunction" >
    insert into INS_ROLE_FUNCTION
    <trim prefix="(" suffix=")" suffixOverrides="," >
      <if test="functionId != null" >
        FUNCTION_ID,
      </if>
      <if test="roleId != null" >
        ROLE_ID,
      </if>
    </trim>
    <trim prefix="values (" suffix=")" suffixOverrides="," >
      <if test="functionId != null" >
        #{functionId,jdbcType=DECIMAL},
      </if>
      <if test="roleId != null" >
        #{roleId,jdbcType=DECIMAL},
      </if>
    </trim>
  </insert>
 
  
  <delete id="deleteByRoleId" parameterType="java.lang.Long">
  	DELETE FROM INS_ROLE_FUNCTION WHERE ROLE_ID=#{roleId,jdbcType=DECIMAL}
  </delete>
  
</mapper>