<?xml version="1.0" encoding="UTF-8" ?>
<!DOCTYPE mapper PUBLIC "-//mybatis.org//DTD Mapper 3.0//EN" "http://mybatis.org/dtd/mybatis-3-mapper.dtd" >
<mapper namespace="com.uns.dao.InsRakeMapper" >

  <!--  抽成查询列表分页-->
  <select id="findInsRakeList" parameterType="com.uns.model.InsRake" 	resultType="java.util.Map">
		select  c.small_merch_no 	customerNo, 
		          c.scompany			scompany, 
		          t.ins_no				insNo, 
		          i.ins_name			insName, 
		          t.order_id 			orderId, 
		          t.amount			amount,   
		          c.ins_commission/100 percentag,       			
		          q.amount 			percentagAmount,
		          t.card_type 			cardType, 
		          to_date(q.tran_time,'yyyymmddhh24miss') tranTime,  
		          q.tran_type	 		tranType 
		 from qr_code_trans_ext q
		    left join t_qr_code_trans t  on t.order_id = q.ori_orderid
		    left join customer c  			on c.customerid = t.customer_no
		    left join institution i  			on i.ins_no = t.ins_no
		 where q.tran_type = 4
		 	and  t.ins_no=#{insNo}
		 <if test="customerNo !=null and customerNo!=''">
		 	and c.small_merch_no=#{customerNo}
		 </if>
		 <if test="scompany !=null and scompany !=''">
		 	and c.scompany=#{scompany}
		 </if>
		 <if test="orderId !=null and orderId !=''">
		 	and t.order_id=#{orderId}
		 </if>
		 <if test="tranTimeStart !=null and tranTimeStart !=''">
		 	and q.tran_time<![CDATA[ >= ]]>replace(#{tranTimeStart} || '000000','-','')
		 </if>
		 <if test="tranTimeEnd !=null and tranTimeEnd !=''">
		 	and q.tran_time<![CDATA[ <= ]]>replace(#{tranTimeEnd} || '235959','-','')
		 </if>
		 <if test="amountStart !=null and amountStart !=''">
		 	and t.amount<![CDATA[ >= ]]>#{amountStart}
		 </if>
		 <if test="amountEnd !=null and amountEnd !=''">
		 	and t.amount<![CDATA[ <= ]]>#{amountEnd}
		 </if>
  </select>
  
  <!--  抽成提现查询列表分页-->
  <select id="findRakeWithdrawList" parameterType="com.uns.model.RakeWithdraw"  resultType="java.util.Map">
	  select 	q.order_id 		batchNo, 
	  			to_date(q.tran_time,'yyyymmddhh24miss') tranTime,  
	  			q.amount      	amount,
	         	q.ori_orderid		insNo, 	
	         	i.ins_name			insName, 
	         	decode(q.tran_flag,'0','失败','1','成功')		tranFlag
	    from qr_code_trans_ext q
	left join institution i
	      	on i.ins_no = q.ori_orderid
	   where q.tran_type = 5
	 	  and q.ori_orderid=#{insNo}
	 <if test="batchNo !=null and batchNo !=''">
	 	and q.order_id=#{batchNo}
	 </if>
	 <if test="tranFlag !=null and tranFlag !=''">
	 	and q.tran_flag=#{tranFlag}
	 </if>
	 <if test="tranTimeStart !=null and tranTimeStart !=''">
		 and q.tran_time<![CDATA[ >= ]]>replace(#{tranTimeStart} || '000000','-','')
	</if>
	<if test="tranTimeEnd !=null and tranTimeEnd !=''">
		 and q.tran_time<![CDATA[ <= ]]>replace(#{tranTimeEnd} || '235959','-','')
	</if>
  </select>
</mapper>