<?xml version="1.0" encoding="UTF-8" ?>
<!DOCTYPE mapper PUBLIC "-//mybatis.org//DTD Mapper 3.0//EN" "http://mybatis.org/dtd/mybatis-3-mapper.dtd" >
<mapper namespace="com.uns.dao.InsRoleInfoMapper" >
  <resultMap id="BaseResultMap" type="com.uns.model.InsRoleInfo" >
    <id column="ID" property="id" jdbcType="DECIMAL" />
    <result column="ROLE_NAME" property="roleName" jdbcType="VARCHAR" />
    <result column="REMARK" property="remark" jdbcType="VARCHAR" />
    <result column="STATUS" property="status" jdbcType="VARCHAR" />
    <result column="CREATE_USER" property="createUser" jdbcType="VARCHAR" />
    <result column="UPDATE_USER" property="updateUser" jdbcType="VARCHAR" />
    <result column="CREATE_DATE" property="createDate" jdbcType="TIMESTAMP" />
    <result column="UPDATE_DATE" property="updateDate" jdbcType="TIMESTAMP" />
    <result column="VERSION" property="version" jdbcType="DECIMAL" />
  </resultMap>
  
  <sql id="Base_Column_List" >
    ID, ROLE_NAME, REMARK, STATUS, CREATE_USER, UPDATE_USER, CREATE_DATE, UPDATE_DATE, 
    VERSION
  </sql>

  <select id="selectByPrimaryKey" resultMap="BaseResultMap" parameterType="java.math.BigDecimal" >
    select 
    <include refid="Base_Column_List" />
    from INS_ROLE_INFO
    where ID = #{id,jdbcType=DECIMAL}
  </select>
  <delete id="deleteByPrimaryKey" parameterType="java.math.BigDecimal" >
    delete from INS_ROLE_INFO
    where ID = #{id,jdbcType=DECIMAL}
  </delete>
 
  <insert id="insert" parameterType="com.uns.model.InsRoleInfo" >
    insert into INS_ROLE_INFO (ID, ROLE_NAME, REMARK, 
      STATUS, CREATE_USER, UPDATE_USER, 
      CREATE_DATE, UPDATE_DATE, VERSION
      )
    values (#{id,jdbcType=DECIMAL}, #{roleName,jdbcType=VARCHAR}, #{remark,jdbcType=VARCHAR}, 
      #{status,jdbcType=DECIMAL}, #{createUser,jdbcType=DECIMAL}, #{updateUser,jdbcType=DECIMAL}, 
      #{createDate,jdbcType=TIMESTAMP}, #{updateDate,jdbcType=TIMESTAMP}, #{version,jdbcType=DECIMAL}
      )
  </insert>
  <insert id="insertSelective" parameterType="com.uns.model.InsRoleInfo" >
  	<selectKey resultType="java.lang.Long" keyProperty="id" order="BEFORE">
	      SELECT SEQ_INS_ROLE_INFO.NEXTVAL FROM DUAL
	</selectKey>
    insert into INS_ROLE_INFO
    <trim prefix="(" suffix=")" suffixOverrides="," >
      <if test="id != null" >
        ID,
      </if>
      <if test="roleName != null" >
        ROLE_NAME,
      </if>
      <if test="remark != null" >
        REMARK,
      </if>
      <if test="status != null" >
        STATUS,
      </if>
      <if test="createUser != null" >
        CREATE_USER,
      </if>
      <if test="updateUser != null" >
        UPDATE_USER,
      </if>
      <if test="createDate != null" >
        CREATE_DATE,
      </if>
      <if test="updateDate != null" >
        UPDATE_DATE,
      </if>
      <if test="version != null" >
        VERSION,
      </if>
    </trim>
    <trim prefix="values (" suffix=")" suffixOverrides="," >
      <if test="id != null" >
        #{id,jdbcType=DECIMAL},
      </if>
      <if test="roleName != null" >
        #{roleName,jdbcType=VARCHAR},
      </if>
      <if test="remark != null" >
        #{remark,jdbcType=VARCHAR},
      </if>
      <if test="status != null" >
        #{status,jdbcType=VARCHAR},
      </if>
      <if test="createUser != null" >
        #{createUser,jdbcType=VARCHAR},
      </if>
      <if test="updateUser != null" >
        #{updateUser,jdbcType=VARCHAR},
      </if>
      <if test="createDate != null" >
        #{createDate,jdbcType=TIMESTAMP},
      </if>
      <if test="updateDate != null" >
        #{updateDate,jdbcType=TIMESTAMP},
      </if>
      <if test="version != null" >
        #{version,jdbcType=DECIMAL},
      </if>
    </trim>
  </insert>
 
 
  <update id="updateByPrimaryKeySelective" parameterType="com.uns.model.InsRoleInfo" >
    update INS_ROLE_INFO
    <set >
      <if test="roleName != null" >
        ROLE_NAME = #{roleName,jdbcType=VARCHAR},
      </if>
      <if test="remark != null" >
        REMARK = #{remark,jdbcType=VARCHAR},
      </if>
      <if test="status != null" >
        STATUS = #{status,jdbcType=VARCHAR},
      </if>
      <if test="createUser != null" >
        CREATE_USER = #{createUser,jdbcType=VARCHAR},
      </if>
      <if test="updateUser != null" >
        UPDATE_USER = #{updateUser,jdbcType=VARCHAR},
      </if>
      <if test="createDate != null" >
        CREATE_DATE = #{createDate,jdbcType=TIMESTAMP},
      </if>
      <if test="updateDate != null" >
        UPDATE_DATE = #{updateDate,jdbcType=TIMESTAMP},
      </if>
      <if test="version != null" >
        VERSION = #{version,jdbcType=DECIMAL},
      </if>
    </set>
    where ID = #{id,jdbcType=DECIMAL}
  </update>
  <update id="updateByPrimaryKey" parameterType="com.uns.model.InsRoleInfo" >
    update INS_ROLE_INFO
    set ROLE_NAME = #{roleName,jdbcType=VARCHAR},
      REMARK = #{remark,jdbcType=VARCHAR},
      STATUS = #{status,jdbcType=VARCHAR},
      CREATE_USER = #{createUser,jdbcType=VARCHAR},
      UPDATE_USER = #{updateUser,jdbcType=VARCHAR},
      CREATE_DATE = #{createDate,jdbcType=TIMESTAMP},
      UPDATE_DATE = #{updateDate,jdbcType=TIMESTAMP},
      VERSION = #{version,jdbcType=DECIMAL}
    where ID = #{id,jdbcType=DECIMAL}
  </update>
  
  
   <select id="findInsRoleList" resultMap="BaseResultMap"  parameterType="com.uns.model.InsRoleInfo">
    select 
    <include refid="Base_Column_List" />
    from INS_ROLE_INFO
    where  CREATE_USER = #{createUser,jdbcType=VARCHAR}
    <if test="roleName!= null and roleName!='' ">
          and ROLE_NAME = #{roleName,jdbcType=VARCHAR}
    </if>
    order by CREATE_DATE desc
  </select>
  <select id="findInsRoleInfoByName" resultMap="BaseResultMap"  parameterType="java.lang.String">
	  select 
	    <include refid="Base_Column_List" />
	    from INS_ROLE_INFO
	    where ROLE_NAME = #{roleName,jdbcType=VARCHAR}
  </select>
  
  <select id="findInsRoleInfoByInsNo" resultMap="BaseResultMap"  parameterType="java.lang.String">
	  select 
	    <include refid="Base_Column_List" />
	    from INS_ROLE_INFO
	    where CREATE_USER = #{insNo,jdbcType=VARCHAR}
  </select>
  
</mapper>