<?xml version="1.0" encoding="UTF-8" ?>
<!DOCTYPE mapper PUBLIC "-//mybatis.org//DTD Mapper 3.0//EN" "http://mybatis.org/dtd/mybatis-3-mapper.dtd" >
<mapper namespace="com.uns.dao.InsSplitBatchSmMapper" >
  <resultMap id="BaseResultMap" type="com.uns.model.InsSplitBatchSm" >
    <id column="ID" property="id" jdbcType="DECIMAL" />
    <result column="BEGIN_DATE" property="beginDate" jdbcType="DATE" />
    <result column="END_DATE" property="endDate" jdbcType="DATE" />
    <result column="TRANS_TYPE" property="transType" jdbcType="VARCHAR" />
    <result column="BATCH_NO" property="batchNo" jdbcType="VARCHAR" />
    <result column="INS_NO" property="insNo" jdbcType="VARCHAR" />
    <result column="SUM_COUNT" property="sumCount" jdbcType="DECIMAL" />
    <result column="SUM_AMOUNT" property="sumAmount" jdbcType="DECIMAL" />
    <result column="SUM_PROFIT" property="sumProfit" jdbcType="DECIMAL" />
    <result column="STATUS" property="status" jdbcType="VARCHAR" />
    <result column="CREATE_DATE" property="createDate" jdbcType="TIMESTAMP" />
    <result column="CONFIM_DATE" property="confimDate" jdbcType="TIMESTAMP"/>
    <result column="SETTLE_DATE" property="settleDate" jdbcType="TIMESTAMP"/>
  </resultMap>

  <sql id="Base_Column_List" >
    ID, BEGIN_DATE, END_DATE, TRANS_TYPE, BATCH_NO, INS_NO, SUM_COUNT, SUM_AMOUNT, SUM_PROFIT, 
    STATUS, CREATE_DATE,CONFIM_DATE,SETTLE_DATE
  </sql>
  <select id="selectByPrimaryKey" resultMap="BaseResultMap" parameterType="java.math.BigDecimal" >
    select 
    <include refid="Base_Column_List" />
    from INS_SPLIT_BATCH_SM
    where ID = #{id,jdbcType=DECIMAL}
  </select>
  <select id="findProfitBatchList" resultType="java.util.Map">
    SELECT BS.ID,
    BS.BATCH_NO,
    BS.CREATE_DATE,
    BS.INS_NO,
    BS.SUM_COUNT,
    BS.SUM_AMOUNT,
    BS.SUM_PROFIT,
    DECODE(BS.STATUS,'0','待审核','1','未确认','2','有疑义','3','待结算','4','已结算','5','审核未通过') STATUS,
    BS.CONFIM_DATE,
    BS.SETTLE_DATE
    FROM INS_SPLIT_BATCH_SM BS
    WHERE BS.INS_NO = #{insNo,jdbcType=VARCHAR}
    <if test="batchNo != null and batchNo != ''">
      AND BS.BATCH_NO = #{batchNo,jdbcType=VARCHAR}
    </if>
    <if test="status != null and status != ''">
      AND BS.STATUS = #{status}
    </if>
    <if test="beginCreateDate != null and beginCreateDate != ''">
      <![CDATA[
      AND BS.CREATE_DATE >=
      TO_DATE(#{beginCreateDate,jdbcType=VARCHAR} || '00:00:00', 'yyyy-MM-dd hh24:mi:ss')
      ]]>
    </if>
    <if test="endCreateDate != null and endCreateDate != ''">
      <![CDATA[
      AND BS.CREATE_DATE <=
      TO_DATE(#{endCreateDate,jdbcType=VARCHAR} || '23:59:59', 'yyyy-MM-dd hh24:mi:ss')
      ]]>
    </if>
    <if test="beginConfimDate != null and beginConfimDate != ''">
      <![CDATA[
      AND BS.CONFIM_DATE >=
      TO_DATE(#{beginConfimDate,jdbcType=VARCHAR} || '00:00:00', 'yyyy-MM-dd hh24:mi:ss')
      ]]>
    </if>
    <if test="endConfimDate != null and endConfimDate != ''">
      <![CDATA[
      AND BS.CONFIM_DATE <=
      TO_DATE(#{endConfimDate,jdbcType=VARCHAR} || '23:59:59', 'yyyy-MM-dd hh24:mi:ss')
      ]]>
    </if>
    <if test="beginSettleDate != null and beginSettleDate != ''">
      <![CDATA[
      AND BS.SETTLE_DATE >=
      TO_DATE(#{beginSettleDate,jdbcType=VARCHAR} || '00:00:00', 'yyyy-MM-dd hh24:mi:ss')
      ]]>
    </if>
    <if test="endSettleDate != null and endSettleDate != ''">
      <![CDATA[
      AND BS.SETTLE_DATE <=
      TO_DATE(#{endSettleDate,jdbcType=VARCHAR} || '23:59:59', 'yyyy-MM-dd hh24:mi:ss')
      ]]>
    </if>
    <if test="beginSumProfit != null">
      AND BS.SUM_PROFIT >= #{beginSumProfit,jdbcType=DECIMAL}
    </if>
    <if test="endSumProfit != null">
      <![CDATA[
        AND BS.SUM_PROFIT <= #{endSumProfit,jdbcType=DECIMAL}
      ]]>
    </if>
    ORDER BY BS.CREATE_DATE DESC
  </select>
  <delete id="deleteByPrimaryKey" parameterType="java.math.BigDecimal" >
    delete from INS_SPLIT_BATCH_SM
    where ID = #{id,jdbcType=DECIMAL}
  </delete>
  <insert id="insert" parameterType="com.uns.model.InsSplitBatchSm" >
    insert into INS_SPLIT_BATCH_SM (ID, BEGIN_DATE, END_DATE, 
      TRANS_TYPE, BATCH_NO, INS_NO, 
      SUM_COUNT, SUM_AMOUNT, SUM_PROFIT, 
      STATUS, CREATE_DATE)
    values (#{id,jdbcType=DECIMAL}, #{beginDate,jdbcType=DATE}, #{endDate,jdbcType=DATE}, 
      #{transType,jdbcType=VARCHAR}, #{batchNo,jdbcType=VARCHAR}, #{insNo,jdbcType=VARCHAR}, 
      #{sumCount,jdbcType=DECIMAL}, #{sumAmount,jdbcType=DECIMAL}, #{sumProfit,jdbcType=DECIMAL}, 
      #{status,jdbcType=VARCHAR}, #{createDate,jdbcType=DATE})
  </insert>
  <insert id="insertSelective" parameterType="com.uns.model.InsSplitBatchSm" >
    insert into INS_SPLIT_BATCH_SM
    <trim prefix="(" suffix=")" suffixOverrides="," >
      <if test="id != null" >
        ID,
      </if>
      <if test="beginDate != null" >
        BEGIN_DATE,
      </if>
      <if test="endDate != null" >
        END_DATE,
      </if>
      <if test="transType != null" >
        TRANS_TYPE,
      </if>
      <if test="batchNo != null" >
        BATCH_NO,
      </if>
      <if test="insNo != null" >
        INS_NO,
      </if>
      <if test="sumCount != null" >
        SUM_COUNT,
      </if>
      <if test="sumAmount != null" >
        SUM_AMOUNT,
      </if>
      <if test="sumProfit != null" >
        SUM_PROFIT,
      </if>
      <if test="status != null" >
        STATUS,
      </if>
      <if test="createDate != null" >
        CREATE_DATE,
      </if>
    </trim>
    <trim prefix="values (" suffix=")" suffixOverrides="," >
      <if test="id != null" >
        #{id,jdbcType=DECIMAL},
      </if>
      <if test="beginDate != null" >
        #{beginDate,jdbcType=DATE},
      </if>
      <if test="endDate != null" >
        #{endDate,jdbcType=DATE},
      </if>
      <if test="transType != null" >
        #{transType,jdbcType=VARCHAR},
      </if>
      <if test="batchNo != null" >
        #{batchNo,jdbcType=VARCHAR},
      </if>
      <if test="insNo != null" >
        #{insNo,jdbcType=VARCHAR},
      </if>
      <if test="sumCount != null" >
        #{sumCount,jdbcType=DECIMAL},
      </if>
      <if test="sumAmount != null" >
        #{sumAmount,jdbcType=DECIMAL},
      </if>
      <if test="sumProfit != null" >
        #{sumProfit,jdbcType=DECIMAL},
      </if>
      <if test="status != null" >
        #{status,jdbcType=VARCHAR},
      </if>
      <if test="createDate != null" >
        #{createDate,jdbcType=DATE},
      </if>
    </trim>
  </insert>
    <update id="updateByPrimaryKeySelective" parameterType="com.uns.model.InsSplitBatchSm" >
    update INS_SPLIT_BATCH_SM
    <set >
      <if test="beginDate != null" >
        BEGIN_DATE = #{beginDate,jdbcType=DATE},
      </if>
      <if test="endDate != null" >
        END_DATE = #{endDate,jdbcType=DATE},
      </if>
      <if test="transType != null" >
        TRANS_TYPE = #{transType,jdbcType=VARCHAR},
      </if>
      <if test="batchNo != null" >
        BATCH_NO = #{batchNo,jdbcType=VARCHAR},
      </if>
      <if test="insNo != null" >
        INS_NO = #{insNo,jdbcType=VARCHAR},
      </if>
      <if test="sumCount != null" >
        SUM_COUNT = #{sumCount,jdbcType=DECIMAL},
      </if>
      <if test="sumAmount != null" >
        SUM_AMOUNT = #{sumAmount,jdbcType=DECIMAL},
      </if>
      <if test="sumProfit != null" >
        SUM_PROFIT = #{sumProfit,jdbcType=DECIMAL},
      </if>
      <if test="status != null" >
        STATUS = #{status,jdbcType=VARCHAR},
      </if>
      <if test="createDate != null" >
        CREATE_DATE = #{createDate,jdbcType=DATE},
      </if>
    </set>
    where ID = #{id,jdbcType=DECIMAL}
  </update>
  <update id="updateByPrimaryKey" parameterType="com.uns.model.InsSplitBatchSm" >
    update INS_SPLIT_BATCH_SM
    set BEGIN_DATE = #{beginDate,jdbcType=DATE},
      END_DATE = #{endDate,jdbcType=DATE},
      TRANS_TYPE = #{transType,jdbcType=VARCHAR},
      BATCH_NO = #{batchNo,jdbcType=VARCHAR},
      INS_NO = #{insNo,jdbcType=VARCHAR},
      SUM_COUNT = #{sumCount,jdbcType=DECIMAL},
      SUM_AMOUNT = #{sumAmount,jdbcType=DECIMAL},
      SUM_PROFIT = #{sumProfit,jdbcType=DECIMAL},
      STATUS = #{status,jdbcType=VARCHAR},
      CREATE_DATE = #{createDate,jdbcType=DATE}
    where ID = #{id,jdbcType=DECIMAL}
  </update>
  <update id="profitAudit">
    UPDATE INS_SPLIT_BATCH_SM M SET M.STATUS = #{status},
    M.CONFIM_DATE = #{confimDate,jdbcType=TIMESTAMP}
    WHERE M.BATCH_NO IN
    <foreach collection="batchNoArr" item="item" index="index" open="(" close=")" separator=",">
      #{item}
    </foreach>
  </update>
</mapper>