<?xml version="1.0" encoding="UTF-8" ?>
<!DOCTYPE mapper PUBLIC "-//mybatis.org//DTD Mapper 3.0//EN" "http://mybatis.org/dtd/mybatis-3-mapper.dtd" >
<mapper namespace="com.uns.dao.InstitutionMapper" >
  <resultMap id="BaseResultMap" type="com.uns.model.Institution" >
    <id column="INS_ID" property="insId" jdbcType="DECIMAL" />
    <result column="INS_NO" property="insNo" jdbcType="VARCHAR" />
    <result column="INS_NAME" property="insName" jdbcType="VARCHAR" />
    <result column="INS_PUB_KEY" property="insPubKey" jdbcType="VARCHAR" />
    <result column="ACCOUNT_BANK_ID" property="accountBankId" jdbcType="DECIMAL" />
    <result column="CREATE_TIME" property="createTime" jdbcType="DATE" />
    <result column="UPDATE_TIME" property="updateTime" jdbcType="DATE" />
    <result column="BUSINESS_SWITCH" property="businessSwitch" jdbcType="VARCHAR" />
    <result column="SUPPORT_D0_SWITCH" property="supportD0Switch" jdbcType="VARCHAR" />
    <result column="ZFB_APP_ID" property="zfbAppId" jdbcType="VARCHAR" />
    <result column="ZFB_PUB_KEY" property="zfbPubKey" jdbcType="VARCHAR" />
    <result column="ZFB_PRI_KEY" property="zfbPriKey" jdbcType="VARCHAR" />
    <result column="WX_APP_SECRET" property="wxAppSecret" jdbcType="VARCHAR" />
    <result column="INS_SHORT_NAME" property="insShortName" jdbcType="VARCHAR" />
    <result column="INS_TEL" property="insTel" jdbcType="VARCHAR" />
    <result column="INS_PROVINCE" property="insProvince" jdbcType="VARCHAR" />
    <result column="INS_PROVINCE_NAME" property="insProvinceName" jdbcType="VARCHAR" />
    <result column="INS_CITY" property="insCity" jdbcType="VARCHAR" />
    <result column="INS_CITY_NAME" property="insCityName" jdbcType="VARCHAR" />
    <result column="INS_SRELATION" property="insSrelation" jdbcType="VARCHAR" />
    <result column="INS_FAX" property="insFax" jdbcType="VARCHAR" />
    <result column="INS_EMAIL" property="insEmail" jdbcType="VARCHAR" />
    <result column="INS_ZIP" property="insZip" jdbcType="VARCHAR" />
    <result column="INS_ADDRESS" property="insAddress" jdbcType="VARCHAR" />
    <result column="INS_YNUM" property="insYnum" jdbcType="VARCHAR" />
    <result column="INS_BANK_CODE" property="insBankCode" jdbcType="VARCHAR" />
    <result column="INS_BANK_NAME" property="insBankName" jdbcType="VARCHAR" />
    <result column="INS_SUB_BANK_NAME" property="insSubBankName" jdbcType="VARCHAR" />
    <result column="INS_BANK_CLIENT_NAME" property="insBankClientName" jdbcType="VARCHAR" />
    <result column="INS_BANK_CARD_NO" property="insBankCardNo" jdbcType="VARCHAR" />
    <result column="YSBUSERID" property="ysbuserid" jdbcType="DECIMAL" />
    <result column="CASCUSTOMID" property="cascustomid" jdbcType="DECIMAL" />
    <result column="BUSINESS_TYPE" property="businessType" jdbcType="VARCHAR" />
    <result column="COMMISSION_TYPE" property="commissionType" jdbcType="VARCHAR"/>
  </resultMap>
  
  <sql id="Base_Column_List" >
    INS_ID, INS_NO, INS_NAME, INS_PUB_KEY, ACCOUNT_BANK_ID, CREATE_TIME, UPDATE_TIME, 
    BUSINESS_SWITCH, SUPPORT_D0_SWITCH, ZFB_APP_ID, ZFB_PUB_KEY, ZFB_PRI_KEY, WX_APP_SECRET, 
    INS_SHORT_NAME, INS_TEL, INS_PROVINCE, INS_PROVINCE_NAME, INS_CITY, INS_CITY_NAME, 
    INS_SRELATION, INS_FAX, INS_EMAIL, INS_ZIP, INS_ADDRESS, INS_YNUM, INS_BANK_CODE, 
    INS_BANK_NAME, INS_SUB_BANK_NAME, INS_BANK_CLIENT_NAME, INS_BANK_CARD_NO, YSBUSERID, 
    CASCUSTOMID, BUSINESS_TYPE, COMMISSION_TYPE
  </sql>
  
  <select id="selectByPrimaryKey" resultMap="BaseResultMap" parameterType="java.lang.Long" >
    select 
    <include refid="Base_Column_List" />
    from INSTITUTION
    where INS_ID = #{insId,jdbcType=DECIMAL}
  </select>
  <delete id="deleteByPrimaryKey" parameterType="java.lang.Long" >
    delete from INSTITUTION
    where INS_ID = #{insId,jdbcType=DECIMAL}
  </delete>
  
  <insert id="insert" parameterType="com.uns.model.Institution" >
    insert into INSTITUTION (INS_ID, INS_NO, INS_NAME, 
      INS_PUB_KEY, ACCOUNT_BANK_ID, CREATE_TIME, 
      UPDATE_TIME, BUSINESS_SWITCH, SUPPORT_D0_SWITCH, 
      ZFB_APP_ID, ZFB_PUB_KEY, ZFB_PRI_KEY, 
      WX_APP_SECRET, INS_SHORT_NAME, INS_TEL, 
      INS_PROVINCE, INS_PROVINCE_NAME, INS_CITY, 
      INS_CITY_NAME, INS_SRELATION, INS_FAX, 
      INS_EMAIL, INS_ZIP, INS_ADDRESS, 
      INS_YNUM, INS_BANK_CODE, INS_BANK_NAME, 
      INS_SUB_BANK_NAME, INS_BANK_CLIENT_NAME, INS_BANK_CARD_NO, 
      YSBUSERID, CASCUSTOMID, BUSINESS_TYPE
      )
    values (#{insId,jdbcType=DECIMAL}, #{insNo,jdbcType=VARCHAR}, #{insName,jdbcType=VARCHAR}, 
      #{insPubKey,jdbcType=VARCHAR}, #{accountBankId,jdbcType=DECIMAL}, #{createTime,jdbcType=DATE}, 
      #{updateTime,jdbcType=DATE}, #{businessSwitch,jdbcType=VARCHAR}, #{supportD0Switch,jdbcType=VARCHAR}, 
      #{zfbAppId,jdbcType=VARCHAR}, #{zfbPubKey,jdbcType=VARCHAR}, #{zfbPriKey,jdbcType=VARCHAR}, 
      #{wxAppSecret,jdbcType=VARCHAR}, #{insShortName,jdbcType=VARCHAR}, #{insTel,jdbcType=VARCHAR}, 
      #{insProvince,jdbcType=VARCHAR}, #{insProvinceName,jdbcType=VARCHAR}, #{insCity,jdbcType=VARCHAR}, 
      #{insCityName,jdbcType=VARCHAR}, #{insSrelation,jdbcType=VARCHAR}, #{insFax,jdbcType=VARCHAR}, 
      #{insEmail,jdbcType=VARCHAR}, #{insZip,jdbcType=VARCHAR}, #{insAddress,jdbcType=VARCHAR}, 
      #{insYnum,jdbcType=VARCHAR}, #{insBankCode,jdbcType=VARCHAR}, #{insBankName,jdbcType=VARCHAR}, 
      #{insSubBankName,jdbcType=VARCHAR}, #{insBankClientName,jdbcType=VARCHAR}, #{insBankCardNo,jdbcType=VARCHAR}, 
      #{ysbuserid,jdbcType=DECIMAL}, #{cascustomid,jdbcType=DECIMAL}, #{businessType,jdbcType=VARCHAR}
      )
  </insert>
  <insert id="insertSelective" parameterType="com.uns.model.Institution" >
    insert into INSTITUTION
    <trim prefix="(" suffix=")" suffixOverrides="," >
      <if test="insId != null" >
        INS_ID,
      </if>
      <if test="insNo != null" >
        INS_NO,
      </if>
      <if test="insName != null" >
        INS_NAME,
      </if>
      <if test="insPubKey != null" >
        INS_PUB_KEY,
      </if>
      <if test="accountBankId != null" >
        ACCOUNT_BANK_ID,
      </if>
      <if test="createTime != null" >
        CREATE_TIME,
      </if>
      <if test="updateTime != null" >
        UPDATE_TIME,
      </if>
      <if test="businessSwitch != null" >
        BUSINESS_SWITCH,
      </if>
      <if test="supportD0Switch != null" >
        SUPPORT_D0_SWITCH,
      </if>
      <if test="zfbAppId != null" >
        ZFB_APP_ID,
      </if>
      <if test="zfbPubKey != null" >
        ZFB_PUB_KEY,
      </if>
      <if test="zfbPriKey != null" >
        ZFB_PRI_KEY,
      </if>
      <if test="wxAppSecret != null" >
        WX_APP_SECRET,
      </if>
      <if test="insShortName != null" >
        INS_SHORT_NAME,
      </if>
      <if test="insTel != null" >
        INS_TEL,
      </if>
      <if test="insProvince != null" >
        INS_PROVINCE,
      </if>
      <if test="insProvinceName != null" >
        INS_PROVINCE_NAME,
      </if>
      <if test="insCity != null" >
        INS_CITY,
      </if>
      <if test="insCityName != null" >
        INS_CITY_NAME,
      </if>
      <if test="insSrelation != null" >
        INS_SRELATION,
      </if>
      <if test="insFax != null" >
        INS_FAX,
      </if>
      <if test="insEmail != null" >
        INS_EMAIL,
      </if>
      <if test="insZip != null" >
        INS_ZIP,
      </if>
      <if test="insAddress != null" >
        INS_ADDRESS,
      </if>
      <if test="insYnum != null" >
        INS_YNUM,
      </if>
      <if test="insBankCode != null" >
        INS_BANK_CODE,
      </if>
      <if test="insBankName != null" >
        INS_BANK_NAME,
      </if>
      <if test="insSubBankName != null" >
        INS_SUB_BANK_NAME,
      </if>
      <if test="insBankClientName != null" >
        INS_BANK_CLIENT_NAME,
      </if>
      <if test="insBankCardNo != null" >
        INS_BANK_CARD_NO,
      </if>
      <if test="ysbuserid != null" >
        YSBUSERID,
      </if>
      <if test="cascustomid != null" >
        CASCUSTOMID,
      </if>
      <if test="businessType != null" >
        BUSINESS_TYPE,
      </if>
    </trim>
    <trim prefix="values (" suffix=")" suffixOverrides="," >
      <if test="insId != null" >
        #{insId,jdbcType=DECIMAL},
      </if>
      <if test="insNo != null" >
        #{insNo,jdbcType=VARCHAR},
      </if>
      <if test="insName != null" >
        #{insName,jdbcType=VARCHAR},
      </if>
      <if test="insPubKey != null" >
        #{insPubKey,jdbcType=VARCHAR},
      </if>
      <if test="accountBankId != null" >
        #{accountBankId,jdbcType=DECIMAL},
      </if>
      <if test="createTime != null" >
        #{createTime,jdbcType=DATE},
      </if>
      <if test="updateTime != null" >
        #{updateTime,jdbcType=DATE},
      </if>
      <if test="businessSwitch != null" >
        #{businessSwitch,jdbcType=VARCHAR},
      </if>
      <if test="supportD0Switch != null" >
        #{supportD0Switch,jdbcType=VARCHAR},
      </if>
      <if test="zfbAppId != null" >
        #{zfbAppId,jdbcType=VARCHAR},
      </if>
      <if test="zfbPubKey != null" >
        #{zfbPubKey,jdbcType=VARCHAR},
      </if>
      <if test="zfbPriKey != null" >
        #{zfbPriKey,jdbcType=VARCHAR},
      </if>
      <if test="wxAppSecret != null" >
        #{wxAppSecret,jdbcType=VARCHAR},
      </if>
      <if test="insShortName != null" >
        #{insShortName,jdbcType=VARCHAR},
      </if>
      <if test="insTel != null" >
        #{insTel,jdbcType=VARCHAR},
      </if>
      <if test="insProvince != null" >
        #{insProvince,jdbcType=VARCHAR},
      </if>
      <if test="insProvinceName != null" >
        #{insProvinceName,jdbcType=VARCHAR},
      </if>
      <if test="insCity != null" >
        #{insCity,jdbcType=VARCHAR},
      </if>
      <if test="insCityName != null" >
        #{insCityName,jdbcType=VARCHAR},
      </if>
      <if test="insSrelation != null" >
        #{insSrelation,jdbcType=VARCHAR},
      </if>
      <if test="insFax != null" >
        #{insFax,jdbcType=VARCHAR},
      </if>
      <if test="insEmail != null" >
        #{insEmail,jdbcType=VARCHAR},
      </if>
      <if test="insZip != null" >
        #{insZip,jdbcType=VARCHAR},
      </if>
      <if test="insAddress != null" >
        #{insAddress,jdbcType=VARCHAR},
      </if>
      <if test="insYnum != null" >
        #{insYnum,jdbcType=VARCHAR},
      </if>
      <if test="insBankCode != null" >
        #{insBankCode,jdbcType=VARCHAR},
      </if>
      <if test="insBankName != null" >
        #{insBankName,jdbcType=VARCHAR},
      </if>
      <if test="insSubBankName != null" >
        #{insSubBankName,jdbcType=VARCHAR},
      </if>
      <if test="insBankClientName != null" >
        #{insBankClientName,jdbcType=VARCHAR},
      </if>
      <if test="insBankCardNo != null" >
        #{insBankCardNo,jdbcType=VARCHAR},
      </if>
      <if test="ysbuserid != null" >
        #{ysbuserid,jdbcType=DECIMAL},
      </if>
      <if test="cascustomid != null" >
        #{cascustomid,jdbcType=DECIMAL},
      </if>
      <if test="businessType != null" >
        #{businessType,jdbcType=VARCHAR},
      </if>
    </trim>
  </insert>
  
 
  
  <update id="updateByPrimaryKeySelective" parameterType="com.uns.model.Institution" >
    update INSTITUTION
    <set >
      <if test="insName != null" >
        INS_NAME = #{insName,jdbcType=VARCHAR},
      </if>
      <if test="insPubKey != null" >
        INS_PUB_KEY = #{insPubKey,jdbcType=VARCHAR},
      </if>
      <if test="accountBankId != null" >
        ACCOUNT_BANK_ID = #{accountBankId,jdbcType=DECIMAL},
      </if>
      <if test="createTime != null" >
        CREATE_TIME = #{createTime,jdbcType=DATE},
      </if>
      <if test="updateTime != null" >
        UPDATE_TIME = #{updateTime,jdbcType=DATE},
      </if>
      <if test="businessSwitch != null" >
        BUSINESS_SWITCH = #{businessSwitch,jdbcType=VARCHAR},
      </if>
      <if test="supportD0Switch != null" >
        SUPPORT_D0_SWITCH = #{supportD0Switch,jdbcType=VARCHAR},
      </if>
      <if test="zfbAppId != null" >
        ZFB_APP_ID = #{zfbAppId,jdbcType=VARCHAR},
      </if>
      <if test="zfbPubKey != null" >
        ZFB_PUB_KEY = #{zfbPubKey,jdbcType=VARCHAR},
      </if>
      <if test="zfbPriKey != null" >
        ZFB_PRI_KEY = #{zfbPriKey,jdbcType=VARCHAR},
      </if>
      <if test="wxAppSecret != null" >
        WX_APP_SECRET = #{wxAppSecret,jdbcType=VARCHAR},
      </if>
      <if test="insShortName != null" >
        INS_SHORT_NAME = #{insShortName,jdbcType=VARCHAR},
      </if>
      <if test="insTel != null" >
        INS_TEL = #{insTel,jdbcType=VARCHAR},
      </if>
      <if test="insProvince != null" >
        INS_PROVINCE = #{insProvince,jdbcType=VARCHAR},
      </if>
      <if test="insProvinceName != null" >
        INS_PROVINCE_NAME = #{insProvinceName,jdbcType=VARCHAR},
      </if>
      <if test="insCity != null" >
        INS_CITY = #{insCity,jdbcType=VARCHAR},
      </if>
      <if test="insCityName != null" >
        INS_CITY_NAME = #{insCityName,jdbcType=VARCHAR},
      </if>
      <if test="insSrelation != null" >
        INS_SRELATION = #{insSrelation,jdbcType=VARCHAR},
      </if>
      <if test="insFax != null" >
        INS_FAX = #{insFax,jdbcType=VARCHAR},
      </if>
      <if test="insEmail != null" >
        INS_EMAIL = #{insEmail,jdbcType=VARCHAR},
      </if>
      <if test="insZip != null" >
        INS_ZIP = #{insZip,jdbcType=VARCHAR},
      </if>
      <if test="insAddress != null" >
        INS_ADDRESS = #{insAddress,jdbcType=VARCHAR},
      </if>
      <if test="insYnum != null" >
        INS_YNUM = #{insYnum,jdbcType=VARCHAR},
      </if>
      <if test="insBankCode != null" >
        INS_BANK_CODE = #{insBankCode,jdbcType=VARCHAR},
      </if>
      <if test="insBankName != null" >
        INS_BANK_NAME = #{insBankName,jdbcType=VARCHAR},
      </if>
      <if test="insSubBankName != null" >
        INS_SUB_BANK_NAME = #{insSubBankName,jdbcType=VARCHAR},
      </if>
      <if test="insBankClientName != null" >
        INS_BANK_CLIENT_NAME = #{insBankClientName,jdbcType=VARCHAR},
      </if>
      <if test="insBankCardNo != null" >
        INS_BANK_CARD_NO = #{insBankCardNo,jdbcType=VARCHAR},
      </if>
      <if test="ysbuserid != null" >
        YSBUSERID = #{ysbuserid,jdbcType=DECIMAL},
      </if>
      <if test="cascustomid != null" >
        CASCUSTOMID = #{cascustomid,jdbcType=DECIMAL},
      </if>
      <if test="businessType != null" >
        BUSINESS_TYPE = #{businessType,jdbcType=VARCHAR},
      </if>
    </set>
    where INS_NO = #{insNo,jdbcType=VARCHAR}
  </update>
  <update id="updateByPrimaryKey" parameterType="com.uns.model.Institution" >
    update INSTITUTION
    set INS_NO = #{insNo,jdbcType=VARCHAR},
      INS_NAME = #{insName,jdbcType=VARCHAR},
      INS_PUB_KEY = #{insPubKey,jdbcType=VARCHAR},
      ACCOUNT_BANK_ID = #{accountBankId,jdbcType=DECIMAL},
      CREATE_TIME = #{createTime,jdbcType=DATE},
      UPDATE_TIME = #{updateTime,jdbcType=DATE},
      BUSINESS_SWITCH = #{businessSwitch,jdbcType=VARCHAR},
      SUPPORT_D0_SWITCH = #{supportD0Switch,jdbcType=VARCHAR},
      ZFB_APP_ID = #{zfbAppId,jdbcType=VARCHAR},
      ZFB_PUB_KEY = #{zfbPubKey,jdbcType=VARCHAR},
      ZFB_PRI_KEY = #{zfbPriKey,jdbcType=VARCHAR},
      WX_APP_SECRET = #{wxAppSecret,jdbcType=VARCHAR},
      INS_SHORT_NAME = #{insShortName,jdbcType=VARCHAR},
      INS_TEL = #{insTel,jdbcType=VARCHAR},
      INS_PROVINCE = #{insProvince,jdbcType=VARCHAR},
      INS_PROVINCE_NAME = #{insProvinceName,jdbcType=VARCHAR},
      INS_CITY = #{insCity,jdbcType=VARCHAR},
      INS_CITY_NAME = #{insCityName,jdbcType=VARCHAR},
      INS_SRELATION = #{insSrelation,jdbcType=VARCHAR},
      INS_FAX = #{insFax,jdbcType=VARCHAR},
      INS_EMAIL = #{insEmail,jdbcType=VARCHAR},
      INS_ZIP = #{insZip,jdbcType=VARCHAR},
      INS_ADDRESS = #{insAddress,jdbcType=VARCHAR},
      INS_YNUM = #{insYnum,jdbcType=VARCHAR},
      INS_BANK_CODE = #{insBankCode,jdbcType=VARCHAR},
      INS_BANK_NAME = #{insBankName,jdbcType=VARCHAR},
      INS_SUB_BANK_NAME = #{insSubBankName,jdbcType=VARCHAR},
      INS_BANK_CLIENT_NAME = #{insBankClientName,jdbcType=VARCHAR},
      INS_BANK_CARD_NO = #{insBankCardNo,jdbcType=VARCHAR},
      YSBUSERID = #{ysbuserid,jdbcType=DECIMAL},
      CASCUSTOMID = #{cascustomid,jdbcType=DECIMAL},
      BUSINESS_TYPE = #{businessType,jdbcType=VARCHAR}
    where INS_ID = #{insId,jdbcType=DECIMAL}
  </update>
  
  
   <select id="findInstitution" resultMap="BaseResultMap" parameterType="java.lang.String" >
    select 
    <include refid="Base_Column_List" />
    from INSTITUTION
    where INS_NO = #{insNo,jdbcType=VARCHAR}
  </select>
</mapper>