<?xml version="1.0" encoding="UTF-8" ?>
<!DOCTYPE mapper PUBLIC "-//mybatis.org//DTD Mapper 3.0//EN" "http://mybatis.org/dtd/mybatis-3-mapper.dtd" >
<mapper namespace="com.uns.dao.InstitutionFeeMapper" >
  <resultMap id="BaseResultMap" type="com.uns.model.InstitutionFee" >
    <id column="INS_FEE_ID" property="insFeeId" jdbcType="DECIMAL" />
    <result column="INS_NO" property="insNo" jdbcType="DECIMAL" />
    <result column="CREATE_DATE" property="createDate" jdbcType="DATE" />
    <result column="UPDATE_DATE" property="updateDate" jdbcType="DATE" />
    <result column="INS_FEE_TYPE" property="insFeeType" jdbcType="VARCHAR" />
    <result column="FEE" property="fee" jdbcType="VARCHAR" />
    <result column="D0_FEE" property="d0Fee" jdbcType="VARCHAR" />
    <result column="CREATE_USER" property="createUser" jdbcType="VARCHAR" />
    <result column="UPDATE_USER" property="updateUser" jdbcType="VARCHAR" />
    <result column="FIX_FEE" property="fixFee" jdbcType="DECIMAL" />
    <result column="D0_FIX_FEE" property="d0FixFee" jdbcType="DECIMAL" />
  </resultMap>
  
  <sql id="Base_Column_List" >
    INS_FEE_ID, INS_NO, CREATE_DATE, UPDATE_DATE, INS_FEE_TYPE, FEE, D0_FEE, CREATE_USER, 
    UPDATE_USER,FIX_FEE, D0_FIX_FEE
  </sql>
  
  <select id="selectByPrimaryKey" resultMap="BaseResultMap" parameterType="java.math.BigDecimal" >
    select 
    <include refid="Base_Column_List" />
    from INSTITUTION_FEE
    where INS_FEE_ID = #{insFeeId,jdbcType=DECIMAL}
  </select>
  <delete id="deleteByPrimaryKey" parameterType="java.math.BigDecimal" >
    delete from INSTITUTION_FEE
    where INS_FEE_ID = #{insFeeId,jdbcType=DECIMAL}
  </delete>
  
  <insert id="insert" parameterType="com.uns.model.InstitutionFee" >
    insert into INSTITUTION_FEE (INS_FEE_ID, INS_NO, CREATE_DATE, 
      UPDATE_DATE, INS_FEE_TYPE, FEE, 
      D0_FEE, CREATE_USER, UPDATE_USER
      )
    values (#{insFeeId,jdbcType=DECIMAL}, #{insNo,jdbcType=DECIMAL}, #{createDate,jdbcType=DATE}, 
      #{updateDate,jdbcType=DATE}, #{insFeeType,jdbcType=VARCHAR}, #{fee,jdbcType=VARCHAR}, 
      #{d0Fee,jdbcType=VARCHAR}, #{createUser,jdbcType=VARCHAR}, #{updateUser,jdbcType=VARCHAR}
      )
  </insert>
  <insert id="insertSelective" parameterType="com.uns.model.InstitutionFee" >
    insert into INSTITUTION_FEE
    <trim prefix="(" suffix=")" suffixOverrides="," >
      <if test="insFeeId != null" >
        INS_FEE_ID,
      </if>
      <if test="insNo != null" >
        INS_NO,
      </if>
      <if test="createDate != null" >
        CREATE_DATE,
      </if>
      <if test="updateDate != null" >
        UPDATE_DATE,
      </if>
      <if test="insFeeType != null" >
        INS_FEE_TYPE,
      </if>
      <if test="fee != null" >
        FEE,
      </if>
      <if test="d0Fee != null" >
        D0_FEE,
      </if>
      <if test="createUser != null" >
        CREATE_USER,
      </if>
      <if test="updateUser != null" >
        UPDATE_USER,
      </if>
    </trim>
    <trim prefix="values (" suffix=")" suffixOverrides="," >
      <if test="insFeeId != null" >
        #{insFeeId,jdbcType=DECIMAL},
      </if>
      <if test="insNo != null" >
        #{insNo,jdbcType=DECIMAL},
      </if>
      <if test="createDate != null" >
        #{createDate,jdbcType=DATE},
      </if>
      <if test="updateDate != null" >
        #{updateDate,jdbcType=DATE},
      </if>
      <if test="insFeeType != null" >
        #{insFeeType,jdbcType=VARCHAR},
      </if>
      <if test="fee != null" >
        #{fee,jdbcType=VARCHAR},
      </if>
      <if test="d0Fee != null" >
        #{d0Fee,jdbcType=VARCHAR},
      </if>
      <if test="createUser != null" >
        #{createUser,jdbcType=VARCHAR},
      </if>
      <if test="updateUser != null" >
        #{updateUser,jdbcType=VARCHAR},
      </if>
    </trim>
  </insert>
  
  <update id="updateByPrimaryKeySelective" parameterType="com.uns.model.InstitutionFee" >
    update INSTITUTION_FEE
    <set >
      <if test="insNo != null" >
        INS_NO = #{insNo,jdbcType=DECIMAL},
      </if>
      <if test="createDate != null" >
        CREATE_DATE = #{createDate,jdbcType=DATE},
      </if>
      <if test="updateDate != null" >
        UPDATE_DATE = #{updateDate,jdbcType=DATE},
      </if>
      <if test="insFeeType != null" >
        INS_FEE_TYPE = #{insFeeType,jdbcType=VARCHAR},
      </if>
      <if test="fee != null" >
        FEE = #{fee,jdbcType=VARCHAR},
      </if>
      <if test="d0Fee != null" >
        D0_FEE = #{d0Fee,jdbcType=VARCHAR},
      </if>
      <if test="createUser != null" >
        CREATE_USER = #{createUser,jdbcType=VARCHAR},
      </if>
      <if test="updateUser != null" >
        UPDATE_USER = #{updateUser,jdbcType=VARCHAR},
      </if>
    </set>
    where INS_FEE_ID = #{insFeeId,jdbcType=DECIMAL}
  </update>
  <update id="updateByPrimaryKey" parameterType="com.uns.model.InstitutionFee" >
    update INSTITUTION_FEE
    set INS_NO = #{insNo,jdbcType=DECIMAL},
      CREATE_DATE = #{createDate,jdbcType=DATE},
      UPDATE_DATE = #{updateDate,jdbcType=DATE},
      INS_FEE_TYPE = #{insFeeType,jdbcType=VARCHAR},
      FEE = #{fee,jdbcType=VARCHAR},
      D0_FEE = #{d0Fee,jdbcType=VARCHAR},
      CREATE_USER = #{createUser,jdbcType=VARCHAR},
      UPDATE_USER = #{updateUser,jdbcType=VARCHAR}
    where INS_FEE_ID = #{insFeeId,jdbcType=DECIMAL}
  </update>
  
  
   <select id="findInstitutionFeeList" resultMap="BaseResultMap" parameterType="java.lang.String" >
    select 
    <include refid="Base_Column_List" />
    from INSTITUTION_FEE
    where INS_NO = #{insNo}
  </select>
</mapper>