<?xml version="1.0" encoding="UTF-8" ?>
<!DOCTYPE mapper PUBLIC "-//mybatis.org//DTD Mapper 3.0//EN" "http://mybatis.org/dtd/mybatis-3-mapper.dtd" >
<mapper namespace="com.uns.dao.QrCodeTransExtMapper" >
  <resultMap id="BaseResultMap" type="com.uns.model.QrCodeTransExt" >
    <id column="ID" property="id" jdbcType="DECIMAL" />
    <result column="ORDER_ID" property="orderId" jdbcType="VARCHAR" />
    <result column="ORI_ORDERID" property="oriOrderid" jdbcType="VARCHAR" />
    <result column="TRAN_TIME" property="tranTime" jdbcType="VARCHAR" />
    <result column="TRAN_TYPE" property="tranType" jdbcType="CHAR" />
    <result column="TRAN_FLAG" property="tranFlag" jdbcType="CHAR" />
    <result column="AMOUNT" property="amount" jdbcType="DECIMAL" />
    <result column="FEE" property="fee" jdbcType="DECIMAL" />
  </resultMap>
  
  <sql id="Base_Column_List" >
    ID, ORDER_ID, ORI_ORDERID, TRAN_TIME, TRAN_TYPE, TRAN_FLAG, AMOUNT, FEE
  </sql>
 
  <select id="selectByPrimaryKey" resultMap="BaseResultMap" parameterType="java.lang.Long" >
    select 
    <include refid="Base_Column_List" />
    from QR_CODE_TRANS_EXT
    where ID = #{id,jdbcType=DECIMAL}
  </select>
  <delete id="deleteByPrimaryKey" parameterType="java.lang.Long" >
    delete from QR_CODE_TRANS_EXT
    where ID = #{id,jdbcType=DECIMAL}
  </delete>
 
  <insert id="insert" parameterType="com.uns.model.QrCodeTransExt" >
    insert into QR_CODE_TRANS_EXT (ID, ORDER_ID, ORI_ORDERID, 
      TRAN_TIME, TRAN_TYPE, TRAN_FLAG, 
      AMOUNT, FEE)
    values (#{id,jdbcType=DECIMAL}, #{orderId,jdbcType=VARCHAR}, #{oriOrderid,jdbcType=VARCHAR}, 
      #{tranTime,jdbcType=VARCHAR}, #{tranType,jdbcType=CHAR}, #{tranFlag,jdbcType=CHAR}, 
      #{amount,jdbcType=DECIMAL}, #{fee,jdbcType=DECIMAL})
  </insert>
  <insert id="insertSelective" parameterType="com.uns.model.QrCodeTransExt" >
    insert into QR_CODE_TRANS_EXT
    <trim prefix="(" suffix=")" suffixOverrides="," >
      <if test="id != null" >
        ID,
      </if>
      <if test="orderId != null" >
        ORDER_ID,
      </if>
      <if test="oriOrderid != null" >
        ORI_ORDERID,
      </if>
      <if test="tranTime != null" >
        TRAN_TIME,
      </if>
      <if test="tranType != null" >
        TRAN_TYPE,
      </if>
      <if test="tranFlag != null" >
        TRAN_FLAG,
      </if>
      <if test="amount != null" >
        AMOUNT,
      </if>
      <if test="fee != null" >
        FEE,
      </if>
    </trim>
    <trim prefix="values (" suffix=")" suffixOverrides="," >
      <if test="id != null" >
        #{id,jdbcType=DECIMAL},
      </if>
      <if test="orderId != null" >
        #{orderId,jdbcType=VARCHAR},
      </if>
      <if test="oriOrderid != null" >
        #{oriOrderid,jdbcType=VARCHAR},
      </if>
      <if test="tranTime != null" >
        #{tranTime,jdbcType=VARCHAR},
      </if>
      <if test="tranType != null" >
        #{tranType,jdbcType=CHAR},
      </if>
      <if test="tranFlag != null" >
        #{tranFlag,jdbcType=CHAR},
      </if>
      <if test="amount != null" >
        #{amount,jdbcType=DECIMAL},
      </if>
      <if test="fee != null" >
        #{fee,jdbcType=DECIMAL},
      </if>
    </trim>
  </insert>
 
  
  
  <update id="updateByPrimaryKeySelective" parameterType="com.uns.model.QrCodeTransExt" >
    update QR_CODE_TRANS_EXT
    <set >
      <if test="orderId != null" >
        ORDER_ID = #{orderId,jdbcType=VARCHAR},
      </if>
      <if test="oriOrderid != null" >
        ORI_ORDERID = #{oriOrderid,jdbcType=VARCHAR},
      </if>
      <if test="tranTime != null" >
        TRAN_TIME = #{tranTime,jdbcType=VARCHAR},
      </if>
      <if test="tranType != null" >
        TRAN_TYPE = #{tranType,jdbcType=CHAR},
      </if>
      <if test="tranFlag != null" >
        TRAN_FLAG = #{tranFlag,jdbcType=CHAR},
      </if>
      <if test="amount != null" >
        AMOUNT = #{amount,jdbcType=DECIMAL},
      </if>
      <if test="fee != null" >
        FEE = #{fee,jdbcType=DECIMAL},
      </if>
    </set>
    where ID = #{id,jdbcType=DECIMAL}
  </update>
  <update id="updateByPrimaryKey" parameterType="com.uns.model.QrCodeTransExt" >
    update QR_CODE_TRANS_EXT
    set ORDER_ID = #{orderId,jdbcType=VARCHAR},
      ORI_ORDERID = #{oriOrderid,jdbcType=VARCHAR},
      TRAN_TIME = #{tranTime,jdbcType=VARCHAR},
      TRAN_TYPE = #{tranType,jdbcType=CHAR},
      TRAN_FLAG = #{tranFlag,jdbcType=CHAR},
      AMOUNT = #{amount,jdbcType=DECIMAL},
      FEE = #{fee,jdbcType=DECIMAL}
    where ID = #{id,jdbcType=DECIMAL}
  </update>
</mapper>