<?xml version="1.0" encoding="UTF-8" ?>
<!DOCTYPE mapper PUBLIC "-//mybatis.org//DTD Mapper 3.0//EN" "http://mybatis.org/dtd/mybatis-3-mapper.dtd" >
<mapper namespace="com.uns.dao.SysAreaMapper" >
  <resultMap id="BaseResultMap" type="com.uns.model.SysArea" >
    <result column="PROVINCIAL" property="provincial" jdbcType="VARCHAR" />
    <result column="PROVINCIALNAME" property="provincialname" jdbcType="VARCHAR" />
    <result column="CITY" property="city" jdbcType="VARCHAR" />
    <result column="CITYNAME" property="cityname" jdbcType="VARCHAR" />
    <result column="YSB_CITY" property="ysbCity" jdbcType="VARCHAR" />
    <result column="YSB_PROV" property="ysbProv" jdbcType="VARCHAR" />
    <result column="ID" property="id" jdbcType="DECIMAL" />
  </resultMap>
  <sql id="Base_Column_List" >
    PROVINCIAL, PROVINCIALNAME, CITY, CITYNAME, YSB_CITY, YSB_PROV, ID
  </sql>
  <insert id="insert" parameterType="com.uns.model.SysArea" >
    insert into SYS_AREA (PROVINCIAL, PROVINCIALNAME, CITY, 
      CITYNAME, YSB_CITY, YSB_PROV, 
      ID)
    values (#{provincial,jdbcType=VARCHAR}, #{provincialname,jdbcType=VARCHAR}, #{city,jdbcType=VARCHAR}, 
      #{cityname,jdbcType=VARCHAR}, #{ysbCity,jdbcType=VARCHAR}, #{ysbProv,jdbcType=VARCHAR}, 
      #{id,jdbcType=DECIMAL})
  </insert>
  <insert id="insertSelective" parameterType="com.uns.model.SysArea" >
    insert into SYS_AREA
    <trim prefix="(" suffix=")" suffixOverrides="," >
      <if test="provincial != null" >
        PROVINCIAL,
      </if>
      <if test="provincialname != null" >
        PROVINCIALNAME,
      </if>
      <if test="city != null" >
        CITY,
      </if>
      <if test="cityname != null" >
        CITYNAME,
      </if>
      <if test="ysbCity != null" >
        YSB_CITY,
      </if>
      <if test="ysbProv != null" >
        YSB_PROV,
      </if>
      <if test="id != null" >
        ID,
      </if>
    </trim>
    <trim prefix="values (" suffix=")" suffixOverrides="," >
      <if test="provincial != null" >
        #{provincial,jdbcType=VARCHAR},
      </if>
      <if test="provincialname != null" >
        #{provincialname,jdbcType=VARCHAR},
      </if>
      <if test="city != null" >
        #{city,jdbcType=VARCHAR},
      </if>
      <if test="cityname != null" >
        #{cityname,jdbcType=VARCHAR},
      </if>
      <if test="ysbCity != null" >
        #{ysbCity,jdbcType=VARCHAR},
      </if>
      <if test="ysbProv != null" >
        #{ysbProv,jdbcType=VARCHAR},
      </if>
      <if test="id != null" >
        #{id,jdbcType=DECIMAL},
      </if>
    </trim>
  </insert>
  <select id="findAreaByYsb" parameterType="com.uns.model.Customer" resultType="com.uns.model.SysArea">
  	select 
  	<include refid="Base_Column_List"/>
  	from sys_area
  	where ysb_prov=#{provinceName, jdbcType=VARCHAR} and ysb_city=#{cityName, jdbcType=VARCHAR}
  </select>
  <select id="findAllProvince" resultMap="BaseResultMap">
	   select t.ysb_prov,t.provincialname from sys_area t  group by t.ysb_prov,t.provincialname order by t.ysb_prov
  </select>
  <select id="provinceAllCity" resultMap="BaseResultMap" parameterType="java.lang.String">
    select
    <include refid="Base_Column_List" />
    from SYS_AREA where YSB_PROV=#{province,jdbcType=VARCHAR} order by YSB_CITY
  </select>
    <select id="selectCityByProvince" resultType="com.uns.model.SysArea">
      select
      <include refid="Base_Column_List" />
      from SYS_AREA where PROVINCIALNAME=#{level,jdbcType=VARCHAR} order by YSB_CITY
    </select>
</mapper>