<?xml version="1.0" encoding="UTF-8" ?>
<!DOCTYPE mapper PUBLIC "-//mybatis.org//DTD Mapper 3.0//EN" "http://mybatis.org/dtd/mybatis-3-mapper.dtd" >
<mapper namespace="com.uns.dao.SysConfigMapper" >
  <resultMap id="BaseResultMap" type="com.uns.model.SysConfig" >
    <id column="ID" property="id" jdbcType="DECIMAL" />
    <result column="KEY_NAME" property="keyName" jdbcType="VARCHAR" />
    <result column="KEY_VALUE" property="keyValue" jdbcType="VARCHAR" />
    <result column="KEY_TYPE" property="keyType" jdbcType="VARCHAR" />
    <result column="KEY_EXPLAIN" property="keyExplain" jdbcType="VARCHAR" />
    <result column="CREATE_TIME" property="createTime" jdbcType="DATE" />
    <result column="UPDATE_TIME" property="updateTime" jdbcType="DATE" />
    <result column="DELETE_FLAG" property="deleteFlag" jdbcType="DECIMAL" />
  </resultMap>
  <sql id="Base_Column_List" >
    ID, KEY_NAME, KEY_VALUE, KEY_TYPE, KEY_EXPLAIN, CREATE_TIME, UPDATE_TIME, DELETE_FLAG
  </sql>

  <select id="selectByPrimaryKey" resultMap="BaseResultMap" parameterType="java.math.BigDecimal" >
    select 
    <include refid="Base_Column_List" />
    from SYS_CONFIG
    where ID = #{id,jdbcType=DECIMAL}
  </select>
  <delete id="deleteByPrimaryKey" parameterType="java.math.BigDecimal" >
    delete from SYS_CONFIG
    where ID = #{id,jdbcType=DECIMAL}
  </delete>
  <insert id="insert" parameterType="com.uns.model.SysConfig" >
    insert into SYS_CONFIG (ID, KEY_NAME, KEY_VALUE, 
      KEY_TYPE, KEY_EXPLAIN, CREATE_TIME, 
      UPDATE_TIME, DELETE_FLAG)
    values (#{id,jdbcType=DECIMAL}, #{keyName,jdbcType=VARCHAR}, #{keyValue,jdbcType=VARCHAR}, 
      #{keyType,jdbcType=VARCHAR}, #{keyExplain,jdbcType=VARCHAR}, #{createTime,jdbcType=DATE}, 
      #{updateTime,jdbcType=DATE}, #{deleteFlag,jdbcType=DECIMAL})
  </insert>
  <insert id="insertSelective" parameterType="com.uns.model.SysConfig" >
    insert into SYS_CONFIG
    <trim prefix="(" suffix=")" suffixOverrides="," >
      <if test="id != null" >
        ID,
      </if>
      <if test="keyName != null" >
        KEY_NAME,
      </if>
      <if test="keyValue != null" >
        KEY_VALUE,
      </if>
      <if test="keyType != null" >
        KEY_TYPE,
      </if>
      <if test="keyExplain != null" >
        KEY_EXPLAIN,
      </if>
      <if test="createTime != null" >
        CREATE_TIME,
      </if>
      <if test="updateTime != null" >
        UPDATE_TIME,
      </if>
      <if test="deleteFlag != null" >
        DELETE_FLAG,
      </if>
    </trim>
    <trim prefix="values (" suffix=")" suffixOverrides="," >
      <if test="id != null" >
        #{id,jdbcType=DECIMAL},
      </if>
      <if test="keyName != null" >
        #{keyName,jdbcType=VARCHAR},
      </if>
      <if test="keyValue != null" >
        #{keyValue,jdbcType=VARCHAR},
      </if>
      <if test="keyType != null" >
        #{keyType,jdbcType=VARCHAR},
      </if>
      <if test="keyExplain != null" >
        #{keyExplain,jdbcType=VARCHAR},
      </if>
      <if test="createTime != null" >
        #{createTime,jdbcType=DATE},
      </if>
      <if test="updateTime != null" >
        #{updateTime,jdbcType=DATE},
      </if>
      <if test="deleteFlag != null" >
        #{deleteFlag,jdbcType=DECIMAL},
      </if>
    </trim>
  </insert>
  <select id="selectByKey" resultMap="BaseResultMap">
    SELECT <include refid="Base_Column_List"/> FROM SYS_CONFIG
    WHERE KEY_NAME = #{key}
  </select>
  <update id="updateByPrimaryKeySelective" parameterType="com.uns.model.SysConfig" >
    update SYS_CONFIG
    <set >
      <if test="keyName != null" >
        KEY_NAME = #{keyName,jdbcType=VARCHAR},
      </if>
      <if test="keyValue != null" >
        KEY_VALUE = #{keyValue,jdbcType=VARCHAR},
      </if>
      <if test="keyType != null" >
        KEY_TYPE = #{keyType,jdbcType=VARCHAR},
      </if>
      <if test="keyExplain != null" >
        KEY_EXPLAIN = #{keyExplain,jdbcType=VARCHAR},
      </if>
      <if test="createTime != null" >
        CREATE_TIME = #{createTime,jdbcType=DATE},
      </if>
      <if test="updateTime != null" >
        UPDATE_TIME = #{updateTime,jdbcType=DATE},
      </if>
      <if test="deleteFlag != null" >
        DELETE_FLAG = #{deleteFlag,jdbcType=DECIMAL},
      </if>
    </set>
    where ID = #{id,jdbcType=DECIMAL}
  </update>
  <update id="updateByPrimaryKey" parameterType="com.uns.model.SysConfig" >
    update SYS_CONFIG
    set KEY_NAME = #{keyName,jdbcType=VARCHAR},
      KEY_VALUE = #{keyValue,jdbcType=VARCHAR},
      KEY_TYPE = #{keyType,jdbcType=VARCHAR},
      KEY_EXPLAIN = #{keyExplain,jdbcType=VARCHAR},
      CREATE_TIME = #{createTime,jdbcType=DATE},
      UPDATE_TIME = #{updateTime,jdbcType=DATE},
      DELETE_FLAG = #{deleteFlag,jdbcType=DECIMAL}
    where ID = #{id,jdbcType=DECIMAL}
  </update>
</mapper>