<?xml version="1.0" encoding="UTF-8" ?>
<!DOCTYPE mapper PUBLIC "-//mybatis.org//DTD Mapper 3.0//EN" "http://mybatis.org/dtd/mybatis-3-mapper.dtd" >
<mapper namespace="com.uns.dao.SysLogMapper" >
  <resultMap id="BaseResultMap" type="com.uns.model.SysLog" >
    <id column="ID" property="id" jdbcType="VARCHAR" />
    <result column="TYPE" property="type" jdbcType="CHAR" />
    <result column="TITLE" property="title" jdbcType="OTHER" />
    <result column="CREATE_BY" property="createBy" jdbcType="VARCHAR" />
    <result column="CREATE_DATE" property="createDate" jdbcType="TIMESTAMP" />
    <result column="REMOTE_ADDR" property="remoteAddr" jdbcType="VARCHAR" />
    <result column="USER_AGENT" property="userAgent" jdbcType="VARCHAR" />
    <result column="REQUEST_URI" property="requestUri" jdbcType="VARCHAR" />
    <result column="METHOD" property="method" jdbcType="VARCHAR" />
  </resultMap>
  <resultMap id="ResultMapWithBLOBs" type="com.uns.model.SysLogWithBLOBs" extends="BaseResultMap" >
    <result column="PARAMS" property="params" jdbcType="CLOB" />
    <result column="EXCEPTION" property="exception" jdbcType="CLOB" />
  </resultMap>
  
  <sql id="Base_Column_List" >
    ID, TYPE, TITLE, CREATE_BY, CREATE_DATE, REMOTE_ADDR, USER_AGENT, REQUEST_URI, METHOD
  </sql>
  <sql id="Blob_Column_List" >
    PARAMS, EXCEPTION
  </sql>
  
  <select id="selectByPrimaryKey" resultMap="ResultMapWithBLOBs" parameterType="java.lang.String" >
    select 
    <include refid="Base_Column_List" />
    ,
    <include refid="Blob_Column_List" />
    from SYS_LOG
    where ID = #{id,jdbcType=VARCHAR}
  </select>
  <delete id="deleteByPrimaryKey" parameterType="java.lang.String" >
    delete from SYS_LOG
    where ID = #{id,jdbcType=VARCHAR}
  </delete>
  
  <insert id="insert" parameterType="com.uns.model.SysLogWithBLOBs" >
    insert into SYS_LOG (ID, TYPE, TITLE, CREATE_BY, 
      CREATE_DATE, REMOTE_ADDR, USER_AGENT, 
      REQUEST_URI, METHOD, PARAMS, 
      EXCEPTION)
    values (#{id,jdbcType=VARCHAR}, #{type,jdbcType=CHAR}, #{title,jdbcType=OTHER}, #{createBy,jdbcType=VARCHAR}, 
      #{createDate,jdbcType=TIMESTAMP}, #{remoteAddr,jdbcType=VARCHAR}, #{userAgent,jdbcType=VARCHAR}, 
      #{requestUri,jdbcType=VARCHAR}, #{method,jdbcType=VARCHAR}, #{params,jdbcType=CLOB}, 
      #{exception,jdbcType=CLOB})
  </insert>
  <insert id="insertSelective" parameterType="com.uns.model.SysLogWithBLOBs" >
    insert into SYS_LOG
    <trim prefix="(" suffix=")" suffixOverrides="," >
      <if test="id != null" >
        ID,
      </if>
      <if test="type != null" >
        TYPE,
      </if>
      <if test="title != null" >
        TITLE,
      </if>
      <if test="createBy != null" >
        CREATE_BY,
      </if>
      <if test="createDate != null" >
        CREATE_DATE,
      </if>
      <if test="remoteAddr != null" >
        REMOTE_ADDR,
      </if>
      <if test="userAgent != null" >
        USER_AGENT,
      </if>
      <if test="requestUri != null" >
        REQUEST_URI,
      </if>
      <if test="method != null" >
        METHOD,
      </if>
      <if test="params != null" >
        PARAMS,
      </if>
      <if test="exception != null" >
        EXCEPTION,
      </if>
    </trim>
    <trim prefix="values (" suffix=")" suffixOverrides="," >
      <if test="id != null" >
        #{id,jdbcType=VARCHAR},
      </if>
      <if test="type != null" >
        #{type,jdbcType=CHAR},
      </if>
      <if test="title != null" >
        #{title,jdbcType=OTHER},
      </if>
      <if test="createBy != null" >
        #{createBy,jdbcType=VARCHAR},
      </if>
      <if test="createDate != null" >
        #{createDate,jdbcType=TIMESTAMP},
      </if>
      <if test="remoteAddr != null" >
        #{remoteAddr,jdbcType=VARCHAR},
      </if>
      <if test="userAgent != null" >
        #{userAgent,jdbcType=VARCHAR},
      </if>
      <if test="requestUri != null" >
        #{requestUri,jdbcType=VARCHAR},
      </if>
      <if test="method != null" >
        #{method,jdbcType=VARCHAR},
      </if>
      <if test="params != null" >
        #{params,jdbcType=CLOB},
      </if>
      <if test="exception != null" >
        #{exception,jdbcType=CLOB},
      </if>
    </trim>
  </insert>
  
  <update id="updateByPrimaryKeySelective" parameterType="com.uns.model.SysLogWithBLOBs" >
    update SYS_LOG
    <set >
      <if test="type != null" >
        TYPE = #{type,jdbcType=CHAR},
      </if>
      <if test="title != null" >
        TITLE = #{title,jdbcType=OTHER},
      </if>
      <if test="createBy != null" >
        CREATE_BY = #{createBy,jdbcType=VARCHAR},
      </if>
      <if test="createDate != null" >
        CREATE_DATE = #{createDate,jdbcType=TIMESTAMP},
      </if>
      <if test="remoteAddr != null" >
        REMOTE_ADDR = #{remoteAddr,jdbcType=VARCHAR},
      </if>
      <if test="userAgent != null" >
        USER_AGENT = #{userAgent,jdbcType=VARCHAR},
      </if>
      <if test="requestUri != null" >
        REQUEST_URI = #{requestUri,jdbcType=VARCHAR},
      </if>
      <if test="method != null" >
        METHOD = #{method,jdbcType=VARCHAR},
      </if>
      <if test="params != null" >
        PARAMS = #{params,jdbcType=CLOB},
      </if>
      <if test="exception != null" >
        EXCEPTION = #{exception,jdbcType=CLOB},
      </if>
    </set>
    where ID = #{id,jdbcType=VARCHAR}
  </update>
  <update id="updateByPrimaryKeyWithBLOBs" parameterType="com.uns.model.SysLogWithBLOBs" >
    update SYS_LOG
    set TYPE = #{type,jdbcType=CHAR},
      TITLE = #{title,jdbcType=OTHER},
      CREATE_BY = #{createBy,jdbcType=VARCHAR},
      CREATE_DATE = #{createDate,jdbcType=TIMESTAMP},
      REMOTE_ADDR = #{remoteAddr,jdbcType=VARCHAR},
      USER_AGENT = #{userAgent,jdbcType=VARCHAR},
      REQUEST_URI = #{requestUri,jdbcType=VARCHAR},
      METHOD = #{method,jdbcType=VARCHAR},
      PARAMS = #{params,jdbcType=CLOB},
      EXCEPTION = #{exception,jdbcType=CLOB}
    where ID = #{id,jdbcType=VARCHAR}
  </update>
  <update id="updateByPrimaryKey" parameterType="com.uns.model.SysLog" >
    update SYS_LOG
    set TYPE = #{type,jdbcType=CHAR},
      TITLE = #{title,jdbcType=OTHER},
      CREATE_BY = #{createBy,jdbcType=VARCHAR},
      CREATE_DATE = #{createDate,jdbcType=TIMESTAMP},
      REMOTE_ADDR = #{remoteAddr,jdbcType=VARCHAR},
      USER_AGENT = #{userAgent,jdbcType=VARCHAR},
      REQUEST_URI = #{requestUri,jdbcType=VARCHAR},
      METHOD = #{method,jdbcType=VARCHAR}
    where ID = #{id,jdbcType=VARCHAR}
  </update>
</mapper>