<?xml version="1.0" encoding="UTF-8" ?>
<!DOCTYPE mapper PUBLIC "-//mybatis.org//DTD Mapper 3.0//EN" "http://mybatis.org/dtd/mybatis-3-mapper.dtd" >
<mapper namespace="com.uns.dao.TQrCodeTransMapper" >
  <resultMap id="BaseResultMap" type="com.uns.model.TQrCodeTrans" >
    <id column="ID" property="id" jdbcType="DECIMAL" />
    <result column="PRO_VER" property="proVer" jdbcType="VARCHAR" />
    <result column="MSG_TYPE" property="msgType" jdbcType="VARCHAR" />
    <result column="ORDER_ID" property="orderId" jdbcType="VARCHAR" />
    <result column="PAY_WAY" property="payWay" jdbcType="VARCHAR" />
    <result column="ORDER_STATUS" property="orderStatus" jdbcType="VARCHAR" />
    <result column="TRACE_NO" property="traceNo" jdbcType="VARCHAR" />
    <result column="SUBJECT" property="subject" jdbcType="VARCHAR" />
    <result column="MERCHANT_CODE" property="merchantCode" jdbcType="VARCHAR" />
    <result column="SMZF_MSG_ID" property="smzfMsgId" jdbcType="VARCHAR" />
    <result column="QR_CODE" property="qrCode" jdbcType="VARCHAR" />
    <result column="FEE" property="fee" jdbcType="DECIMAL" />
    <result column="REQ_DATE" property="reqDate" jdbcType="VARCHAR" />
    <result column="TRAN_DATE" property="tranDate" jdbcType="VARCHAR" />
    <result column="BANK_DATE" property="bankDate" jdbcType="VARCHAR" />
    <result column="SMALL_MERCH_NO" property="smallMerchNo" jdbcType="VARCHAR" />
    <result column="CUSTOMER_NO" property="customerNo" jdbcType="VARCHAR" />
    <result column="COMMITION_ID" property="commitionId" jdbcType="VARCHAR" />
    <result column="AMOUNT" property="amount" jdbcType="DECIMAL" />
    <result column="D0_FLAG" property="d0Flag" jdbcType="VARCHAR" />
    <result column="SETTLE_DATE" property="settleDate" jdbcType="VARCHAR" />
    <result column="ORDER_DESC" property="orderDesc" jdbcType="VARCHAR" />
    <result column="OPERATOR_ID" property="operatorId" jdbcType="VARCHAR" />
    <result column="STORE_ID" property="storeId" jdbcType="VARCHAR" />
    <result column="TERMINAL_ID" property="terminalId" jdbcType="VARCHAR" />
    <result column="LIMIT_PAY" property="limitPay" jdbcType="VARCHAR" />
    <result column="RESP_TYPE" property="respType" jdbcType="CHAR" />
    <result column="RESP_CODE" property="respCode" jdbcType="CHAR" />
    <result column="RESP_MSG" property="respMsg" jdbcType="VARCHAR" />
    <result column="BUYER_PAYAMOUNT" property="buyerPayamount" jdbcType="DECIMAL" />
    <result column="POINT_AMOUNT" property="pointAmount" jdbcType="DECIMAL" />
    <result column="BUYER_ID" property="buyerId" jdbcType="VARCHAR" />
    <result column="BUYER_ACCOUNT" property="buyerAccount" jdbcType="VARCHAR" />
    <result column="ISCLEARORCANCEL" property="isclearorcancel" jdbcType="VARCHAR" />
    <result column="EXTEND1" property="extend1" jdbcType="VARCHAR" />
    <result column="EXTEND2" property="extend2" jdbcType="VARCHAR" />
    <result column="EXTEND3" property="extend3" jdbcType="VARCHAR" />
    <result column="ARRIVAL_AMOUNT" property="arrivalAmount" jdbcType="DECIMAL" />
    <result column="CHARGE_STATUS" property="chargeStatus" jdbcType="VARCHAR" />
    <result column="WITHDRAW_STATUS" property="withdrawStatus" jdbcType="VARCHAR" />
    <result column="D0_FEE" property="d0Fee" jdbcType="DECIMAL" />
    <result column="CARD_TYPE" property="cardType" jdbcType="DECIMAL" />
    <result column="BANK_ID" property="bankId" jdbcType="VARCHAR" />
    <result column="FEEVER" property="feever" jdbcType="VARCHAR" />
    <result column="TRAN_TYPE" property="tranType" jdbcType="VARCHAR" />
    <result column="BANK_CODE" property="bankCode" jdbcType="VARCHAR" />
    <result column="PAY_CARD_TYPE" property="payCardType" jdbcType="VARCHAR" />
    <result column="INS_NO" property="insNo" jdbcType="VARCHAR" />
    <result column="CALLBACK_URL" property="callbackUrl" jdbcType="VARCHAR" />
    <result column="SETTLE_KEY" property="settleKey" jdbcType="VARCHAR" />
    <result column="VOUCHER_NUM" property="voucherNum" jdbcType="VARCHAR" />
    <result column="WITH_DRAW_D0FLAG" property="withDrawD0flag" jdbcType="VARCHAR" />
    <result column="AUDIT_STATUS" property="auditStatus" jdbcType="DECIMAL" />
    <result column="MERCHANT_URL" property="merchantUrl" jdbcType="VARCHAR" />
    <result column="customername" property="customername" jdbcType="VARCHAR" />
    <result column="qorderid" property="qorderid" jdbcType="VARCHAR" />
    <result column="qtrantime" property="qtrantime" jdbcType="VARCHAR" />
    <result column="qtranflag" property="qtranflag" jdbcType="VARCHAR" />
    <result column="cpD0CommissionRate" property="cpD0CommissionRate" jdbcType="VARCHAR" />
    <result column="qfee" property="qfee" jdbcType="VARCHAR" />
    <result column="insCommission" property="insCommission" jdbcType="VARCHAR" />
    <result column="profit_fee" property="profitFee" jdbcType="DECIMAL" />
  </resultMap>
  
  <sql id="Base_Column_List" >
    ID, PRO_VER, MSG_TYPE, ORDER_ID, PAY_WAY, ORDER_STATUS, TRACE_NO, SUBJECT, MERCHANT_CODE, 
    SMZF_MSG_ID, QR_CODE, FEE, REQ_DATE, TRAN_DATE, BANK_DATE, SMALL_MERCH_NO, CUSTOMER_NO, 
    COMMITION_ID, AMOUNT, D0_FLAG, SETTLE_DATE, ORDER_DESC, OPERATOR_ID, STORE_ID, TERMINAL_ID, 
    LIMIT_PAY, RESP_TYPE, RESP_CODE, RESP_MSG, BUYER_PAYAMOUNT, POINT_AMOUNT, BUYER_ID, 
    BUYER_ACCOUNT, ISCLEARORCANCEL, EXTEND1, EXTEND2, EXTEND3, ARRIVAL_AMOUNT, CHARGE_STATUS, 
    WITHDRAW_STATUS, D0_FEE, CARD_TYPE, BANK_ID, FEEVER, TRAN_TYPE, BANK_CODE, PAY_CARD_TYPE, 
    INS_NO, CALLBACK_URL, SETTLE_KEY, VOUCHER_NUM, WITH_DRAW_D0FLAG, AUDIT_STATUS, MERCHANT_URL, PROFIT_FEE
  </sql>
 
  <select id="selectByPrimaryKey" resultMap="BaseResultMap" parameterType="java.lang.Long" >
    select 
    <include refid="Base_Column_List" />
    from T_QR_CODE_TRANS
    where ID = #{id,jdbcType=DECIMAL}
  </select>
  <delete id="deleteByPrimaryKey" parameterType="java.lang.Long" >
    delete from T_QR_CODE_TRANS
    where ID = #{id,jdbcType=DECIMAL}
  </delete>
 
  <insert id="insert" parameterType="com.uns.model.TQrCodeTrans" >
    insert into T_QR_CODE_TRANS (ID, PRO_VER, MSG_TYPE, 
      ORDER_ID, PAY_WAY, ORDER_STATUS, 
      TRACE_NO, SUBJECT, MERCHANT_CODE, 
      SMZF_MSG_ID, QR_CODE, FEE, 
      REQ_DATE, TRAN_DATE, BANK_DATE, 
      SMALL_MERCH_NO, CUSTOMER_NO, COMMITION_ID, 
      AMOUNT, D0_FLAG, SETTLE_DATE, 
      ORDER_DESC, OPERATOR_ID, STORE_ID, 
      TERMINAL_ID, LIMIT_PAY, RESP_TYPE, 
      RESP_CODE, RESP_MSG, BUYER_PAYAMOUNT, 
      POINT_AMOUNT, BUYER_ID, BUYER_ACCOUNT, 
      ISCLEARORCANCEL, EXTEND1, EXTEND2, 
      EXTEND3, ARRIVAL_AMOUNT, CHARGE_STATUS, 
      WITHDRAW_STATUS, D0_FEE, CARD_TYPE, 
      BANK_ID, FEEVER, TRAN_TYPE, 
      BANK_CODE, PAY_CARD_TYPE, INS_NO, 
      CALLBACK_URL, SETTLE_KEY, VOUCHER_NUM, 
      WITH_DRAW_D0FLAG, AUDIT_STATUS, MERCHANT_URL
      )
    values (#{id,jdbcType=DECIMAL}, #{proVer,jdbcType=VARCHAR}, #{msgType,jdbcType=VARCHAR}, 
      #{orderId,jdbcType=VARCHAR}, #{payWay,jdbcType=VARCHAR}, #{orderStatus,jdbcType=VARCHAR}, 
      #{traceNo,jdbcType=VARCHAR}, #{subject,jdbcType=VARCHAR}, #{merchantCode,jdbcType=VARCHAR}, 
      #{smzfMsgId,jdbcType=VARCHAR}, #{qrCode,jdbcType=VARCHAR}, #{fee,jdbcType=DECIMAL}, 
      #{reqDate,jdbcType=VARCHAR}, #{tranDate,jdbcType=VARCHAR}, #{bankDate,jdbcType=VARCHAR}, 
      #{smallMerchNo,jdbcType=VARCHAR}, #{customerNo,jdbcType=VARCHAR}, #{commitionId,jdbcType=VARCHAR}, 
      #{amount,jdbcType=DECIMAL}, #{d0Flag,jdbcType=VARCHAR}, #{settleDate,jdbcType=VARCHAR}, 
      #{orderDesc,jdbcType=VARCHAR}, #{operatorId,jdbcType=VARCHAR}, #{storeId,jdbcType=VARCHAR}, 
      #{terminalId,jdbcType=VARCHAR}, #{limitPay,jdbcType=VARCHAR}, #{respType,jdbcType=CHAR}, 
      #{respCode,jdbcType=CHAR}, #{respMsg,jdbcType=VARCHAR}, #{buyerPayamount,jdbcType=DECIMAL}, 
      #{pointAmount,jdbcType=DECIMAL}, #{buyerId,jdbcType=VARCHAR}, #{buyerAccount,jdbcType=VARCHAR}, 
      #{isclearorcancel,jdbcType=VARCHAR}, #{extend1,jdbcType=VARCHAR}, #{extend2,jdbcType=VARCHAR}, 
      #{extend3,jdbcType=VARCHAR}, #{arrivalAmount,jdbcType=DECIMAL}, #{chargeStatus,jdbcType=VARCHAR}, 
      #{withdrawStatus,jdbcType=VARCHAR}, #{d0Fee,jdbcType=DECIMAL}, #{cardType,jdbcType=DECIMAL}, 
      #{bankId,jdbcType=VARCHAR}, #{feever,jdbcType=VARCHAR}, #{tranType,jdbcType=VARCHAR}, 
      #{bankCode,jdbcType=VARCHAR}, #{payCardType,jdbcType=VARCHAR}, #{insNo,jdbcType=VARCHAR}, 
      #{callbackUrl,jdbcType=VARCHAR}, #{settleKey,jdbcType=VARCHAR}, #{voucherNum,jdbcType=VARCHAR}, 
      #{withDrawD0flag,jdbcType=VARCHAR}, #{auditStatus,jdbcType=DECIMAL}, #{merchantUrl,jdbcType=VARCHAR}
      )
  </insert>
  <insert id="insertSelective" parameterType="com.uns.model.TQrCodeTrans" >
    insert into T_QR_CODE_TRANS
    <trim prefix="(" suffix=")" suffixOverrides="," >
      <if test="id != null" >
        ID,
      </if>
      <if test="proVer != null" >
        PRO_VER,
      </if>
      <if test="msgType != null" >
        MSG_TYPE,
      </if>
      <if test="orderId != null" >
        ORDER_ID,
      </if>
      <if test="payWay != null" >
        PAY_WAY,
      </if>
      <if test="orderStatus != null" >
        ORDER_STATUS,
      </if>
      <if test="traceNo != null" >
        TRACE_NO,
      </if>
      <if test="subject != null" >
        SUBJECT,
      </if>
      <if test="merchantCode != null" >
        MERCHANT_CODE,
      </if>
      <if test="smzfMsgId != null" >
        SMZF_MSG_ID,
      </if>
      <if test="qrCode != null" >
        QR_CODE,
      </if>
      <if test="fee != null" >
        FEE,
      </if>
      <if test="reqDate != null" >
        REQ_DATE,
      </if>
      <if test="tranDate != null" >
        TRAN_DATE,
      </if>
      <if test="bankDate != null" >
        BANK_DATE,
      </if>
      <if test="smallMerchNo != null" >
        SMALL_MERCH_NO,
      </if>
      <if test="customerNo != null" >
        CUSTOMER_NO,
      </if>
      <if test="commitionId != null" >
        COMMITION_ID,
      </if>
      <if test="amount != null" >
        AMOUNT,
      </if>
      <if test="d0Flag != null" >
        D0_FLAG,
      </if>
      <if test="settleDate != null" >
        SETTLE_DATE,
      </if>
      <if test="orderDesc != null" >
        ORDER_DESC,
      </if>
      <if test="operatorId != null" >
        OPERATOR_ID,
      </if>
      <if test="storeId != null" >
        STORE_ID,
      </if>
      <if test="terminalId != null" >
        TERMINAL_ID,
      </if>
      <if test="limitPay != null" >
        LIMIT_PAY,
      </if>
      <if test="respType != null" >
        RESP_TYPE,
      </if>
      <if test="respCode != null" >
        RESP_CODE,
      </if>
      <if test="respMsg != null" >
        RESP_MSG,
      </if>
      <if test="buyerPayamount != null" >
        BUYER_PAYAMOUNT,
      </if>
      <if test="pointAmount != null" >
        POINT_AMOUNT,
      </if>
      <if test="buyerId != null" >
        BUYER_ID,
      </if>
      <if test="buyerAccount != null" >
        BUYER_ACCOUNT,
      </if>
      <if test="isclearorcancel != null" >
        ISCLEARORCANCEL,
      </if>
      <if test="extend1 != null" >
        EXTEND1,
      </if>
      <if test="extend2 != null" >
        EXTEND2,
      </if>
      <if test="extend3 != null" >
        EXTEND3,
      </if>
      <if test="arrivalAmount != null" >
        ARRIVAL_AMOUNT,
      </if>
      <if test="chargeStatus != null" >
        CHARGE_STATUS,
      </if>
      <if test="withdrawStatus != null" >
        WITHDRAW_STATUS,
      </if>
      <if test="d0Fee != null" >
        D0_FEE,
      </if>
      <if test="cardType != null" >
        CARD_TYPE,
      </if>
      <if test="bankId != null" >
        BANK_ID,
      </if>
      <if test="feever != null" >
        FEEVER,
      </if>
      <if test="tranType != null" >
        TRAN_TYPE,
      </if>
      <if test="bankCode != null" >
        BANK_CODE,
      </if>
      <if test="payCardType != null" >
        PAY_CARD_TYPE,
      </if>
      <if test="insNo != null" >
        INS_NO,
      </if>
      <if test="callbackUrl != null" >
        CALLBACK_URL,
      </if>
      <if test="settleKey != null" >
        SETTLE_KEY,
      </if>
      <if test="voucherNum != null" >
        VOUCHER_NUM,
      </if>
      <if test="withDrawD0flag != null" >
        WITH_DRAW_D0FLAG,
      </if>
      <if test="auditStatus != null" >
        AUDIT_STATUS,
      </if>
      <if test="merchantUrl != null" >
        MERCHANT_URL,
      </if>
    </trim>
    <trim prefix="values (" suffix=")" suffixOverrides="," >
      <if test="id != null" >
        #{id,jdbcType=DECIMAL},
      </if>
      <if test="proVer != null" >
        #{proVer,jdbcType=VARCHAR},
      </if>
      <if test="msgType != null" >
        #{msgType,jdbcType=VARCHAR},
      </if>
      <if test="orderId != null" >
        #{orderId,jdbcType=VARCHAR},
      </if>
      <if test="payWay != null" >
        #{payWay,jdbcType=VARCHAR},
      </if>
      <if test="orderStatus != null" >
        #{orderStatus,jdbcType=VARCHAR},
      </if>
      <if test="traceNo != null" >
        #{traceNo,jdbcType=VARCHAR},
      </if>
      <if test="subject != null" >
        #{subject,jdbcType=VARCHAR},
      </if>
      <if test="merchantCode != null" >
        #{merchantCode,jdbcType=VARCHAR},
      </if>
      <if test="smzfMsgId != null" >
        #{smzfMsgId,jdbcType=VARCHAR},
      </if>
      <if test="qrCode != null" >
        #{qrCode,jdbcType=VARCHAR},
      </if>
      <if test="fee != null" >
        #{fee,jdbcType=DECIMAL},
      </if>
      <if test="reqDate != null" >
        #{reqDate,jdbcType=VARCHAR},
      </if>
      <if test="tranDate != null" >
        #{tranDate,jdbcType=VARCHAR},
      </if>
      <if test="bankDate != null" >
        #{bankDate,jdbcType=VARCHAR},
      </if>
      <if test="smallMerchNo != null" >
        #{smallMerchNo,jdbcType=VARCHAR},
      </if>
      <if test="customerNo != null" >
        #{customerNo,jdbcType=VARCHAR},
      </if>
      <if test="commitionId != null" >
        #{commitionId,jdbcType=VARCHAR},
      </if>
      <if test="amount != null" >
        #{amount,jdbcType=DECIMAL},
      </if>
      <if test="d0Flag != null" >
        #{d0Flag,jdbcType=VARCHAR},
      </if>
      <if test="settleDate != null" >
        #{settleDate,jdbcType=VARCHAR},
      </if>
      <if test="orderDesc != null" >
        #{orderDesc,jdbcType=VARCHAR},
      </if>
      <if test="operatorId != null" >
        #{operatorId,jdbcType=VARCHAR},
      </if>
      <if test="storeId != null" >
        #{storeId,jdbcType=VARCHAR},
      </if>
      <if test="terminalId != null" >
        #{terminalId,jdbcType=VARCHAR},
      </if>
      <if test="limitPay != null" >
        #{limitPay,jdbcType=VARCHAR},
      </if>
      <if test="respType != null" >
        #{respType,jdbcType=CHAR},
      </if>
      <if test="respCode != null" >
        #{respCode,jdbcType=CHAR},
      </if>
      <if test="respMsg != null" >
        #{respMsg,jdbcType=VARCHAR},
      </if>
      <if test="buyerPayamount != null" >
        #{buyerPayamount,jdbcType=DECIMAL},
      </if>
      <if test="pointAmount != null" >
        #{pointAmount,jdbcType=DECIMAL},
      </if>
      <if test="buyerId != null" >
        #{buyerId,jdbcType=VARCHAR},
      </if>
      <if test="buyerAccount != null" >
        #{buyerAccount,jdbcType=VARCHAR},
      </if>
      <if test="isclearorcancel != null" >
        #{isclearorcancel,jdbcType=VARCHAR},
      </if>
      <if test="extend1 != null" >
        #{extend1,jdbcType=VARCHAR},
      </if>
      <if test="extend2 != null" >
        #{extend2,jdbcType=VARCHAR},
      </if>
      <if test="extend3 != null" >
        #{extend3,jdbcType=VARCHAR},
      </if>
      <if test="arrivalAmount != null" >
        #{arrivalAmount,jdbcType=DECIMAL},
      </if>
      <if test="chargeStatus != null" >
        #{chargeStatus,jdbcType=VARCHAR},
      </if>
      <if test="withdrawStatus != null" >
        #{withdrawStatus,jdbcType=VARCHAR},
      </if>
      <if test="d0Fee != null" >
        #{d0Fee,jdbcType=DECIMAL},
      </if>
      <if test="cardType != null" >
        #{cardType,jdbcType=DECIMAL},
      </if>
      <if test="bankId != null" >
        #{bankId,jdbcType=VARCHAR},
      </if>
      <if test="feever != null" >
        #{feever,jdbcType=VARCHAR},
      </if>
      <if test="tranType != null" >
        #{tranType,jdbcType=VARCHAR},
      </if>
      <if test="bankCode != null" >
        #{bankCode,jdbcType=VARCHAR},
      </if>
      <if test="payCardType != null" >
        #{payCardType,jdbcType=VARCHAR},
      </if>
      <if test="insNo != null" >
        #{insNo,jdbcType=VARCHAR},
      </if>
      <if test="callbackUrl != null" >
        #{callbackUrl,jdbcType=VARCHAR},
      </if>
      <if test="settleKey != null" >
        #{settleKey,jdbcType=VARCHAR},
      </if>
      <if test="voucherNum != null" >
        #{voucherNum,jdbcType=VARCHAR},
      </if>
      <if test="withDrawD0flag != null" >
        #{withDrawD0flag,jdbcType=VARCHAR},
      </if>
      <if test="auditStatus != null" >
        #{auditStatus,jdbcType=DECIMAL},
      </if>
      <if test="merchantUrl != null" >
        #{merchantUrl,jdbcType=VARCHAR},
      </if>
    </trim>
  </insert>
  
  <update id="updateByPrimaryKeySelective" parameterType="com.uns.model.TQrCodeTrans" >
    update T_QR_CODE_TRANS
    <set >
      <if test="proVer != null" >
        PRO_VER = #{proVer,jdbcType=VARCHAR},
      </if>
      <if test="msgType != null" >
        MSG_TYPE = #{msgType,jdbcType=VARCHAR},
      </if>
      <if test="orderId != null" >
        ORDER_ID = #{orderId,jdbcType=VARCHAR},
      </if>
      <if test="payWay != null" >
        PAY_WAY = #{payWay,jdbcType=VARCHAR},
      </if>
      <if test="orderStatus != null" >
        ORDER_STATUS = #{orderStatus,jdbcType=VARCHAR},
      </if>
      <if test="traceNo != null" >
        TRACE_NO = #{traceNo,jdbcType=VARCHAR},
      </if>
      <if test="subject != null" >
        SUBJECT = #{subject,jdbcType=VARCHAR},
      </if>
      <if test="merchantCode != null" >
        MERCHANT_CODE = #{merchantCode,jdbcType=VARCHAR},
      </if>
      <if test="smzfMsgId != null" >
        SMZF_MSG_ID = #{smzfMsgId,jdbcType=VARCHAR},
      </if>
      <if test="qrCode != null" >
        QR_CODE = #{qrCode,jdbcType=VARCHAR},
      </if>
      <if test="fee != null" >
        FEE = #{fee,jdbcType=DECIMAL},
      </if>
      <if test="reqDate != null" >
        REQ_DATE = #{reqDate,jdbcType=VARCHAR},
      </if>
      <if test="tranDate != null" >
        TRAN_DATE = #{tranDate,jdbcType=VARCHAR},
      </if>
      <if test="bankDate != null" >
        BANK_DATE = #{bankDate,jdbcType=VARCHAR},
      </if>
      <if test="smallMerchNo != null" >
        SMALL_MERCH_NO = #{smallMerchNo,jdbcType=VARCHAR},
      </if>
      <if test="customerNo != null" >
        CUSTOMER_NO = #{customerNo,jdbcType=VARCHAR},
      </if>
      <if test="commitionId != null" >
        COMMITION_ID = #{commitionId,jdbcType=VARCHAR},
      </if>
      <if test="amount != null" >
        AMOUNT = #{amount,jdbcType=DECIMAL},
      </if>
      <if test="d0Flag != null" >
        D0_FLAG = #{d0Flag,jdbcType=VARCHAR},
      </if>
      <if test="settleDate != null" >
        SETTLE_DATE = #{settleDate,jdbcType=VARCHAR},
      </if>
      <if test="orderDesc != null" >
        ORDER_DESC = #{orderDesc,jdbcType=VARCHAR},
      </if>
      <if test="operatorId != null" >
        OPERATOR_ID = #{operatorId,jdbcType=VARCHAR},
      </if>
      <if test="storeId != null" >
        STORE_ID = #{storeId,jdbcType=VARCHAR},
      </if>
      <if test="terminalId != null" >
        TERMINAL_ID = #{terminalId,jdbcType=VARCHAR},
      </if>
      <if test="limitPay != null" >
        LIMIT_PAY = #{limitPay,jdbcType=VARCHAR},
      </if>
      <if test="respType != null" >
        RESP_TYPE = #{respType,jdbcType=CHAR},
      </if>
      <if test="respCode != null" >
        RESP_CODE = #{respCode,jdbcType=CHAR},
      </if>
      <if test="respMsg != null" >
        RESP_MSG = #{respMsg,jdbcType=VARCHAR},
      </if>
      <if test="buyerPayamount != null" >
        BUYER_PAYAMOUNT = #{buyerPayamount,jdbcType=DECIMAL},
      </if>
      <if test="pointAmount != null" >
        POINT_AMOUNT = #{pointAmount,jdbcType=DECIMAL},
      </if>
      <if test="buyerId != null" >
        BUYER_ID = #{buyerId,jdbcType=VARCHAR},
      </if>
      <if test="buyerAccount != null" >
        BUYER_ACCOUNT = #{buyerAccount,jdbcType=VARCHAR},
      </if>
      <if test="isclearorcancel != null" >
        ISCLEARORCANCEL = #{isclearorcancel,jdbcType=VARCHAR},
      </if>
      <if test="extend1 != null" >
        EXTEND1 = #{extend1,jdbcType=VARCHAR},
      </if>
      <if test="extend2 != null" >
        EXTEND2 = #{extend2,jdbcType=VARCHAR},
      </if>
      <if test="extend3 != null" >
        EXTEND3 = #{extend3,jdbcType=VARCHAR},
      </if>
      <if test="arrivalAmount != null" >
        ARRIVAL_AMOUNT = #{arrivalAmount,jdbcType=DECIMAL},
      </if>
      <if test="chargeStatus != null" >
        CHARGE_STATUS = #{chargeStatus,jdbcType=VARCHAR},
      </if>
      <if test="withdrawStatus != null" >
        WITHDRAW_STATUS = #{withdrawStatus,jdbcType=VARCHAR},
      </if>
      <if test="d0Fee != null" >
        D0_FEE = #{d0Fee,jdbcType=DECIMAL},
      </if>
      <if test="cardType != null" >
        CARD_TYPE = #{cardType,jdbcType=DECIMAL},
      </if>
      <if test="bankId != null" >
        BANK_ID = #{bankId,jdbcType=VARCHAR},
      </if>
      <if test="feever != null" >
        FEEVER = #{feever,jdbcType=VARCHAR},
      </if>
      <if test="tranType != null" >
        TRAN_TYPE = #{tranType,jdbcType=VARCHAR},
      </if>
      <if test="bankCode != null" >
        BANK_CODE = #{bankCode,jdbcType=VARCHAR},
      </if>
      <if test="payCardType != null" >
        PAY_CARD_TYPE = #{payCardType,jdbcType=VARCHAR},
      </if>
      <if test="insNo != null" >
        INS_NO = #{insNo,jdbcType=VARCHAR},
      </if>
      <if test="callbackUrl != null" >
        CALLBACK_URL = #{callbackUrl,jdbcType=VARCHAR},
      </if>
      <if test="settleKey != null" >
        SETTLE_KEY = #{settleKey,jdbcType=VARCHAR},
      </if>
      <if test="voucherNum != null" >
        VOUCHER_NUM = #{voucherNum,jdbcType=VARCHAR},
      </if>
      <if test="withDrawD0flag != null" >
        WITH_DRAW_D0FLAG = #{withDrawD0flag,jdbcType=VARCHAR},
      </if>
      <if test="auditStatus != null" >
        AUDIT_STATUS = #{auditStatus,jdbcType=DECIMAL},
      </if>
      <if test="merchantUrl != null" >
        MERCHANT_URL = #{merchantUrl,jdbcType=VARCHAR},
      </if>
    </set>
    where ID = #{id,jdbcType=DECIMAL}
  </update>
  <update id="updateByPrimaryKey" parameterType="com.uns.model.TQrCodeTrans" >
    update T_QR_CODE_TRANS
    set PRO_VER = #{proVer,jdbcType=VARCHAR},
      MSG_TYPE = #{msgType,jdbcType=VARCHAR},
      ORDER_ID = #{orderId,jdbcType=VARCHAR},
      PAY_WAY = #{payWay,jdbcType=VARCHAR},
      ORDER_STATUS = #{orderStatus,jdbcType=VARCHAR},
      TRACE_NO = #{traceNo,jdbcType=VARCHAR},
      SUBJECT = #{subject,jdbcType=VARCHAR},
      MERCHANT_CODE = #{merchantCode,jdbcType=VARCHAR},
      SMZF_MSG_ID = #{smzfMsgId,jdbcType=VARCHAR},
      QR_CODE = #{qrCode,jdbcType=VARCHAR},
      FEE = #{fee,jdbcType=DECIMAL},
      REQ_DATE = #{reqDate,jdbcType=VARCHAR},
      TRAN_DATE = #{tranDate,jdbcType=VARCHAR},
      BANK_DATE = #{bankDate,jdbcType=VARCHAR},
      SMALL_MERCH_NO = #{smallMerchNo,jdbcType=VARCHAR},
      CUSTOMER_NO = #{customerNo,jdbcType=VARCHAR},
      COMMITION_ID = #{commitionId,jdbcType=VARCHAR},
      AMOUNT = #{amount,jdbcType=DECIMAL},
      D0_FLAG = #{d0Flag,jdbcType=VARCHAR},
      SETTLE_DATE = #{settleDate,jdbcType=VARCHAR},
      ORDER_DESC = #{orderDesc,jdbcType=VARCHAR},
      OPERATOR_ID = #{operatorId,jdbcType=VARCHAR},
      STORE_ID = #{storeId,jdbcType=VARCHAR},
      TERMINAL_ID = #{terminalId,jdbcType=VARCHAR},
      LIMIT_PAY = #{limitPay,jdbcType=VARCHAR},
      RESP_TYPE = #{respType,jdbcType=CHAR},
      RESP_CODE = #{respCode,jdbcType=CHAR},
      RESP_MSG = #{respMsg,jdbcType=VARCHAR},
      BUYER_PAYAMOUNT = #{buyerPayamount,jdbcType=DECIMAL},
      POINT_AMOUNT = #{pointAmount,jdbcType=DECIMAL},
      BUYER_ID = #{buyerId,jdbcType=VARCHAR},
      BUYER_ACCOUNT = #{buyerAccount,jdbcType=VARCHAR},
      ISCLEARORCANCEL = #{isclearorcancel,jdbcType=VARCHAR},
      EXTEND1 = #{extend1,jdbcType=VARCHAR},
      EXTEND2 = #{extend2,jdbcType=VARCHAR},
      EXTEND3 = #{extend3,jdbcType=VARCHAR},
      ARRIVAL_AMOUNT = #{arrivalAmount,jdbcType=DECIMAL},
      CHARGE_STATUS = #{chargeStatus,jdbcType=VARCHAR},
      WITHDRAW_STATUS = #{withdrawStatus,jdbcType=VARCHAR},
      D0_FEE = #{d0Fee,jdbcType=DECIMAL},
      CARD_TYPE = #{cardType,jdbcType=DECIMAL},
      BANK_ID = #{bankId,jdbcType=VARCHAR},
      FEEVER = #{feever,jdbcType=VARCHAR},
      TRAN_TYPE = #{tranType,jdbcType=VARCHAR},
      BANK_CODE = #{bankCode,jdbcType=VARCHAR},
      PAY_CARD_TYPE = #{payCardType,jdbcType=VARCHAR},
      INS_NO = #{insNo,jdbcType=VARCHAR},
      CALLBACK_URL = #{callbackUrl,jdbcType=VARCHAR},
      SETTLE_KEY = #{settleKey,jdbcType=VARCHAR},
      VOUCHER_NUM = #{voucherNum,jdbcType=VARCHAR},
      WITH_DRAW_D0FLAG = #{withDrawD0flag,jdbcType=VARCHAR},
      AUDIT_STATUS = #{auditStatus,jdbcType=DECIMAL},
      MERCHANT_URL = #{merchantUrl,jdbcType=VARCHAR}
    where ID = #{id,jdbcType=DECIMAL}
  </update>
  
   <!-- 通过条件查询交易列表 -->
  <select id="findTransList"   parameterType="com.uns.web.form.TQrCodeTransForm" resultType="java.util.Map">
  	select 
  	      t.CUSTOMER_NO,
  	      c.small_merch_no,
  	      c.SCOMPANY,
  		  t.ORDER_ID,
  		  q.ORDER_ID tran_no,
  		  t.AMOUNT,
  		  to_date(t.TRAN_DATE,'yyyyMMddhh24miss') as TRAN_DATE,  
  		  decode(t.CARD_TYPE,'2','微信二维码','3','支付宝二维码','7','速惠','13','支付宝APP','14','支付宝H5','15','微信APP','16','微信公众号') as CARD_TYPE,
  		  decode(t.D0_FLAG,'0','D0','1','T1') as D0_FLAG,
  		  decode(Q.TRAN_FLAG,'0','失败','1','成功') as TRAN_FLAG
  	from T_QR_CODE_TRANS t,
  		 QR_CODE_TRANS_EXT q,
  		 customer c
  	where t.order_id = q.ori_orderid   
      and t.customer_no=c.customerid  
      and q.TRAN_TYPE='0' 
      and c.ins_no = #{insNo, jdbcType=VARCHAR}
  	<if test='smallMerchNo != null and smallMerchNo != ""'>
  		and C.small_merch_no=#{smallMerchNo, jdbcType=VARCHAR}
  	</if>
  	<if test='customerName != null and customerName != ""'>
  		and c.SCOMPANY=#{customerName, jdbcType=VARCHAR}
  	</if>
  	<if test='cardType != null and cardType != ""'>
  		and t.card_type=#{cardType, jdbcType=VARCHAR}
  	</if>
  	<if test='orderId != null and orderId != ""'>
  		and t.order_id=#{orderId, jdbcType=VARCHAR}
  	</if>
  	<if test='chargeId != null and chargeId != ""'>
  		and q.order_id=#{chargeId, jdbcType=VARCHAR}
  	</if>
  	<if test='d0Flag != null and d0Flag != ""'>
  		and t.d0_flag=#{d0Flag, jdbcType=VARCHAR}
  	</if>
  	<if test='tranFlag != null and tranFlag != ""'>
  		and q.tran_flag=#{tranFlag, jdbcType=VARCHAR}
  	</if>
  	<if test='amountStart != null and amountStart != ""'>
  		and t.amount <![CDATA[ >= #{amountStart, jdbcType=VARCHAR} ]]>
  	</if> 
  	<if test='amountEnd != null and amountEnd != ""'>
  		and t.amount <![CDATA[ <= #{amountEnd, jdbcType=VARCHAR} ]]>
  	</if>
  	<if test='tranTimeStart != null and tranTimeStart != ""'>
  		AND to_date(t.TRAN_DATE,'yyyymmddhh24miss')<![CDATA[ >= to_date(#{tranTimeStart, jdbcType=VARCHAR},'yyyy-mm-dd hh24:mi:ss') ]]>
  	</if>
  	<if test='tranTimeEnd != null and tranTimeEnd != ""'>
  		AND to_date(t.TRAN_DATE,'yyyymmddhh24miss')<![CDATA[ <= to_date(#{tranTimeEnd, jdbcType=VARCHAR}|| '23:59:59','yyyy-mm-dd hh24:mi:ss') ]]>
  	</if>
  	order by t.id desc
  </select>
  
  
  <!-- 通过条件查询导出交易列表 -->
  <select id="findExcelTransList"   parameterType="com.uns.web.form.TQrCodeTransForm" resultType="java.util.Map">
  	select 
  	      t.CUSTOMER_NO,
  	      c.small_merch_no,
  	      c.SCOMPANY,
  		  t.ORDER_ID,
  		  q.ORDER_ID tran_no,
  		  t.AMOUNT,
  		  to_char(to_date(t.TRAN_DATE,'yyyymmddhh24miss'),'yyyy-mm-dd hh24:mi:ss') as TRAN_DATE,  
  		  decode(t.CARD_TYPE,'2','微信二维码','3','支付宝二维码','7','速惠','13','支付宝APP','14','支付宝H5','15','微信APP','16','微信公众号') as CARD_TYPE,
  		  decode(t.D0_FLAG,'0','D0','1','T1') as D0_FLAG,
  		  decode(Q.TRAN_FLAG,'0','失败','1','成功') as TRAN_FLAG
  	from T_QR_CODE_TRANS t,
  		 QR_CODE_TRANS_EXT q,
  		 customer c
  	where t.order_id = q.ori_orderid   
      and t.customer_no=c.customerid  
      and q.TRAN_TYPE='0' 
      and c.ins_no = #{insNo, jdbcType=VARCHAR}
  	<if test='smallMerchNo != null and smallMerchNo != ""'>
  		and C.small_merch_no=#{smallMerchNo, jdbcType=VARCHAR}
  	</if>
  	<if test='customerName != null and customerName != ""'>
  		and c.SCOMPANY=#{customerName, jdbcType=VARCHAR}
  	</if>
  	<if test='cardType != null and cardType != ""'>
  		and t.card_type=#{cardType, jdbcType=VARCHAR}
  	</if>
  	<if test='orderId != null and orderId != ""'>
  		and t.order_id=#{orderId, jdbcType=VARCHAR}
  	</if>
  	<if test='chargeId != null and chargeId != ""'>
  		and q.order_id=#{chargeId, jdbcType=VARCHAR}
  	</if>
  	<if test='d0Flag != null and d0Flag != ""'>
  		and t.d0_flag=#{d0Flag, jdbcType=VARCHAR}
  	</if>
  	<if test='tranFlag != null and tranFlag != ""'>
  		and q.tran_flag=#{tranFlag, jdbcType=VARCHAR}
  	</if>
  	<if test='amountStart != null and amountStart != ""'>
  		and t.amount <![CDATA[ >= #{amountStart, jdbcType=VARCHAR} ]]>
  	</if> 
  	<if test='amountEnd != null and amountEnd != ""'>
  		and t.amount <![CDATA[ <= #{amountEnd, jdbcType=VARCHAR} ]]>
  	</if>
  	<if test='tranTimeStart != null and tranTimeStart != ""'>
  		AND to_date(t.TRAN_DATE,'yyyymmddhh24miss')<![CDATA[ >= to_date(#{tranTimeStart, jdbcType=VARCHAR},'yyyy-mm-dd hh24:mi:ss') ]]>
  	</if>
  	<if test='tranTimeEnd != null and tranTimeEnd != ""'>
  		AND to_date(t.TRAN_DATE,'yyyymmddhh24miss')<![CDATA[ <= to_date(#{tranTimeEnd, jdbcType=VARCHAR},'yyyy-mm-dd hh24:mi:ss') ]]>
  	</if>
  	order by t.id desc
  </select>
  
  <!-- 通过条件查询提现列表 -->
  <select id="findWithdrawList" parameterType="com.uns.web.form.WithdrawForm" resultType="java.util.Map">
  	select 
	    t.ID, 
	    t.ORDER_ID,
	    t.FEE, 
	    to_date(t.TRAN_DATE,'yyyymmddhh24miss') as TRAN_DATE, 
	    t.SMALL_MERCH_NO, 
	    t.AMOUNT, 
	    t.D0_FLAG,
	    t.ARRIVAL_AMOUNT,
	    t.D0_FEE, 
	    t.CARD_TYPE,
	    t.TRAN_TYPE,  
	    t.AUDIT_STATUS,
	    t.profit_fee,
	    c.name as customername, 
	    q.order_id as qorderid, 
	    q.amount as qamount, 
	    q.fee as qfee,
	    to_date(q.tran_time,'yyyymmddhh24miss') as qtrantime, 
	    decode(q.tran_flag, '0', '失败', '1', '成功') as qtranflag,
        round(c.ins_commission/100,2) as insCommission,
        round(cl.d0_commission_rate/100,2) as cpD0CommissionRate,
	    to_char(nvl(t.fee,0)+nvl(t.profit_fee,0), '99999990.00') as minusamount
  	from T_QR_CODE_TRANS t 
  	left join commissionpolicy_his cl 
  	on t.customer_no = cl.customerid and cl.commissionid = t.commition_id and cl.feever = t.feever and cl.cardtype = t.card_type
  	left join customer c
  	on t.customer_no=c.customerid
  	left join QR_CODE_TRANS_EXT q
  	on t.order_id = q.ori_orderid and q.tran_type=2
  	where c.ins_no = #{insNo, jdbcType=VARCHAR} and t.order_status in (1, 2) and t.d0_flag='0' and t.withdraw_status in (1, 2)
  	<if test='smallMerchNo != null and smallMerchNo != ""'>
  		and t.SMALL_MERCH_NO=#{smallMerchNo, jdbcType=VARCHAR}
  	</if>
  	<if test='customerName != null and customerName != ""'>
  		and c.name=#{customerName, jdbcType=VARCHAR}
  	</if>
  	<if test='orderId != null and orderId != ""'>
  		and t.order_id=#{orderId, jdbcType=VARCHAR}
  	</if>
  	<if test='amountStart != null and amountStart != ""'>
  		and q.amount <![CDATA[>=]]> #{amountStart, jdbcType=VARCHAR}
  	</if> 
  	<if test='amountEnd != null and amountEnd != ""'>
  		and q.amount <![CDATA[<=]]> #{amountEnd, jdbcType=VARCHAR}
  	</if>
  	<if test='tranFlag != null and tranFlag != ""'>
  		and q.tran_flag=#{tranFlag, jdbcType=VARCHAR}
  	</if>
  	<if test='tranTimeStart != null and tranTimeStart != ""'>
  		and to_date(t.TRAN_DATE,'yyyymmddhh24miss') <![CDATA[>=]]> to_date(#{tranTimeStart, jdbcType=VARCHAR},'yyyy-mm-dd hh24:mi:ss')
  	</if>
  	<if test='tranTimeEnd != null and tranTimeEnd != ""'>
  		and to_date(t.TRAN_DATE,'yyyymmddhh24miss') <![CDATA[<=]]> to_date(#{tranTimeEnd, jdbcType=VARCHAR}|| '23:59:59','yyyy-mm-dd hh24:mi:ss')
  	</if>
  	<if test='withdrawOrderId != null and withdrawOrderId != ""'>
  		and q.order_id = #{withdrawOrderId, jdbcType=VARCHAR}
  	</if>
  	<if test='d0tranTimeStart != null and d0tranTimeStart != ""'>
  		and to_date(q.tran_time,'yyyymmddhh24miss') <![CDATA[>=]]> to_date(#{d0tranTimeStart, jdbcType=VARCHAR},'yyyy-mm-dd hh24:mi:ss')
  	</if>
  	<if test='d0tranTimeEnd != null and d0tranTimeEnd != ""'>
  		and to_date(q.tran_time,'yyyymmddhh24miss') <![CDATA[<=]]> to_date(#{d0tranTimeEnd, jdbcType=VARCHAR}|| '23:59:59','yyyy-mm-dd hh24:mi:ss')
  	</if>
  	order by t.id desc
  </select>
  
    <!-- 通过条件查询导出提现列表 -->
  <select id="findWithdrawExcelList" parameterType="com.uns.web.form.WithdrawForm" resultType="java.util.Map">
  	select 
	    t.ID, 
	    t.ORDER_ID,
	    t.FEE, 
	    to_char(to_date(t.TRAN_DATE,'yyyymmddhh24miss'),'yyyy-MM-dd hh24:mi:ss') as TRAN_DATE, 
	    t.SMALL_MERCH_NO, 
	    t.AMOUNT, 
	    t.D0_FLAG,
	    t.ARRIVAL_AMOUNT,
	    t.D0_FEE, 
	    t.CARD_TYPE,
	    t.TRAN_TYPE,  
	    t.AUDIT_STATUS,
	    t.profit_fee,
	    c.name as customername, 
	    q.order_id as qorderid, 
	    q.amount as qamount, 
	    q.fee as qfee,
	    to_char(to_date(q.tran_time,'yyyymmddhh24miss'), 'yyyy-MM-dd hh24:mi:ss') as qtrantime, 
	    decode(q.tran_flag, '0', '失败', '1', '成功') as qtranflag,
        round(c.ins_commission/100,2) as insCommission,
        round(cl.d0_commission_rate/100,2) as cpD0CommissionRate,
	    to_char(nvl(t.fee,0)+nvl(t.profit_fee,0), '99999990.00') as minusamount
  	from T_QR_CODE_TRANS t 
  	left join commissionpolicy_his cl 
  	on t.customer_no = cl.customerid and cl.commissionid = t.commition_id and cl.feever = t.feever and cl.cardtype = t.card_type
  	left join customer c
  	on t.customer_no=c.customerid
  	left join QR_CODE_TRANS_EXT q
  	on t.order_id = q.ori_orderid and q.tran_type=2
    where c.ins_no = #{insNo, jdbcType=VARCHAR} and t.order_status in (1, 2) and t.d0_flag='0' and t.withdraw_status in (1, 2)
    <if test='smallMerchNo != null and smallMerchNo != ""'>
      and t.SMALL_MERCH_NO=#{smallMerchNo, jdbcType=VARCHAR}
    </if>
    <if test='customerName != null and customerName != ""'>
      and c.name=#{customerName, jdbcType=VARCHAR}
    </if>
    <if test='orderId != null and orderId != ""'>
      and t.order_id=#{orderId, jdbcType=VARCHAR}
    </if>
    <if test='amountStart != null and amountStart != ""'>
      and q.amount <![CDATA[>=]]> #{amountStart, jdbcType=VARCHAR}
    </if>
    <if test='amountEnd != null and amountEnd != ""'>
      and q.amount <![CDATA[<=]]> #{amountEnd, jdbcType=VARCHAR}
    </if>
    <if test='tranFlag != null and tranFlag != ""'>
      and q.tran_flag=#{tranFlag, jdbcType=VARCHAR}
    </if>
    <if test='tranTimeStart != null and tranTimeStart != ""'>
      and to_date(t.TRAN_DATE,'yyyymmddhh24miss') <![CDATA[>=]]> to_date(#{tranTimeStart, jdbcType=VARCHAR},'yyyy-mm-dd hh24:mi:ss')
    </if>
    <if test='tranTimeEnd != null and tranTimeEnd != ""'>
      and to_date(t.TRAN_DATE,'yyyymmddhh24miss') <![CDATA[<=]]> to_date(#{tranTimeEnd, jdbcType=VARCHAR}|| '23:59:59','yyyy-mm-dd hh24:mi:ss')
    </if>
    <if test='withdrawOrderId != null and withdrawOrderId != ""'>
      and q.order_id = #{withdrawOrderId, jdbcType=VARCHAR}
    </if>
    <if test='d0tranTimeStart != null and d0tranTimeStart != ""'>
      and to_date(q.tran_time,'yyyymmddhh24miss') <![CDATA[>=]]> to_date(#{d0tranTimeStart, jdbcType=VARCHAR},'yyyy-mm-dd hh24:mi:ss')
    </if>
    <if test='d0tranTimeEnd != null and d0tranTimeEnd != ""'>
      and to_date(q.tran_time,'yyyymmddhh24miss') <![CDATA[<=]]> to_date(#{d0tranTimeEnd, jdbcType=VARCHAR}|| '23:59:59','yyyy-mm-dd hh24:mi:ss')
    </if>
  	order by t.id desc
  </select>
</mapper>