<?xml version="1.0" encoding="UTF-8" ?>
<!DOCTYPE mapper PUBLIC "-//mybatis.org//DTD Mapper 3.0//EN" "mybatis-3-mapper.dtd" >
<mapper namespace="com.uns.dao.ActionHistoryMapper" >
 <resultMap id="BaseResultMap" type="com.uns.model.ActionHistory" >
    <id column="ID" property="id" jdbcType="DECIMAL" /> 
    <result column="CHANGE_TYPE" property="changeType" jdbcType="VARCHAR" />
    <result column="OLD_VEST" property="oldVest" jdbcType="VARCHAR" />
    <result column="NEW_VEST" property="newVest" jdbcType="VARCHAR" />
    <result column="CREATE_DATE" property="createDate" jdbcType="TIMESTAMP" />
    <result column="UPDATE_DATE" property="updateDate" jdbcType="TIMESTAMP" />
    <result column="CHECK_DATE" property="checkDate" jdbcType="TIMESTAMP" />
    <result column="CHECK_STATUS" property="checkStatus" jdbcType="VARCHAR" />
    <result column="TERMINAL_ID" property="terminalId" jdbcType="VARCHAR" />
    <result column="COMMENTS" property="comments" jdbcType="VARCHAR" />
    <result column="BANKFILES" property="bankfiles" jdbcType="VARCHAR" />
    
    <result column="OLDSCOMPANY" property="oldscompany" jdbcType="VARCHAR" />
    <result column="NEWSCOMPANY" property="newscompany" jdbcType="VARCHAR" />
    <result column="FLAG" property="flag" jdbcType="VARCHAR" />
     <result column="NUM" property="num" jdbcType="VARCHAR" />
    
  </resultMap>
  <sql id="Base_Column_List" >
    ID, CHANGE_TYPE, OLD_VEST, NEW_VEST, CREATE_DATE, UPDATE_DATE, CHECK_DATE, CHECK_STATUS, 
    TERMINAL_ID, COMMENTS
  </sql>
  
  <select id="selectByPrimaryKey" resultMap="BaseResultMap" parameterType="java.lang.Short" >
	select
	A.ID AS ID,
	A.CHANGE_TYPE AS CHANGE_TYPE,
	A.OLD_VEST AS OLD_VEST,
	A.NEW_VEST AS NEW_VEST,
	A.CREATE_DATE AS CREATE_DATE,
	A.UPDATE_DATE AS UPDATE_DATE,
	A.CHECK_DATE AS CHECK_DATE,
	A.CHECK_STATUS AS CHECK_STATUS,
	A.TERMINAL_ID AS TERMINAL_ID,
	A.COMMENTS AS COMMENTS,
	A.BANKFILES AS BANKFILES,
	B.NUM AS NUM
	from
	ACTION_HISTORY A LEFT JOIN B2C_TERMINAL B ON
	A.TERMINAL_ID=B.TERMINALID
	where A.ID = #{id,jdbcType=DECIMAL}
  </select>
  
  <select id="selectAllByPrimaryKey" resultMap="BaseResultMap" parameterType="java.lang.Short" >
    select 
    	A.ID   		   AS ID,
        A.CHANGE_TYPE  AS CHANGE_TYPE,
        A.OLD_VEST     AS OLD_VEST,
        A.NEW_VEST     AS NEW_VEST,
        A.CREATE_DATE  AS CREATE_DATE,
        A.UPDATE_DATE  AS UPDATE_DATE,
        A.CHECK_DATE   AS CHECK_DATE,
        A.CHECK_STATUS AS CHECK_STATUS,
        A.TERMINAL_ID  AS TERMINAL_ID,
        A.COMMENTS     AS COMMENTS,
        A.BANKFILES    AS BANKFILES,
        B.NUM          AS NUM,
        (select a1.scompany from b2c_agent a1 where a1.shopperid=A.old_vest) AS OLDSCOMPANY,
		(select a2.scompany from b2c_agent a2 where a2.shopperid=A.new_vest) AS NEWSCOMPANY
   from ACTION_HISTORY A
   LEFT JOIN B2C_TERMINAL B
     ON A.TERMINAL_ID = B.TERMINALID
   LEFT JOIN B2C_AGENT C 
     ON A.OLD_VEST=C.SHOPPERID 
  where A.ID = #{id, jdbcType = DECIMAL}
  </select>
  
  <delete id="deleteByPrimaryKey" parameterType="java.lang.Short" >
    delete from ACTION_HISTORY
    where ID = #{id,jdbcType=DECIMAL}
  </delete>
  <insert id="insert" parameterType="com.uns.model.ActionHistory" >
    insert into ACTION_HISTORY (ID, CHANGE_TYPE, OLD_VEST, 
      NEW_VEST, CREATE_DATE, UPDATE_DATE, 
      CHECK_DATE, CHECK_STATUS, TERMINAL_ID, 
      COMMENTS,BANKFILES)
    values (B2C_SHOPPERBARGAIN_SEQ.nextval, #{changeType,jdbcType=VARCHAR}, #{oldVest,jdbcType=VARCHAR}, 
      #{newVest,jdbcType=VARCHAR}, #{createDate,jdbcType=TIMESTAMP}, #{updateDate,jdbcType=TIMESTAMP}, 
      #{checkDate,jdbcType=TIMESTAMP}, #{checkStatus,jdbcType=VARCHAR}, #{terminalId,jdbcType=VARCHAR}, 
      #{comments,jdbcType=VARCHAR}, #{bankfiles,jdbcType=VARCHAR})
  </insert>
  <insert id="insertSelective" parameterType="com.uns.model.ActionHistory" >
    insert into ACTION_HISTORY
    <trim prefix="(" suffix=")" suffixOverrides="," >
      ID,
      CHANGE_TYPE,
      OLD_VEST,
      NEW_VEST,
      CREATE_DATE,
      UPDATE_DATE,
      CHECK_DATE,
      CHECK_STATUS,
      TERMINAL_ID,
      COMMENTS,
    </trim>
    <trim prefix="values (" suffix=")" suffixOverrides="," >
      #{id,jdbcType=DECIMAL},
      #{changeType,jdbcType=VARCHAR},
      #{oldVest,jdbcType=VARCHAR},
      #{newVest,jdbcType=VARCHAR},
      #{createDate,jdbcType=TIMESTAMP},
      #{updateDate,jdbcType=TIMESTAMP},
      #{checkDate,jdbcType=TIMESTAMP},
      #{checkStatus,jdbcType=VARCHAR},
      #{terminalId,jdbcType=VARCHAR},
      #{comments,jdbcType=VARCHAR},
    </trim>
  </insert>
  <update id="updateByPrimaryKeySelective" parameterType="com.uns.model.ActionHistory" >
    update ACTION_HISTORY
    <set >
      <if test="changeType != null" >
        CHANGE_TYPE = #{changeType,jdbcType=VARCHAR},
      </if>
      <if test="oldVest != null" >
        OLD_VEST = #{oldVest,jdbcType=VARCHAR},
      </if>
      <if test="newVest != null" >
        NEW_VEST = #{newVest,jdbcType=VARCHAR},
      </if>
      <if test="createDate != null" >
        CREATE_DATE = #{createDate,jdbcType=TIMESTAMP},
      </if>
      <if test="updateDate != null" >
        UPDATE_DATE = #{updateDate,jdbcType=TIMESTAMP},
      </if>
      <if test="checkDate != null" >
        CHECK_DATE = #{checkDate,jdbcType=TIMESTAMP},
      </if>
      <if test="checkStatus != null" >
        CHECK_STATUS = #{checkStatus,jdbcType=VARCHAR},
      </if>
      <if test="terminalId != null" >
        TERMINAL_ID = #{terminalId,jdbcType=VARCHAR},
      </if>
      <if test="comments != null" >
        COMMENTS = #{comments,jdbcType=VARCHAR},
      </if>
    </set>
    where ID = #{id,jdbcType=DECIMAL}
  </update>
  <update id="updateByPrimaryKey" parameterType="com.uns.model.ActionHistory" >
    update ACTION_HISTORY
    set CHANGE_TYPE = #{changeType,jdbcType=VARCHAR},
      OLD_VEST = #{oldVest,jdbcType=VARCHAR},
      NEW_VEST = #{newVest,jdbcType=VARCHAR},
      CREATE_DATE = #{createDate,jdbcType=TIMESTAMP},
      UPDATE_DATE = #{updateDate,jdbcType=TIMESTAMP},
      CHECK_DATE = #{checkDate,jdbcType=TIMESTAMP},
      CHECK_STATUS = #{checkStatus,jdbcType=VARCHAR},
      TERMINAL_ID = #{terminalId,jdbcType=VARCHAR},
      COMMENTS = #{comments,jdbcType=VARCHAR},
      BANKFILES = #{bankfiles,jdbcType=VARCHAR}
    where ID = #{id,jdbcType=DECIMAL}
  </update>
  
  
  <select id="selectAgentBinderList" resultMap="BaseResultMap" parameterType="com.uns.web.form.TerminalForm" >
	select
	A.ID AS ID,
	A.CHANGE_TYPE	 AS CHANGE_TYPE,
	A.OLD_VEST		 AS OLD_VEST,
	A.NEW_VEST		 AS NEW_VEST,
	A.CREATE_DATE    AS CREATE_DATE,
	A.UPDATE_DATE 	 AS UPDATE_DATE,
	A.CHECK_DATE 	 AS CHECK_DATE,
	A.CHECK_STATUS 	 AS CHECK_STATUS,
	A.TERMINAL_ID 	 AS TERMINAL_ID,
	A.COMMENTS 		 AS COMMENTS,
	B.FLAG 			 AS FLAG,
	B.NUM			 AS NUM,
	(select a1.scompany from b2c_agent a1 where a1.shopperid=A.old_vest) AS OLDSCOMPANY,
	(select a2.scompany from b2c_agent a2 where a2.shopperid=A.new_vest) AS NEWSCOMPANY
	from ACTION_HISTORY A
	left join B2C_TERMINAL B ON B.TERMINALID=A.TERMINAL_ID
	LEFT JOIN B2C_AGENT C ON A.OLD_VEST=C.SHOPPERID 
	WHERE A.CHANGE_TYPE='1'
    <if test='terminalid!=null and terminalid!=""'>
    and TERMINAL_ID = #{terminalid,jdbcType=VARCHAR}
    </if>
     <if test='num!=null and num!=""'>
    and B.NUM = #{num,jdbcType=VARCHAR}
    </if>
     <if test='flag!=null and flag!=""'>
    and B.FLAG = #{flag,jdbcType=VARCHAR}
    </if>
       <if test='agentid!=null and agentid!=""'>
    and A.NEW_VEST = #{agentid,jdbcType=VARCHAR}
    </if>
      <if test='sdate!=null and sdate!=""'>
	and to_char(A.UPDATE_DATE,'yyyyMMddHHmmss') <![CDATA[ >=#{sdate,jdbcType=VARCHAR} ]]>
	</if>
	<if test='edate!=null and edate!=""'>
	and to_char(A.UPDATE_DATE,'yyyyMMddHHmmss') <![CDATA[ <=#{edate,jdbcType=VARCHAR} ]]>
	</if>
     <if test='checkstatus!=null and checkstatus!=""'>
    and A.CHECK_STATUS in (#{checkstatus,jdbcType=VARCHAR})
    </if>
    order by A.UPDATE_DATE DESC
  </select>
  
   <select id="selectAgentBinderCount" resultType="java.lang.Integer">
   select count(*) from action_history t where t.change_type='1' and t.check_status='2'
  </select>
</mapper>