<?xml version="1.0" encoding="UTF-8" ?>
<!DOCTYPE mapper PUBLIC "-//mybatis.org//DTD Mapper 3.0//EN" "http://mybatis.org/dtd/mybatis-3-mapper.dtd" >
<mapper namespace="com.uns.dao.AreaMapper">
	<resultMap id="areaInfo" type="com.uns.model.Area">
		<id column="ZONECODE" jdbcType="VARCHAR" property="zonecode" />
	    <result column="ZONENAME" jdbcType="VARCHAR" property="zonename" />
	    <result column="PROVINCIAL" jdbcType="VARCHAR" property="provincial" />
	    <result column="PROVINCIALNAME" jdbcType="VARCHAR" property="provincialname" />
	    <result column="CITY" jdbcType="VARCHAR" property="city" />
	    <result column="CITYNAME" jdbcType="VARCHAR" property="cityname" />
	    <result column="STATUS" jdbcType="VARCHAR" property="status" />
	    <result column="B2C_AREA_ID" jdbcType="DECIMAL" property="areaid" />
	    <result column="SH_PROVINCIAL" jdbcType="VARCHAR" property="shProvincial" />
	    <result column="SH_CITY" jdbcType="VARCHAR" property="shCity" />
	</resultMap>
	<select id="searchBankProvince"  resultMap="areaInfo" parameterType="java.lang.String" >
		  select distinct a.PROVINCIALNAME from B2C_AREA a 
		where  a.PROVINCIAL=#{provincial,jdbcType=VARCHAR}
	</select>
	
  	<select id="searchProvince"  resultMap="areaInfo">
		select distinct a.PROVINCIAL,a.PROVINCIALNAME from B2C_AREA a 
		where a.STATUS = 'Y' order by a.PROVINCIAL asc
	</select>
	<select id="searchArea"  resultMap="areaInfo">
		select distinct a.PROVINCIAL,a.PROVINCIALNAME,a.CITY,a.CITYNAME,a.ZONECODE,a.ZONENAME,a.STATUS,a.B2C_AREA_ID from B2C_AREA a 
		where a.STATUS = 'Y' order by a.PROVINCIAL asc
	</select>
	<select id="searchCity"  parameterType="com.uns.model.Area" resultMap="areaInfo">
		select area.PROVINCIAL,area.CITY,area.CITYNAME,area.ZONECODE,area.ZONENAME,area.PROVINCIALNAME
		from B2C_AREA area where area.CITY = #{city,jdbcType=VARCHAR}
	</select>
	<select id="searchProvincial"  parameterType="com.uns.model.Area" resultMap="areaInfo">
		SELECT AREA.PROVINCIAL,AREA.CITY,AREA.CITYNAME,AREA.ZONECODE,AREA.ZONENAME,AREA.PROVINCIALNAME
		FROM B2C_AREA AREA WHERE AREA.PROVINCIAL = #{provincial,jdbcType=VARCHAR}
	</select>
	
	<select id="findbyareaname" resultMap="areaInfo" parameterType="java.util.Map" >
    select 
   		area.PROVINCIAL,area.CITY,area.CITYNAME,area.ZONECODE,area.ZONENAME,area.PROVINCIALNAME
    from B2C_AREA area
    where    
    area.PROVINCIALNAME= #{provincialname,jdbcType=VARCHAR} 
    and area.CITYNAME = #{cityname,jdbcType=VARCHAR}
  </select>
  
  
    <!-- 查询睿付开户行省份和城市编码 -->
  <select id="findPayeeBankProvinceAndCity" resultMap="areaInfo" parameterType="java.lang.String">
  	select
  		area.SH_PROVINCIAL, area.SH_CITY
  		from B2C_AREA area
  		where area.city = #{city,jdbcType=VARCHAR}
  </select>
	
	<!-- 查询睿付开户行省份和城市编码 -->
	<select id="findByProvAndCity" resultType="java.util.Map" parameterType="java.util.Map">
		select
		area.provincial,
		area.provincialname,
		area.city,
		area.cityname,
		area.status
		from b2c_area area
		where area.provincial = #{provincial,jdbcType=VARCHAR} and area.city = #{city,jdbcType=VARCHAR}
	</select>
</mapper>