<?xml version="1.0" encoding="UTF-8"?>
<!DOCTYPE mapper PUBLIC "-//mybatis.org//DTD Mapper 3.0//EN" "http://mybatis.org/dtd/mybatis-3-mapper.dtd">

<mapper namespace="com.uns.dao.B2cDictMapper">
  <resultMap id="BaseResultMap" type="com.uns.model.B2cDict">
    <!--
      WARNING - @mbggenerated
      This element is automatically generated by MyBatis Generator, do not modify.
      This element was generated on Fri Jan 10 18:29:53 CST 2014.
    -->
    <id column="B2C_DICT_ID" jdbcType="DECIMAL" property="b2cDictId" />
    <result column="DICT" jdbcType="VARCHAR" property="dict" />
    <result column="DICTCLSID" jdbcType="VARCHAR" property="dictclsid" />
    <result column="DICTCLS" jdbcType="VARCHAR" property="dictcls" />
    <result column="DICTID" jdbcType="VARCHAR" property="dictid" />
    <result column="GBID" jdbcType="VARCHAR" property="gbid" />
    <result column="SORT" jdbcType="DECIMAL" property="sort" />
    <result column="NOTE" jdbcType="VARCHAR" property="note" />
    <result column="IFSTOP" jdbcType="DECIMAL" property="ifstop" />
  </resultMap>
	<sql id="Base_Column_List">
    	B2C_DICT_ID, DICT, DICTCLSID, DICTCLS, DICTID, GBID, SORT, NOTE, IFSTOP
  	</sql>
  	<!-- 获取发卡行 -->
  	<select id="searchDictBank"  resultMap="BaseResultMap">
		 select  
		  <include refid="Base_Column_List" />
		  from b2c_dict  b where b.dictclsid='180' order by nlssort(b.dict,'NLS_SORT=SCHINESE_PINYIN_M')
	</select>
	
	 <!-- 获取单个发卡行信息 -->
  	<select id="findDictBankName"  resultMap="BaseResultMap" parameterType="java.lang.String">
		 select  
		  <include refid="Base_Column_List" />
		  from b2c_dict  b where b.dictclsid='180' and b.B2C_DICT_ID=#{b2cDictId,jdbcType=DECIMAL}
	</select>
	
	<!--根据分类编码获取list  -->
  <select id="searchDictCls" parameterType="java.lang.String" resultMap="BaseResultMap">
    select 
    <include refid="Base_Column_List" />
    from B2C_DICT
    where DICTCLSID = #{dictclsid,jdbcType=VARCHAR}  AND B2C_DICT.IFSTOP=1 ORDER BY B2C_DICT.SORT
  </select>
  
  <select id="searchDictName" parameterType="java.util.Map" resultMap="BaseResultMap">
	 SELECT T.DICT FROM B2C_DICT T WHERE 
	 T.DICTCLSID=${dictclsid}  AND T.DICTID='${dictid}'
  </select>
  
  <select id="findbyhCname"  resultMap="BaseResultMap" parameterType="java.lang.String">
		 select  
		  <include refid="Base_Column_List" />
		  from b2c_dict  b where b.dictclsid='200' and b.b2c_dict_id=#{dict,jdbcType=VARCHAR}
	</select>
	
	 <!-- 通过银行名得到id -->
  	<select id="findBankName"  resultMap="BaseResultMap" parameterType="java.lang.String">
		 select  
		  <include refid="Base_Column_List" />
		  from b2c_dict  b where b.dictclsid='180' and b.DICT=#{dict,jdbcType=DECIMAL}
	</select>
	
	<select id="findB2cDictBank"  resultType="java.lang.String" parameterType="java.lang.String">
		 select  
		   NOTE
		  from b2c_dict  b where b.B2C_DICT_ID=#{b2cdictid,jdbcType=DECIMAL}
	</select>

	
	
	<update id="updateB2cDict" parameterType="java.lang.String" >
	  	update b2c_dict b set b.ifstop='0'  where b.dictclsid=#{dicttype,jdbcType=VARCHAR}
	</update>
	
	<update id="updateB2cDictById" parameterType="java.lang.String" >
	  	update b2c_dict b set b.ifstop='1'  where b.B2C_DICT_ID=#{b2cdictid,jdbcType=DECIMAL}
	</update>
	
		<!--根据开户银行名称数据字典查询联行号  -->
	<select id="findUnionBankCode" resultType="java.lang.String">
		select
			b.note
	    	from b2c_dict b 
	    	where b.dictclsid='180' and b.B2C_DICT_ID=#{accountbankdictval,jdbcType=VARCHAR}
	</select>
	
	
	
</mapper>