<?xml version="1.0" encoding="UTF-8" ?>
<!DOCTYPE mapper PUBLIC "-//mybatis.org//DTD Mapper 3.0//EN" "http://mybatis.org/dtd/mybatis-3-mapper.dtd" >
<mapper namespace="com.uns.dao.B2cFixedCodeMapper">
	<resultMap id="resultMap" type="com.uns.model.B2cFixedCode">
		<id column="ID" jdbcType="DECIMAL" property="id" />
	    <result column="MERCHANTID" jdbcType="VARCHAR" property="merchantid" />
	    <result column="QR_CODE_NO" jdbcType="VARCHAR" property="qrCodeNo" />
	    <result column="TEL" jdbcType="VARCHAR" property="tel" />
	    <result column="SCOMPANY" jdbcType="VARCHAR" property="scompany" />
	    <result column="SHOPPERID_P" jdbcType="VARCHAR" property="shopperidP" />
	    <result column="BINDING_DATE" jdbcType="TIMESTAMP" property="bindingDate" />
	    <result column="STORAGE_DATE" jdbcType="TIMESTAMP" property="storageDate" />
	    <result column="CREATE_DATE" jdbcType="TIMESTAMP" property="createDate" />
	    <result column="UPDATE_DATE" jdbcType="TIMESTAMP" property="updateDate" />
	    <result column="STORAGE_USER" jdbcType="VARCHAR" property="storageUser" />
	    <result column="CREATE_USER" jdbcType="VARCHAR" property="createUser" />
	    <result column="UPDATE_USER" jdbcType="VARCHAR" property="updateUser" />
	    <result column="STATUS" jdbcType="VARCHAR" property="status" />
	    <result column="PARENT_AGENT_NO" jdbcType="VARCHAR" property="parentAgentNo" />
	    <result column="AGENT_NO" jdbcType="VARCHAR" property="agentNo" />
	    
	
	    
	</resultMap>
	
	
	 <sql id="Base_Column_List">
    	id,merchantid,qr_code_no,tel,scompany,shopperid_p,binding_date,
    	storage_date,create_date,update_date,storage_user,create_user,
    	update_user,status,parent_agent_no
    </sql>
	
	
	
   <!-- 固码入库列表 -->
   <select id="findFixedCodeList" parameterType="com.uns.model.B2cFixedCode" resultMap="resultMap">
		select 
			 b.merchantid,
	         b.qr_code_no,
	         b.tel,
	         b.scompany,
	         b.shopperid_p,
	         b.binding_date,
	         b.storage_date,
	         b.create_date,
	         b.update_date,
	         b.storage_user,
	         b.create_user,
	         b.update_user,
	         b.status,
	         a.scompany PARENT_AGENT_NO
		from 	
		  B2C_FIXED_CODE b
		  left join b2c_agent a on b.agent_no=a.shopperid
		where 1=1
		
		<!-- 小商户编号 -->
		 <if test="merchantid!=null and merchantid!='' ">
		 	and b.merchantid=#{merchantid,jdbcType=VARCHAR}
		 </if>
		 <!-- 二维码编号 -->
		<if test="qrCodeNoBeg!=null and qrCodeNoBeg!='' ">
		 	and b.qr_code_no <![CDATA[ >= #{qrCodeNoBeg,jdbcType=VARCHAR} ]]>
		 </if>
		  <if test="qrCodeNoEnd!=null and qrCodeNoEnd!='' ">
		 	and b.qr_code_no <![CDATA[ <= #{qrCodeNoEnd,jdbcType=VARCHAR} ]]>
		 </if>
		 <!-- 联系方式 -->
		  <if test="tel!=null and tel!='' ">
		 	and b.tel=#{tel,jdbcType=VARCHAR}
		 </if>
		 <!-- 所属服务商 -->
		  <if test="shopperidP!=null and shopperidP!='' ">
		 	and b.shopperid_p=#{shopperidP,jdbcType=VARCHAR}
		 </if>
		 <!-- 商户姓名 -->
		  <if test="scompany!=null and scompany!='' ">
		 	and b.scompany=#{scompany,jdbcType=VARCHAR}
		 </if>
		 <!-- 入库时间 -->
		 <if test="startDate!=null and startDate!='' ">
		 	and to_char(b.create_date,'yyyy-MM-dd')<![CDATA[ >= #{startDate,jdbcType=VARCHAR} ]]>
		 </if>
		 <if test="endDate!=null and endDate!='' ">
		 	and to_char(b.create_date,'yyyy-MM-dd')<![CDATA[ <= #{endDate,jdbcType=VARCHAR} ]]>
		 </if>
		 <!--绑定时间 -->
		 <if test="startBinDate!=null and startBinDate!='' ">
		 	and to_char(b.binding_date,'yyyy-MM-dd')<![CDATA[ >= #{startBinDate,jdbcType=VARCHAR} ]]>
		 </if>
		 <if test="endBinDate!=null and endBinDate!='' ">
		 	and to_char(b.binding_date,'yyyy-MM-dd')<![CDATA[ <= #{endBinDate,jdbcType=VARCHAR} ]]>
		 </if>
		
		 order by b.create_date desc
	</select>
	
	
	 <select id="findFixedCodeOutList" parameterType="com.uns.model.B2cFixedCode" resultMap="resultMap">
		select
		     b.id,
		     b.merchantid,
		     b.qr_code_no,
		     b.tel,
		     b.scompany,
		     b.shopperid_p,
		     b.binding_date,
		     b.storage_date,
		     b.create_date,
		     b.update_date,
		     b.storage_user,
		     b.create_user,
		     b.update_user,
		     b.status,
		     a.scompany PARENT_AGENT_NO
		from B2C_FIXED_CODE b
		left join b2c_agent a on b.agent_no=a.shopperid
		where 1 = 1 
		
		<!-- 小商户编号 -->
		 <if test="merchantid!=null and merchantid!='' ">
		 	and b.merchantid=#{merchantid,jdbcType=VARCHAR}
		 </if>
		 <!-- 二维码编号 -->
		 <if test="qrCodeNoBeg!=null and qrCodeNoBeg!='' ">
		 	and b.qr_code_no <![CDATA[ >= #{qrCodeNoBeg,jdbcType=VARCHAR} ]]>
		 </if>
		  <if test="qrCodeNoEnd!=null and qrCodeNoEnd!='' ">
		 	and b.qr_code_no <![CDATA[ <= #{qrCodeNoEnd,jdbcType=VARCHAR} ]]>
		 </if>
		 <!-- 联系方式 -->
		  <if test="tel!=null and tel!='' ">
		 	and b.tel=#{tel,jdbcType=VARCHAR}
		 </if>
		 <!-- 所属服务商 -->
		  <if test="shopperidP!=null and shopperidP!='' ">
		 	and b.shopperid_p=#{shopperidP,jdbcType=VARCHAR}
		 </if>
		 <!-- 商户姓名 -->
		  <if test="scompany!=null and scompany!='' ">
		 	and b.scompany=#{scompany,jdbcType=VARCHAR}
		 </if>
		 <!-- 入库时间 -->
		 <if test="startDate!=null and startDate!='' ">
		 	and to_char(b.create_date,'yyyy-MM-dd')<![CDATA[ >= #{startDate,jdbcType=VARCHAR} ]]>
		 </if>
		 <if test="endDate!=null and endDate!='' ">
		 	and to_char(b.create_date,'yyyy-MM-dd')<![CDATA[ <= #{endDate,jdbcType=VARCHAR} ]]>
		 </if>
		 <!--绑定时间 -->
		 <if test="startBinDate!=null and startBinDate!='' ">
		 	and to_char(b.binding_date,'yyyy-MM-dd')<![CDATA[ >= #{startBinDate,jdbcType=VARCHAR} ]]>
		 </if>
		 <if test="endBinDate!=null and endBinDate!='' ">
		 	and to_char(b.binding_date,'yyyy-MM-dd')<![CDATA[ <= #{endBinDate,jdbcType=VARCHAR} ]]>
		 </if>
		
		 order by b.create_date desc
	</select>
	
	
	 
   <select id="findFixedCodeByParam" parameterType="java.util.Map" resultMap="resultMap">
		select 
			<include refid="Base_Column_List"></include>
		from 	
		  B2C_FIXED_CODE b
		where 1=1
		 and b.qr_code_no=#{qrCodeNo,jdbcType=VARCHAR}
	</select>
	
	<select id="findAllFixedCode"  resultMap="resultMap">
		select 
		 f.qr_code_no ,f.MERCHANTID
		from b2c_fixed_code f  
		where f.MERCHANTID is null order by f.qr_code_no asc
	</select>
	
	
	
	<!-- <insert id="insertBatchModel" parameterType="java.util.List">
		insert  into  B2C_FIXED_CODE(
				   ID,
				   QR_CODE_NO,
				   CREATE_DATE,
				   STORAGE_DATE,
				   CREATE_USER,
				   STATUS) 
			values
	      <foreach collection="list" item="item"  index="index" open="(" separator=","  close=")" >
				SEQ_FIXED_ID.NEXTVAL,
				 #{item.qrCodeNo}, 
				 #{item.createDate},
				 #{item.storageDate},
				 #{item.createUser},
				 #{item.status}
		    </foreach>
	</insert> -->
	
	<insert id="insertBatchModel" parameterType="com.uns.model.B2cFixedCode">
		    insert  into  B2C_FIXED_CODE(
				   ID,
				   QR_CODE_NO,
				   CREATE_DATE,
				   STORAGE_DATE,
				   CREATE_USER,
				   STATUS) 
				values(
					 SEQ_FIXED_ID.NEXTVAL,
					 #{qrCodeNo}, 
					 #{createDate},
					 #{storageDate},
					 #{createUser},
					 #{status}
				)
	</insert>
	    
	
	<update id="updateBatchModel" parameterType="com.uns.model.B2cFixedCode" >
	      	update B2C_FIXED_CODE
		      	<set>
		      		<if test="shopperidP !=null and shopperidP !='' ">
		      			SHOPPERID_P=#{shopperidP},
		      		</if>
		      		<if test="parentAgentNo !=null and parentAgentNo !='' ">
		      			PARENT_AGENT_NO=#{parentAgentNo},
		      		</if>
		      		<if test="agentNo !=null and agentNo !='' ">
		      			AGENT_NO=#{agentNo},
		      		</if>
		      		<if test="updateDate !=null  ">
		      			update_date=#{updateDate},
		      		</if>
		      		<if test="updateUser !=null and updateUser !='' ">
		      			UPDATE_USER=#{updateUser},
		      		</if>
		      	</set>
		      where id=#{id}
	</update>
	
	
	
	<update id="updateAgentNoByModel" parameterType="com.uns.model.B2cFixedCode" >
	      	update B2C_FIXED_CODE
		      	<set>
		      		<if test="shopperidP !=null and shopperidP !='' ">
		      			SHOPPERID_P=#{shopperidP},
		      		</if>
		      		<if test="parentAgentNo !=null and parentAgentNo !='' ">
		      			PARENT_AGENT_NO=#{parentAgentNo},
		      		</if>
		      		<if test="agentNo !=null and agentNo !='' ">
		      			AGENT_NO=#{agentNo},
		      		</if>
		      		<if test="updateDate !=null  ">
		      			update_date=#{updateDate},
		      		</if>
		      		<if test="updateUser !=null and updateUser !='' ">
		      			UPDATE_USER=#{updateUser},
		      		</if>
		      	</set>
		      where QR_CODE_NO=#{qrCodeNo}
	</update>
	
	
</mapper>