<?xml version="1.0" encoding="UTF-8" ?>
<!DOCTYPE mapper PUBLIC "-//mybatis.org//DTD Mapper 3.0//EN" "http://mybatis.org/dtd/mybatis-3-mapper.dtd" >
<mapper namespace="com.uns.dao.B2cSettleDetailMapper" >
  <resultMap id="BaseResultMap" type="com.uns.model.B2cSettleDetail" >
    <result column="ID" property="id" jdbcType="DECIMAL" />
    <result column="TRAN_ID" property="tranId" jdbcType="VARCHAR" />
    <result column="OLD_TRAN_ID" property="oldTranId" jdbcType="VARCHAR" />
    <result column="AGENT_ID" property="agentId" jdbcType="VARCHAR" />
    <result column="AGENT_NO" property="agentNo" jdbcType="VARCHAR" />
    <result column="SHOPPER_ID" property="shopperId" jdbcType="VARCHAR" />
    <result column="MERCHANT_NO" property="merchantNo" jdbcType="VARCHAR" />
    <result column="TERMINAL_ID" property="terminalId" jdbcType="VARCHAR" />
    <result column="TERMINAL_NO" property="terminalNo" jdbcType="VARCHAR" />
    <result column="SETTLE_DATE" property="settleDate" jdbcType="VARCHAR" />
    <result column="CREATE_DATE" property="createDate" jdbcType="VARCHAR" />
    <result column="AMOUNT" property="amount" jdbcType="DECIMAL" />
    <result column="RE_AMOUNT" property="reAmount" jdbcType="DECIMAL" />
    <result column="BATCH_NO" property="batchNo" jdbcType="DECIMAL" />
    <result column="TRAN_NO" property="tranNo" jdbcType="VARCHAR" />
    <result column="FEE_RATE" property="feeRate" jdbcType="DECIMAL" />
    <result column="FEE" property="fee" jdbcType="DECIMAL" />
    <result column="TRAN_TYPE" property="tranType" jdbcType="VARCHAR" />
    <result column="TRAN_FLAG" property="tranFlag" jdbcType="VARCHAR" />
    <result column="AUTH_NO" property="authNo" jdbcType="VARCHAR" />
    <result column="TRAN_DATE" property="tranDate" jdbcType="VARCHAR" />
    <result column="TRAN_TIME" property="tranTime" jdbcType="VARCHAR" />
    <result column="CARD_NO" property="cardNo" jdbcType="VARCHAR" />
    <result column="ENRYPT_CARD" property="enryptCard" jdbcType="VARCHAR" />
    <result column="SETTLE_FLAG" property="settleFlag" jdbcType="VARCHAR" />
    <result column="NOTE" property="note" jdbcType="VARCHAR" />
  </resultMap>
  <sql id="Base_Column_List" >
    ID, TRAN_ID, OLD_TRAN_ID, AGENT_ID, AGENT_NO, SHOPPER_ID, MERCHANT_NO, TERMINAL_ID, 
    TERMINAL_NO, SETTLE_DATE, CREATE_DATE, AMOUNT, RE_AMOUNT, BATCH_NO, TRAN_NO, FEE_RATE, 
    FEE, TRAN_TYPE, TRAN_FLAG, AUTH_NO, TRAN_DATE, TRAN_TIME, CARD_NO, ENRYPT_CARD, SETTLE_FLAG, 
    NOTE
  </sql>
    <!-- 查询明细结算息汇总 -->
  <select id="selectDetailsList" resultType="java.util.Map" parameterType="com.uns.web.form.AccountForm"  >
    		select     
                       A.Merchant_No,
                       A.TRAN_ID,
                       A.OLD_TRAN_ID,
                       A.Terminal_No,
                       A.Tran_Type,
                       A.Tran_Flag,
                       A.Tran_Date,   
                       A.Auth_No,
                       A.AMOUNT/100 AMOUNT,
                       A.fee/100 SFEE,
                       A.CARD_NO,
                       A.FEE_RATE/100 as FEE_RATE,
                       D.Trannumber,
                       A.SETTLE_DATE
                  from b2c_settle_detail A 
                       left join B2C_TERMINAL    B on A.Terminal_No = B.NUM
                       left join B2C_TERM_BINDER C on B.TERMINALID = C.TERM_NO
                       left join B2C_TRANHIS     D on A.Tran_No = D.TRANNUMBER 
                 where 1=1 
     <if test='merchantNo!=null and merchantNo!=""'>
			and A.MERCHANT_NO=#{merchantNo,jdbcType=DECIMAL} 
	 </if>
	 <if test='settleDate != null and  settleDate!="" '>
	       AND A.SETTLE_DATE<![CDATA[ = #{settleDate,jdbcType=DATE} ]]>
	 </if>
  </select>
    <!-- 查询结算历史列表信息 -->
   <select id="selectHistoryList" resultType="java.util.Map" parameterType="com.uns.web.form.AccountForm"  >
   select c.merchant_no,
           c.sa_amount,
           c.SR_AMOUNT,
           c.SF_AMOUNT,
           c.SFEE,
           c.SETTLE_DATE,
           c.ALLMONEY,
           c.FEE_RATE,
           c.REAMOUNT,
           c.SCOMPANY,
           c.TRAN_DATE,
           c.TOP_FEE
      from (select b.merchant_no,
                   b.sa_amount / 100 sa_amount,
                   b.sr_amount / 100 SR_AMOUNT,
                   b.fee_rate,
                   b.sf_amount / 100 sf_amount,
                   b.SETTLE_DATE,
                   b.TRAN_DATE,
                   b.TOP_FEE/100 TOP_FEE,
                   b.sfee / 100 SFEE,
                   (b.sa_amount - b.sr_amount - b.sfee) / 100 ALLMONEY,
                   b.REAMOUNT,
                   b.scompany
              from (select t.merchant_no,
                           sum(amount) sa_amount,
                           sum(re_amount) sr_amount,
                           sum(fee) sf_amount,
                           vsf.sfee,
                           vsf.TOP_FEE,
                           t.TRAN_DATE,
                           vsf.scompany,
                           t.SETTLE_DATE,
                           t.fee_rate / 100 fee_rate,
                           nvl(a.REAMOUNT, 0) REAMOUNT
                      from B2C_SETTLE_DETAIL t
                      left join v_shopperbi_money vsf
                        on t.merchant_no = vsf.merchant_no
                      left join (select bs.merchant_no,
                                       sum(bs.re_amount / 100) REAMOUNT
                                  from b2c_settle_detail bs
                                 where bs.tran_type = '1'
                                   and bs.tran_flag = '1'
                                 group by bs.merchant_no) a
                        on t.merchant_no = a.merchant_no
                     where 
                      vsf.tran_date=t.tran_date
       <if test='merchantNo!=null and merchantNo!=""'>
		  and t.MERCHANT_NO=#{merchantNo,jdbcType=DECIMAL} 
	   </if>
	   <if test='createdStart != null and createdStart!="" '>
	       AND t.settle_date<![CDATA[ >= #{createdStart,jdbcType=DATE} ]]>
	   </if>
	   <if test='createdEnd != null and createdEnd!="" '>
	     	AND t.settle_date<![CDATA[ <= #{createdEnd,jdbcType=DATE} ]]>
	   </if> 
	   <if test='trantStart != null and trantStart!="" '>
	       AND t.TRAN_DATE<![CDATA[ >= #{trantStart,jdbcType=VARCHAR} ]]>
	   </if>
	   <if test='trantEnd != null and trantEnd!="" '>
	     	AND t.TRAN_DATE<![CDATA[ <= #{trantEnd,jdbcType=VARCHAR} ]]>
	   </if>
	    <if test='istrant!=null and istrant!="" and istrant=="1"'>
		  and t.settle_date is not null 
	   </if>
	   <if test='istrant!=null and istrant!="" and istrant=="2"'>
		  and t.settle_date is null 
	   </if>
	   group by t.merchant_no,vsf.sfee,t.SETTLE_DATE, vsf.TOP_FEE,t.fee_rate,a.REAMOUNT,vsf.scompany,t.TRAN_DATE
	   ) b where b.merchant_no is not null ) c where 1=1
       <if test='mstart != null and mstart!=""'>
		   	    AND c.ALLMONEY<![CDATA[ >= #{mstart,jdbcType=VARCHAR} ]]> 
	   </if>
	   	<if test='mend != null and mend!=""'>
	   	    AND c.ALLMONEY<![CDATA[ <= #{mend,jdbcType=VARCHAR} ]]>
	   	</if>
	   	order by c.TRAN_DATE desc
  </select>
  <!-- 下载结算历史列表信息 -->
   <select id="getAccountList" resultType="java.util.Map" parameterType="com.uns.web.form.AccountForm"  >
	    select c.merchant_no,
           c.sa_amount,
           c.SR_AMOUNT,
           c.SF_AMOUNT,
           c.SFEE,
           c.SETTLE_DATE,
           c.ALLMONEY,
           c.FEE_RATE,
           c.REAMOUNT,
           c.SCOMPANY,
           c.TRAN_DATE,
           bb.ACCOUNT_BANK_CLIENT_NAME,
       	   bb.ACCOUNT_BANK_NAME,
           bb.ACCOUNT_BANK_NO
      from (select b.merchant_no,
                   b.sa_amount / 100 sa_amount,
                   b.sr_amount / 100 SR_AMOUNT,
                   b.fee_rate,
                   b.sf_amount / 100 sf_amount,
                   b.SETTLE_DATE,
                   b.TRAN_DATE,
                   b.sfee / 100 SFEE,
                   (b.sa_amount - b.sr_amount - b.sfee) / 100 ALLMONEY,
                   b.REAMOUNT,
                   b.scompany
              from (select t.merchant_no,
                           sum(amount) sa_amount,
                           sum(re_amount) sr_amount,
                           sum(fee) sf_amount,
                           vsf.sfee,
                           t.TRAN_DATE,
                           vsf.scompany,
                           t.SETTLE_DATE,
                           t.fee_rate / 100 fee_rate,
                           nvl(a.REAMOUNT, 0) REAMOUNT
                      from B2C_SETTLE_DETAIL t
                      left join v_shopperbi_money vsf
                        on t.merchant_no = vsf.merchant_no
                      left join (select bs.merchant_no,
                                       sum(bs.re_amount / 100) REAMOUNT
                                  from b2c_settle_detail bs
                                 where bs.tran_type = '1'
                                   and bs.tran_flag = '1'
                                 group by bs.merchant_no) a
                        on t.merchant_no = a.merchant_no
                     where 
                      vsf.TRAN_DATE=t.TRAN_DATE
       <if test='merchantNo!=null and merchantNo!=""'>
		  and t.MERCHANT_NO=#{merchantNo,jdbcType=DECIMAL} 
	   </if>
	   <if test='createdStart != null and createdStart!="" '>
	       AND t.settle_date<![CDATA[ >= #{createdStart,jdbcType=DATE} ]]>
	   </if>
	   <if test='createdEnd != null and createdEnd!="" '>
	     	AND t.settle_date<![CDATA[ <= #{createdEnd,jdbcType=DATE} ]]>
	   </if> 
	   <if test='trantStart != null and trantStart!="" '>
	       AND t.TRAN_DATE<![CDATA[ >= #{trantStart,jdbcType=VARCHAR} ]]>
	   </if>
	   <if test='trantEnd != null and trantEnd!="" '>
	     	AND t.TRAN_DATE<![CDATA[ <= #{trantEnd,jdbcType=VARCHAR} ]]>
	   </if>
	    <if test='istrant!=null and istrant!="" and istrant=="1"'>
		  and t.settle_date is not null 
	   </if>
	   <if test='istrant!=null and istrant!="" and istrant=="2"'>
		  and t.settle_date is null 
	   </if>
	   group by t.merchant_no,vsf.sfee,t.SETTLE_DATE, t.fee_rate,a.REAMOUNT,vsf.scompany,t.TRAN_DATE
	   ) b where b.merchant_no is not null ) c  
	   left join b2c_shopperbi bb on bb.shopperid=c.merchant_no  
	   where 1=1
       <if test='mstart != null and mstart!=""'>
		   	    AND c.ALLMONEY<![CDATA[ >= #{mstart,jdbcType=VARCHAR} ]]> 
	   </if>
	   	<if test='mend != null and mend!=""'>
	   	    AND c.ALLMONEY<![CDATA[ <= #{mend,jdbcType=VARCHAR} ]]>
	   	</if>
	   	order by c.TRAN_DATE desc
  </select>
  <!-- 下载银生宝批付使用列表 -->
   <select id="getysbList" resultType="java.util.Map" parameterType="com.uns.web.form.AccountForm"  >
	  	 select 
      c.account_bank_name,
      c.account_bank_prov,
      c.account_bank_client_name,
      c.account_bank_no,
      (select dict from b2c_dict dc where dc.b2c_dict_id=to_number(c.account_bank_dictval)) as BANKNAME,
      c.ALLMONEY ALLMONEY from (
		  select 
	      b.merchant_no,
	      b.account_bank_name,
	      b.account_bank_prov,
	      b.account_bank_client_name,
	      b.account_bank_no,
	      b.account_bank_dictval,
	      (b.sa_amount-b.sr_amount-b.sfee)/100 ALLMONEY 
	       from (
	       select t.merchant_no,
	       sum(amount) sa_amount,
	       nvl(sum(re_amount),0) sr_amount,
	       vsf.sfee,
	       t.SETTLE_DATE,
	       bi.account_bank_dictval,
	       bi.account_bank_name,
	       bi.account_bank_prov,
	       bi.account_bank_client_name,
	       bi.account_bank_no
	       from B2C_SETTLE_DETAIL t left join v_shopperbi_fee vsf on t.merchant_no=vsf.merchant_no  left join b2c_shopperbi bi
	       on vsf.merchant_no=bi.shopperid 
	       where t.settle_flag=1  and t.SETTLE_DATE=vsf.SETTLE_DATE
       <if test='merchantNo!=null and merchantNo!=""'>
				and t.MERCHANT_NO=#{merchantNo,jdbcType=DECIMAL} 
	   </if>
	   <if test='createdStart != null and createdStart!="" '>
	       AND t.settle_date<![CDATA[ >= #{createdStart,jdbcType=DATE} ]]>
	   </if>
	   	<if test='createdEnd != null and createdEnd!="" '>
	     	AND t.settle_date<![CDATA[ <= #{createdEnd,jdbcType=DATE} ]]>
	   	</if>
	   group by t.merchant_no,vsf.sfee,t.SETTLE_DATE,bi.scompany ,bi.account_bank_name,
         bi.account_bank_prov,
         bi.account_bank_client_name,
         bi.account_bank_no,
         bi.account_bank_dictval
        ) b where b.merchant_no is not null  ) c where 1=1
        <if test='mstart != null and mstart!=""'>
		   	    AND c.ALLMONEY<![CDATA[ >= #{mstart,jdbcType=VARCHAR} ]]> 
	   	</if>
	   	<if test='mend != null and mend!=""'>
	   	        AND c.ALLMONEY<![CDATA[ <= #{mend,jdbcType=VARCHAR} ]]>
	   	</if>
  </select>
  
  <!-- 下载汇总结算历史列表信息 -->
   <select id="getNotAccountList" resultType="java.util.Map" parameterType="com.uns.web.form.AccountForm"  >
       select 
      nvl(a.sa_amount/100,0) sa_amount,
      nvl(a.sr_amount/100,0) sr_amount,
      a.SETTLE_DATE,
      a.merchant_no,
      nvl(b.allmount/100,0) ALLMOUNT,
      d.scompany,
      nvl(c.sfee/100,0) sfee,
      d.account_bank_name,
      d.account_bank_client_name,
      d.account_bank_prov,
      d.account_bank_no,
      nvl(a.REAMOUNT,0) REAMOUNT,
      f.DICT,
      nvl(nvl(a.sa_amount/100,0)-nvl(a.sr_amount/100,0)-nvl(c.sfee/100,0)-nvl(a.REAMOUNT,0),0) ALLD
      from(
      select t.merchant_no,
               t.SETTLE_DATE,
               sum(amount) sa_amount,
               sum(re_amount) sr_amount,
               bt.REAMOUNT,
               t.settle_flag
              from B2C_SETTLE_DETAIL t 
              left join
       (select bs.merchant_no,sum(bs.re_amount/100) REAMOUNT from
        b2c_settle_detail bs where bs.tran_type='1' and bs.tran_flag='1' 
        group by  bs.merchant_no) bt
        on t.merchant_no=bt.merchant_no where 1=1 and t.settle_flag='1'
        <if test='merchantNo!=null and merchantNo!=""'>
				and t.MERCHANT_NO=#{merchantNo,jdbcType=DECIMAL} 
	   </if>
	   <if test='createdStart != null and createdStart!="" '>
	       AND t.settle_date<![CDATA[ >= #{createdStart,jdbcType=DATE} ]]>
	   </if>
	   	<if test='createdEnd != null and createdEnd!="" '>
	     	AND t.settle_date<![CDATA[ <= #{createdEnd,jdbcType=DATE} ]]>
	   	</if>
         group by t.merchant_no,t.SETTLE_DATE,bt.REAMOUNT,t.settle_flag
           ) a  
          left outer join (select sum(bc.amount) allmount,bc.merchant_no
                     from b2c_settle_detail bc
                    where bc.settle_flag = 0
                    group by bc.merchant_no, bc.SETTLE_DATE) b
            on a.merchant_no = b.merchant_no
         left outer join (select vsf.sfee,vsf.merchant_no,vsf.SETTLE_DATE  from v_shopperbi_fee vsf) c
            on a.merchant_no = c.merchant_no and a.SETTLE_DATE=c.SETTLE_DATE
         left outer join (select fb.scompany,fb.SHOPPERID,
                                 fb.account_bank_name,
                                 fb.account_bank_client_name,
                                 fb.account_bank_prov,
                                 fb.account_bank_no,
                                 fb.account_bank_dictval
         from b2c_shopperbi fb) d
           on a.merchant_no = d.SHOPPERID 
          left outer join (
          select ft.dict, ft.b2c_dict_id from  b2c_dict ft where ft.dictclsid='180' 
          ) f on d.account_bank_dictval=f.b2c_dict_id 
  </select>
  
  <!-- 查询结算统计信息汇总 -->
  <select id="selectAllList" resultType="java.util.Map" parameterType="com.uns.web.form.AccountForm"  >
 select c.ALLNUM,c.merchant_no,c.GETAMOUNT,c.REAMOUNT,c.sf_amount,c.SFEE from (
  select count(*) ALLNUM,b.merchant_no,sum(b.sa_amount/100) GETAMOUNT,nvl(REAMOUNT,0) REAMOUNT,
     sum(b.sf_amount/100) sf_amount,sum(b.sfee/100) SFEE 
     from (
     select 
       t.merchant_no,
       sum(amount) sa_amount,
       sum(re_amount) sr_amount,
       sum(fee) sf_amount,
       vsf.sfee,
       t.SETTLE_DATE,
       a.REAMOUNT,
       t.TRAN_DATE
       from B2C_SETTLE_DETAIL t left join v_shopperbi_money vsf on t.merchant_no=vsf.merchant_no  and vsf.tran_date=t.tran_date
       left join
       (select bs.merchant_no,sum(bs.re_amount/100) REAMOUNT from b2c_settle_detail bs where bs.tran_type='1' and bs.tran_flag='1' 
     group by  bs.merchant_no) a on t.merchant_no=a.merchant_no 
       where t.settle_flag=1 
       <if test='merchantNo!=null and merchantNo!=""'>
				and t.MERCHANT_NO=#{merchantNo,jdbcType=DECIMAL} 
	   </if>
	   <if test='createdStart != null and createdStart!="" '>
	       AND t.settle_date<![CDATA[ >= #{createdStart,jdbcType=DATE} ]]>
	   </if>
	   <if test='createdEnd != null and createdEnd!="" '>
	     	AND t.settle_date<![CDATA[ <= #{createdEnd,jdbcType=DATE} ]]>
	   </if> 
	   <if test='trantStart != null and trantStart!="" '>
	       AND t.TRAN_DATE<![CDATA[ >= #{trantStart,jdbcType=VARCHAR} ]]>
	   </if>
	   <if test='trantEnd != null and trantEnd!="" '>
	     	AND t.TRAN_DATE<![CDATA[ <= #{trantEnd,jdbcType=VARCHAR} ]]>
	   </if>
	    <if test='istrant!=null and istrant!="" and istrant=="1"'>
		  and t.settle_date is not null 
	   </if>
	   <if test='istrant!=null and istrant!="" and istrant=="2"'>
		  and t.settle_date is null 
	   </if>
        group by t.merchant_no,vsf.sfee,t.SETTLE_DATE,a.REAMOUNT,t.TRAN_DATE
	   ) b where b.merchant_no is not null group by b.merchant_no,b.REAMOUNT )
	   c where 1=1
<!-- 	     <if test='mstart != null and mstart!=""'> -->
<!-- 		   	    AND c.ALLMONEY<![CDATA[ >= #{mstart,jdbcType=VARCHAR} ]]>  -->
<!-- 	   	</if> -->
<!-- 	   	<if test='mend != null and mend!=""'> -->
<!-- 	   	        AND c.ALLMONEY<![CDATA[ <= #{mend,jdbcType=VARCHAR} ]]> -->
<!-- 	   	</if> -->
	   
  </select>
 
  <insert id="insert" parameterType="com.uns.model.B2cSettleDetail" >
    <!--
      WARNING - @mbggenerated
      This element is automatically generated by MyBatis Generator, do not modify.
      This element was generated on Tue Jul 08 10:33:08 CST 2014.
    -->
    insert into B2C_SETTLE_DETAIL (ID, TRAN_ID, OLD_TRAN_ID, 
      AGENT_ID, AGENT_NO, SHOPPER_ID, 
      MERCHANT_NO, TERMINAL_ID, TERMINAL_NO, 
      SETTLE_DATE, CREATE_DATE, AMOUNT, 
      RE_AMOUNT, BATCH_NO, TRAN_NO, 
      FEE_RATE, FEE, TRAN_TYPE, 
      TRAN_FLAG, AUTH_NO, TRAN_DATE, 
      TRAN_TIME, CARD_NO, ENRYPT_CARD, 
      SETTLE_FLAG, NOTE)
    values (#{id,jdbcType=DECIMAL}, #{tranId,jdbcType=VARCHAR}, #{oldTranId,jdbcType=VARCHAR}, 
      #{agentId,jdbcType=VARCHAR}, #{agentNo,jdbcType=VARCHAR}, #{shopperId,jdbcType=VARCHAR}, 
      #{merchantNo,jdbcType=VARCHAR}, #{terminalId,jdbcType=VARCHAR}, #{terminalNo,jdbcType=VARCHAR}, 
      #{settleDate,jdbcType=VARCHAR}, #{createDate,jdbcType=VARCHAR}, #{amount,jdbcType=DECIMAL}, 
      #{reAmount,jdbcType=DECIMAL}, #{batchNo,jdbcType=DECIMAL}, #{tranNo,jdbcType=VARCHAR}, 
      #{feeRate,jdbcType=DECIMAL}, #{fee,jdbcType=DECIMAL}, #{tranType,jdbcType=VARCHAR}, 
      #{tranFlag,jdbcType=VARCHAR}, #{authNo,jdbcType=VARCHAR}, #{tranDate,jdbcType=VARCHAR}, 
      #{tranTime,jdbcType=VARCHAR}, #{cardNo,jdbcType=VARCHAR}, #{enryptCard,jdbcType=VARCHAR}, 
      #{settleFlag,jdbcType=VARCHAR}, #{note,jdbcType=VARCHAR})
  </insert>
  <insert id="insertSelective" parameterType="com.uns.model.B2cSettleDetail" >
    insert into B2C_SETTLE_DETAIL
    <trim prefix="(" suffix=")" suffixOverrides="," >
      <if test="id != null" >
        ID,
      </if>
      <if test="tranId != null" >
        TRAN_ID,
      </if>
      <if test="oldTranId != null" >
        OLD_TRAN_ID,
      </if>
      <if test="agentId != null" >
        AGENT_ID,
      </if>
      <if test="agentNo != null" >
        AGENT_NO,
      </if>
      <if test="shopperId != null" >
        SHOPPER_ID,
      </if>
      <if test="merchantNo != null" >
        MERCHANT_NO,
      </if>
      <if test="terminalId != null" >
        TERMINAL_ID,
      </if>
      <if test="terminalNo != null" >
        TERMINAL_NO,
      </if>
      <if test="settleDate != null" >
        SETTLE_DATE,
      </if>
      <if test="createDate != null" >
        CREATE_DATE,
      </if>
      <if test="amount != null" >
        AMOUNT,
      </if>
      <if test="reAmount != null" >
        RE_AMOUNT,
      </if>
      <if test="batchNo != null" >
        BATCH_NO,
      </if>
      <if test="tranNo != null" >
        TRAN_NO,
      </if>
      <if test="feeRate != null" >
        FEE_RATE,
      </if>
      <if test="fee != null" >
        FEE,
      </if>
      <if test="tranType != null" >
        TRAN_TYPE,
      </if>
      <if test="tranFlag != null" >
        TRAN_FLAG,
      </if>
      <if test="authNo != null" >
        AUTH_NO,
      </if>
      <if test="tranDate != null" >
        TRAN_DATE,
      </if>
      <if test="tranTime != null" >
        TRAN_TIME,
      </if>
      <if test="cardNo != null" >
        CARD_NO,
      </if>
      <if test="enryptCard != null" >
        ENRYPT_CARD,
      </if>
      <if test="settleFlag != null" >
        SETTLE_FLAG,
      </if>
      <if test="note != null" >
        NOTE,
      </if>
    </trim>
    <trim prefix="values (" suffix=")" suffixOverrides="," >
      <if test="id != null" >
        #{id,jdbcType=DECIMAL},
      </if>
      <if test="tranId != null" >
        #{tranId,jdbcType=VARCHAR},
      </if>
      <if test="oldTranId != null" >
        #{oldTranId,jdbcType=VARCHAR},
      </if>
      <if test="agentId != null" >
        #{agentId,jdbcType=VARCHAR},
      </if>
      <if test="agentNo != null" >
        #{agentNo,jdbcType=VARCHAR},
      </if>
      <if test="shopperId != null" >
        #{shopperId,jdbcType=VARCHAR},
      </if>
      <if test="merchantNo != null" >
        #{merchantNo,jdbcType=VARCHAR},
      </if>
      <if test="terminalId != null" >
        #{terminalId,jdbcType=VARCHAR},
      </if>
      <if test="terminalNo != null" >
        #{terminalNo,jdbcType=VARCHAR},
      </if>
      <if test="settleDate != null" >
        #{settleDate,jdbcType=VARCHAR},
      </if>
      <if test="createDate != null" >
        #{createDate,jdbcType=VARCHAR},
      </if>
      <if test="amount != null" >
        #{amount,jdbcType=DECIMAL},
      </if>
      <if test="reAmount != null" >
        #{reAmount,jdbcType=DECIMAL},
      </if>
      <if test="batchNo != null" >
        #{batchNo,jdbcType=DECIMAL},
      </if>
      <if test="tranNo != null" >
        #{tranNo,jdbcType=VARCHAR},
      </if>
      <if test="feeRate != null" >
        #{feeRate,jdbcType=DECIMAL},
      </if>
      <if test="fee != null" >
        #{fee,jdbcType=DECIMAL},
      </if>
      <if test="tranType != null" >
        #{tranType,jdbcType=VARCHAR},
      </if>
      <if test="tranFlag != null" >
        #{tranFlag,jdbcType=VARCHAR},
      </if>
      <if test="authNo != null" >
        #{authNo,jdbcType=VARCHAR},
      </if>
      <if test="tranDate != null" >
        #{tranDate,jdbcType=VARCHAR},
      </if>
      <if test="tranTime != null" >
        #{tranTime,jdbcType=VARCHAR},
      </if>
      <if test="cardNo != null" >
        #{cardNo,jdbcType=VARCHAR},
      </if>
      <if test="enryptCard != null" >
        #{enryptCard,jdbcType=VARCHAR},
      </if>
      <if test="settleFlag != null" >
        #{settleFlag,jdbcType=VARCHAR},
      </if>
      <if test="note != null" >
        #{note,jdbcType=VARCHAR},
      </if>
    </trim>
  </insert>
 
 
 <!-- 下载汇总未结算 -->
   <select id="outUnbalancedAcounntExcelList" resultType="java.util.Map" parameterType="com.uns.web.form.AccountForm"  >
     select t.merchant_no,b.scompany,t.tran_date,sum(t.amount/100) SA_AMOUNT
  			from B2C_SETTLE_DETAIL t
  			left join b2c_shopperbi b on b.shopperid=t.merchant_no
 			where t.settle_flag = 0 
        <if test='merchantNo!=null and merchantNo!=""'>
				and t.MERCHANT_NO=#{merchantNo,jdbcType=DECIMAL} 
	   </if>
	   <if test='trantStart != null and trantStart!="" '>
	       AND t.tranDate<![CDATA[ >= #{trantStart,jdbcType=DATE} ]]> 
	   </if>
	   <if test='trantEnd != null and trantEnd!="" '>
	     	AND t.tranDate<![CDATA[ <= #{trantEnd,jdbcType=DATE} ]]> 
	   </if>
 	group by t.merchant_no,b.scompany, t.tran_date
       
  </select>
</mapper>