<?xml version="1.0" encoding="UTF-8" ?>
<!DOCTYPE mapper PUBLIC "-//mybatis.org//DTD Mapper 3.0//EN" "http://mybatis.org/dtd/mybatis-3-mapper.dtd" >
<mapper namespace="com.uns.dao.B2cShopperbiTempModifyMapper" >
  <resultMap id="BaseResultMap" type="com.uns.model.B2cShopperbiTempModify" >
    <result column="MODIFY_DETAIL_ID" property="modifyDetailId" jdbcType="DECIMAL" />
    <result column="MODIFY_DETAIL_CREATEDATE" property="modifyDetailCreateDate"  />
    <result column="MODIFY_DETAIL_UPDATEDATE" property="modifyDetailUpdateDate"  />
    <result column="MODIFY_DETAIL_CREATEUSER" property="modifyDetailCreateUser" jdbcType="VARCHAR" />
    <result column="MODIFY_DETAIL_UPDATEUSER" property="modifyDetailUpdateUser" jdbcType="VARCHAR" />
    <result column="B2C_SHOPPERBI_ID" property="b2cShopperbiId" jdbcType="DECIMAL" />
    <result column="SCOMPANY" property="scompany" jdbcType="VARCHAR" />
    <result column="SADDRESS" property="saddress" jdbcType="VARCHAR" />
    <result column="SCITY" property="scity" jdbcType="VARCHAR" />
    <result column="CITY" property="city" jdbcType="VARCHAR" />
    <result column="SPROVINCE" property="sprovince" jdbcType="VARCHAR" />
    <result column="PROVINCE" property="province" jdbcType="VARCHAR" />
    <result column="STEL" property="stel" jdbcType="VARCHAR" />
    <result column="SIFPACTID" property="sifpactid" jdbcType="DECIMAL" />
    <result column="SHOPPERID_P" property="shopperidP" jdbcType="DECIMAL" />
    <result column="INDUSTRY" property="industry" jdbcType="VARCHAR" />
    <result column="BILL_PROVINCE" property="billProvince" jdbcType="VARCHAR" />
    <result column="BILL_PROVINCE_CODE" property="billProvinceCode" jdbcType="VARCHAR" />
    <result column="BILL_CITY" property="billCity" jdbcType="VARCHAR" />
    <result column="BILL_CITY_CODE" property="billCityCode" jdbcType="VARCHAR" />
    <result column="BILL_ADDRESS" property="billAddress" jdbcType="VARCHAR" />
    <result column="BILL_NAME" property="billName" jdbcType="VARCHAR" />
    <result column="REMARK" property="remark" jdbcType="VARCHAR" />
    <result column="SETTLEMENT_TYPE" property="settlementType" jdbcType="VARCHAR" />
    <result column="ACCOUNT_BANK_DICTVAL" property="accountBankDictval" jdbcType="VARCHAR" />
    <result column="ACCOUNT_BANK_NAME" property="accountBankName" jdbcType="VARCHAR" />
    <result column="ACCOUNT_BANK_PROV" property="accountBankProv" jdbcType="VARCHAR" />
    <result column="ACCOUNT_BANK_PROV_CODE" property="accountBankProvCode" jdbcType="VARCHAR" />
    <result column="ACCOUNT_BANK_CITY" property="accountBankCity" jdbcType="VARCHAR" />
    <result column="ACCOUNT_BANK_CITY_CODE" property="accountBankCityCode" jdbcType="VARCHAR" />
    <result column="ACCOUNT_BANK_CLIENT_NAME" property="accountBankClientName" jdbcType="VARCHAR" />
    <result column="ACCOUNT_BANK_NO" property="accountBankNo" jdbcType="VARCHAR" />
    <result column="IS_SUPPORT_T0" property="isSupportT0" jdbcType="VARCHAR" />
    <result column="CREDIT_FEE" property="creditFee" jdbcType="VARCHAR" />
    <result column="DEBIT_FEE" property="debitFee" jdbcType="VARCHAR" />
    <result column="T0_FEE" property="t0Fee" jdbcType="DECIMAL" />
    <result column="T0_FIXED_AMOUNT" property="t0FixedAmount" jdbcType="DECIMAL" />
    <result column="T0_MIN_AMOUNT" property="t0MinAmount" jdbcType="DECIMAL" />
    <result column="T0_MAX_AMOUNT" property="t0MaxAmount" jdbcType="DECIMAL" />
    <result column="T0_SINGLE_DAY_LIMIT" property="t0SingleDayLimit" jdbcType="DECIMAL" />
    <result column="HAND_IDENTITY_CARD_PHOTO" property="handIdentityCardPhoto" jdbcType="VARCHAR" />
    <result column="FRONT_IDENTITY_CARD_PHOTO" property="frontIdentityCardPhoto" jdbcType="VARCHAR" />
    <result column="REVERSE_IDENTITY_CARD_PHOTO" property="reverseIdentityCardPhoto" jdbcType="VARCHAR" />
    <result column="STORE_PHOTO" property="storePhoto" jdbcType="VARCHAR" />
    <result column="CREDIT_CARD_PHOTO" property="creditCardPhoto" jdbcType="VARCHAR" />
    <result column="SETTLEMENT_CARD_PHOTO" property="settlementCardPhoto" jdbcType="VARCHAR" />
    <result column="SIGNATURE_PHOTO" property="signaturePhoto" jdbcType="VARCHAR" />
    <result column="LICENSE_PHOTO" property="licensePhoto" jdbcType="VARCHAR" />
    
  </resultMap>
   
  <sql id="Base_Column_List" >
    MODIFY_DETAIL_ID, MODIFY_DETAIL_CREATEDATE, MODIFY_DETAIL_UPDATEDATE, MODIFY_DETAIL_CREATEUSER, 
    MODIFY_DETAIL_UPDATEUSER, B2C_SHOPPERBI_ID, SCOMPANY, SADDRESS, SCITY, CITY, SPROVINCE, 
    PROVINCE, STEL, SIFPACTID, SHOPPERID_P, INDUSTRY, BILL_PROVINCE, BILL_PROVINCE_CODE, 
    BILL_CITY, BILL_CITY_CODE, BILL_ADDRESS, BILL_NAME, REMARK, SETTLEMENT_TYPE, ACCOUNT_BANK_DICTVAL, 
    ACCOUNT_BANK_NAME, ACCOUNT_BANK_PROV, ACCOUNT_BANK_PROV_CODE, ACCOUNT_BANK_CITY, 
    ACCOUNT_BANK_CITY_CODE, ACCOUNT_BANK_CLIENT_NAME, ACCOUNT_BANK_NO, IS_SUPPORT_T0, 
    CREDIT_FEE,DEBIT_FEE, T0_FEE, T0_FIXED_AMOUNT, T0_MIN_AMOUNT, T0_MAX_AMOUNT, T0_SINGLE_DAY_LIMIT, 
    HAND_IDENTITY_CARD_PHOTO, FRONT_IDENTITY_CARD_PHOTO, REVERSE_IDENTITY_CARD_PHOTO, 
    STORE_PHOTO, CREDIT_CARD_PHOTO, SETTLEMENT_CARD_PHOTO, SIGNATURE_PHOTO
  </sql>
  
  <select id="selectById" resultMap="BaseResultMap" parameterType="Long">
     select 
     <include refid="Base_Column_List" />
     from  B2C_SHOPPERBI_TEMP_MODIFY
     where MODIFY_DETAIL_ID = #{modefyDetailId,jdbcType=DECIMAL}
  </select>  
  
  <select id="selectByShopperbiIdList" parameterType="java.util.HashMap"  resultMap="BaseResultMap">
       select 
       <include refid="Base_Column_List" />
       from  B2C_SHOPPERBI_TEMP_MODIFY
       where B2C_SHOPPERBI_ID = #{shopperId,jdbcType=VARCHAR}
       <if test='updateStart != null and updateStart!="" '>
        AND to_char(MODIFY_DETAIL_UPDATEDATE,'yyyy-MM-dd HH24:mi:ss')<![CDATA[ >= #{updateStart,jdbcType=TIMESTAMP} ]]>
       </if>
   	   <if test='updateEnd != null and updateEnd!="" '>
     	AND to_char(MODIFY_DETAIL_UPDATEDATE,'yyyy-MM-dd HH24:mi:ss')<![CDATA[ <= #{updateEnd,jdbcType=TIMESTAMP} ]]>
       </if>
   	   <if test='updateUser != null and updateUser!="" '>
     	AND MODIFY_DETAIL_UPDATEUSER = #{updateUser,jdbcType=VARCHAR}
       </if>
       
       order by MODIFY_DETAIL_UPDATEDATE desc
  </select>
  
   <select id="selectByB2cShopperbiTempModify"  parameterType="com.uns.model.B2cShopperbiTempModify" resultMap="BaseResultMap">
       select 
       <include refid="Base_Column_List" />
       from  B2C_SHOPPERBI_TEMP_MODIFY
      <where>
      <if test="modifyDetailId != null" >
        MODIFY_DETAIL_ID = #{modifyDetailId,jdbcType=DECIMAL}
      </if>
      <if test="modifyDetailCreateDate != null" >
      and  MODIFY_DETAIL_CREATEDATE = #{modifyDetailCreateDate,jdbcType=DATE}
      </if>
      <if test="modifyDetailUpdateDate != null" >
      and  MODIFY_DETAIL_UPDATEDATE = #{modifyDetailUpdateDate,jdbcType=DATE}
      </if>
      <if test="modifyDetailCreateuser != null" >
      and  MODIFY_DETAIL_CREATEUSER = #{modifyDetailCreateuser,jdbcType=VARCHAR}
      </if>
      <if test="modifyDetailUpdateUser != null" >
      and  MODIFY_DETAIL_UPDATEUSER = #{modifyDetailUpdateUser,jdbcType=VARCHAR}
      </if>
      <if test="b2cShopperbiId != null" >
      and  B2C_SHOPPERBI_ID = #{b2cShopperbiId,jdbcType=DECIMAL}
      </if>
      <if test="scompany != null" >
      and  SCOMPANY = #{scompany,jdbcType=VARCHAR}
      </if>
      <if test="saddress != null" >
      and  SADDRESS = #{saddress,jdbcType=VARCHAR}
      </if>
      <if test="scity != null" >
      and  SCITY = #{scity,jdbcType=VARCHAR}
      </if>
      <if test="city != null" >
      and  CITY = #{city,jdbcType=VARCHAR}
      </if>
      <if test="sprovince != null" >
      and  SPROVINCE = #{sprovince,jdbcType=VARCHAR}
      </if>
      <if test="province != null" >
      and  PROVINCE = #{province,jdbcType=VARCHAR}
      </if>
      <if test="stel != null" >
      and  STEL = #{stel,jdbcType=VARCHAR}
      </if>
      <if test="sifpactid != null" >
      and  SIFPACTID = #{sifpactid,jdbcType=DECIMAL}
      </if>
      <if test="shopperidP != null" >
      and  SHOPPERID_P = #{shopperidP,jdbcType=DECIMAL}
      </if>
      <if test="industry != null" >
      and  INDUSTRY = #{industry,jdbcType=VARCHAR}
      </if>
      <if test="billProvince != null" >
      and  BILL_PROVINCE = #{billProvince,jdbcType=VARCHAR}
      </if>
      <if test="billProvinceCode != null" >
      and  BILL_PROVINCE_CODE = #{billProvinceCode,jdbcType=VARCHAR}
      </if>
      <if test="billCity != null" >
      and  BILL_CITY = #{billCity,jdbcType=VARCHAR}
      </if>
      <if test="billCityCode != null" >
      and  BILL_CITY_CODE = #{billCityCode,jdbcType=VARCHAR}
      </if>
      <if test="billAddress != null" >
      and  BILL_ADDRESS = #{billAddress,jdbcType=VARCHAR}
      </if>
      <if test="billName != null" >
       and BILL_NAME = #{billName,jdbcType=VARCHAR}
      </if>
      <if test="remark != null" >
      and  REMARK = #{remark,jdbcType=VARCHAR}
      </if>
      <if test="settlementType != null" >
      and  SETTLEMENT_TYPE = #{settlementType,jdbcType=VARCHAR}
      </if>
      <if test="accountBankDictval != null" >
      and  ACCOUNT_BANK_DICTVAL = #{accountBankDictval,jdbcType=VARCHAR}
      </if>
      <if test="accountBankName != null" >
      and  ACCOUNT_BANK_NAME = #{accountBankName,jdbcType=VARCHAR}
      </if>
      <if test="accountBankProv != null" >
      and  ACCOUNT_BANK_PROV = #{accountBankProv,jdbcType=VARCHAR}
      </if>
      <if test="accountBankProvCode != null" >
      and  ACCOUNT_BANK_PROV_CODE = #{accountBankProvCode,jdbcType=VARCHAR}
      </if>
      <if test="accountBankCity != null" >
     and   ACCOUNT_BANK_CITY = #{accountBankCity,jdbcType=VARCHAR}
      </if>
      <if test="accountBankCityCode != null" >
     and   ACCOUNT_BANK_CITY_CODE = #{accountBankCityCode,jdbcType=VARCHAR}
      </if>
      <if test="accountBankClientName != null" >
     and   ACCOUNT_BANK_CLIENT_NAME = #{accountBankClientName,jdbcType=VARCHAR}
      </if>
      <if test="accountBankNo != null" >
     and   ACCOUNT_BANK_NO = #{accountBankNo,jdbcType=VARCHAR}
      </if>
      <if test="isSupportT0 != null" >
     and   IS_SUPPORT_T0 = #{isSupportT0,jdbcType=VARCHAR}
      </if>
      <if test="creditFee != null" >
      and  CREDIT_FEE = #{creditFee,jdbcType=VARCHAR}
      </if>
      <if test="debitFee != null" >
      and  DEBIT_FEE = #{debitFee,jdbcType=VARCHAR}
      </if>
      <if test="t0Fee != null" >
     and   T0_FEE = #{t0Fee,jdbcType=DECIMAL}
      </if>
      <if test="t0FixedAmount != null" >
     and   T0_FIXED_AMOUNT = #{t0FixedAmount,jdbcType=DECIMAL}
      </if>
      <if test="t0MinAmount != null" >
      and  T0_MIN_AMOUNT = #{t0MinAmount,jdbcType=DECIMAL}
      </if>
      <if test="t0MaxAmount != null" >
     and   T0_MAX_AMOUNT = #{t0MaxAmount,jdbcType=DECIMAL}
      </if>
      <if test="t0SingleDayLimit != null" >
     and   T0_SINGLE_DAY_LIMIT = #{t0SingleDayLimit,jdbcType=DECIMAL}
      </if>
      <if test="handIdentityCardPhoto != null" >
     and   HAND_IDENTITY_CARD_PHOTO = #{handIdentityCardPhoto,jdbcType=VARCHAR}
      </if>
      <if test="frontIdentityCardPhoto != null" >
      and  FRONT_IDENTITY_CARD_PHOTO = #{frontIdentityCardPhoto,jdbcType=VARCHAR}
      </if>
      <if test="reverseIdentityCardPhoto != null" >
     and   REVERSE_IDENTITY_CARD_PHOTO = #{reverseIdentityCardPhoto,jdbcType=VARCHAR}
      </if>
      <if test="storePhoto != null" >
      and  STORE_PHOTO = #{storePhoto,jdbcType=VARCHAR}
      </if>
      <if test="creditCardPhoto != null" >
      and  CREDIT_CARD_PHOTO = #{creditCardPhoto,jdbcType=VARCHAR}
      </if>
      <if test="settlementCardPhoto != null" >
      and  SETTLEMENT_CARD_PHOTO = #{settlementCardPhoto,jdbcType=VARCHAR}
      </if>
      <if test="signaturePhoto != null" >
     and   SIGNATURE_PHOTO = #{signaturePhoto,jdbcType=VARCHAR}
      </if>
    </where>
  </select>
  
  
  <delete id="delete" parameterType="com.uns.model.B2cShopperbiTempModify" >
    delete from B2C_SHOPPERBI_TEMP_MODIFY
    
    <where>
      <if test="modifyDetailId != null" >
        MODIFY_DETAIL_ID = #{modifyDetailId,jdbcType=DECIMAL}
      </if>
      <if test="modifyDetailCreateDate != null" >
      and  MODIFY_DETAIL_CREATEDATE = #{modifyDetailCreateDate,jdbcType=DATE}
      </if>
      <if test="modifyDetailUpdateDate != null" >
      and  MODIFY_DETAIL_UPDATEDATE = #{modifyDetailUpdateDate,jdbcType=DATE}
      </if>
      <if test="modifyDetailCreateUser != null" >
      and  MODIFY_DETAIL_CREATEUSER = #{modifyDetailCreateUser,jdbcType=VARCHAR}
      </if>
      <if test="modifyDetailUpdateUser != null" >
      and  MODIFY_DETAIL_UPDATEUSER = #{modifyDetailUpdateUser,jdbcType=VARCHAR}
      </if>
      <if test="b2cShopperbiId != null" >
      and  B2C_SHOPPERBI_ID = #{b2cShopperbiId,jdbcType=DECIMAL}
      </if>
      <if test="scompany != null" >
      and  SCOMPANY = #{scompany,jdbcType=VARCHAR}
      </if>
      <if test="saddress != null" >
      and  SADDRESS = #{saddress,jdbcType=VARCHAR}
      </if>
      <if test="scity != null" >
      and  SCITY = #{scity,jdbcType=VARCHAR}
      </if>
      <if test="city != null" >
      and  CITY = #{city,jdbcType=VARCHAR}
      </if>
      <if test="sprovince != null" >
      and  SPROVINCE = #{sprovince,jdbcType=VARCHAR}
      </if>
      <if test="province != null" >
      and  PROVINCE = #{province,jdbcType=VARCHAR}
      </if>
      <if test="stel != null" >
      and  STEL = #{stel,jdbcType=VARCHAR}
      </if>
      <if test="sifpactid != null" >
      and  SIFPACTID = #{sifpactid,jdbcType=DECIMAL}
      </if>
      <if test="shopperidP != null" >
      and  SHOPPERID_P = #{shopperidP,jdbcType=DECIMAL}
      </if>
      <if test="industry != null" >
      and  INDUSTRY = #{industry,jdbcType=VARCHAR}
      </if>
      <if test="billProvince != null" >
      and  BILL_PROVINCE = #{billProvince,jdbcType=VARCHAR}
      </if>
      <if test="billProvinceCode != null" >
      and  BILL_PROVINCE_CODE = #{billProvinceCode,jdbcType=VARCHAR}
      </if>
      <if test="billCity != null" >
      and  BILL_CITY = #{billCity,jdbcType=VARCHAR}
      </if>
      <if test="billCityCode != null" >
      and  BILL_CITY_CODE = #{billCityCode,jdbcType=VARCHAR}
      </if>
      <if test="billAddress != null" >
      and  BILL_ADDRESS = #{billAddress,jdbcType=VARCHAR}
      </if>
      <if test="billName != null" >
       and BILL_NAME = #{billName,jdbcType=VARCHAR}
      </if>
      <if test="remark != null" >
      and  REMARK = #{remark,jdbcType=VARCHAR}
      </if>
      <if test="settlementType != null" >
      and  SETTLEMENT_TYPE = #{settlementType,jdbcType=VARCHAR}
      </if>
      <if test="accountBankDictval != null" >
      and  ACCOUNT_BANK_DICTVAL = #{accountBankDictval,jdbcType=VARCHAR}
      </if>
      <if test="accountBankName != null" >
      and  ACCOUNT_BANK_NAME = #{accountBankName,jdbcType=VARCHAR}
      </if>
      <if test="accountBankProv != null" >
      and  ACCOUNT_BANK_PROV = #{accountBankProv,jdbcType=VARCHAR}
      </if>
      <if test="accountBankProvCode != null" >
      and  ACCOUNT_BANK_PROV_CODE = #{accountBankProvCode,jdbcType=VARCHAR}
      </if>
      <if test="accountBankCity != null" >
     and   ACCOUNT_BANK_CITY = #{accountBankCity,jdbcType=VARCHAR}
      </if>
      <if test="accountBankCityCode != null" >
     and   ACCOUNT_BANK_CITY_CODE = #{accountBankCityCode,jdbcType=VARCHAR}
      </if>
      <if test="accountBankClientName != null" >
     and   ACCOUNT_BANK_CLIENT_NAME = #{accountBankClientName,jdbcType=VARCHAR}
      </if>
      <if test="accountBankNo != null" >
     and   ACCOUNT_BANK_NO = #{accountBankNo,jdbcType=VARCHAR}
      </if>
      <if test="isSupportT0 != null" >
     and   IS_SUPPORT_T0 = #{isSupportT0,jdbcType=VARCHAR}
      </if>
      <if test="creditFee != null" >
      and  CREDIT_FEE = #{creditFee ,jdbcType=VARCHAR}
      </if>
      <if test="debitFee != null" >
      and  DEBIT_FEE = #{debitFee ,jdbcType=VARCHAR}
      </if>
      <if test="t0Fee != null" >
     and   T0_FEE = #{t0Fee,jdbcType=DECIMAL}
      </if>
      <if test="t0FixedAmount != null" >
     and   T0_FIXED_AMOUNT = #{t0FixedAmount,jdbcType=DECIMAL}
      </if>
      <if test="t0MinAmount != null" >
      and  T0_MIN_AMOUNT = #{t0MinAmount,jdbcType=DECIMAL}
      </if>
      <if test="t0MaxAmount != null" >
     and   T0_MAX_AMOUNT = #{t0MaxAmount,jdbcType=DECIMAL}
      </if>
      <if test="t0SingleDayLimit != null" >
     and   T0_SINGLE_DAY_LIMIT = #{t0SingleDayLimit,jdbcType=DECIMAL}
      </if>
      <if test="handIdentityCardPhoto != null" >
     and   HAND_IDENTITY_CARD_PHOTO = #{handIdentityCardPhoto,jdbcType=VARCHAR}
      </if>
      <if test="frontIdentityCardPhoto != null" >
      and  FRONT_IDENTITY_CARD_PHOTO = #{frontIdentityCardPhoto,jdbcType=VARCHAR}
      </if>
      <if test="reverseIdentityCardPhoto != null" >
     and   REVERSE_IDENTITY_CARD_PHOTO = #{reverseIdentityCardPhoto,jdbcType=VARCHAR}
      </if>
      <if test="storePhoto != null" >
      and  STORE_PHOTO = #{storePhoto,jdbcType=VARCHAR}
      </if>
      <if test="creditCardPhoto != null" >
      and  CREDIT_CARD_PHOTO = #{creditCardPhoto,jdbcType=VARCHAR}
      </if>
      <if test="settlementCardPhoto != null" >
      and  SETTLEMENT_CARD_PHOTO = #{settlementCardPhoto,jdbcType=VARCHAR}
      </if>
      <if test="signaturePhoto != null" >
     and   SIGNATURE_PHOTO = #{signaturePhoto,jdbcType=VARCHAR}
      </if>
    </where>
    
  </delete>
  
  <insert id="insert" parameterType="com.uns.model.B2cShopperbiTempModify" >
    insert into B2C_SHOPPERBI_TEMP_MODIFY
     <selectKey keyProperty="modifyDetailId" resultType="Long" order="BEFORE">
    	select B2C_SHOPPERBI_TEMP_MODIFY_SEQ.NEXTVAL from dual
  	  </selectKey>
    <trim prefix="(" suffix=")" suffixOverrides="," >
      <if test="modifyDetailId != null" >
        MODIFY_DETAIL_ID,
      </if>
      <if test="modifyDetailCreateDate != null" >
        MODIFY_DETAIL_CREATEDATE,
      </if>
      <if test="modifyDetailUpdateDate != null" >
        MODIFY_DETAIL_UPDATEDATE,
      </if>
      <if test="modifyDetailCreateUser != null" >
        MODIFY_DETAIL_CREATEUSER,
      </if>
      <if test="modifyDetailUpdateUser != null" >
        MODIFY_DETAIL_UPDATEUSER,
      </if>
      <if test="b2cShopperbiId != null" >
        B2C_SHOPPERBI_ID,
      </if>
      <if test="scompany != null" >
        SCOMPANY,
      </if>
      <if test="saddress != null" >
        SADDRESS,
      </if>
      <if test="scity != null" >
        SCITY,
      </if>
      <if test="city != null" >
        CITY,
      </if>
      <if test="sprovince != null" >
        SPROVINCE,
      </if>
      <if test="province != null" >
        PROVINCE,
      </if>
      <if test="stel != null" >
        STEL,
      </if>
      <if test="sifpactid != null" >
        SIFPACTID,
      </if>
      <if test="shopperidP != null" >
        SHOPPERID_P,
      </if>
      <if test="industry != null" >
        INDUSTRY,
      </if>
      <if test="billProvince != null" >
        BILL_PROVINCE,
      </if>
      <if test="billProvinceCode != null" >
        BILL_PROVINCE_CODE,
      </if>
      <if test="billCity != null" >
        BILL_CITY,
      </if>
      <if test="billCityCode != null" >
        BILL_CITY_CODE,
      </if>
      <if test="billAddress != null" >
        BILL_ADDRESS,
      </if>
      <if test="billName != null" >
        BILL_NAME,
      </if>
      <if test="remark != null" >
        REMARK,
      </if>
      <if test="settlementType != null" >
        SETTLEMENT_TYPE,
      </if>
      <if test="accountBankDictval != null" >
        ACCOUNT_BANK_DICTVAL,
      </if>
      <if test="accountBankName != null" >
        ACCOUNT_BANK_NAME,
      </if>
      <if test="accountBankProv != null" >
        ACCOUNT_BANK_PROV,
      </if>
      <if test="accountBankProvCode != null" >
        ACCOUNT_BANK_PROV_CODE,
      </if>
      <if test="accountBankCity != null" >
        ACCOUNT_BANK_CITY,
      </if>
      <if test="accountBankCityCode != null" >
        ACCOUNT_BANK_CITY_CODE,
      </if>
      <if test="accountBankClientName != null" >
        ACCOUNT_BANK_CLIENT_NAME,
      </if>
      <if test="accountBankNo != null" >
        ACCOUNT_BANK_NO,
      </if>
      <if test="isSupportT0 != null" >
        IS_SUPPORT_T0,
      </if>
      <if test="creditFee != null" >
        CREDIT_FEE,
      </if>
      <if test="debitFee != null" >
        DEBIT_FEE,
      </if>
      <if test="t0Fee != null" >
        T0_FEE,
      </if>
      <if test="t0FixedAmount != null" >
        T0_FIXED_AMOUNT,
      </if>
      <if test="t0MinAmount != null" >
        T0_MIN_AMOUNT,
      </if>
      <if test="t0MaxAmount != null" >
        T0_MAX_AMOUNT,
      </if>
      <if test="t0SingleDayLimit != null" >
        T0_SINGLE_DAY_LIMIT,
      </if>
      <if test="handIdentityCardPhoto != null" >
        HAND_IDENTITY_CARD_PHOTO,
      </if>
      <if test="frontIdentityCardPhoto != null" >
        FRONT_IDENTITY_CARD_PHOTO,
      </if>
      <if test="reverseIdentityCardPhoto != null" >
        REVERSE_IDENTITY_CARD_PHOTO,
      </if>
      <if test="storePhoto != null" >
        STORE_PHOTO,
      </if>
      <if test="creditCardPhoto != null" >
        CREDIT_CARD_PHOTO,
      </if>
      <if test="settlementCardPhoto != null" >
        SETTLEMENT_CARD_PHOTO,
      </if>
      <if test="signaturePhoto != null" >
        SIGNATURE_PHOTO,
      </if>
      <if test="licensePhoto != null" >
        LICENSE_PHOTO,
      </if>
        <if test="livingbodyFacePhoto != null" >
            LIVINGBODY_FACE_PHOTO,
        </if>
        <if test="livingbodyLeftPhoto != null" >
            LIVINGBODY_LEFT_PHOTO,
        </if>
        <if test="livingbodyRightPhoto != null" >
            LIVINGBODY_RIGHT_PHOTO,
        </if>
        <if test="livingbodyReturnPhoto != null" >
            LIVINGBODY_RETURN_PHOTO,
        </if>
        <if test="idCardHeadPhoto != null" >
            ID_CARD_HEAD_PHOTO,
        </if>
       <if test="s0creditFee != null" >
        S0CREDIT_FEE,
      </if>
       <if test="s0debitFee != null" >
        S0DEBIT_FEE,
      </if>
       <if test="d0creditFee != null" >
        D0CREDIT_FEE,
      </if>
       <if test="d0debitFee != null" >
        D0DEBIT_FEE,
      </if>
       <if test="t1creditFee != null" >
        T1CREDIT_FEE,
      </if>
      <if test="t1debitFee != null" >
        T1DEBIT_FEE,
      </if>
       <if test="weChatFee != null" >
        WECHATFEE,
      </if>
      <if test="weChatD0Fee != null" >
        WECHATD0FEE,
      </if>
      <if test="alipayFee != null" >
        ALIPAYFEE,
      </if>
      <if test="alipayD0Fee != null" >
        ALIPAYD0FEE,
      </if>
      <if test="ylpayFee != null" >
        YLPAYFEE,
      </if>
      <if test="shortCutFee != null" >
        SHORTCUTFEE,
      </if>
      <if test="shortCutDoFee != null" >
        SHORTCUTDOFEE,
      </if>
      <if test="b2cFee != null" >
        B2CFEE,
      </if>
      <if test="b2cDoFee != null" >
        B2CDOFEE,
      </if>
    </trim>
    <trim prefix="values (" suffix=")" suffixOverrides="," >
      <if test="modifyDetailId != null" >
        #{modifyDetailId,jdbcType=DECIMAL},
      </if>
      <if test="modifyDetailCreateDate != null" >
        #{modifyDetailCreateDate},
      </if>
      <if test="modifyDetailUpdateDate != null" >
        #{modifyDetailUpdateDate},
      </if>
      <if test="modifyDetailCreateUser != null" >
        #{modifyDetailCreateUser,jdbcType=VARCHAR},
      </if>
      <if test="modifyDetailUpdateUser != null" >
        #{modifyDetailUpdateUser,jdbcType=VARCHAR},
      </if>
      <if test="b2cShopperbiId != null" >
        #{b2cShopperbiId,jdbcType=DECIMAL},
      </if>
      <if test="scompany != null" >
        #{scompany,jdbcType=VARCHAR},
      </if>
      <if test="saddress != null" >
        #{saddress,jdbcType=VARCHAR},
      </if>
      <if test="scity != null" >
        #{scity,jdbcType=VARCHAR},
      </if>
      <if test="city != null" >
        #{city,jdbcType=VARCHAR},
      </if>
      <if test="sprovince != null" >
        #{sprovince,jdbcType=VARCHAR},
      </if>
      <if test="province != null" >
        #{province,jdbcType=VARCHAR},
      </if>
      <if test="stel != null" >
        #{stel,jdbcType=VARCHAR},
      </if>
      <if test="sifpactid != null" >
        #{sifpactid,jdbcType=DECIMAL},
      </if>
      <if test="shopperidP != null" >
        #{shopperidP,jdbcType=DECIMAL},
      </if>
      <if test="industry != null" >
        #{industry,jdbcType=VARCHAR},
      </if>
      <if test="billProvince != null" >
        #{billProvince,jdbcType=VARCHAR},
      </if>
      <if test="billProvinceCode != null" >
        #{billProvinceCode,jdbcType=VARCHAR},
      </if>
      <if test="billCity != null" >
        #{billCity,jdbcType=VARCHAR},
      </if>
      <if test="billCityCode != null" >
        #{billCityCode,jdbcType=VARCHAR},
      </if>
      <if test="billAddress != null" >
        #{billAddress,jdbcType=VARCHAR},
      </if>
      <if test="billName != null" >
        #{billName,jdbcType=VARCHAR},
      </if>
      <if test="remark != null" >
        #{remark,jdbcType=VARCHAR},
      </if>
      <if test="settlementType != null" >
        #{settlementType,jdbcType=VARCHAR},
      </if>
      <if test="accountBankDictval != null" >
        #{accountBankDictval,jdbcType=VARCHAR},
      </if>
      <if test="accountBankName != null" >
        #{accountBankName,jdbcType=VARCHAR},
      </if>
      <if test="accountBankProv != null" >
        #{accountBankProv,jdbcType=VARCHAR},
      </if>
      <if test="accountBankProvCode != null" >
        #{accountBankProvCode,jdbcType=VARCHAR},
      </if>
      <if test="accountBankCity != null" >
        #{accountBankCity,jdbcType=VARCHAR},
      </if>
      <if test="accountBankCityCode != null" >
        #{accountBankCityCode,jdbcType=VARCHAR},
      </if>
      <if test="accountBankClientName != null" >
        #{accountBankClientName,jdbcType=VARCHAR},
      </if>
      <if test="accountBankNo != null" >
        #{accountBankNo,jdbcType=VARCHAR},
      </if>
      <if test="isSupportT0 != null" >
        #{isSupportT0,jdbcType=VARCHAR},
      </if>
      <if test="creditFee != null" >
        #{creditFee,jdbcType=VARCHAR},
      </if>
      <if test="debitFee != null" >
        #{debitFee,jdbcType=VARCHAR},
      </if>
      <if test="t0Fee != null" >
        #{t0Fee,jdbcType=DECIMAL},
      </if>
      <if test="t0FixedAmount != null" >
        #{t0FixedAmount,jdbcType=DECIMAL},
      </if>
      <if test="t0MinAmount != null" >
        #{t0MinAmount,jdbcType=DECIMAL},
      </if>
      <if test="t0MaxAmount != null" >
        #{t0MaxAmount,jdbcType=DECIMAL},
      </if>
      <if test="t0SingleDayLimit != null" >
        #{t0SingleDayLimit,jdbcType=DECIMAL},
      </if>
      <if test="handIdentityCardPhoto != null" >
        #{handIdentityCardPhoto,jdbcType=VARCHAR},
      </if>
      <if test="frontIdentityCardPhoto != null" >
        #{frontIdentityCardPhoto,jdbcType=VARCHAR},
      </if>
      <if test="reverseIdentityCardPhoto != null" >
        #{reverseIdentityCardPhoto,jdbcType=VARCHAR},
      </if>
      <if test="storePhoto != null" >
        #{storePhoto,jdbcType=VARCHAR},
      </if>
      <if test="creditCardPhoto != null" >
        #{creditCardPhoto,jdbcType=VARCHAR},
      </if>
      <if test="settlementCardPhoto != null" >
        #{settlementCardPhoto,jdbcType=VARCHAR},
      </if>
      <if test="signaturePhoto != null" >
        #{signaturePhoto,jdbcType=VARCHAR},
      </if>
       <if test="licensePhoto != null" >
        #{licensePhoto,jdbcType=VARCHAR},
      </if>
        <if test="livingbodyFacePhoto != null" >
            #{livingbodyFacePhoto,jdbcType=VARCHAR},
        </if>
        <if test="livingbodyLeftPhoto != null" >
            #{livingbodyLeftPhoto,jdbcType=VARCHAR},
        </if>
        <if test="livingbodyRightPhoto != null" >
            #{livingbodyRightPhoto,jdbcType=VARCHAR},
        </if>
        <if test="livingbodyReturnPhoto != null" >
            #{livingbodyReturnPhoto,jdbcType=VARCHAR},
        </if>
        <if test="idCardHeadPhoto != null" >
            #{idCardHeadPhoto,jdbcType=VARCHAR},
        </if>
       <if test="s0creditFee != null" >
        #{s0creditFee,jdbcType=VARCHAR},
      </if>
       <if test="s0debitFee != null" >
        #{s0debitFee,jdbcType=VARCHAR},
      </if>
       <if test="d0creditFee != null" >
        #{d0creditFee,jdbcType=VARCHAR},
      </if>
       <if test="d0debitFee != null" >
        #{d0debitFee,jdbcType=VARCHAR},
      </if>
       <if test="t1creditFee != null" >
        #{t1creditFee,jdbcType=VARCHAR},
      </if>
      <if test="t1debitFee != null" >
        #{t1debitFee,jdbcType=VARCHAR},
      </if>
       <if test="weChatFee != null" >
        #{weChatFee,jdbcType=VARCHAR},
      </if>
      <if test="weChatD0Fee != null" >
        #{weChatD0Fee,jdbcType=VARCHAR},
      </if>
      <if test="alipayFee != null" >
        #{alipayFee,jdbcType=VARCHAR},
      </if>
      <if test="alipayD0Fee != null" >
        #{alipayD0Fee,jdbcType=VARCHAR},
      </if>
      <if test="ylpayFee != null" >
        #{ylpayFee,jdbcType=VARCHAR},
      </if>
      <if test="shortCutFee != null" >
        #{shortCutFee,jdbcType=VARCHAR},
      </if>
      <if test="shortCutDoFee != null" >
        #{shortCutDoFee,jdbcType=VARCHAR},
      </if>
      <if test="b2cFee != null" >
        #{b2cFee,jdbcType=VARCHAR},
      </if>
      <if test="b2cDoFee != null" >
        #{b2cDoFee,jdbcType=VARCHAR},
      </if>
    </trim>
  </insert>
  
  <update id="update" parameterType="map" >
    update B2C_SHOPPERBI_TEMP_MODIFY
    <set >
      <if test="record.modifyDetailId != null" >
        MODIFY_DETAIL_ID = #{record.modifyDetailId,jdbcType=DECIMAL},
      </if>
      <if test="record.modifyDetailCreateDate != null" >
        MODIFY_DETAIL_CREATEDATE = #{record.modifyDetailCreateDate,jdbcType=DATE},
      </if>
      <if test="record.modifyDetailUpdateDate != null" >
        MODIFY_DETAIL_UPDATEDATE = #{record.modifyDetailUpdateDate,jdbcType=DATE},
      </if>
      <if test="record.modifyDetailCreateUser != null" >
        MODIFY_DETAIL_CREATEUSER = #{record.modifyDetailCreateUser,jdbcType=VARCHAR},
      </if>
      <if test="record.modifyDetailUpdateUser != null" >
        MODIFY_DETAIL_UPDATEUSER = #{record.modifyDetailUpdateUser,jdbcType=VARCHAR},
      </if>
      <if test="record.b2cShopperbiId != null" >
        B2C_SHOPPERBI_ID = #{record.b2cShopperbiId,jdbcType=DECIMAL},
      </if>
      <if test="record.scompany != null" >
        SCOMPANY = #{record.scompany,jdbcType=VARCHAR},
      </if>
      <if test="record.saddress != null" >
        SADDRESS = #{record.saddress,jdbcType=VARCHAR},
      </if>
      <if test="record.scity != null" >
        SCITY = #{record.scity,jdbcType=VARCHAR},
      </if>
      <if test="record.city != null" >
        CITY = #{record.city,jdbcType=VARCHAR},
      </if>
      <if test="record.sprovince != null" >
        SPROVINCE = #{record.sprovince,jdbcType=VARCHAR},
      </if>
      <if test="record.province != null" >
        PROVINCE = #{record.province,jdbcType=VARCHAR},
      </if>
      <if test="record.stel != null" >
        STEL = #{record.stel,jdbcType=VARCHAR},
      </if>
      <if test="record.sifpactid != null" >
        SIFPACTID = #{record.sifpactid,jdbcType=DECIMAL},
      </if>
      <if test="record.shopperidP != null" >
        SHOPPERID_P = #{record.shopperidP,jdbcType=DECIMAL},
      </if>
      <if test="record.industry != null" >
        INDUSTRY = #{record.industry,jdbcType=VARCHAR},
      </if>
      <if test="record.billProvince != null" >
        BILL_PROVINCE = #{record.billProvince,jdbcType=VARCHAR},
      </if>
      <if test="record.billProvinceCode != null" >
        BILL_PROVINCE_CODE = #{record.billProvinceCode,jdbcType=VARCHAR},
      </if>
      <if test="record.billCity != null" >
        BILL_CITY = #{record.billCity,jdbcType=VARCHAR},
      </if>
      <if test="record.billCityCode != null" >
        BILL_CITY_CODE = #{record.billCityCode,jdbcType=VARCHAR},
      </if>
      <if test="record.billAddress != null" >
        BILL_ADDRESS = #{record.billAddress,jdbcType=VARCHAR},
      </if>
      <if test="record.billName != null" >
        BILL_NAME = #{record.billName,jdbcType=VARCHAR},
      </if>
      <if test="record.remark != null" >
        REMARK = #{record.remark,jdbcType=VARCHAR},
      </if>
      <if test="record.settlementType != null" >
        SETTLEMENT_TYPE = #{record.settlementType,jdbcType=VARCHAR},
      </if>
      <if test="record.accountBankDictval != null" >
        ACCOUNT_BANK_DICTVAL = #{record.accountBankDictval,jdbcType=VARCHAR},
      </if>
      <if test="record.accountBankName != null" >
        ACCOUNT_BANK_NAME = #{record.accountBankName,jdbcType=VARCHAR},
      </if>
      <if test="record.accountBankProv != null" >
        ACCOUNT_BANK_PROV = #{record.accountBankProv,jdbcType=VARCHAR},
      </if>
      <if test="record.accountBankProvCode != null" >
        ACCOUNT_BANK_PROV_CODE = #{record.accountBankProvCode,jdbcType=VARCHAR},
      </if>
      <if test="record.accountBankCity != null" >
        ACCOUNT_BANK_CITY = #{record.accountBankCity,jdbcType=VARCHAR},
      </if>
      <if test="record.accountBankCityCode != null" >
        ACCOUNT_BANK_CITY_CODE = #{record.accountBankCityCode,jdbcType=VARCHAR},
      </if>
      <if test="record.accountBankClientName != null" >
        ACCOUNT_BANK_CLIENT_NAME = #{record.accountBankClientName,jdbcType=VARCHAR},
      </if>
      <if test="record.accountBankNo != null" >
        ACCOUNT_BANK_NO = #{record.accountBankNo,jdbcType=VARCHAR},
      </if>
      <if test="record.isSupportT0 != null" >
        IS_SUPPORT_T0 = #{record.isSupportT0,jdbcType=VARCHAR},
      </if>
      <if test="record.creditFee != null" >
        CREDIT_FEE = #{record.creditFee,jdbcType=VARCHAR},
      </if>
      <if test="record.debitFee != null" >
        DEBIT_FEE = #{record.debitFee,jdbcType=VARCHAR},
      </if>
      <if test="record.t0Fee != null" >
        T0_FEE = #{record.t0Fee,jdbcType=DECIMAL},
      </if>
      <if test="record.t0FixedAmount != null" >
        T0_FIXED_AMOUNT = #{record.t0FixedAmount,jdbcType=DECIMAL},
      </if>
      <if test="record.t0MinAmount != null" >
        T0_MIN_AMOUNT = #{record.t0MinAmount,jdbcType=DECIMAL},
      </if>
      <if test="record.t0MaxAmount != null" >
        T0_MAX_AMOUNT = #{record.t0MaxAmount,jdbcType=DECIMAL},
      </if>
      <if test="record.t0SingleDayLimit != null" >
        T0_SINGLE_DAY_LIMIT = #{record.t0SingleDayLimit,jdbcType=DECIMAL},
      </if>
      <if test="record.handIdentityCardPhoto != null" >
        HAND_IDENTITY_CARD_PHOTO = #{record.handIdentityCardPhoto,jdbcType=VARCHAR},
      </if>
      <if test="frontIdentityCardPhoto != null" >
        FRONT_IDENTITY_CARD_PHOTO = #{record.frontIdentityCardPhoto,jdbcType=VARCHAR},
      </if>
      <if test="record.reverseIdentityCardPhoto != null" >
        REVERSE_IDENTITY_CARD_PHOTO = #{record.reverseIdentityCardPhoto,jdbcType=VARCHAR},
      </if>
      <if test="record.storePhoto != null" >
        STORE_PHOTO = #{record.storePhoto,jdbcType=VARCHAR},
      </if>
      <if test="record.creditCardPhoto != null" >
        CREDIT_CARD_PHOTO = #{record.creditCardPhoto,jdbcType=VARCHAR},
      </if>
      <if test="record.settlementCardPhoto != null" >
        SETTLEMENT_CARD_PHOTO = #{record.settlementCardPhoto,jdbcType=VARCHAR},
      </if>
      <if test="record.signaturePhoto != null" >
        SIGNATURE_PHOTO = #{record.signaturePhoto,jdbcType=VARCHAR},
      </if>
    </set>
     <where>
      <if test="modifyDetailId != null" >
        MODIFY_DETAIL_ID = #{modifyDetailId,jdbcType=DECIMAL}
      </if>
      <if test="modifyDetailCreateDate != null" >
      and  MODIFY_DETAIL_CREATEDATE = #{modifyDetailCreateDate,jdbcType=DATE}
      </if>
      <if test="modifyDetailUpdateDate != null" >
      and  MODIFY_DETAIL_UPDATEDATE = #{modifyDetailUpdateDate,jdbcType=DATE}
      </if>
      <if test="modifyDetailCreateUser != null" >
      and  MODIFY_DETAIL_CREATEUSER = #{modifyDetailCreateUser,jdbcType=VARCHAR}
      </if>
      <if test="modifyDetailUpdateUser != null" >
      and  MODIFY_DETAIL_UPDATEUSER = #{modifyDetailUpdateUser,jdbcType=VARCHAR}
      </if>
      <if test="b2cShopperbiId != null" >
      and  B2C_SHOPPERBI_ID = #{b2cShopperbiId,jdbcType=DECIMAL}
      </if>
      <if test="scompany != null" >
      and  SCOMPANY = #{scompany,jdbcType=VARCHAR}
      </if>
      <if test="saddress != null" >
      and  SADDRESS = #{saddress,jdbcType=VARCHAR}
      </if>
      <if test="scity != null" >
      and  SCITY = #{scity,jdbcType=VARCHAR}
      </if>
      <if test="city != null" >
      and  CITY = #{city,jdbcType=VARCHAR}
      </if>
      <if test="sprovince != null" >
      and  SPROVINCE = #{sprovince,jdbcType=VARCHAR}
      </if>
      <if test="province != null" >
      and  PROVINCE = #{province,jdbcType=VARCHAR}
      </if>
      <if test="stel != null" >
      and  STEL = #{stel,jdbcType=VARCHAR}
      </if>
      <if test="sifpactid != null" >
      and  SIFPACTID = #{sifpactid,jdbcType=DECIMAL}
      </if>
      <if test="shopperidP != null" >
      and  SHOPPERID_P = #{shopperidP,jdbcType=DECIMAL}
      </if>
      <if test="industry != null" >
      and  INDUSTRY = #{industry,jdbcType=VARCHAR}
      </if>
      <if test="billProvince != null" >
      and  BILL_PROVINCE = #{billProvince,jdbcType=VARCHAR}
      </if>
      <if test="billProvinceCode != null" >
      and  BILL_PROVINCE_CODE = #{billProvinceCode,jdbcType=VARCHAR}
      </if>
      <if test="billCity != null" >
      and  BILL_CITY = #{billCity,jdbcType=VARCHAR}
      </if>
      <if test="billCityCode != null" >
      and  BILL_CITY_CODE = #{billCityCode,jdbcType=VARCHAR}
      </if>
      <if test="billAddress != null" >
      and  BILL_ADDRESS = #{billAddress,jdbcType=VARCHAR}
      </if>
      <if test="billName != null" >
       and BILL_NAME = #{billName,jdbcType=VARCHAR}
      </if>
      <if test="remark != null" >
      and  REMARK = #{remark,jdbcType=VARCHAR}
      </if>
      <if test="settlementType != null" >
      and  SETTLEMENT_TYPE = #{settlementType,jdbcType=VARCHAR}
      </if>
      <if test="accountBankDictval != null" >
      and  ACCOUNT_BANK_DICTVAL = #{accountBankDictval,jdbcType=VARCHAR}
      </if>
      <if test="accountBankName != null" >
      and  ACCOUNT_BANK_NAME = #{accountBankName,jdbcType=VARCHAR}
      </if>
      <if test="accountBankProv != null" >
      and  ACCOUNT_BANK_PROV = #{accountBankProv,jdbcType=VARCHAR}
      </if>
      <if test="accountBankProvCode != null" >
      and  ACCOUNT_BANK_PROV_CODE = #{accountBankProvCode,jdbcType=VARCHAR}
      </if>
      <if test="accountBankCity != null" >
     and   ACCOUNT_BANK_CITY = #{accountBankCity,jdbcType=VARCHAR}
      </if>
      <if test="accountBankCityCode != null" >
     and   ACCOUNT_BANK_CITY_CODE = #{accountBankCityCode,jdbcType=VARCHAR}
      </if>
      <if test="accountBankClientName != null" >
     and   ACCOUNT_BANK_CLIENT_NAME = #{accountBankClientName,jdbcType=VARCHAR}
      </if>
      <if test="accountBankNo != null" >
     and   ACCOUNT_BANK_NO = #{accountBankNo,jdbcType=VARCHAR}
      </if>
      <if test="isSupportT0 != null" >
     and   IS_SUPPORT_T0 = #{isSupportT0,jdbcType=VARCHAR}
      </if>
      <if test="creditFee != null" >
      and  CREDIT_FEE = #{creditFee,jdbcType=VARCHAR}
      </if>
      <if test="debitFee != null" >
      and  DEBIT_FEE = #{debitFee,jdbcType=VARCHAR}
      </if>
      <if test="t0Fee != null" >
     and   T0_FEE = #{t0Fee,jdbcType=DECIMAL}
      </if>
      <if test="t0FixedAmount != null" >
     and   T0_FIXED_AMOUNT = #{t0FixedAmount,jdbcType=DECIMAL}
      </if>
      <if test="t0MinAmount != null" >
      and  T0_MIN_AMOUNT = #{t0MinAmount,jdbcType=DECIMAL}
      </if>
      <if test="t0MaxAmount != null" >
     and   T0_MAX_AMOUNT = #{t0MaxAmount,jdbcType=DECIMAL}
      </if>
      <if test="t0SingleDayLimit != null" >
     and   T0_SINGLE_DAY_LIMIT = #{t0SingleDayLimit,jdbcType=DECIMAL}
      </if>
      <if test="handIdentityCardPhoto != null" >
     and   HAND_IDENTITY_CARD_PHOTO = #{handIdentityCardPhoto,jdbcType=VARCHAR}
      </if>
      <if test="frontIdentityCardPhoto != null" >
      and  FRONT_IDENTITY_CARD_PHOTO = #{frontIdentityCardPhoto,jdbcType=VARCHAR}
      </if>
      <if test="reverseIdentityCardPhoto != null" >
     and   REVERSE_IDENTITY_CARD_PHOTO = #{reverseIdentityCardPhoto,jdbcType=VARCHAR}
      </if>
      <if test="storePhoto != null" >
      and  STORE_PHOTO = #{storePhoto,jdbcType=VARCHAR}
      </if>
      <if test="creditCardPhoto != null" >
      and  CREDIT_CARD_PHOTO = #{creditCardPhoto,jdbcType=VARCHAR}
      </if>
      <if test="settlementCardPhoto != null" >
      and  SETTLEMENT_CARD_PHOTO = #{settlementCardPhoto,jdbcType=VARCHAR}
      </if>
      <if test="signaturePhoto != null" >
     and   SIGNATURE_PHOTO = #{signaturePhoto,jdbcType=VARCHAR}
      </if>
    </where>
  </update>
  
</mapper>