<?xml version="1.0" encoding="UTF-8" ?>
<!DOCTYPE mapper PUBLIC "-//mybatis.org//DTD Mapper 3.0//EN" "http://mybatis.org/dtd/mybatis-3-mapper.dtd" >
<mapper namespace="com.uns.dao.B2cShopperbiTempHistoryMapper" >
  <resultMap id="BaseResultMap" type="com.uns.model.B2cShopperbiTempHistory" >
    <id column="B2C_SHOPPERBI_ID" property="b2cShopperbiId" jdbcType="DECIMAL" />
    <result column="SCOMPANY" property="scompany" jdbcType="VARCHAR" />
    <result column="GATEWAY" property="gateway" jdbcType="VARCHAR" />
    <result column="SQCODE" property="sqcode" jdbcType="VARCHAR" />
    <result column="SYNUM" property="synum" jdbcType="VARCHAR" />
    <result column="SICP" property="sicp" jdbcType="VARCHAR" />
    <result column="SADDRESS" property="saddress" jdbcType="VARCHAR" />
    <result column="SZIP" property="szip" jdbcType="VARCHAR" />
    <result column="SMANAGER" property="smanager" jdbcType="VARCHAR" />
    <result column="SRELATION" property="srelation" jdbcType="VARCHAR" />
    <result column="SEMAIL" property="semail" jdbcType="VARCHAR" />
    <result column="STEL" property="stel" jdbcType="VARCHAR" />
    <result column="SFAX" property="sfax" jdbcType="VARCHAR" />
    <result column="SHANDSET" property="shandset" jdbcType="VARCHAR" />
    <result column="SQQ" property="sqq" jdbcType="VARCHAR" />
    <result column="SMSN" property="smsn" jdbcType="VARCHAR" />
    <result column="SSHOPERTYPEID" property="sshopertypeid" jdbcType="DECIMAL" />
    <result column="SSHOPERTYPE" property="sshopertype" jdbcType="VARCHAR" />
    <result column="SDOMAIN" property="sdomain" jdbcType="VARCHAR" />
    <result column="SSHOPPERTYPEID" property="sshoppertypeid" jdbcType="DECIMAL" />
    <result column="SSHOPPERTYPE" property="sshoppertype" jdbcType="VARCHAR" />
    <result column="SCITY" property="scity" jdbcType="VARCHAR" />
    <result column="CITY" property="city" jdbcType="VARCHAR" />
    <result column="SPROVINCE" property="sprovince" jdbcType="VARCHAR" />
    <result column="PROVINCE" property="province" jdbcType="VARCHAR" />
    <result column="TRANSACTID" property="transactid" jdbcType="DECIMAL" />
    <result column="TRANSACTSUB" property="transactsub" jdbcType="VARCHAR" />
    <result column="TRANSACT" property="transact" jdbcType="VARCHAR" />
    <result column="OPERID" property="operid" jdbcType="VARCHAR" />
    <result column="OPER" property="oper" jdbcType="VARCHAR" />
    <result column="SIFPACTID" property="sifpactid" jdbcType="DECIMAL" />
    <result column="SIFPACT" property="sifpact" jdbcType="VARCHAR" />
    <result column="SPACTOPERID" property="spactoperid" jdbcType="VARCHAR" />
    <result column="SPACTOPER" property="spactoper" jdbcType="VARCHAR" />
    <result column="SISNEW" property="sisnew" jdbcType="DECIMAL" />
    <result column="SHOPPERCALLINGID" property="shoppercallingid" jdbcType="VARCHAR" />
    <result column="SHOPPERCALLING" property="shoppercalling" jdbcType="VARCHAR" />
    <result column="CREATED" property="created" jdbcType="DATE" />
    <result column="SHOPPERID" property="shopperid" jdbcType="DECIMAL" />
    <result column="SAGENTID" property="sagentid" jdbcType="DECIMAL" />
    <result column="BATTALION" property="battalion" jdbcType="DECIMAL" />
    <result column="PERSENTID" property="persentid" jdbcType="DECIMAL" />
    <result column="IFATTEND" property="ifattend" jdbcType="DECIMAL" />
    <result column="IFAGENT" property="ifagent" jdbcType="DECIMAL" />
    <result column="SHOPPERTYPEID" property="shoppertypeid" jdbcType="DECIMAL" />
    <result column="SRELATIONCREDNO" property="srelationcredno" jdbcType="VARCHAR" />
    <result column="LEGALENTITY" property="legalentity" jdbcType="VARCHAR" />
    <result column="SRELATIONCREDEDATE" property="srelationcrededate" jdbcType="VARCHAR" />
    <result column="LEGALECREDNO" property="legalecredno" jdbcType="VARCHAR" />
    <result column="LEGALECREDEDATE" property="legalecrededate" jdbcType="VARCHAR" />
    <result column="SYNUMEDATE" property="synumedate" jdbcType="VARCHAR" />
    <result column="LICENSENO" property="licenseno" jdbcType="VARCHAR" />
    <result column="TAXREGISTERNO" property="taxregisterno" jdbcType="VARCHAR" />
    <result column="REMARK" property="remark" jdbcType="VARCHAR" />
    <result column="UPOPERID" property="upoperid" jdbcType="VARCHAR" />
    <result column="UPOPER" property="upoper" jdbcType="VARCHAR" />
    <result column="UPDATED" property="updated" jdbcType="DATE" />
    <result column="GRADE" property="grade" jdbcType="VARCHAR" />
    <result column="DIVISION" property="division" jdbcType="VARCHAR" />
    <result column="SHOPPERID_P" property="shopperidP" jdbcType="DECIMAL" />
    <result column="SHORTNAME" property="shortname" jdbcType="VARCHAR" />
    <result column="LEVELS" property="levels" jdbcType="VARCHAR" />
    <result column="MUSERID" property="muserid" jdbcType="VARCHAR" />
    <result column="MPASSWORD" property="mpassword" jdbcType="VARCHAR" />
    <result column="IFVALID" property="ifvalid" jdbcType="DECIMAL" />
    <result column="ACCOUNT_BANK_DICTVAL" property="accountbankdictval" jdbcType="VARCHAR" />
    <result column="ACCOUNT_BANK_NAME" property="accountbankname" jdbcType="VARCHAR" />
    <result column="ACCOUNT_BANK_PROV" property="accountbankprov" jdbcType="VARCHAR" />
    <result column="ACCOUNT_BANK_CLIENT_NAME" property="accountbankclientname" jdbcType="VARCHAR" />
    <result column="ACCOUNT_BANK_NO" property="accountbankno" jdbcType="VARCHAR" />
    <result column="ACCOUNT_BANK_OTHER" property="accountbankother" jdbcType="VARCHAR" />
    <result column="IS_TOP_MERCHANT" property="istopmerchant" jdbcType="VARCHAR" />
    <result column="TOP_FEE" property="topfee" jdbcType="DECIMAL" />
    <result column="MIN_SETTLE_MONEY" property="minsettlemoney" jdbcType="DECIMAL" />
    <result column="SETTLE_FREQUENCY" property="settlefrequency" jdbcType="VARCHAR" />
    <result column="OPEN_CHECK_STATUS" property="opencheckstatus" jdbcType="VARCHAR" />
    <result column="TERMIANL_STATUS" property="termianlstatus" jdbcType="VARCHAR" />
    <result column="TERMIAL_FILE" property="termialfile" jdbcType="VARCHAR" />
    <result column="BANK_FILE" property="bankfile" jdbcType="VARCHAR" />
    <result column="WORK_TIME" property="worktime" jdbcType="DATE" />
    <result column="ISFORMAL" property="isformal" jdbcType="DECIMAL" />
    <result column="ISUPDATEBANK" property="isupdatebank" jdbcType="DECIMAL" />
    <result column="ISUPDATESHOPPER" property="isupdateshopper" jdbcType="DECIMAL" />
    <result column="YSBSCOMPANY" property="ysbScompany" jdbcType="VARCHAR" />
    <result column="RECHECKMERCHANTFLAG" property="recheckmerchantflag" jdbcType="VARCHAR" />
    <result column="RECHECKACCOUNTFLAG" property="recheckaccountflag" jdbcType="VARCHAR" />
    <result column="RECHECKTERMINALFLAG" property="recheckterminalflag" jdbcType="VARCHAR" />
    <result column="RECHECKMERCHANTREMARK" property="recheckmerchantremark" jdbcType="VARCHAR" />
    <result column="RECHECKACCOUNTREMARK" property="recheckaccountremark" jdbcType="VARCHAR" />
    <result column="RECHECKTERMINALREMARK" property="recheckterminalremark" jdbcType="VARCHAR" />
    <result column="SETTLEMENTTYPE" property="settlementType" jdbcType="VARCHAR" />
    <result column="YSBNO" property="ysbNo" jdbcType="VARCHAR" />
    <result column="PHOTO_ID" property="photoid" jdbcType="DECIMAL" />
    <result column="MERCHANT_TYPE" property="merchantType" jdbcType="VARCHAR" />
    <result column="NAME" property="name" jdbcType="VARCHAR" />
    <result column="ID_NO" property="IDNo" jdbcType="VARCHAR" />
    <result column="LICENSE_NO" property="licenseNo" jdbcType="VARCHAR" />
    <result column="INDUSTRY" property="industry" jdbcType="VARCHAR" />
    <result column="BILL_PROVINCE" property="billProvince" jdbcType="VARCHAR" />
    <result column="BILL_PROVINCE_CODE" property="billProvinceCode" jdbcType="VARCHAR" />
    <result column="BILL_CITY" property="billCity" jdbcType="VARCHAR" />
    <result column="BILL_CITY_CODE" property="billCityCode" jdbcType="VARCHAR" />
    <result column="BILL_ADDRESS" property="billAddress" jdbcType="VARCHAR" />
    <result column="BILL_NAME" property="billName" jdbcType="VARCHAR" />
    <result column="IS_SUPPORT_T0" property="isSupportT0" jdbcType="VARCHAR" />
    <result column="IS_IC_APPLY_T0" property="isIcApplyT0" jdbcType="VARCHAR" />
    <result column="T0_FEE" property="T0fee" jdbcType="DECIMAL" />
    <result column="T0_SINGLE_DAY_LIMIT" property="t0SingleDayLimit" jdbcType="DECIMAL" />
    <result column="ACCOUNT_BANK_PROV_CODE" property="accountBankProvCode" jdbcType="VARCHAR" />
    <result column="ACCOUNT_BANK_CITY" property="accountBankCity" jdbcType="VARCHAR" />
    <result column="ACCOUNT_BANK_CITY_CODE" property="accountBankCityCode" jdbcType="VARCHAR" />
    <result column="REPORT_RESOURCE" property="reportResource" jdbcType="VARCHAR" />
    <result column="EVICENUMBER" property="evicenumber" jdbcType="VARCHAR" />
    <result column="SHOPPERLIMIT" property="shopperlimit" jdbcType="VARCHAR" />
    <result column="PARENT_ID" property="parentid" jdbcType="VARCHAR" />
    <result column="FACTORING_NO" property="factoringno" jdbcType="VARCHAR" />
    <result column="PHOTO_CHECK_FLAG" property="photoCheckFlag" jdbcType="VARCHAR" />
    <result column="PHOTO_RECHECK_FLAG" property="photoRecheckFlag" jdbcType="VARCHAR" />
    <result column="PHOTO_RECHECK_REMARK" property="photoRecheckRemark" jdbcType="VARCHAR" />
    <result column="ORG_NO" property="orgNo" jdbcType="VARCHAR" />
    <result column="T1_FEE" property="t1fee" jdbcType="DECIMAL" />
    <result column="T0TYPE" property="t0type" jdbcType="VARCHAR" />
    <result column="T1TYPE" property="t1type" jdbcType="VARCHAR" />
    <result column="T0FIXEDAMOUNT" property="t0fixedamount" jdbcType="DECIMAL" />
    <result column="T0TOPAMOUNT" property="t0topamount" jdbcType="DECIMAL" />
    <result column="T0ADDITIONFEE" property="t0additionfee" jdbcType="DECIMAL" />
    <result column="T0MINAMOUNT" property="t0minamount" jdbcType="DECIMAL" />
    <result column="T0MAXAMOUNT" property="t0maxamount" jdbcType="DECIMAL" />
    <result column="T1TOPAMOUNT" property="t1topamount" jdbcType="DECIMAL" />
    <result column="EXAMINERESULLT" property="examineresullt" jdbcType="VARCHAR" />
  </resultMap>
 
  <sql id="Base_Column_List" >
    B2C_SHOPPERBI_ID, SCOMPANY, GATEWAY, SQCODE, SYNUM, SICP, SADDRESS, SZIP, SMANAGER, 
    SRELATION, SEMAIL, STEL, SFAX, SHANDSET, SQQ, SMSN, SSHOPERTYPEID, SSHOPERTYPE, SDOMAIN, 
    SSHOPPERTYPEID, SSHOPPERTYPE, SCITY, CITY, SPROVINCE, PROVINCE, TRANSACTID, TRANSACTSUB, 
    TRANSACT, OPERID, OPER, SIFPACTID, SIFPACT, SPACTOPERID, SPACTOPER, SISNEW, SHOPPERCALLINGID, 
    SHOPPERCALLING, CREATED, SHOPPERID, SAGENTID, BATTALION, PERSENTID, IFATTEND, IFAGENT, 
    SHOPPERTYPEID, SRELATIONCREDNO, LEGALENTITY, SRELATIONCREDEDATE, LEGALECREDNO, LEGALECREDEDATE, 
    SYNUMEDATE, LICENSENO, TAXREGISTERNO, REMARK, UPOPERID, UPOPER, UPDATED, GRADE, DIVISION, 
    SHOPPERID_P, SHORTNAME, LEVELS, MUSERID, MPASSWORD, IFVALID, ACCOUNT_BANK_DICTVAL, 
    ACCOUNT_BANK_NAME, ACCOUNT_BANK_PROV, ACCOUNT_BANK_CLIENT_NAME, ACCOUNT_BANK_NO, 
    ACCOUNT_BANK_OTHER, IS_TOP_MERCHANT, TOP_FEE, MIN_SETTLE_MONEY, SETTLE_FREQUENCY, 
    OPEN_CHECK_STATUS, TERMIANL_STATUS, TERMIAL_FILE, BANK_FILE, WORK_TIME, ISFORMAL, 
    ISUPDATEBANK, ISUPDATESHOPPER, YSBSCOMPANY, RECHECKMERCHANTFLAG, RECHECKACCOUNTFLAG, 
    RECHECKTERMINALFLAG, RECHECKMERCHANTREMARK, RECHECKACCOUNTREMARK, RECHECKTERMINALREMARK, 
    SETTLEMENTTYPE, YSBNO, PHOTO_ID, MERCHANT_TYPE, NAME, ID_NO, LICENSE_NO, INDUSTRY, 
    BILL_PROVINCE, BILL_PROVINCE_CODE, BILL_CITY, BILL_CITY_CODE, BILL_ADDRESS, BILL_NAME, 
    IS_SUPPORT_T0, IS_IC_APPLY_T0, T0_FEE, T0_SINGLE_DAY_LIMIT, ACCOUNT_BANK_PROV_CODE, 
    ACCOUNT_BANK_CITY, ACCOUNT_BANK_CITY_CODE, REPORT_RESOURCE, EVICENUMBER, SHOPPERLIMIT, 
    PARENT_ID, FACTORING_NO, PHOTO_CHECK_FLAG, PHOTO_RECHECK_FLAG, PHOTO_RECHECK_REMARK, 
    ORG_NO, T1_FEE, T0TYPE, T1TYPE, T0FIXEDAMOUNT, T0TOPAMOUNT, T0ADDITIONFEE, T0MINAMOUNT, 
    T0MAXAMOUNT, T1TOPAMOUNT, EXAMINERESULLT
  </sql>
 
  <select id="selectByPrimaryKey" resultMap="BaseResultMap" parameterType="java.math.BigDecimal" >
    select 
    <include refid="Base_Column_List" />
    from B2C_SHOPPERBI_TEMP_HISTORY
    where B2C_SHOPPERBI_ID = #{b2cShopperbiId,jdbcType=DECIMAL}
  </select>

  
  <insert id="insert" parameterType="com.uns.model.B2cShopperbiTemp" >
    insert into B2C_SHOPPERBI_TEMP_HISTORY (B2C_SHOPPERBI_ID, SCOMPANY, GATEWAY, 
      SQCODE, SYNUM, SICP, 
      SADDRESS, SZIP, SMANAGER, 
      SRELATION, SEMAIL, STEL, 
      SFAX, SHANDSET, SQQ, 
      SMSN, SSHOPERTYPEID, SSHOPERTYPE, 
      SDOMAIN, SSHOPPERTYPEID, SSHOPPERTYPE, 
      SCITY, CITY, SPROVINCE, 
      PROVINCE, TRANSACTID, TRANSACTSUB, 
      TRANSACT, OPERID, OPER, 
      SIFPACTID, SIFPACT, SPACTOPERID, 
      SPACTOPER, SISNEW, SHOPPERCALLINGID, 
      SHOPPERCALLING, CREATED, SHOPPERID, 
      SAGENTID, BATTALION, PERSENTID, 
      IFATTEND, IFAGENT, SHOPPERTYPEID, 
      SRELATIONCREDNO, LEGALENTITY, SRELATIONCREDEDATE, 
      LEGALECREDNO, LEGALECREDEDATE, SYNUMEDATE, 
      LICENSENO, TAXREGISTERNO, REMARK, 
      UPOPERID, UPOPER, UPDATED, 
      GRADE, DIVISION, SHOPPERID_P, 
      SHORTNAME, LEVELS, MUSERID, 
      MPASSWORD, IFVALID, ACCOUNT_BANK_DICTVAL, 
      ACCOUNT_BANK_NAME, ACCOUNT_BANK_PROV, ACCOUNT_BANK_CLIENT_NAME, 
      ACCOUNT_BANK_NO, ACCOUNT_BANK_OTHER, IS_TOP_MERCHANT, 
      TOP_FEE, MIN_SETTLE_MONEY, SETTLE_FREQUENCY, 
      OPEN_CHECK_STATUS, TERMIANL_STATUS, TERMIAL_FILE, 
      BANK_FILE, WORK_TIME, ISFORMAL, 
      ISUPDATEBANK, ISUPDATESHOPPER, YSBSCOMPANY, 
      RECHECKMERCHANTFLAG, RECHECKACCOUNTFLAG, 
      RECHECKTERMINALFLAG, RECHECKMERCHANTREMARK, 
      RECHECKACCOUNTREMARK, RECHECKTERMINALREMARK, 
      SETTLEMENTTYPE, YSBNO, PHOTO_ID, 
      MERCHANT_TYPE, NAME, ID_NO, 
      LICENSE_NO, INDUSTRY, BILL_PROVINCE, 
      BILL_PROVINCE_CODE, BILL_CITY, BILL_CITY_CODE, 
      BILL_ADDRESS, BILL_NAME, IS_SUPPORT_T0, 
      IS_IC_APPLY_T0, T0_FEE, T0_SINGLE_DAY_LIMIT, 
      ACCOUNT_BANK_PROV_CODE, ACCOUNT_BANK_CITY, ACCOUNT_BANK_CITY_CODE, 
      REPORT_RESOURCE, EVICENUMBER, SHOPPERLIMIT, 
      PARENT_ID, FACTORING_NO, PHOTO_CHECK_FLAG, 
      PHOTO_RECHECK_FLAG, PHOTO_RECHECK_REMARK, ORG_NO, 
      T1_FEE, T0TYPE, T1TYPE, 
      T0FIXEDAMOUNT, T0TOPAMOUNT, T0ADDITIONFEE, 
      T0MINAMOUNT, T0MAXAMOUNT, T1TOPAMOUNT, 
      EXAMINERESULLT)
    values (#{b2cShopperbiId,jdbcType=DECIMAL}, #{scompany,jdbcType=VARCHAR}, #{gateway,jdbcType=VARCHAR}, 
      #{sqcode,jdbcType=VARCHAR}, #{synum,jdbcType=VARCHAR}, #{sicp,jdbcType=VARCHAR}, 
      #{saddress,jdbcType=VARCHAR}, #{szip,jdbcType=VARCHAR}, #{smanager,jdbcType=VARCHAR}, 
      #{srelation,jdbcType=VARCHAR}, #{semail,jdbcType=VARCHAR}, #{stel,jdbcType=VARCHAR}, 
      #{sfax,jdbcType=VARCHAR}, #{shandset,jdbcType=VARCHAR}, #{sqq,jdbcType=VARCHAR}, 
      #{smsn,jdbcType=VARCHAR}, #{sshopertypeid,jdbcType=DECIMAL}, #{sshopertype,jdbcType=VARCHAR}, 
      #{sdomain,jdbcType=VARCHAR}, #{sshoppertypeid,jdbcType=DECIMAL}, #{sshoppertype,jdbcType=VARCHAR}, 
      #{scity,jdbcType=VARCHAR}, #{city,jdbcType=VARCHAR}, #{sprovince,jdbcType=VARCHAR}, 
      #{province,jdbcType=VARCHAR}, #{transactid,jdbcType=DECIMAL}, #{transactsub,jdbcType=VARCHAR}, 
      #{transact,jdbcType=VARCHAR}, #{operid,jdbcType=VARCHAR}, #{oper,jdbcType=VARCHAR}, 
      #{sifpactid,jdbcType=DECIMAL}, #{sifpact,jdbcType=VARCHAR}, #{spactoperid,jdbcType=VARCHAR}, 
      #{spactoper,jdbcType=VARCHAR}, #{sisnew,jdbcType=DECIMAL}, #{shoppercallingid,jdbcType=VARCHAR}, 
      #{shoppercalling,jdbcType=VARCHAR}, #{created,jdbcType=DATE}, #{shopperid,jdbcType=DECIMAL}, 
      #{sagentid,jdbcType=DECIMAL}, #{battalion,jdbcType=DECIMAL}, #{persentid,jdbcType=DECIMAL}, 
      #{ifattend,jdbcType=DECIMAL}, #{ifagent,jdbcType=DECIMAL}, #{shoppertypeid,jdbcType=DECIMAL}, 
      #{srelationcredno,jdbcType=VARCHAR}, #{legalentity,jdbcType=VARCHAR}, #{srelationcrededate,jdbcType=VARCHAR}, 
      #{legalecredno,jdbcType=VARCHAR}, #{legalecrededate,jdbcType=VARCHAR}, #{synumedate,jdbcType=VARCHAR}, 
      #{licenseno,jdbcType=VARCHAR}, #{taxregisterno,jdbcType=VARCHAR}, #{remark,jdbcType=VARCHAR}, 
      #{upoperid,jdbcType=VARCHAR}, #{upoper,jdbcType=VARCHAR}, #{updated,jdbcType=DATE}, 
      #{grade,jdbcType=VARCHAR}, #{division,jdbcType=VARCHAR}, #{shopperidP,jdbcType=DECIMAL}, 
      #{shortname,jdbcType=VARCHAR}, #{levels,jdbcType=VARCHAR}, #{muserid,jdbcType=VARCHAR}, 
      #{mpassword,jdbcType=VARCHAR}, #{ifvalid,jdbcType=DECIMAL}, #{accountbankdictval,jdbcType=VARCHAR}, 
      #{accountbankname,jdbcType=VARCHAR}, #{accountbankprov,jdbcType=VARCHAR}, #{accountbankclientname,jdbcType=VARCHAR}, 
      #{accountbankno,jdbcType=VARCHAR}, #{accountbankother,jdbcType=VARCHAR}, #{istopmerchant,jdbcType=VARCHAR}, 
      #{topfee,jdbcType=DECIMAL}, #{minsettlemoney,jdbcType=DECIMAL}, #{settlefrequency,jdbcType=VARCHAR}, 
      #{opencheckstatus,jdbcType=VARCHAR}, #{termianlstatus,jdbcType=VARCHAR}, #{termialfile,jdbcType=VARCHAR}, 
      #{bankfile,jdbcType=VARCHAR}, #{worktime,jdbcType=DATE}, #{isformal,jdbcType=DECIMAL}, 
      #{isupdatebank,jdbcType=DECIMAL}, #{isupdateshopper,jdbcType=DECIMAL}, #{ysbScompany,jdbcType=VARCHAR}, 
      #{recheckmerchantflag,jdbcType=VARCHAR}, #{recheckaccountflag,jdbcType=VARCHAR}, 
      #{recheckterminalflag,jdbcType=VARCHAR}, #{recheckmerchantremark,jdbcType=VARCHAR}, 
      #{recheckaccountremark,jdbcType=VARCHAR}, #{recheckterminalremark,jdbcType=VARCHAR}, 
      #{settlementType,jdbcType=VARCHAR}, #{ysbNo,jdbcType=VARCHAR}, #{photoid,jdbcType=DECIMAL}, 
      #{merchantType,jdbcType=VARCHAR}, #{name,jdbcType=VARCHAR}, #{IDNo,jdbcType=VARCHAR}, 
      #{licenseNo,jdbcType=VARCHAR}, #{industry,jdbcType=VARCHAR}, #{billProvince,jdbcType=VARCHAR}, 
      #{billProvinceCode,jdbcType=VARCHAR}, #{billCity,jdbcType=VARCHAR}, #{billCityCode,jdbcType=VARCHAR}, 
      #{billAddress,jdbcType=VARCHAR}, #{billName,jdbcType=VARCHAR}, #{isSupportT0,jdbcType=VARCHAR}, 
      #{isIcApplyT0,jdbcType=VARCHAR}, #{T0fee,jdbcType=DECIMAL}, #{t0SingleDayLimit,jdbcType=DECIMAL}, 
      #{accountBankProvCode,jdbcType=VARCHAR}, #{accountBankCity,jdbcType=VARCHAR}, #{accountBankCityCode,jdbcType=VARCHAR}, 
      #{reportResource,jdbcType=VARCHAR}, #{evicenumber,jdbcType=VARCHAR}, #{shopperlimit,jdbcType=VARCHAR}, 
      #{parentid,jdbcType=VARCHAR}, #{factoringno,jdbcType=VARCHAR}, #{photoCheckFlag,jdbcType=VARCHAR}, 
      #{photoRecheckFlag,jdbcType=VARCHAR}, #{photoRecheckRemark,jdbcType=VARCHAR}, #{orgNo,jdbcType=VARCHAR}, 
      #{t1fee,jdbcType=DECIMAL}, #{t0type,jdbcType=VARCHAR}, #{t1type,jdbcType=VARCHAR}, 
      #{t0fixedamount,jdbcType=DECIMAL}, #{t0topamount,jdbcType=DECIMAL}, #{t0additionfee,jdbcType=DECIMAL}, 
      #{t0minamount,jdbcType=DECIMAL}, #{t0maxamount,jdbcType=DECIMAL}, #{t1topamount,jdbcType=DECIMAL}, 
      #{examineresullt,jdbcType=VARCHAR})
  </insert>
  <insert id="insertSelective" parameterType="com.uns.model.B2cShopperbiTempHistory" >
    insert into B2C_SHOPPERBI_TEMP_HISTORY
    <trim prefix="(" suffix=")" suffixOverrides="," >
      <if test="b2cShopperbiId != null" >
        B2C_SHOPPERBI_ID,
      </if>
      <if test="scompany != null" >
        SCOMPANY,
      </if>
      <if test="gateway != null" >
        GATEWAY,
      </if>
      <if test="sqcode != null" >
        SQCODE,
      </if>
      <if test="synum != null" >
        SYNUM,
      </if>
      <if test="sicp != null" >
        SICP,
      </if>
      <if test="saddress != null" >
        SADDRESS,
      </if>
      <if test="szip != null" >
        SZIP,
      </if>
      <if test="smanager != null" >
        SMANAGER,
      </if>
      <if test="srelation != null" >
        SRELATION,
      </if>
      <if test="semail != null" >
        SEMAIL,
      </if>
      <if test="stel != null" >
        STEL,
      </if>
      <if test="sfax != null" >
        SFAX,
      </if>
      <if test="shandset != null" >
        SHANDSET,
      </if>
      <if test="sqq != null" >
        SQQ,
      </if>
      <if test="smsn != null" >
        SMSN,
      </if>
      <if test="sshopertypeid != null" >
        SSHOPERTYPEID,
      </if>
      <if test="sshopertype != null" >
        SSHOPERTYPE,
      </if>
      <if test="sdomain != null" >
        SDOMAIN,
      </if>
      <if test="sshoppertypeid != null" >
        SSHOPPERTYPEID,
      </if>
      <if test="sshoppertype != null" >
        SSHOPPERTYPE,
      </if>
      <if test="scity != null" >
        SCITY,
      </if>
      <if test="city != null" >
        CITY,
      </if>
      <if test="sprovince != null" >
        SPROVINCE,
      </if>
      <if test="province != null" >
        PROVINCE,
      </if>
      <if test="transactid != null" >
        TRANSACTID,
      </if>
      <if test="transactsub != null" >
        TRANSACTSUB,
      </if>
      <if test="transact != null" >
        TRANSACT,
      </if>
      <if test="operid != null" >
        OPERID,
      </if>
      <if test="oper != null" >
        OPER,
      </if>
      <if test="sifpactid != null" >
        SIFPACTID,
      </if>
      <if test="sifpact != null" >
        SIFPACT,
      </if>
      <if test="spactoperid != null" >
        SPACTOPERID,
      </if>
      <if test="spactoper != null" >
        SPACTOPER,
      </if>
      <if test="sisnew != null" >
        SISNEW,
      </if>
      <if test="shoppercallingid != null" >
        SHOPPERCALLINGID,
      </if>
      <if test="shoppercalling != null" >
        SHOPPERCALLING,
      </if>
      <if test="created != null" >
        CREATED,
      </if>
      <if test="shopperid != null" >
        SHOPPERID,
      </if>
      <if test="sagentid != null" >
        SAGENTID,
      </if>
      <if test="battalion != null" >
        BATTALION,
      </if>
      <if test="persentid != null" >
        PERSENTID,
      </if>
      <if test="ifattend != null" >
        IFATTEND,
      </if>
      <if test="ifagent != null" >
        IFAGENT,
      </if>
      <if test="shoppertypeid != null" >
        SHOPPERTYPEID,
      </if>
      <if test="srelationcredno != null" >
        SRELATIONCREDNO,
      </if>
      <if test="legalentity != null" >
        LEGALENTITY,
      </if>
      <if test="srelationcrededate != null" >
        SRELATIONCREDEDATE,
      </if>
      <if test="legalecredno != null" >
        LEGALECREDNO,
      </if>
      <if test="legalecrededate != null" >
        LEGALECREDEDATE,
      </if>
      <if test="synumedate != null" >
        SYNUMEDATE,
      </if>
      <if test="licenseno != null" >
        LICENSENO,
      </if>
      <if test="taxregisterno != null" >
        TAXREGISTERNO,
      </if>
      <if test="remark != null" >
        REMARK,
      </if>
      <if test="upoperid != null" >
        UPOPERID,
      </if>
      <if test="upoper != null" >
        UPOPER,
      </if>
      <if test="updated != null" >
        UPDATED,
      </if>
      <if test="grade != null" >
        GRADE,
      </if>
      <if test="division != null" >
        DIVISION,
      </if>
      <if test="shopperidP != null" >
        SHOPPERID_P,
      </if>
      <if test="shortname != null" >
        SHORTNAME,
      </if>
      <if test="levels != null" >
        LEVELS,
      </if>
      <if test="muserid != null" >
        MUSERID,
      </if>
      <if test="mpassword != null" >
        MPASSWORD,
      </if>
      <if test="ifvalid != null" >
        IFVALID,
      </if>
      <if test="accountbankdictval != null" >
        ACCOUNT_BANK_DICTVAL,
      </if>
      <if test="accountbankname != null" >
        ACCOUNT_BANK_NAME,
      </if>
      <if test="accountbankprov != null" >
        ACCOUNT_BANK_PROV,
      </if>
      <if test="accountbankclientname != null" >
        ACCOUNT_BANK_CLIENT_NAME,
      </if>
      <if test="accountbankno != null" >
        ACCOUNT_BANK_NO,
      </if>
      <if test="accountbankother != null" >
        ACCOUNT_BANK_OTHER,
      </if>
      <if test="istopmerchant != null" >
        IS_TOP_MERCHANT,
      </if>
      <if test="topfee != null" >
        TOP_FEE,
      </if>
      <if test="minsettlemoney != null" >
        MIN_SETTLE_MONEY,
      </if>
      <if test="settlefrequency != null" >
        SETTLE_FREQUENCY,
      </if>
      <if test="opencheckstatus != null" >
        OPEN_CHECK_STATUS,
      </if>
      <if test="termianlstatus != null" >
        TERMIANL_STATUS,
      </if>
      <if test="termialfile != null" >
        TERMIAL_FILE,
      </if>
      <if test="bankfile != null" >
        BANK_FILE,
      </if>
      <if test="worktime != null" >
        WORK_TIME,
      </if>
      <if test="isformal != null" >
        ISFORMAL,
      </if>
      <if test="isupdatebank != null" >
        ISUPDATEBANK,
      </if>
      <if test="isupdateshopper != null" >
        ISUPDATESHOPPER,
      </if>
      <if test="ysbScompany != null" >
        YSBSCOMPANY,
      </if>
      <if test="recheckmerchantflag != null" >
        RECHECKMERCHANTFLAG,
      </if>
      <if test="recheckaccountflag != null" >
        RECHECKACCOUNTFLAG,
      </if>
      <if test="recheckterminalflag != null" >
        RECHECKTERMINALFLAG,
      </if>
      <if test="recheckmerchantremark != null" >
        RECHECKMERCHANTREMARK,
      </if>
      <if test="recheckaccountremark != null" >
        RECHECKACCOUNTREMARK,
      </if>
      <if test="recheckterminalremark != null" >
        RECHECKTERMINALREMARK,
      </if>
      <if test="settlementType != null" >
        SETTLEMENTTYPE,
      </if>
      <if test="ysbNo != null" >
        YSBNO,
      </if>
      <if test="photoid != null" >
        PHOTO_ID,
      </if>
      <if test="merchantType != null" >
        MERCHANT_TYPE,
      </if>
      <if test="name != null" >
        NAME,
      </if>
      <if test="IDNo != null" >
        ID_NO,
      </if>
      <if test="licenseNo != null" >
        LICENSE_NO,
      </if>
      <if test="industry != null" >
        INDUSTRY,
      </if>
      <if test="billProvince != null" >
        BILL_PROVINCE,
      </if>
      <if test="billProvinceCode != null" >
        BILL_PROVINCE_CODE,
      </if>
      <if test="billCity != null" >
        BILL_CITY,
      </if>
      <if test="billCityCode != null" >
        BILL_CITY_CODE,
      </if>
      <if test="billAddress != null" >
        BILL_ADDRESS,
      </if>
      <if test="billName != null" >
        BILL_NAME,
      </if>
      <if test="isSupportT0 != null" >
        IS_SUPPORT_T0,
      </if>
      <if test="isIcApplyT0 != null" >
        IS_IC_APPLY_T0,
      </if>
      <if test="T0fee != null" >
        T0_FEE,
      </if>
      <if test="t0SingleDayLimit != null" >
        T0_SINGLE_DAY_LIMIT,
      </if>
      <if test="accountBankProvCode != null" >
        ACCOUNT_BANK_PROV_CODE,
      </if>
      <if test="accountBankCity != null" >
        ACCOUNT_BANK_CITY,
      </if>
      <if test="accountBankCityCode != null" >
        ACCOUNT_BANK_CITY_CODE,
      </if>
      <if test="reportResource != null" >
        REPORT_RESOURCE,
      </if>
      <if test="evicenumber != null" >
        EVICENUMBER,
      </if>
      <if test="shopperlimit != null" >
        SHOPPERLIMIT,
      </if>
      <if test="parentid != null" >
        PARENT_ID,
      </if>
      <if test="factoringno != null" >
        FACTORING_NO,
      </if>
      <if test="photoCheckFlag != null" >
        PHOTO_CHECK_FLAG,
      </if>
      <if test="photoRecheckFlag != null" >
        PHOTO_RECHECK_FLAG,
      </if>
      <if test="photoRecheckRemark != null" >
        PHOTO_RECHECK_REMARK,
      </if>
      <if test="orgNo != null" >
        ORG_NO,
      </if>
      <if test="t1fee != null" >
        T1_FEE,
      </if>
      <if test="t0type != null" >
        T0TYPE,
      </if>
      <if test="t1type != null" >
        T1TYPE,
      </if>
      <if test="t0fixedamount != null" >
        T0FIXEDAMOUNT,
      </if>
      <if test="t0topamount != null" >
        T0TOPAMOUNT,
      </if>
      <if test="t0additionfee != null" >
        T0ADDITIONFEE,
      </if>
      <if test="t0minamount != null" >
        T0MINAMOUNT,
      </if>
      <if test="t0maxamount != null" >
        T0MAXAMOUNT,
      </if>
      <if test="t1topamount != null" >
        T1TOPAMOUNT,
      </if>
      <if test="examineresullt != null" >
        EXAMINERESULLT,
      </if>
    </trim>
    <trim prefix="values (" suffix=")" suffixOverrides="," >
      <if test="b2cShopperbiId != null" >
        #{b2cShopperbiId,jdbcType=DECIMAL},
      </if>
      <if test="scompany != null" >
        #{scompany,jdbcType=VARCHAR},
      </if>
      <if test="gateway != null" >
        #{gateway,jdbcType=VARCHAR},
      </if>
      <if test="sqcode != null" >
        #{sqcode,jdbcType=VARCHAR},
      </if>
      <if test="synum != null" >
        #{synum,jdbcType=VARCHAR},
      </if>
      <if test="sicp != null" >
        #{sicp,jdbcType=VARCHAR},
      </if>
      <if test="saddress != null" >
        #{saddress,jdbcType=VARCHAR},
      </if>
      <if test="szip != null" >
        #{szip,jdbcType=VARCHAR},
      </if>
      <if test="smanager != null" >
        #{smanager,jdbcType=VARCHAR},
      </if>
      <if test="srelation != null" >
        #{srelation,jdbcType=VARCHAR},
      </if>
      <if test="semail != null" >
        #{semail,jdbcType=VARCHAR},
      </if>
      <if test="stel != null" >
        #{stel,jdbcType=VARCHAR},
      </if>
      <if test="sfax != null" >
        #{sfax,jdbcType=VARCHAR},
      </if>
      <if test="shandset != null" >
        #{shandset,jdbcType=VARCHAR},
      </if>
      <if test="sqq != null" >
        #{sqq,jdbcType=VARCHAR},
      </if>
      <if test="smsn != null" >
        #{smsn,jdbcType=VARCHAR},
      </if>
      <if test="sshopertypeid != null" >
        #{sshopertypeid,jdbcType=DECIMAL},
      </if>
      <if test="sshopertype != null" >
        #{sshopertype,jdbcType=VARCHAR},
      </if>
      <if test="sdomain != null" >
        #{sdomain,jdbcType=VARCHAR},
      </if>
      <if test="sshoppertypeid != null" >
        #{sshoppertypeid,jdbcType=DECIMAL},
      </if>
      <if test="sshoppertype != null" >
        #{sshoppertype,jdbcType=VARCHAR},
      </if>
      <if test="scity != null" >
        #{scity,jdbcType=VARCHAR},
      </if>
      <if test="city != null" >
        #{city,jdbcType=VARCHAR},
      </if>
      <if test="sprovince != null" >
        #{sprovince,jdbcType=VARCHAR},
      </if>
      <if test="province != null" >
        #{province,jdbcType=VARCHAR},
      </if>
      <if test="transactid != null" >
        #{transactid,jdbcType=DECIMAL},
      </if>
      <if test="transactsub != null" >
        #{transactsub,jdbcType=VARCHAR},
      </if>
      <if test="transact != null" >
        #{transact,jdbcType=VARCHAR},
      </if>
      <if test="operid != null" >
        #{operid,jdbcType=VARCHAR},
      </if>
      <if test="oper != null" >
        #{oper,jdbcType=VARCHAR},
      </if>
      <if test="sifpactid != null" >
        #{sifpactid,jdbcType=DECIMAL},
      </if>
      <if test="sifpact != null" >
        #{sifpact,jdbcType=VARCHAR},
      </if>
      <if test="spactoperid != null" >
        #{spactoperid,jdbcType=VARCHAR},
      </if>
      <if test="spactoper != null" >
        #{spactoper,jdbcType=VARCHAR},
      </if>
      <if test="sisnew != null" >
        #{sisnew,jdbcType=DECIMAL},
      </if>
      <if test="shoppercallingid != null" >
        #{shoppercallingid,jdbcType=VARCHAR},
      </if>
      <if test="shoppercalling != null" >
        #{shoppercalling,jdbcType=VARCHAR},
      </if>
      <if test="created != null" >
        #{created,jdbcType=DATE},
      </if>
      <if test="shopperid != null" >
        #{shopperid,jdbcType=DECIMAL},
      </if>
      <if test="sagentid != null" >
        #{sagentid,jdbcType=DECIMAL},
      </if>
      <if test="battalion != null" >
        #{battalion,jdbcType=DECIMAL},
      </if>
      <if test="persentid != null" >
        #{persentid,jdbcType=DECIMAL},
      </if>
      <if test="ifattend != null" >
        #{ifattend,jdbcType=DECIMAL},
      </if>
      <if test="ifagent != null" >
        #{ifagent,jdbcType=DECIMAL},
      </if>
      <if test="shoppertypeid != null" >
        #{shoppertypeid,jdbcType=DECIMAL},
      </if>
      <if test="srelationcredno != null" >
        #{srelationcredno,jdbcType=VARCHAR},
      </if>
      <if test="legalentity != null" >
        #{legalentity,jdbcType=VARCHAR},
      </if>
      <if test="srelationcrededate != null" >
        #{srelationcrededate,jdbcType=VARCHAR},
      </if>
      <if test="legalecredno != null" >
        #{legalecredno,jdbcType=VARCHAR},
      </if>
      <if test="legalecrededate != null" >
        #{legalecrededate,jdbcType=VARCHAR},
      </if>
      <if test="synumedate != null" >
        #{synumedate,jdbcType=VARCHAR},
      </if>
      <if test="licenseno != null" >
        #{licenseno,jdbcType=VARCHAR},
      </if>
      <if test="taxregisterno != null" >
        #{taxregisterno,jdbcType=VARCHAR},
      </if>
      <if test="remark != null" >
        #{remark,jdbcType=VARCHAR},
      </if>
      <if test="upoperid != null" >
        #{upoperid,jdbcType=VARCHAR},
      </if>
      <if test="upoper != null" >
        #{upoper,jdbcType=VARCHAR},
      </if>
      <if test="updated != null" >
        #{updated,jdbcType=DATE},
      </if>
      <if test="grade != null" >
        #{grade,jdbcType=VARCHAR},
      </if>
      <if test="division != null" >
        #{division,jdbcType=VARCHAR},
      </if>
      <if test="shopperidP != null" >
        #{shopperidP,jdbcType=DECIMAL},
      </if>
      <if test="shortname != null" >
        #{shortname,jdbcType=VARCHAR},
      </if>
      <if test="levels != null" >
        #{levels,jdbcType=VARCHAR},
      </if>
      <if test="muserid != null" >
        #{muserid,jdbcType=VARCHAR},
      </if>
      <if test="mpassword != null" >
        #{mpassword,jdbcType=VARCHAR},
      </if>
      <if test="ifvalid != null" >
        #{ifvalid,jdbcType=DECIMAL},
      </if>
      <if test="accountbankdictval != null" >
        #{accountbankdictval,jdbcType=VARCHAR},
      </if>
      <if test="accountbankname != null" >
        #{accountbankname,jdbcType=VARCHAR},
      </if>
      <if test="accountbankprov != null" >
        #{accountbankprov,jdbcType=VARCHAR},
      </if>
      <if test="accountbankclientname != null" >
        #{accountbankclientname,jdbcType=VARCHAR},
      </if>
      <if test="accountbankno != null" >
        #{accountbankno,jdbcType=VARCHAR},
      </if>
      <if test="accountbankother != null" >
        #{accountbankother,jdbcType=VARCHAR},
      </if>
      <if test="istopmerchant != null" >
        #{istopmerchant,jdbcType=VARCHAR},
      </if>
      <if test="topfee != null" >
        #{topfee,jdbcType=DECIMAL},
      </if>
      <if test="minsettlemoney != null" >
        #{minsettlemoney,jdbcType=DECIMAL},
      </if>
      <if test="settlefrequency != null" >
        #{settlefrequency,jdbcType=VARCHAR},
      </if>
      <if test="opencheckstatus != null" >
        #{opencheckstatus,jdbcType=VARCHAR},
      </if>
      <if test="termianlstatus != null" >
        #{termianlstatus,jdbcType=VARCHAR},
      </if>
      <if test="termialfile != null" >
        #{termialfile,jdbcType=VARCHAR},
      </if>
      <if test="bankfile != null" >
        #{bankfile,jdbcType=VARCHAR},
      </if>
      <if test="worktime != null" >
        #{worktime,jdbcType=DATE},
      </if>
      <if test="isformal != null" >
        #{isformal,jdbcType=DECIMAL},
      </if>
      <if test="isupdatebank != null" >
        #{isupdatebank,jdbcType=DECIMAL},
      </if>
      <if test="isupdateshopper != null" >
        #{isupdateshopper,jdbcType=DECIMAL},
      </if>
      <if test="ysbScompany != null" >
        #{ysbScompany,jdbcType=VARCHAR},
      </if>
      <if test="recheckmerchantflag != null" >
        #{recheckmerchantflag,jdbcType=VARCHAR},
      </if>
      <if test="recheckaccountflag != null" >
        #{recheckaccountflag,jdbcType=VARCHAR},
      </if>
      <if test="recheckterminalflag != null" >
        #{recheckterminalflag,jdbcType=VARCHAR},
      </if>
      <if test="recheckmerchantremark != null" >
        #{recheckmerchantremark,jdbcType=VARCHAR},
      </if>
      <if test="recheckaccountremark != null" >
        #{recheckaccountremark,jdbcType=VARCHAR},
      </if>
      <if test="recheckterminalremark != null" >
        #{recheckterminalremark,jdbcType=VARCHAR},
      </if>
      <if test="settlementType != null" >
        #{settlementType,jdbcType=VARCHAR},
      </if>
      <if test="ysbNo != null" >
        #{ysbNo,jdbcType=VARCHAR},
      </if>
      <if test="photoid != null" >
        #{photoid,jdbcType=DECIMAL},
      </if>
      <if test="merchantType != null" >
        #{merchantType,jdbcType=VARCHAR},
      </if>
      <if test="name != null" >
        #{name,jdbcType=VARCHAR},
      </if>
      <if test="IDNo != null" >
        #{IDNo,jdbcType=VARCHAR},
      </if>
      <if test="licenseNo != null" >
        #{licenseNo,jdbcType=VARCHAR},
      </if>
      <if test="industry != null" >
        #{industry,jdbcType=VARCHAR},
      </if>
      <if test="billProvince != null" >
        #{billProvince,jdbcType=VARCHAR},
      </if>
      <if test="billProvinceCode != null" >
        #{billProvinceCode,jdbcType=VARCHAR},
      </if>
      <if test="billCity != null" >
        #{billCity,jdbcType=VARCHAR},
      </if>
      <if test="billCityCode != null" >
        #{billCityCode,jdbcType=VARCHAR},
      </if>
      <if test="billAddress != null" >
        #{billAddress,jdbcType=VARCHAR},
      </if>
      <if test="billName != null" >
        #{billName,jdbcType=VARCHAR},
      </if>
      <if test="isSupportT0 != null" >
        #{isSupportT0,jdbcType=VARCHAR},
      </if>
      <if test="isIcApplyT0 != null" >
        #{isIcApplyT0,jdbcType=VARCHAR},
      </if>
      <if test="T0fee != null" >
        #{T0fee,jdbcType=DECIMAL},
      </if>
      <if test="t0SingleDayLimit != null" >
        #{t0SingleDayLimit,jdbcType=DECIMAL},
      </if>
      <if test="accountBankProvCode != null" >
        #{accountBankProvCode,jdbcType=VARCHAR},
      </if>
      <if test="accountBankCity != null" >
        #{accountBankCity,jdbcType=VARCHAR},
      </if>
      <if test="accountBankCityCode != null" >
        #{accountBankCityCode,jdbcType=VARCHAR},
      </if>
      <if test="reportResource != null" >
        #{reportResource,jdbcType=VARCHAR},
      </if>
      <if test="evicenumber != null" >
        #{evicenumber,jdbcType=VARCHAR},
      </if>
      <if test="shopperlimit != null" >
        #{shopperlimit,jdbcType=VARCHAR},
      </if>
      <if test="parentid != null" >
        #{parentid,jdbcType=VARCHAR},
      </if>
      <if test="factoringno != null" >
        #{factoringno,jdbcType=VARCHAR},
      </if>
      <if test="photoCheckFlag != null" >
        #{photoCheckFlag,jdbcType=VARCHAR},
      </if>
      <if test="photoRecheckFlag != null" >
        #{photoRecheckFlag,jdbcType=VARCHAR},
      </if>
      <if test="photoRecheckRemark != null" >
        #{photoRecheckRemark,jdbcType=VARCHAR},
      </if>
      <if test="orgNo != null" >
        #{orgNo,jdbcType=VARCHAR},
      </if>
      <if test="t1fee != null" >
        #{t1fee,jdbcType=DECIMAL},
      </if>
      <if test="t0type != null" >
        #{t0type,jdbcType=VARCHAR},
      </if>
      <if test="t1type != null" >
        #{t1type,jdbcType=VARCHAR},
      </if>
      <if test="t0fixedamount != null" >
        #{t0fixedamount,jdbcType=DECIMAL},
      </if>
      <if test="t0topamount != null" >
        #{t0topamount,jdbcType=DECIMAL},
      </if>
      <if test="t0additionfee != null" >
        #{t0additionfee,jdbcType=DECIMAL},
      </if>
      <if test="t0minamount != null" >
        #{t0minamount,jdbcType=DECIMAL},
      </if>
      <if test="t0maxamount != null" >
        #{t0maxamount,jdbcType=DECIMAL},
      </if>
      <if test="t1topamount != null" >
        #{t1topamount,jdbcType=DECIMAL},
      </if>
      <if test="examineresullt != null" >
        #{examineresullt,jdbcType=VARCHAR},
      </if>
    </trim>
  </insert>
 
 
  
  <update id="updateByPrimaryKeySelective" parameterType="com.uns.model.B2cShopperbiTempHistory" >
    update B2C_SHOPPERBI_TEMP_HISTORY
    <set >
      <if test="scompany != null" >
        SCOMPANY = #{scompany,jdbcType=VARCHAR},
      </if>
      <if test="gateway != null" >
        GATEWAY = #{gateway,jdbcType=VARCHAR},
      </if>
      <if test="sqcode != null" >
        SQCODE = #{sqcode,jdbcType=VARCHAR},
      </if>
      <if test="synum != null" >
        SYNUM = #{synum,jdbcType=VARCHAR},
      </if>
      <if test="sicp != null" >
        SICP = #{sicp,jdbcType=VARCHAR},
      </if>
      <if test="saddress != null" >
        SADDRESS = #{saddress,jdbcType=VARCHAR},
      </if>
      <if test="szip != null" >
        SZIP = #{szip,jdbcType=VARCHAR},
      </if>
      <if test="smanager != null" >
        SMANAGER = #{smanager,jdbcType=VARCHAR},
      </if>
      <if test="srelation != null" >
        SRELATION = #{srelation,jdbcType=VARCHAR},
      </if>
      <if test="semail != null" >
        SEMAIL = #{semail,jdbcType=VARCHAR},
      </if>
      <if test="stel != null" >
        STEL = #{stel,jdbcType=VARCHAR},
      </if>
      <if test="sfax != null" >
        SFAX = #{sfax,jdbcType=VARCHAR},
      </if>
      <if test="shandset != null" >
        SHANDSET = #{shandset,jdbcType=VARCHAR},
      </if>
      <if test="sqq != null" >
        SQQ = #{sqq,jdbcType=VARCHAR},
      </if>
      <if test="smsn != null" >
        SMSN = #{smsn,jdbcType=VARCHAR},
      </if>
      <if test="sshopertypeid != null" >
        SSHOPERTYPEID = #{sshopertypeid,jdbcType=DECIMAL},
      </if>
      <if test="sshopertype != null" >
        SSHOPERTYPE = #{sshopertype,jdbcType=VARCHAR},
      </if>
      <if test="sdomain != null" >
        SDOMAIN = #{sdomain,jdbcType=VARCHAR},
      </if>
      <if test="sshoppertypeid != null" >
        SSHOPPERTYPEID = #{sshoppertypeid,jdbcType=DECIMAL},
      </if>
      <if test="sshoppertype != null" >
        SSHOPPERTYPE = #{sshoppertype,jdbcType=VARCHAR},
      </if>
      <if test="scity != null" >
        SCITY = #{scity,jdbcType=VARCHAR},
      </if>
      <if test="city != null" >
        CITY = #{city,jdbcType=VARCHAR},
      </if>
      <if test="sprovince != null" >
        SPROVINCE = #{sprovince,jdbcType=VARCHAR},
      </if>
      <if test="province != null" >
        PROVINCE = #{province,jdbcType=VARCHAR},
      </if>
      <if test="transactid != null" >
        TRANSACTID = #{transactid,jdbcType=DECIMAL},
      </if>
      <if test="transactsub != null" >
        TRANSACTSUB = #{transactsub,jdbcType=VARCHAR},
      </if>
      <if test="transact != null" >
        TRANSACT = #{transact,jdbcType=VARCHAR},
      </if>
      <if test="operid != null" >
        OPERID = #{operid,jdbcType=VARCHAR},
      </if>
      <if test="oper != null" >
        OPER = #{oper,jdbcType=VARCHAR},
      </if>
      <if test="sifpactid != null" >
        SIFPACTID = #{sifpactid,jdbcType=DECIMAL},
      </if>
      <if test="sifpact != null" >
        SIFPACT = #{sifpact,jdbcType=VARCHAR},
      </if>
      <if test="spactoperid != null" >
        SPACTOPERID = #{spactoperid,jdbcType=VARCHAR},
      </if>
      <if test="spactoper != null" >
        SPACTOPER = #{spactoper,jdbcType=VARCHAR},
      </if>
      <if test="sisnew != null" >
        SISNEW = #{sisnew,jdbcType=DECIMAL},
      </if>
      <if test="shoppercallingid != null" >
        SHOPPERCALLINGID = #{shoppercallingid,jdbcType=VARCHAR},
      </if>
      <if test="shoppercalling != null" >
        SHOPPERCALLING = #{shoppercalling,jdbcType=VARCHAR},
      </if>
      <if test="created != null" >
        CREATED = #{created,jdbcType=DATE},
      </if>
      <if test="shopperid != null" >
        SHOPPERID = #{shopperid,jdbcType=DECIMAL},
      </if>
      <if test="sagentid != null" >
        SAGENTID = #{sagentid,jdbcType=DECIMAL},
      </if>
      <if test="battalion != null" >
        BATTALION = #{battalion,jdbcType=DECIMAL},
      </if>
      <if test="persentid != null" >
        PERSENTID = #{persentid,jdbcType=DECIMAL},
      </if>
      <if test="ifattend != null" >
        IFATTEND = #{ifattend,jdbcType=DECIMAL},
      </if>
      <if test="ifagent != null" >
        IFAGENT = #{ifagent,jdbcType=DECIMAL},
      </if>
      <if test="shoppertypeid != null" >
        SHOPPERTYPEID = #{shoppertypeid,jdbcType=DECIMAL},
      </if>
      <if test="srelationcredno != null" >
        SRELATIONCREDNO = #{srelationcredno,jdbcType=VARCHAR},
      </if>
      <if test="legalentity != null" >
        LEGALENTITY = #{legalentity,jdbcType=VARCHAR},
      </if>
      <if test="srelationcrededate != null" >
        SRELATIONCREDEDATE = #{srelationcrededate,jdbcType=VARCHAR},
      </if>
      <if test="legalecredno != null" >
        LEGALECREDNO = #{legalecredno,jdbcType=VARCHAR},
      </if>
      <if test="legalecrededate != null" >
        LEGALECREDEDATE = #{legalecrededate,jdbcType=VARCHAR},
      </if>
      <if test="synumedate != null" >
        SYNUMEDATE = #{synumedate,jdbcType=VARCHAR},
      </if>
      <if test="licenseno != null" >
        LICENSENO = #{licenseno,jdbcType=VARCHAR},
      </if>
      <if test="taxregisterno != null" >
        TAXREGISTERNO = #{taxregisterno,jdbcType=VARCHAR},
      </if>
      <if test="remark != null" >
        REMARK = #{remark,jdbcType=VARCHAR},
      </if>
      <if test="upoperid != null" >
        UPOPERID = #{upoperid,jdbcType=VARCHAR},
      </if>
      <if test="upoper != null" >
        UPOPER = #{upoper,jdbcType=VARCHAR},
      </if>
      <if test="updated != null" >
        UPDATED = #{updated,jdbcType=DATE},
      </if>
      <if test="grade != null" >
        GRADE = #{grade,jdbcType=VARCHAR},
      </if>
      <if test="division != null" >
        DIVISION = #{division,jdbcType=VARCHAR},
      </if>
      <if test="shopperidP != null" >
        SHOPPERID_P = #{shopperidP,jdbcType=DECIMAL},
      </if>
      <if test="shortname != null" >
        SHORTNAME = #{shortname,jdbcType=VARCHAR},
      </if>
      <if test="levels != null" >
        LEVELS = #{levels,jdbcType=VARCHAR},
      </if>
      <if test="muserid != null" >
        MUSERID = #{muserid,jdbcType=VARCHAR},
      </if>
      <if test="mpassword != null" >
        MPASSWORD = #{mpassword,jdbcType=VARCHAR},
      </if>
      <if test="ifvalid != null" >
        IFVALID = #{ifvalid,jdbcType=DECIMAL},
      </if>
      <if test="accountbankdictval != null" >
        ACCOUNT_BANK_DICTVAL = #{accountbankdictval,jdbcType=VARCHAR},
      </if>
      <if test="accountbankname != null" >
        ACCOUNT_BANK_NAME = #{accountbankname,jdbcType=VARCHAR},
      </if>
      <if test="accountbankprov != null" >
        ACCOUNT_BANK_PROV = #{accountbankprov,jdbcType=VARCHAR},
      </if>
      <if test="accountbankclientname != null" >
        ACCOUNT_BANK_CLIENT_NAME = #{accountbankclientname,jdbcType=VARCHAR},
      </if>
      <if test="accountbankno != null" >
        ACCOUNT_BANK_NO = #{accountbankno,jdbcType=VARCHAR},
      </if>
      <if test="accountbankother != null" >
        ACCOUNT_BANK_OTHER = #{accountbankother,jdbcType=VARCHAR},
      </if>
      <if test="istopmerchant != null" >
        IS_TOP_MERCHANT = #{istopmerchant,jdbcType=VARCHAR},
      </if>
      <if test="topfee != null" >
        TOP_FEE = #{topfee,jdbcType=DECIMAL},
      </if>
      <if test="minsettlemoney != null" >
        MIN_SETTLE_MONEY = #{minsettlemoney,jdbcType=DECIMAL},
      </if>
      <if test="settlefrequency != null" >
        SETTLE_FREQUENCY = #{settlefrequency,jdbcType=VARCHAR},
      </if>
      <if test="opencheckstatus != null" >
        OPEN_CHECK_STATUS = #{opencheckstatus,jdbcType=VARCHAR},
      </if>
      <if test="termianlstatus != null" >
        TERMIANL_STATUS = #{termianlstatus,jdbcType=VARCHAR},
      </if>
      <if test="termialfile != null" >
        TERMIAL_FILE = #{termialfile,jdbcType=VARCHAR},
      </if>
      <if test="bankfile != null" >
        BANK_FILE = #{bankfile,jdbcType=VARCHAR},
      </if>
      <if test="worktime != null" >
        WORK_TIME = #{worktime,jdbcType=DATE},
      </if>
      <if test="isformal != null" >
        ISFORMAL = #{isformal,jdbcType=DECIMAL},
      </if>
      <if test="isupdatebank != null" >
        ISUPDATEBANK = #{isupdatebank,jdbcType=DECIMAL},
      </if>
      <if test="isupdateshopper != null" >
        ISUPDATESHOPPER = #{isupdateshopper,jdbcType=DECIMAL},
      </if>
      <if test="ysbScompany != null" >
        YSBSCOMPANY = #{ysbScompany,jdbcType=VARCHAR},
      </if>
      <if test="recheckmerchantflag != null" >
        RECHECKMERCHANTFLAG = #{recheckmerchantflag,jdbcType=VARCHAR},
      </if>
      <if test="recheckaccountflag != null" >
        RECHECKACCOUNTFLAG = #{recheckaccountflag,jdbcType=VARCHAR},
      </if>
      <if test="recheckterminalflag != null" >
        RECHECKTERMINALFLAG = #{recheckterminalflag,jdbcType=VARCHAR},
      </if>
      <if test="recheckmerchantremark != null" >
        RECHECKMERCHANTREMARK = #{recheckmerchantremark,jdbcType=VARCHAR},
      </if>
      <if test="recheckaccountremark != null" >
        RECHECKACCOUNTREMARK = #{recheckaccountremark,jdbcType=VARCHAR},
      </if>
      <if test="recheckterminalremark != null" >
        RECHECKTERMINALREMARK = #{recheckterminalremark,jdbcType=VARCHAR},
      </if>
      <if test="settlementType != null" >
        SETTLEMENTTYPE = #{settlementType,jdbcType=VARCHAR},
      </if>
      <if test="ysbNo != null" >
        YSBNO = #{ysbNo,jdbcType=VARCHAR},
      </if>
      <if test="photoid != null" >
        PHOTO_ID = #{photoid,jdbcType=DECIMAL},
      </if>
      <if test="merchantType != null" >
        MERCHANT_TYPE = #{merchantType,jdbcType=VARCHAR},
      </if>
      <if test="name != null" >
        NAME = #{name,jdbcType=VARCHAR},
      </if>
      <if test="IDNo != null" >
        ID_NO = #{IDNo,jdbcType=VARCHAR},
      </if>
      <if test="licenseNo != null" >
        LICENSE_NO = #{licenseNo,jdbcType=VARCHAR},
      </if>
      <if test="industry != null" >
        INDUSTRY = #{industry,jdbcType=VARCHAR},
      </if>
      <if test="billProvince != null" >
        BILL_PROVINCE = #{billProvince,jdbcType=VARCHAR},
      </if>
      <if test="billProvinceCode != null" >
        BILL_PROVINCE_CODE = #{billProvinceCode,jdbcType=VARCHAR},
      </if>
      <if test="billCity != null" >
        BILL_CITY = #{billCity,jdbcType=VARCHAR},
      </if>
      <if test="billCityCode != null" >
        BILL_CITY_CODE = #{billCityCode,jdbcType=VARCHAR},
      </if>
      <if test="billAddress != null" >
        BILL_ADDRESS = #{billAddress,jdbcType=VARCHAR},
      </if>
      <if test="billName != null" >
        BILL_NAME = #{billName,jdbcType=VARCHAR},
      </if>
      <if test="isSupportT0 != null" >
        IS_SUPPORT_T0 = #{isSupportT0,jdbcType=VARCHAR},
      </if>
      <if test="isIcApplyT0 != null" >
        IS_IC_APPLY_T0 = #{isIcApplyT0,jdbcType=VARCHAR},
      </if>
      <if test="T0fee != null" >
        T0_FEE = #{T0fee,jdbcType=DECIMAL},
      </if>
      <if test="t0SingleDayLimit != null" >
        T0_SINGLE_DAY_LIMIT = #{t0SingleDayLimit,jdbcType=DECIMAL},
      </if>
      <if test="accountBankProvCode != null" >
        ACCOUNT_BANK_PROV_CODE = #{accountBankProvCode,jdbcType=VARCHAR},
      </if>
      <if test="accountBankCity != null" >
        ACCOUNT_BANK_CITY = #{accountBankCity,jdbcType=VARCHAR},
      </if>
      <if test="accountBankCityCode != null" >
        ACCOUNT_BANK_CITY_CODE = #{accountBankCityCode,jdbcType=VARCHAR},
      </if>
      <if test="reportResource != null" >
        REPORT_RESOURCE = #{reportResource,jdbcType=VARCHAR},
      </if>
      <if test="evicenumber != null" >
        EVICENUMBER = #{evicenumber,jdbcType=VARCHAR},
      </if>
      <if test="shopperlimit != null" >
        SHOPPERLIMIT = #{shopperlimit,jdbcType=VARCHAR},
      </if>
      <if test="parentid != null" >
        PARENT_ID = #{parentid,jdbcType=VARCHAR},
      </if>
      <if test="factoringno != null" >
        FACTORING_NO = #{factoringno,jdbcType=VARCHAR},
      </if>
      <if test="photoCheckFlag != null" >
        PHOTO_CHECK_FLAG = #{photoCheckFlag,jdbcType=VARCHAR},
      </if>
      <if test="photoRecheckFlag != null" >
        PHOTO_RECHECK_FLAG = #{photoRecheckFlag,jdbcType=VARCHAR},
      </if>
      <if test="photoRecheckRemark != null" >
        PHOTO_RECHECK_REMARK = #{photoRecheckRemark,jdbcType=VARCHAR},
      </if>
      <if test="orgNo != null" >
        ORG_NO = #{orgNo,jdbcType=VARCHAR},
      </if>
      <if test="t1fee != null" >
        T1_FEE = #{t1fee,jdbcType=DECIMAL},
      </if>
      <if test="t0type != null" >
        T0TYPE = #{t0type,jdbcType=VARCHAR},
      </if>
      <if test="t1type != null" >
        T1TYPE = #{t1type,jdbcType=VARCHAR},
      </if>
      <if test="t0fixedamount != null" >
        T0FIXEDAMOUNT = #{t0fixedamount,jdbcType=DECIMAL},
      </if>
      <if test="t0topamount != null" >
        T0TOPAMOUNT = #{t0topamount,jdbcType=DECIMAL},
      </if>
      <if test="t0additionfee != null" >
        T0ADDITIONFEE = #{t0additionfee,jdbcType=DECIMAL},
      </if>
      <if test="t0minamount != null" >
        T0MINAMOUNT = #{t0minamount,jdbcType=DECIMAL},
      </if>
      <if test="t0maxamount != null" >
        T0MAXAMOUNT = #{t0maxamount,jdbcType=DECIMAL},
      </if>
      <if test="t1topamount != null" >
        T1TOPAMOUNT = #{t1topamount,jdbcType=DECIMAL},
      </if>
      <if test="examineresullt != null" >
        EXAMINERESULLT = #{examineresullt,jdbcType=VARCHAR},
      </if>
    </set>
    where B2C_SHOPPERBI_ID = #{b2cShopperbiId,jdbcType=DECIMAL}
  </update>
  <update id="updateByPrimaryKey" parameterType="com.uns.model.B2cShopperbiTempHistory" >
    update B2C_SHOPPERBI_TEMP_HISTORY
    set SCOMPANY = #{scompany,jdbcType=VARCHAR},
      GATEWAY = #{gateway,jdbcType=VARCHAR},
      SQCODE = #{sqcode,jdbcType=VARCHAR},
      SYNUM = #{synum,jdbcType=VARCHAR},
      SICP = #{sicp,jdbcType=VARCHAR},
      SADDRESS = #{saddress,jdbcType=VARCHAR},
      SZIP = #{szip,jdbcType=VARCHAR},
      SMANAGER = #{smanager,jdbcType=VARCHAR},
      SRELATION = #{srelation,jdbcType=VARCHAR},
      SEMAIL = #{semail,jdbcType=VARCHAR},
      STEL = #{stel,jdbcType=VARCHAR},
      SFAX = #{sfax,jdbcType=VARCHAR},
      SHANDSET = #{shandset,jdbcType=VARCHAR},
      SQQ = #{sqq,jdbcType=VARCHAR},
      SMSN = #{smsn,jdbcType=VARCHAR},
      SSHOPERTYPEID = #{sshopertypeid,jdbcType=DECIMAL},
      SSHOPERTYPE = #{sshopertype,jdbcType=VARCHAR},
      SDOMAIN = #{sdomain,jdbcType=VARCHAR},
      SSHOPPERTYPEID = #{sshoppertypeid,jdbcType=DECIMAL},
      SSHOPPERTYPE = #{sshoppertype,jdbcType=VARCHAR},
      SCITY = #{scity,jdbcType=VARCHAR},
      CITY = #{city,jdbcType=VARCHAR},
      SPROVINCE = #{sprovince,jdbcType=VARCHAR},
      PROVINCE = #{province,jdbcType=VARCHAR},
      TRANSACTID = #{transactid,jdbcType=DECIMAL},
      TRANSACTSUB = #{transactsub,jdbcType=VARCHAR},
      TRANSACT = #{transact,jdbcType=VARCHAR},
      OPERID = #{operid,jdbcType=VARCHAR},
      OPER = #{oper,jdbcType=VARCHAR},
      SIFPACTID = #{sifpactid,jdbcType=DECIMAL},
      SIFPACT = #{sifpact,jdbcType=VARCHAR},
      SPACTOPERID = #{spactoperid,jdbcType=VARCHAR},
      SPACTOPER = #{spactoper,jdbcType=VARCHAR},
      SISNEW = #{sisnew,jdbcType=DECIMAL},
      SHOPPERCALLINGID = #{shoppercallingid,jdbcType=VARCHAR},
      SHOPPERCALLING = #{shoppercalling,jdbcType=VARCHAR},
      CREATED = #{created,jdbcType=DATE},
      SHOPPERID = #{shopperid,jdbcType=DECIMAL},
      SAGENTID = #{sagentid,jdbcType=DECIMAL},
      BATTALION = #{battalion,jdbcType=DECIMAL},
      PERSENTID = #{persentid,jdbcType=DECIMAL},
      IFATTEND = #{ifattend,jdbcType=DECIMAL},
      IFAGENT = #{ifagent,jdbcType=DECIMAL},
      SHOPPERTYPEID = #{shoppertypeid,jdbcType=DECIMAL},
      SRELATIONCREDNO = #{srelationcredno,jdbcType=VARCHAR},
      LEGALENTITY = #{legalentity,jdbcType=VARCHAR},
      SRELATIONCREDEDATE = #{srelationcrededate,jdbcType=VARCHAR},
      LEGALECREDNO = #{legalecredno,jdbcType=VARCHAR},
      LEGALECREDEDATE = #{legalecrededate,jdbcType=VARCHAR},
      SYNUMEDATE = #{synumedate,jdbcType=VARCHAR},
      LICENSENO = #{licenseno,jdbcType=VARCHAR},
      TAXREGISTERNO = #{taxregisterno,jdbcType=VARCHAR},
      REMARK = #{remark,jdbcType=VARCHAR},
      UPOPERID = #{upoperid,jdbcType=VARCHAR},
      UPOPER = #{upoper,jdbcType=VARCHAR},
      UPDATED = #{updated,jdbcType=DATE},
      GRADE = #{grade,jdbcType=VARCHAR},
      DIVISION = #{division,jdbcType=VARCHAR},
      SHOPPERID_P = #{shopperidP,jdbcType=DECIMAL},
      SHORTNAME = #{shortname,jdbcType=VARCHAR},
      LEVELS = #{levels,jdbcType=VARCHAR},
      MUSERID = #{muserid,jdbcType=VARCHAR},
      MPASSWORD = #{mpassword,jdbcType=VARCHAR},
      IFVALID = #{ifvalid,jdbcType=DECIMAL},
      ACCOUNT_BANK_DICTVAL = #{accountbankdictval,jdbcType=VARCHAR},
      ACCOUNT_BANK_NAME = #{accountbankname,jdbcType=VARCHAR},
      ACCOUNT_BANK_PROV = #{accountbankprov,jdbcType=VARCHAR},
      ACCOUNT_BANK_CLIENT_NAME = #{accountbankclientname,jdbcType=VARCHAR},
      ACCOUNT_BANK_NO = #{accountbankno,jdbcType=VARCHAR},
      ACCOUNT_BANK_OTHER = #{accountbankother,jdbcType=VARCHAR},
      IS_TOP_MERCHANT = #{minsettlemoney,jdbcType=VARCHAR},
      TOP_FEE = #{topfee,jdbcType=DECIMAL},
      MIN_SETTLE_MONEY = #{minsettlemoney,jdbcType=DECIMAL},
      SETTLE_FREQUENCY = #{settlefrequency,jdbcType=VARCHAR},
      OPEN_CHECK_STATUS = #{opencheckstatus,jdbcType=VARCHAR},
      TERMIANL_STATUS = #{termianlstatus,jdbcType=VARCHAR},
      TERMIAL_FILE = #{termialfile,jdbcType=VARCHAR},
      BANK_FILE = #{bankfile,jdbcType=VARCHAR},
      WORK_TIME = #{worktime,jdbcType=DATE},
      ISFORMAL = #{isformal,jdbcType=DECIMAL},
      ISUPDATEBANK = #{isupdatebank,jdbcType=DECIMAL},
      ISUPDATESHOPPER = #{isupdateshopper,jdbcType=DECIMAL},
      YSBSCOMPANY = #{ysbScompany,jdbcType=VARCHAR},
      RECHECKMERCHANTFLAG = #{recheckmerchantflag,jdbcType=VARCHAR},
      RECHECKACCOUNTFLAG = #{recheckaccountflag,jdbcType=VARCHAR},
      RECHECKTERMINALFLAG = #{recheckterminalflag,jdbcType=VARCHAR},
      RECHECKMERCHANTREMARK = #{recheckmerchantremark,jdbcType=VARCHAR},
      RECHECKACCOUNTREMARK = #{recheckaccountremark,jdbcType=VARCHAR},
      RECHECKTERMINALREMARK = #{recheckterminalremark,jdbcType=VARCHAR},
      SETTLEMENTTYPE = #{settlementType,jdbcType=VARCHAR},
      YSBNO = #{ysbNo,jdbcType=VARCHAR},
      PHOTO_ID = #{photoid,jdbcType=DECIMAL},
      MERCHANT_TYPE = #{merchantType,jdbcType=VARCHAR},
      NAME = #{name,jdbcType=VARCHAR},
      ID_NO = #{IDNo,jdbcType=VARCHAR},
      LICENSE_NO = #{licenseNo,jdbcType=VARCHAR},
      INDUSTRY = #{industry,jdbcType=VARCHAR},
      BILL_PROVINCE = #{billProvince,jdbcType=VARCHAR},
      BILL_PROVINCE_CODE = #{billProvinceCode,jdbcType=VARCHAR},
      BILL_CITY = #{billCity,jdbcType=VARCHAR},
      BILL_CITY_CODE = #{billCityCode,jdbcType=VARCHAR},
      BILL_ADDRESS = #{billAddress,jdbcType=VARCHAR},
      BILL_NAME = #{billName,jdbcType=VARCHAR},
      IS_SUPPORT_T0 = #{isSupportT0,jdbcType=VARCHAR},
      IS_IC_APPLY_T0 = #{isIcApplyT0,jdbcType=VARCHAR},
      T0_FEE = #{T0fee,jdbcType=DECIMAL},
      T0_SINGLE_DAY_LIMIT = #{t0SingleDayLimit,jdbcType=DECIMAL},
      ACCOUNT_BANK_PROV_CODE = #{accountBankProvCode,jdbcType=VARCHAR},
      ACCOUNT_BANK_CITY = #{accountBankCity,jdbcType=VARCHAR},
      ACCOUNT_BANK_CITY_CODE = #{accountBankCityCode,jdbcType=VARCHAR},
      REPORT_RESOURCE = #{reportResource,jdbcType=VARCHAR},
      EVICENUMBER = #{evicenumber,jdbcType=VARCHAR},
      SHOPPERLIMIT = #{shopperlimit,jdbcType=VARCHAR},
      PARENT_ID = #{parentid,jdbcType=VARCHAR},
      FACTORING_NO = #{factoringno,jdbcType=VARCHAR},
      PHOTO_CHECK_FLAG = #{photoCheckFlag,jdbcType=VARCHAR},
      PHOTO_RECHECK_FLAG = #{photoRecheckFlag,jdbcType=VARCHAR},
      PHOTO_RECHECK_REMARK = #{photoRecheckRemark,jdbcType=VARCHAR},
      ORG_NO = #{orgNo,jdbcType=VARCHAR},
      T1_FEE = #{t1Fee,jdbcType=DECIMAL},
      T0TYPE = #{t0type,jdbcType=VARCHAR},
      T1TYPE = #{t1type,jdbcType=VARCHAR},
      T0FIXEDAMOUNT = #{t0fixedamount,jdbcType=DECIMAL},
      T0TOPAMOUNT = #{t0topamount,jdbcType=DECIMAL},
      T0ADDITIONFEE = #{t0additionfee,jdbcType=DECIMAL},
      T0MINAMOUNT = #{t0minamount,jdbcType=DECIMAL},
      T0MAXAMOUNT = #{t0maxamount,jdbcType=DECIMAL},
      T1TOPAMOUNT = #{t1topamount,jdbcType=DECIMAL},
      EXAMINERESULLT = #{examineresullt,jdbcType=VARCHAR}
    where B2C_SHOPPERBI_ID = #{b2cShopperbiId,jdbcType=DECIMAL}
  </update>
  
    <select id="querydelshopperList" parameterType="com.uns.web.form.ShopPerbiForm"   resultType="java.util.HashMap" >
	   SELECT T.B2C_SHOPPERBI_ID ID,
                   T.SHOPPERID,
                   T.SCOMPANY,
                   T.SHORTNAME,
                   T.CREATED,
                   T.SRELATION,
                   T.STEL,
                   T.SPROVINCE,
                   T.SCITY,
                   T.UPDATED,
                   T.SIFPACTID,
                   T.IFVALID,
                   T.SHOPPERID_P,
                   T.OPEN_CHECK_STATUS,
                   T.MERCHANT_TYPE,
                   T.PHOTO_ID,
                   T.ORG_NO,
                   bs.SHOPPERID as FROMSHOPPERID,
                   temp.dict SHOPPERCALLINGID,
                    (select BS.SCOMPANY  from B2C_AGENT BS where T.shopperid_p=BS.SHOPPERID ) SAGENTID,
                     (select BA.B2C_SHOPPERBI_ID  from B2C_AGENT BA where T.shopperid_p=BA.SHOPPERID ) SHOPPERBIID,
                   G.BARGAINEDATE
              FROM B2C_SHOPPERBI_TEMP_HISTORY T left join B2C_SHOPPERBARGAIN_TEMP G on t.shopperid = g.shopperid
              left join (select * from B2C_DICT BD where BD.Dictclsid=200) temp  on T.SHOPPERCALLINGID=temp.DICTID
	          left join B2C_SHOPPERBI bs on bs.SHOPPERID=t.SHOPPERID 
	          where 1=1
	          and t.PARENT_ID is null
	<if test='shopperidq!=null and shopperidq!=""'>
		and T.SHOPPERID=#{shopperidq,jdbcType=DECIMAL}
	</if>
	<if test='shopperNameq!= null and shopperNameq!= "" '>
	    AND (T.SCOMPANY like '%'||#{shopperNameq}||'%' OR T.SHORTNAME like '%'||#{shopperNameq}||'%')
	</if>
	<if test='transactidq!=null and transactidq!=""'>
		AND T.TRANSACTID=#{transactidq}
	</if>
	<if test='shopperid_p!=null and shopperid_p!=""'>
		AND T.SHOPPERID_P=#{shopperid_p}
	</if>
	<if test='sprovince!=null and sprovince!=""'>
		AND T.SPROVINCE=#{sprovince}
	</if>
	<if test='city!=null and city!=""'>
		AND T.SCITY=#{city}
	</if>
	<if test='createdStart != null and createdStart!="" '>
        AND to_char(T.UPDATED,'yyyy-MM-dd HH24:mi:ss')<![CDATA[ >= #{createdStart,jdbcType=TIMESTAMP} ]]>
    </if>
   	<if test='createdEnd != null and createdEnd!="" '>
     	AND to_char(T.UPDATED,'yyyy-MM-dd HH24:mi:ss')<![CDATA[ <= #{createdEnd,jdbcType=TIMESTAMP} ]]>
   	</if>
   	<if test='ifvalid!=null and ifvalid!=""'>
		AND T.IFVALID=#{ifvalid,jdbcType=DECIMAL}
	</if>
	<if test='sifpactid!=null and sifpactid!=""'>
		AND T.SIFPACTID=#{sifpactid,jdbcType=DECIMAL}
	</if>
		<if test='opencheckstatus!=null and opencheckstatus!=""'>
		AND T.OPEN_CHECK_STATUS=#{opencheckstatus,jdbcType=DECIMAL}
	</if>
	<if test='orgNo!=null and orgNo!=""'>
		AND T.ORG_NO=#{orgNo,jdbcType=VARCHAR}
	</if>
	<if test='telq!=null and telq!=""'>
		AND T.STEL like '%'||#{telq,jdbcType=VARCHAR}||'%'
	</if>
	order by t.B2C_SHOPPERBI_ID desc
  </select>
  
  
  <!--根据shopperid查询记录  -->
   <select id="selectByshopperId" parameterType="java.lang.Long" resultMap="BaseResultMap">
	   select 
	    <include refid="Base_Column_List" />
	    from B2C_SHOPPERBI_TEMP_HISTORY
	    where SHOPPERID = #{b2cShopperbiId,jdbcType=DECIMAL}
   </select>
</mapper>