<?xml version="1.0" encoding="UTF-8"?>
<!DOCTYPE mapper PUBLIC "-//mybatis.org//DTD Mapper 3.0//EN" "http://mybatis.org/dtd/mybatis-3-mapper.dtd">
<mapper namespace="com.uns.dao.B2cShopperbargainTempMapper">
  <resultMap id="BaseResultMap" type="com.uns.model.B2cShopperbargainTemp">
    <id column="B2C_SHOPPERBARGAIN_ID" jdbcType="DECIMAL" property="b2cShopperbargainId" />
    <result column="OPERATIONTYPEID" jdbcType="DECIMAL" property="operationtypeid" />
    <result column="OPERATIONTYPE" jdbcType="VARCHAR" property="operationtype" />
    <result column="BARGAINCODE" jdbcType="VARCHAR" property="bargaincode" />
    <result column="INDUSTRY" jdbcType="VARCHAR" property="industry" />
    <result column="MANAGEMENT" jdbcType="VARCHAR" property="management" />
    <result column="DRAWBACKFLAG" jdbcType="DECIMAL" property="drawbackflag" />
    <result column="DRAWBACKFLAGBE" jdbcType="VARCHAR" property="drawbackflagbe" />
    <result column="FOOTFLAG" jdbcType="DECIMAL" property="footflag" />
    <result column="FOOTFLAGBE" jdbcType="VARCHAR" property="footflagbe" />
    <result column="JINPOUNDAGE" jdbcType="DECIMAL" property="jinpoundage" />
    <result column="FOOTFREQ" jdbcType="DECIMAL" property="footfreq" />
    <result column="FOOTFREQBE" jdbcType="VARCHAR" property="footfreqbe" />
    <result column="FOOTAMOUNT" jdbcType="DECIMAL" property="footamount" />
    <result column="ASSUREAMOUNT" jdbcType="DECIMAL" property="assureamount" />
    <result column="DREDGEAMOUNT" jdbcType="DECIMAL" property="dredgeamount" />
    <result column="SERVICEAMOUNT" jdbcType="DECIMAL" property="serviceamount" />
    <result column="FOOTTRANSSIDE" jdbcType="DECIMAL" property="foottransside" />
    <result column="PASSNO3D" jdbcType="CHAR" property="passno3d" />
    <result column="APITYPE" jdbcType="VARCHAR" property="apitype" />
    <result column="WRITEBARGAIN" jdbcType="DATE" property="writebargain" />
    <result column="WRITEOPERID" jdbcType="VARCHAR" property="writeoperid" />
    <result column="WRITEOPER" jdbcType="VARCHAR" property="writeoper" />
    <result column="BARGAINABILITY" jdbcType="DECIMAL" property="bargainability" />
    <result column="BARGAINBDATE" jdbcType="DATE" property="bargainbdate" />
    <result column="BARGAINEDATE" jdbcType="DATE" property="bargainedate" />
    <result column="BARGAINRDATE" jdbcType="DATE" property="bargainrdate" />
    <result column="SHOPPERID" jdbcType="VARCHAR" property="shopperid" />
    <result column="CREATED" jdbcType="DATE" property="created" />
    <result column="FOOTTRANSSIDESU" jdbcType="VARCHAR" property="foottranssidesu" />
    <result column="BARGAIN" jdbcType="VARCHAR" property="bargain" />
    <result column="POUNDAGE" jdbcType="DECIMAL" property="poundage" />
    <result column="RETURNFLAG" jdbcType="DECIMAL" property="returnflag" />
    <result column="RETURNPOUND" jdbcType="DECIMAL" property="returnpound" />
    <result column="RETURNFLAGSU" jdbcType="VARCHAR" property="returnflagsu" />
    <result column="AUTORCVURL" jdbcType="VARCHAR" property="autorcvurl" />
    <result column="APITYPEID" jdbcType="DECIMAL" property="apitypeid" />
    <result column="SVERIFY" jdbcType="VARCHAR" property="sverify" />
    <result column="OPERUSERID" jdbcType="VARCHAR" property="operuserid" />
    <result column="OPERUSERNAME" jdbcType="VARCHAR" property="operusername" />
    <result column="SUBSIDIARID" jdbcType="DECIMAL" property="subsidiarid" />
    <result column="BARGAINID" jdbcType="DECIMAL" property="bargainid" />
    <result column="POUNDTYPE" jdbcType="DECIMAL" property="poundtype" />
    <result column="INDEPBANKSHOPID" jdbcType="DECIMAL" property="indepbankshopid" />
    <result column="RETURNURL" jdbcType="VARCHAR" property="returnurl" />
    <result column="INHERITEDFLAG" jdbcType="DECIMAL" property="inheritedflag" />
    <result column="INHERBARGAINID" jdbcType="VARCHAR" property="inherbargainid" />
    <result column="INVALIDATE" jdbcType="DATE" property="invalidate" />
    <result column="MANAGE" jdbcType="VARCHAR" property="manage" />
    <result column="MANAGER" jdbcType="VARCHAR" property="manager" />
    <result column="NOTES" jdbcType="VARCHAR" property="notes" />
    <result column="CREDEDATE" jdbcType="DATE" property="crededate" />
    <result column="BASECOST" jdbcType="DECIMAL" property="basecost" />
    <result column="STDFILENAME" property="stdfilename" jdbcType="VARCHAR" />
    <result column="ADDFILENAMES" property="addfilename" jdbcType="VARCHAR" />
  </resultMap>
  
  <sql id="Base_Column_List">
    B2C_SHOPPERBARGAIN_ID, OPERATIONTYPEID, OPERATIONTYPE, BARGAINCODE, INDUSTRY, MANAGEMENT, 
    DRAWBACKFLAG, DRAWBACKFLAGBE, FOOTFLAG, FOOTFLAGBE, JINPOUNDAGE, FOOTFREQ, FOOTFREQBE, 
    FOOTAMOUNT, ASSUREAMOUNT, DREDGEAMOUNT, SERVICEAMOUNT, FOOTTRANSSIDE, PASSNO3D, APITYPE, 
    WRITEBARGAIN, WRITEOPERID, WRITEOPER, BARGAINABILITY, BARGAINBDATE, BARGAINEDATE, 
    BARGAINRDATE, SHOPPERID, CREATED, FOOTTRANSSIDESU, BARGAIN, POUNDAGE, RETURNFLAG, 
    RETURNPOUND, RETURNFLAGSU, AUTORCVURL, APITYPEID, SVERIFY, OPERUSERID, OPERUSERNAME, 
    SUBSIDIARID, BARGAINID, POUNDTYPE, INDEPBANKSHOPID, RETURNURL, INHERITEDFLAG, INHERBARGAINID, 
    INVALIDATE, MANAGE, MANAGER, NOTES, CREDEDATE, BASECOST,STDFILENAME,ADDFILENAMES
  </sql>
  <select id="selectByPrimaryKey" parameterType="java.math.BigDecimal" resultMap="BaseResultMap">
    select 
    <include refid="Base_Column_List" />
    from B2C_SHOPPERBARGAIN_temp
    where B2C_SHOPPERBARGAIN_ID = #{b2cShopperbargainId,jdbcType=DECIMAL}
  </select>
  <delete id="deleteByPrimaryKey" parameterType="java.math.BigDecimal">
    <!--
      WARNING - @mbggenerated
      This element is automatically generated by MyBatis Generator, do not modify.
      This element was generated on Mon May 05 18:20:31 CST 2014.
    -->
    delete from B2C_SHOPPERBARGAIN_temp
    where B2C_SHOPPERBARGAIN_ID = #{b2cShopperbargainId,jdbcType=DECIMAL}
  </delete>
  
   <select id="selectByShopperbiId" parameterType="java.lang.Long" resultMap="BaseResultMap">
    select 
    <include refid="Base_Column_List" />
    from B2C_SHOPPERBARGAIN_temp
    where SHOPPERID = #{shopperbiId,jdbcType=DECIMAL}
  </select>
  <insert id="insert" parameterType="com.uns.model.B2cShopperbargainTemp" useGeneratedKeys="true" keyProperty="b2cShopperbargainId">
  	 <selectKey resultType="java.lang.Long" keyProperty="b2cShopperbargainId" order="BEFORE">
      SELECT B2C_SHOPPERBARGAIN_SEQ.NEXTVAL FROM DUAL
      </selectKey>
    insert into B2C_SHOPPERBARGAIN_temp (B2C_SHOPPERBARGAIN_ID, OPERATIONTYPEID, 
      OPERATIONTYPE, BARGAINCODE, INDUSTRY, 
      MANAGEMENT, DRAWBACKFLAG, DRAWBACKFLAGBE, 
      FOOTFLAG, FOOTFLAGBE, JINPOUNDAGE, 
      FOOTFREQ, FOOTFREQBE, FOOTAMOUNT, 
      ASSUREAMOUNT, DREDGEAMOUNT, SERVICEAMOUNT, 
      FOOTTRANSSIDE, PASSNO3D, APITYPE, 
      WRITEBARGAIN, WRITEOPERID, WRITEOPER, 
      BARGAINABILITY, BARGAINBDATE, BARGAINEDATE, 
      BARGAINRDATE, SHOPPERID, CREATED, 
      FOOTTRANSSIDESU, BARGAIN, POUNDAGE, 
      RETURNFLAG, RETURNPOUND, RETURNFLAGSU, 
      AUTORCVURL, APITYPEID, SVERIFY, 
      OPERUSERID, OPERUSERNAME, SUBSIDIARID, 
      BARGAINID, POUNDTYPE, INDEPBANKSHOPID, 
      RETURNURL, INHERITEDFLAG, INHERBARGAINID, 
      INVALIDATE, MANAGE, MANAGER, 
      NOTES, CREDEDATE, BASECOST,STDFILENAME,ADDFILENAMES
      )
    values (#{b2cShopperbargainId,jdbcType=DECIMAL}, #{operationtypeid,jdbcType=DECIMAL}, 
      #{operationtype,jdbcType=VARCHAR}, #{bargaincode,jdbcType=VARCHAR}, #{industry,jdbcType=VARCHAR}, 
      #{management,jdbcType=VARCHAR}, #{drawbackflag,jdbcType=DECIMAL}, #{drawbackflagbe,jdbcType=VARCHAR}, 
      #{footflag,jdbcType=DECIMAL}, #{footflagbe,jdbcType=VARCHAR}, #{jinpoundage,jdbcType=DECIMAL}, 
      #{footfreq,jdbcType=DECIMAL}, #{footfreqbe,jdbcType=VARCHAR}, #{footamount,jdbcType=DECIMAL}, 
      #{assureamount,jdbcType=DECIMAL}, #{dredgeamount,jdbcType=DECIMAL}, #{serviceamount,jdbcType=DECIMAL}, 
      #{foottransside,jdbcType=DECIMAL}, #{passno3d,jdbcType=CHAR}, #{apitype,jdbcType=VARCHAR}, 
      #{writebargain,jdbcType=DATE}, #{writeoperid,jdbcType=VARCHAR}, #{writeoper,jdbcType=VARCHAR}, 
      #{bargainability,jdbcType=DECIMAL}, #{bargainbdate,jdbcType=DATE}, #{bargainedate,jdbcType=DATE}, 
      #{bargainrdate,jdbcType=DATE}, #{shopperid,jdbcType=VARCHAR}, #{created,jdbcType=DATE}, 
      #{foottranssidesu,jdbcType=VARCHAR}, #{bargain,jdbcType=VARCHAR}, #{poundage,jdbcType=DECIMAL}, 
      #{returnflag,jdbcType=DECIMAL}, #{returnpound,jdbcType=DECIMAL}, #{returnflagsu,jdbcType=VARCHAR}, 
      #{autorcvurl,jdbcType=VARCHAR}, #{apitypeid,jdbcType=DECIMAL}, #{sverify,jdbcType=VARCHAR}, 
      #{operuserid,jdbcType=VARCHAR}, #{operusername,jdbcType=VARCHAR}, #{subsidiarid,jdbcType=DECIMAL}, 
      #{bargainid,jdbcType=DECIMAL}, #{poundtype,jdbcType=DECIMAL}, #{indepbankshopid,jdbcType=DECIMAL}, 
      #{returnurl,jdbcType=VARCHAR}, #{inheritedflag,jdbcType=DECIMAL}, #{inherbargainid,jdbcType=VARCHAR}, 
      #{invalidate,jdbcType=DATE}, #{manage,jdbcType=VARCHAR}, #{manager,jdbcType=VARCHAR}, 
      #{notes,jdbcType=VARCHAR}, #{crededate,jdbcType=DATE}, #{basecost,jdbcType=DECIMAL}, #{stdfilename,jdbcType=VARCHAR}, #{addfilename,jdbcType=VARCHAR}
      )
  </insert>
  
  <!--根据商户编号修改记录  -->
  <update id="updateByShopperId" parameterType="com.uns.model.B2cShopperbargainTemp">
    update B2C_SHOPPERBARGAIN_temp
    <set>
      <if test="operationtypeid != null">
        OPERATIONTYPEID = #{operationtypeid,jdbcType=DECIMAL},
      </if>
      <if test="operationtype != null">
        OPERATIONTYPE = #{operationtype,jdbcType=VARCHAR},
      </if>
      <if test="bargaincode != null">
        BARGAINCODE = #{bargaincode,jdbcType=VARCHAR},
      </if>
      <if test="industry != null">
        INDUSTRY = #{industry,jdbcType=VARCHAR},
      </if>
      <if test="management != null">
        MANAGEMENT = #{management,jdbcType=VARCHAR},
      </if>
      <if test="drawbackflag != null">
        DRAWBACKFLAG = #{drawbackflag,jdbcType=DECIMAL},
      </if>
      <if test="drawbackflagbe != null">
        DRAWBACKFLAGBE = #{drawbackflagbe,jdbcType=VARCHAR},
      </if>
      <if test="footflag != null">
        FOOTFLAG = #{footflag,jdbcType=DECIMAL},
      </if>
      <if test="footflagbe != null">
        FOOTFLAGBE = #{footflagbe,jdbcType=VARCHAR},
      </if>
      <if test="jinpoundage != null">
        JINPOUNDAGE = #{jinpoundage,jdbcType=DECIMAL},
      </if>
      <if test="footfreq != null">
        FOOTFREQ = #{footfreq,jdbcType=DECIMAL},
      </if>
      <if test="footfreqbe != null">
        FOOTFREQBE = #{footfreqbe,jdbcType=VARCHAR},
      </if>
      <if test="footamount != null">
        FOOTAMOUNT = #{footamount,jdbcType=DECIMAL},
      </if>
      <if test="assureamount != null">
        ASSUREAMOUNT = #{assureamount,jdbcType=DECIMAL},
      </if>
      <if test="dredgeamount != null">
        DREDGEAMOUNT = #{dredgeamount,jdbcType=DECIMAL},
      </if>
      <if test="serviceamount != null">
        SERVICEAMOUNT = #{serviceamount,jdbcType=DECIMAL},
      </if>
      <if test="foottransside != null">
        FOOTTRANSSIDE = #{foottransside,jdbcType=DECIMAL},
      </if>
      <if test="passno3d != null">
        PASSNO3D = #{passno3d,jdbcType=CHAR},
      </if>
      <if test="apitype != null">
        APITYPE = #{apitype,jdbcType=VARCHAR},
      </if>
      <if test="writebargain != null">
        WRITEBARGAIN = #{writebargain,jdbcType=DATE},
      </if>
      <if test="writeoperid != null">
        WRITEOPERID = #{writeoperid,jdbcType=VARCHAR},
      </if>
      <if test="writeoper != null">
        WRITEOPER = #{writeoper,jdbcType=VARCHAR},
      </if>
      <if test="bargainability != null">
        BARGAINABILITY = #{bargainability,jdbcType=DECIMAL},
      </if>
      <if test="bargainbdate != null">
        BARGAINBDATE = #{bargainbdate,jdbcType=DATE},
      </if>
      <if test="bargainedate != null">
        BARGAINEDATE = #{bargainedate,jdbcType=DATE},
      </if>
      <if test="bargainrdate != null">
        BARGAINRDATE = #{bargainrdate,jdbcType=DATE},
      </if>
      <if test="created != null">
        CREATED = #{created,jdbcType=DATE},
      </if>
      <if test="foottranssidesu != null">
        FOOTTRANSSIDESU = #{foottranssidesu,jdbcType=VARCHAR},
      </if>
      <if test="bargain != null">
        BARGAIN = #{bargain,jdbcType=VARCHAR},
      </if>
      <if test="poundage != null">
        POUNDAGE = #{poundage,jdbcType=DECIMAL},
      </if>
      <if test="returnflag != null">
        RETURNFLAG = #{returnflag,jdbcType=DECIMAL},
      </if>
      <if test="returnpound != null">
        RETURNPOUND = #{returnpound,jdbcType=DECIMAL},
      </if>
      <if test="returnflagsu != null">
        RETURNFLAGSU = #{returnflagsu,jdbcType=VARCHAR},
      </if>
      <if test="autorcvurl != null">
        AUTORCVURL = #{autorcvurl,jdbcType=VARCHAR},
      </if>
      <if test="apitypeid != null">
        APITYPEID = #{apitypeid,jdbcType=DECIMAL},
      </if>
      <if test="sverify != null">
        SVERIFY = #{sverify,jdbcType=VARCHAR},
      </if>
      <if test="operuserid != null">
        OPERUSERID = #{operuserid,jdbcType=VARCHAR},
      </if>
      <if test="operusername != null">
        OPERUSERNAME = #{operusername,jdbcType=VARCHAR},
      </if>
      <if test="subsidiarid != null">
        SUBSIDIARID = #{subsidiarid,jdbcType=DECIMAL},
      </if>
      <if test="bargainid != null">
        BARGAINID = #{bargainid,jdbcType=DECIMAL},
      </if>
      <if test="poundtype != null">
        POUNDTYPE = #{poundtype,jdbcType=DECIMAL},
      </if>
      <if test="indepbankshopid != null">
        INDEPBANKSHOPID = #{indepbankshopid,jdbcType=DECIMAL},
      </if>
      <if test="returnurl != null">
        RETURNURL = #{returnurl,jdbcType=VARCHAR},
      </if>
      <if test="inheritedflag != null">
        INHERITEDFLAG = #{inheritedflag,jdbcType=DECIMAL},
      </if>
      <if test="inherbargainid != null">
        INHERBARGAINID = #{inherbargainid,jdbcType=VARCHAR},
      </if>
      <if test="invalidate != null">
        INVALIDATE = #{invalidate,jdbcType=DATE},
      </if>
      <if test="manage != null">
        MANAGE = #{manage,jdbcType=VARCHAR},
      </if>
      <if test="manager != null">
        MANAGER = #{manager,jdbcType=VARCHAR},
      </if>
      <if test="notes != null">
        NOTES = #{notes,jdbcType=VARCHAR},
      </if>
      <if test="crededate != null">
        CREDEDATE = #{crededate,jdbcType=DATE},
      </if>
      <if test="basecost != null">
        BASECOST = #{basecost,jdbcType=DECIMAL},
      </if>
      <if test="stdfilename != null">
      STDFILENAME = #{stdfilename,jdbcType=VARCHAR},
      </if>
      <if test="addfilename != null">
      ADDFILENAMES = #{addfilename,jdbcType=VARCHAR}
      </if>
    </set>
    where SHOPPERID = #{shopperid,jdbcType=VARCHAR}
  </update>
  <update id="updateByPrimaryKey" parameterType="com.uns.model.B2cShopperbargainTemp">
    set OPERATIONTYPEID = #{operationtypeid,jdbcType=DECIMAL},
      OPERATIONTYPE = #{operationtype,jdbcType=VARCHAR},
      BARGAINCODE = #{bargaincode,jdbcType=VARCHAR},
      INDUSTRY = #{industry,jdbcType=VARCHAR},
      MANAGEMENT = #{management,jdbcType=VARCHAR},
      DRAWBACKFLAG = #{drawbackflag,jdbcType=DECIMAL},
      DRAWBACKFLAGBE = #{drawbackflagbe,jdbcType=VARCHAR},
      FOOTFLAG = #{footflag,jdbcType=DECIMAL},
      FOOTFLAGBE = #{footflagbe,jdbcType=VARCHAR},
      JINPOUNDAGE = #{jinpoundage,jdbcType=DECIMAL},
      FOOTFREQ = #{footfreq,jdbcType=DECIMAL},
      FOOTFREQBE = #{footfreqbe,jdbcType=VARCHAR},
      FOOTAMOUNT = #{footamount,jdbcType=DECIMAL},
      ASSUREAMOUNT = #{assureamount,jdbcType=DECIMAL},
      DREDGEAMOUNT = #{dredgeamount,jdbcType=DECIMAL},
      SERVICEAMOUNT = #{serviceamount,jdbcType=DECIMAL},
      FOOTTRANSSIDE = #{foottransside,jdbcType=DECIMAL},
      PASSNO3D = #{passno3d,jdbcType=CHAR},
      APITYPE = #{apitype,jdbcType=VARCHAR},
      WRITEBARGAIN = #{writebargain,jdbcType=DATE},
      WRITEOPERID = #{writeoperid,jdbcType=VARCHAR},
      WRITEOPER = #{writeoper,jdbcType=VARCHAR},
      BARGAINABILITY = #{bargainability,jdbcType=DECIMAL},
      BARGAINBDATE = #{bargainbdate,jdbcType=DATE},
      BARGAINEDATE = #{bargainedate,jdbcType=DATE},
      BARGAINRDATE = #{bargainrdate,jdbcType=DATE},
      SHOPPERID = #{shopperid,jdbcType=VARCHAR},
      CREATED = #{created,jdbcType=DATE},
      FOOTTRANSSIDESU = #{foottranssidesu,jdbcType=VARCHAR},
      BARGAIN = #{bargain,jdbcType=VARCHAR},
      POUNDAGE = #{poundage,jdbcType=DECIMAL},
      RETURNFLAG = #{returnflag,jdbcType=DECIMAL},
      RETURNPOUND = #{returnpound,jdbcType=DECIMAL},
      RETURNFLAGSU = #{returnflagsu,jdbcType=VARCHAR},
      AUTORCVURL = #{autorcvurl,jdbcType=VARCHAR},
      APITYPEID = #{apitypeid,jdbcType=DECIMAL},
      SVERIFY = #{sverify,jdbcType=VARCHAR},
      OPERUSERID = #{operuserid,jdbcType=VARCHAR},
      OPERUSERNAME = #{operusername,jdbcType=VARCHAR},
      SUBSIDIARID = #{subsidiarid,jdbcType=DECIMAL},
      BARGAINID = #{bargainid,jdbcType=DECIMAL},
      POUNDTYPE = #{poundtype,jdbcType=DECIMAL},
      INDEPBANKSHOPID = #{indepbankshopid,jdbcType=DECIMAL},
      RETURNURL = #{returnurl,jdbcType=VARCHAR},
      INHERITEDFLAG = #{inheritedflag,jdbcType=DECIMAL},
      INHERBARGAINID = #{inherbargainid,jdbcType=VARCHAR},
      INVALIDATE = #{invalidate,jdbcType=DATE},
      MANAGE = #{manage,jdbcType=VARCHAR},
      MANAGER = #{manager,jdbcType=VARCHAR},
      NOTES = #{notes,jdbcType=VARCHAR},
      CREDEDATE = #{crededate,jdbcType=DATE},
      BASECOST = #{basecost,jdbcType=DECIMAL}
    where B2C_SHOPPERBARGAIN_ID = #{b2cShopperbargainId,jdbcType=DECIMAL}
  </update>
</mapper>