<?xml version="1.0" encoding="UTF-8" ?>
<!DOCTYPE mapper PUBLIC "-//mybatis.org//DTD Mapper 3.0//EN" "http://mybatis.org/dtd/mybatis-3-mapper.dtd" >
<mapper namespace="com.uns.dao.B2cTempTermBinderMapper" >
  <resultMap id="BaseResultMap" type="com.uns.model.B2cTempTermBinder" >
    <result column="MERCHANT_NO" property="merchantNo" jdbcType="VARCHAR" />
    <result column="TERM_NO" property="termNo" jdbcType="VARCHAR" />
    <result column="CREATE_DATE" property="createDate" jdbcType="TIMESTAMP" />
    <result column="STATUS" property="status" jdbcType="VARCHAR" />
    <result column="FIRST_VERIFY" property="firstVerify" jdbcType="VARCHAR" />
    <result column="LAST_VERIFY" property="lastVerify" jdbcType="VARCHAR" />
    <result column="REMARK" property="remark" jdbcType="VARCHAR" />
  </resultMap>
  <sql id="Base_Column_List" >
    MERCHANT_NO, TERM_NO, CREATE_DATE, STATUS,FIRST_VERIFY,LAST_VERIFY,REMARK
  </sql>
  <!-- 根据商户编号查询-->
  <select id="selectTempBinderList" resultType="java.util.HashMap" parameterType="java.lang.String" >
	 select 
    bt.NUM,bt.TERMINALID
    from B2C_TEMP_TERM_BINDER bi,b2c_terminal bt where 
     bi.term_no=bt.terminalid and 
    bi.MERCHANT_NO=#{merchantNo,jdbcType=VARCHAR}
  </select>
   <!-- 根据商户编号查询该商户添加的终端-->
  <select id="selectNewBinder" resultType="java.util.HashMap" parameterType="java.lang.String" >
     select 
    bt.NUM,bt.TERMINALID
    from B2C_TEMP_TERM_BINDER bi,b2c_terminal bt where 
     bi.term_no=bt.terminalid and bi.STATUS='1' and
    bi.MERCHANT_NO=#{merchantNo,jdbcType=VARCHAR}
  </select>
 
  <!--根据商户编号，删除记录 -->
  <delete id="deleteByTermno" parameterType="java.lang.String">
  	delete from B2C_TEMP_TERM_BINDER
    where TERM_NO = #{termno,jdbcType=VARCHAR}
  </delete>
  
    <!--根据商户编号，删除记录 -->
  <delete id="deleteByMerchantNo" parameterType="java.lang.String">
  	delete from B2C_TEMP_TERM_BINDER
    where MERCHANT_NO = #{merchantNo,jdbcType=VARCHAR}
  </delete>
  
    <!--根据shopperid查询记录  -->
   <select id="selectByTempBinder" parameterType="java.lang.String" resultMap="BaseResultMap">
	   select 
	    <include refid="Base_Column_List" />
	    from B2C_TEMP_TERM_BINDER
	    where TERM_NO = #{termNo,jdbcType=DECIMAL}
   </select>
  
  <!--根据商户编号，修改可以绑定 -->
  <update id="updateTermBinder" parameterType="com.uns.model.B2cTempTermBinder">
	  	update B2C_TEMP_TERM_BINDER
	    <set>
	      <if test="status != null">
	        STATUS = #{status,jdbcType=VARCHAR},
	      </if>
	    </set>
	    where TERM_NO = #{termNo,jdbcType=DECIMAL}
  </update>
   
  <!--商户想添加的终端-->
  <insert id="insert" parameterType="com.uns.model.B2cTempTermBinder" >
    insert into B2C_TEMP_TERM_BINDER (
    MERCHANT_NO, TERM_NO, CREATE_DATE, STATUS,FIRST_VERIFY,LAST_VERIFY,REMARK
      )
    values (#{merchantNo,jdbcType=VARCHAR}, 
    #{termNo,jdbcType=VARCHAR}, 
    #{createDate,jdbcType=TIMESTAMP},
     #{status,jdbcType=VARCHAR}
     #{firstVerify,jdbcType=VARCHAR}
     #{lastVerify,jdbcType=VARCHAR}
     #{REMARK,jdbcType=VARCHAR}
      )
  </insert>

	<!--终端信息 ZT -->
	<select id="showdeviceList" parameterType="com.uns.web.form.ShopPerbiForm" resultType="java.util.HashMap">
		SELECT
		B.MERCHANT_NO,
		B.TERM_NO,
		B.CREATE_DATE,
		decode(B.FIRST_VERIFY,	  '0',   '未审核',   '1',  '已通过',      '2',  '未通过' ) FIRST,
	    decode(B.LAST_VERIFY,	  '0',   '未审核',   '1',  '已通过',      '2',  '未通过' ) LAST,
		B.REMARK,
		B.LAST_VERIFY,
		B.FIRST_VERIFY,
		T.SHOPPERID_P,
		t.shopperid,
		t.scompany,
		t.stel,
		(select BS.SCOMPANY from B2C_AGENT BS where T.shopperid_p = BS.SHOPPERID)	AGENTNAME,
		(select BS.STEL from B2C_AGENT BS where T.shopperid_p = BS.SHOPPERID)	AGENTTEL,
		(select b.shopperid from b2c_agent b where b.shopperid_p is null START WITH	b.SHOPPERID = t.shopperid_p
		CONNECT BY b.shopperid = PRIOR b.shopperid_p) as PAGENTID,
		(select b.SCOMPANY from b2c_agent b where b.shopperid_p is null START WITH	b.SHOPPERID = t.shopperid_p
		CONNECT BY b.shopperid = PRIOR b.shopperid_p) as PAGENTNAME,
		(select b.stel from b2c_agent b where b.shopperid_p is null	START WITH b.SHOPPERID = t.shopperid_p
		CONNECT BY b.shopperid = PRIOR b.shopperid_p) as PAGENTTEL,
	   	(select BS.SCOMPANY from B2C_AGENT BS where T.shopperid_p=BS.SHOPPERID )
			SAGENTID
		FROM B2C_TEMP_TERM_BINDER B,B2C_SHOPPERBI T
		where 1=1
		and B.MERCHANT_NO=T.SHOPPERID
			<if test='belongsAgent!=null and belongsAgent!=""'>   
		      <if test='checkAgents==true'>
			       and  t.shopperid_p in (
			         select b.shopperid from b2c_agent b   
			      START WITH b.SHOPPERID =#{shopperid_p,jdbcType=DECIMAL}  CONNECT BY PRIOR b.shopperid = b.shopperid_p)
		  		</if>
			 <if test='checkAgents==false'>
				<if test='shopperid_p!=null and shopperid_p!=""'>
					AND T.SHOPPERID_P=#{shopperid_p}
				</if>
			</if>
			</if>		 
			<if test='merchantNo!=null and merchantNo!=""'>
				and B.MERCHANT_NO=#{merchantNo,jdbcType=VARCHAR}  
			</if>
			<if test='firstVerify!=null and firstVerify!=""'>  
				and B.FIRST_VERIFY=#{firstVerify,jdbcType=VARCHAR}     
			</if>
			<if test='lastVerify!=null and lastVerify!=""'>
				and B.LAST_VERIFY=#{lastVerify,jdbcType=VARCHAR}     
			</if>
			<if test='termNo !=null and termNo!=""'>  
				AND B.TERM_NO=#{termNo,jdbcType=VARCHAR}    
			</if>
			<if test='createdStart != null and createdStart!="" '>
				AND to_char(B.CREATE_DATE,'yyyy-MM-dd HH24:mi:ss')<![CDATA[ >= #{createdStart,jdbcType=TIMESTAMP} ]]>  
			</if>
			<if test='createdEnd != null and createdEnd!="" '>
				AND to_char(B.CREATE_DATE,'yyyy-MM-dd HH24:mi:ss')<![CDATA[ <= #{createdEnd,jdbcType=TIMESTAMP} ]]>  
			</if>
	
			ORDER BY B.CREATE_DATE DESC
	</select>
  
  
   <!--初审 zt  -->
   <select id="selectfirstCount"  resultType="java.lang.String"  >
	   select 
	    count(*) 
	    from B2C_TEMP_TERM_BINDER bc
	    where bc.FIRST_VERIFY = 0 
    </select> 
    
    
     <!--复审 zt  -->
   <select id="selectlastCount"  resultType="java.lang.String" >
	   select 
	    count(*) 
	    from B2C_TEMP_TERM_BINDER bc
	    where bc.LAST_VERIFY = 0 
    </select> 
    
   <!--根据设备号查询记录  -->
   <select id="selectbyterm" parameterType="java.lang.String" resultMap="BaseResultMap">
	   select 
	    <include refid="Base_Column_List" />
	    from B2C_TEMP_TERM_BINDER
	    where TERM_NO = #{termNo,jdbcType=DECIMAL}
   </select>
    
    
    
    <!--根据设备号查询记录  -->
   <update id="updateterm" parameterType="com.uns.model.B2cTempTermBinder" >
	    update B2C_TEMP_TERM_BINDER
    <set>
      <if test="merchantNo != null">
        MERCHANT_NO = #{merchantNo,jdbcType=VARCHAR},
      </if>
       <if test="termNo != null">
        TERM_NO = #{termNo,jdbcType=VARCHAR},
      </if>
       <if test="createDate != null">
        CREATE_DATE = #{createDate,jdbcType=TIMESTAMP},
      </if>
       <if test="status != null">
        STATUS = #{status,jdbcType=VARCHAR},
      </if>
       <if test="firstVerify != null">
        FIRST_VERIFY = #{firstVerify,jdbcType=VARCHAR},
      </if>
       <if test="lastVerify != null">
        LAST_VERIFY = #{lastVerify,jdbcType=VARCHAR},
      </if>
       <if test="remark != null">
        REMARK = #{remark,jdbcType=VARCHAR},
      </if>
   </set>
    where TERM_NO = #{termNo,jdbcType=VARCHAR}
  </update>

    
   

</mapper>