<?xml version="1.0" encoding="UTF-8" ?>
<!DOCTYPE mapper PUBLIC "-//mybatis.org//DTD Mapper 3.0//EN" "mybatis-3-mapper.dtd" >
<mapper namespace="com.uns.dao.B2cTranhisMapper" >
  <resultMap id="BaseResultMap" type="com.uns.model.B2cTranhis" >
    <id column="TRANID" property="tranid" jdbcType="VARCHAR" />
    <result column="TERMINALID" property="terminalid" jdbcType="VARCHAR" />
    <result column="MERCHANTID" property="merchantid" jdbcType="VARCHAR" />
    <result column="OLDTRANID" property="oldtranid" jdbcType="VARCHAR" />
    <result column="CARDNO" property="cardno" jdbcType="VARCHAR" />
    <result column="CARDID" property="cardid" jdbcType="VARCHAR" />
    <result column="ENRYPTCARD" property="enryptcard" jdbcType="VARCHAR" />
    <result column="AMOUNT" property="amount" jdbcType="DECIMAL" />
    <result column="REAMOUNT" property="reamount" jdbcType="DECIMAL" />
    <result column="BATCHNUMBER" property="batchnumber" jdbcType="DECIMAL" />
    <result column="TRANNUMBER" property="trannumber" jdbcType="VARCHAR" />
    <result column="RRN" property="rrn" jdbcType="VARCHAR" />
    <result column="TRANDATE" property="trandate" jdbcType="VARCHAR" />
    <result column="TRANTIME" property="trantime" jdbcType="VARCHAR" />
    <result column="LOCALDATE" property="localdate" jdbcType="VARCHAR" />
    <result column="LOCALTIME" property="localtime" jdbcType="VARCHAR" />
    <result column="TRANTYPE" property="trantype" jdbcType="VARCHAR" />
    <result column="TRANFLAG" property="tranflag" jdbcType="VARCHAR" />
    <result column="BANKDATE" property="bankdate" jdbcType="VARCHAR" />
    <result column="RETURNCODE" property="returncode" jdbcType="VARCHAR" />
    <result column="AUTHNO" property="authno" jdbcType="VARCHAR" />
    <result column="SETTLEFLAG" property="settleflag" jdbcType="VARCHAR" />
    <result column="BANKFEE" property="bankfee" jdbcType="DECIMAL" />
    <result column="OPERATORID" property="operatorid" jdbcType="VARCHAR" />
    <result column="CARDEXP" property="cardexp" jdbcType="VARCHAR" />
    <result column="TYPE" property="type" jdbcType="VARCHAR" />
    <result column="NODEID" property="nodeid" jdbcType="VARCHAR" />
    <result column="BIZID" property="bizid" jdbcType="VARCHAR" />
    <result column="NAME" property="name" jdbcType="VARCHAR" />
    <result column="CERTIFICATE" property="certificate" jdbcType="VARCHAR" />
    <result column="PHONE" property="phone" jdbcType="VARCHAR" />
    <result column="VERSION" property="version" jdbcType="VARCHAR" />
    <result column="NOTE" property="note" jdbcType="VARCHAR" />
    <result column="BIZINFO" property="bizinfo" jdbcType="VARCHAR" />
    <result column="BANKTIME" property="banktime" jdbcType="VARCHAR" />
    <result column="BANKMERCHANT" property="bankmerchant" jdbcType="VARCHAR" />
    <result column="BANKTERMINAL" property="bankterminal" jdbcType="VARCHAR" />
    <result column="OPFLAG" property="opflag" jdbcType="VARCHAR" />
    <result column="CBOPERATORID" property="cboperatorid" jdbcType="VARCHAR" />
    <result column="REASON" property="reason" jdbcType="VARCHAR" />
    <result column="PJCODE" property="pjcode" jdbcType="VARCHAR" />
    <result column="CERTIFICATE_TYPE" property="certificateType" jdbcType="VARCHAR" />
    <result column="API_LANGUAGE" property="apiLanguage" jdbcType="VARCHAR" />
    <result column="API_VERSION" property="apiVersion" jdbcType="VARCHAR" />
    <result column="API_TYPE" property="apiType" jdbcType="VARCHAR" />
    <result column="UPDATETIME" property="updatetime" jdbcType="VARCHAR" />
    <result column="UPDATEDATE" property="updatedate" jdbcType="VARCHAR" />
    <result column="SERVICE_TYPE" property="serviceType" jdbcType="VARCHAR" />
    <result column="RISKNOTE" property="risknote" jdbcType="VARCHAR" />
    <result column="BANKBATCH" property="bankbatch" jdbcType="VARCHAR" />
    <result column="BANKCODE" property="bankcode" jdbcType="VARCHAR" />
    <result column="TRADEFLAG" property="tradeflag" jdbcType="VARCHAR" />
    <result column="REFUSEFLAG" property="refuseflag" jdbcType="VARCHAR" />
    <result column="CVV" property="cvv" jdbcType="VARCHAR" />
    <result column="SETTLETIME" property="settletime" jdbcType="VARCHAR" />
    <result column="ORGCODE" property="orgcode" jdbcType="VARCHAR" />
    
    <association property="shopperbi"  
	            resultMap="com.uns.dao.B2cShopperbiMapper.BaseResultMap" />

    <association property="terminal"  
	            resultMap="com.uns.dao.B2cTerminalMapper.BaseResultMap" />
  </resultMap>
  <sql id="Base_Column_List" >
    TRANID, TERMINALID, MERCHANTID, OLDTRANID, CARDNO, CARDID, ENRYPTCARD, AMOUNT, REAMOUNT, 
    BATCHNUMBER, TRANNUMBER, "RRN", TRANDATE, TRANTIME, LOCALDATE, "LOCALTIME", TRANTYPE, 
    TRANFLAG, BANKDATE, RETURNCODE, AUTHNO, SETTLEFLAG, BANKFEE, OPERATORID, CARDEXP, 
    "TYPE", NODEID, BIZID, "NAME", CERTIFICATE, PHONE, VERSION, NOTE, BIZINFO, BANKTIME, 
    BANKMERCHANT, BANKTERMINAL, OPFLAG, CBOPERATORID, REASON, PJCODE, CERTIFICATE_TYPE, 
    API_LANGUAGE, API_VERSION, API_TYPE, UPDATETIME, UPDATEDATE, SERVICE_TYPE, RISKNOTE, 
    BANKBATCH, BANKCODE, TRADEFLAG, REFUSEFLAG, CVV, SETTLETIME, ORGCODE
  </sql>
  
  <!-- 历史交易查询 -->
  <select id="findTradeSbList" parameterType="com.uns.web.form.TradeForm" resultType="java.util.Map">
            select b.TRANID,
                   b.TERMINALID,
                   b.OLDTRANID,
                   b.CARDNO,
                   b.CARDID,
                   b.ENRYPTCARD,
                   b.AMOUNT/100 as AMOUNT,
                   b.REAMOUNT,
                   b.BATCHNUMBER,
                   b.TRANNUMBER,
                   b.RRN,
                   b.TRANDATE,
                   b.TRANTIME,
                   b.LOCALDATE,
                   b.LOCALTIME,
                   b.TRANTYPE,
                   b.TRANFLAG,
                   b.BANKDATE,
                   b.RETURNCODE,
                   b.AUTHNO,
                   b.SETTLEFLAG,
                   b.BANKFEE,
                   b.OPERATORID,
                   b.CARDEXP,
                   b.TYPE,
                   b.NODEID,
                   b.BIZID,
                   b.NAME,
                   b.CERTIFICATE,
                   b.PHONE,
                   b.VERSION,
                   b.NOTE,
                   b.BIZINFO,
                   b.BANKTIME,
                   b.BANKMERCHANT,
                   b.BANKTERMINAL,
                   b.OPFLAG,
                   b.CBOPERATORID,
                   b.REASON,
                   b.PJCODE,
                   b.CERTIFICATE_TYPE,
                   b.API_LANGUAGE,
                   b.API_VERSION,
                   b.API_TYPE,
                   b.UPDATETIME,
                   b.UPDATEDATE,
                   b.SERVICE_TYPE,
                   b.RISKNOTE,
                   b.BANKBATCH,
                   b.BANKCODE,
                   b.TRADEFLAG,
                   b.REFUSEFLAG,
                   b.CVV,
                   b.SETTLETIME,
                   b.ORGCODE,
                   bs.scompany,
                   bs.shopperid as MERCHANTID,
                   btbt.num,
                   (bsb.poundage/100) as poundage,
                   case when bsd.settle_flag=1 then (bsd.fee/100) else 0 end as pamount
              from b2c_tranhis b
              left join (select bt.terminalid, bt.num, btb.merchant_no,btb.status
                           from B2C_TERM_BINDER btb
                           left join B2c_Terminal bt
                             on btb.term_no = bt.terminalid and btb.status=0) btbt
                on btbt.terminalid = b.terminalid
              left join B2C_SHOPPERBI bs
                on bs.shopperid = btbt.merchant_no
              left join B2C_SHOPPERBARGAIN bsb
                on bsb.shopperid = bs.shopperid
              left join b2c_settle_detail bsd on bsd.tran_id=b.tranid
             where b.trantype != '9'
               and b.tranflag != '5'
               and b.trantype != '8'
               and bs.shopperid is not null

		<if test='ser_shopperids != null and ser_shopperids !=""'>
			  and bs.shopperid like '%'||#{ser_shopperids}||'%'
		</if>
		<if test='ser_tranid != null and ser_tranid !=""'>
			  and b.trannumber like '%'||#{ser_tranid}||'%'
		</if>
		<if test='ser_oldtranid != null and ser_oldtranid !=""'>
			  and b.oldtranid = #{ser_oldtranid}
		</if>
		<if test='ser_cardno != null and ser_cardno !=""'>
			  and b.cardno like '%'||#{ser_cardno}||'%'
		</if>
		<if test='ser_terminalid != null and ser_terminalid !=""'>
			  and btbt.num like '%'||#{ser_terminalid}||'%'
		</if>
		<if test='ser_transtart != null and ser_transtart != ""'>
        	  and b.trandate <![CDATA[ >= #{ser_transtart,jdbcType=VARCHAR}]]>
      	</if>
		<if test='ser_tranend != null and ser_tranend != ""'>
        	  and b.trandate <![CDATA[ <= #{ser_tranend,jdbcType=VARCHAR}]]>
      	</if>
		<if test='ser_trantype != null and ser_trantype !=""'>
			  and b.trantype = #{ser_trantype}
		</if>
		<if test='ser_tranflag != null and ser_tranflag !=""'>
			  and b.tranflag = #{ser_tranflag}
		</if>
      	<if test='ser_amount_start != null and ser_amount_start != ""'>
        	  and b.amount <![CDATA[ >= #{ser_amount_start}]]>
      	</if>
		<if test='ser_amount_end != null and ser_amount_end != ""'>
        	  and b.amount <![CDATA[ <= #{ser_amount_end}]]>
      	</if>
      	<if test='ser_bankfee_start != null and ser_bankfee_start != ""'>
        	  and (bsb.poundage * b.amount) <![CDATA[ >= #{ser_bankfee_start}]]>
      	</if>
		<if test='ser_bankfee_end != null and ser_bankfee_end != ""'>
        	  and (bsb.poundage * b.amount) <![CDATA[ <= #{ser_bankfee_end}]]>
      	</if> 
      	order by trandate desc,trantime desc
  </select>
  <!--根据终端id查询交易记录  -->
    <select id="getTradeList" parameterType="java.lang.String" resultType="java.util.Map">
            select b.TRANID,
                   b.TERMINALID,
                   b.OLDTRANID,
                   b.CARDNO,
                   b.CARDID,
                   b.ENRYPTCARD,
                   b.AMOUNT,
                   b.REAMOUNT,
                   b.BATCHNUMBER,
                   b.TRANNUMBER,
                   b."RRN",
                   b.TRANDATE,
                   b.TRANTIME,
                   b.LOCALDATE,
                   b."LOCALTIME",
                   b.TRANTYPE,
                   b.TRANFLAG,
                   b.BANKDATE,
                   b.RETURNCODE,
                   b.AUTHNO,
                   b.SETTLEFLAG,
                   b.BANKFEE,
                   b.OPERATORID,
                   b.CARDEXP,
                   b."TYPE",
                   b.NODEID,
                   b.BIZID,
                   b."NAME",
                   b.CERTIFICATE,
                   b.PHONE,
                   b.VERSION,
                   b.NOTE,
                   b.BIZINFO,
                   b.BANKTIME,
                   b.BANKMERCHANT,
                   b.BANKTERMINAL,
                   b.OPFLAG,
                   b.CBOPERATORID,
                   b.REASON,
                   b.PJCODE,
                   b.CERTIFICATE_TYPE,
                   b.API_LANGUAGE,
                   b.API_VERSION,
                   b.API_TYPE,
                   b.UPDATETIME,
                   b.UPDATEDATE,
                   b.SERVICE_TYPE,
                   b.RISKNOTE,
                   b.BANKBATCH,
                   b.BANKCODE,
                   b.TRADEFLAG,
                   b.REFUSEFLAG,
                   b.CVV,
                   b.SETTLETIME,
                   b.ORGCODE,
                   bs.scompany,
                   bs.shopperid as MERCHANTID,
                   btbt.num,
                   (bsb.poundage/100) as poundage,
                   case when bsd.settle_flag=1 then (bsd.fee/100) else 0 end as pamount
              from b2c_tranhis b
              left join (select bt.terminalid, bt.num, btb.merchant_no,btb.status
                           from B2C_TERM_BINDER btb
                           left join B2c_Terminal bt
                             on btb.term_no = bt.terminalid and btb.status=0) btbt
                on btbt.terminalid = b.terminalid
              left join B2C_SHOPPERBI bs
                on bs.shopperid = btbt.merchant_no
              left join B2C_SHOPPERBARGAIN bsb
                on bsb.shopperid = bs.shopperid
              left join b2c_settle_detail bsd on bsd.tran_id=b.tranid
             where b.trantype != '9'
               and b.tranflag != '5'
               and b.trantype != '8'
               and bs.shopperid is not null
			   and b.TERMINALID=#{terId,jdbcType=VARCHAR}
      	order by trandate desc,trantime desc
  </select>
  
  
 	<!--交易详情  -->
    <select id="findTradeById" parameterType="java.lang.String" resultType="java.util.Map">
		select  b.TRANID,
                   b.TERMINALID,
                   b.OLDTRANID,
                   b.CARDNO,
                   b.CARDID,
                   b.ENRYPTCARD,
                   b.AMOUNT/100 as AMOUNT,
                   b.REAMOUNT,
                   b.BATCHNUMBER,
                   b.TRANNUMBER,
                   b.RRN,
                   b.TRANDATE,
                   b.TRANTIME,
                   b.LOCALDATE,
                   b.LOCALTIME,
                   b.TRANTYPE,
                   b.TRANFLAG,
                   b.BANKDATE,
                   b.RETURNCODE,
                   b.AUTHNO,
                   b.SETTLEFLAG,
                   b.BANKFEE,
                   b.OPERATORID,
                   b.CARDEXP,
                   b.TYPE,
                   b.NODEID,
                   b.BIZID,
                   b.NAME,
                   b.CERTIFICATE,
                   b.PHONE,
                   b.VERSION,
                   b.NOTE,
                   b.BIZINFO,
                   b.BANKTIME,
                   b.BANKMERCHANT,
                   b.BANKTERMINAL,
                   b.OPFLAG,
                   b.CBOPERATORID,
                   b.REASON,
                   b.PJCODE,
                   b.CERTIFICATE_TYPE,
                   b.API_LANGUAGE,
                   b.API_VERSION,
                   b.API_TYPE,
                   b.UPDATETIME,
                   b.UPDATEDATE,
                   b.SERVICE_TYPE,
                   b.RISKNOTE,
                   b.BANKBATCH,
                   b.BANKCODE,
                   b.TRADEFLAG,
                   b.REFUSEFLAG,
                   b.CVV,
                   b.SETTLETIME,
                   b.ORGCODE,
				bs.scompany,
				bs.shopperid as MERCHANT_ID,
				btm.num,
				bsd.SETTLE_DATE,
				(bsb.poundage/100) as poundage,
				case when bsd.settle_flag=1 then (bsd.fee/100) else 0 end as pamount
  		from b2c_tranhis b 
  		left join b2c_term_binder bt on b.terminalid=bt.term_no 
  		left join b2c_terminal btm on bt.term_no=btm.terminalid
  		left join B2C_SHOPPERBI bs on bs.shopperid=bt.merchant_no
  		left join B2C_SHOPPERBARGAIN bsb on bsb.shopperid = bs.shopperid
  		left join b2c_settle_detail bsd on bsd.tran_id=b.tranid
 		where   b.tranid=#{tranid,jdbcType=VARCHAR}
  </select>
  <select id="getTerminalSb" parameterType="java.lang.String" resultType="java.lang.String" >
		select bt.num as terminalid from B2c_Terminal bt where bt.terminalid in
		(
        	select btb.term_no from B2C_TERM_BINDER btb where btb.status=0 and btb.merchant_no=#{shopperid,jdbcType=VARCHAR}
		)
  </select>
	<!--交易流水汇总  -->
	<select id="getb2cTranhis"  resultType="java.util.Map" parameterType="com.uns.web.form.TradeForm">
	select  
      (select count(*)
        from b2c_tranhis bt
      left join b2c_term_binder btb on btb.term_no=bt.terminalid and btb.status=0
      left join B2C_SHOPPERBI bs on bs.shopperid =btb.merchant_no
      left join (select ba.terminalid, ba.num, btb.merchant_no,btb.status
                           from B2C_TERM_BINDER btb
                           left join B2c_Terminal ba
                             on btb.term_no = ba.terminalid and btb.status=0) btbt
                on btbt.terminalid = bt.terminalid
        left join B2C_SHOPPERBARGAIN bsb
                on bsb.shopperid = bs.shopperid
       where  bt.trantype = 1
         and bt.trantype != 8
        
         and bt.tranflag != 5
         and bs.shopperid is not null 
         <if test='ser_shopperids != null and ser_shopperids !=""'>
			  and bs.shopperid like '%'||#{ser_shopperids}||'%'
		</if>
		<if test='ser_tranid != null and ser_tranid !=""'>
			  and bt.trannumber like '%'||#{ser_tranid}||'%'
		</if>
		<if test='ser_oldtranid != null and ser_oldtranid !=""'>
			  and bt.oldtranid = #{ser_oldtranid}
		</if>
		<if test='ser_cardno != null and ser_cardno !=""'>
			  and bt.cardno like '%'||#{ser_cardno}||'%'
		</if>
		<if test='ser_terminalid != null and ser_terminalid !=""'>
			  and btbt.num like '%'||#{ser_terminalid}||'%'
		</if>
		<if test='ser_transtart != null and ser_transtart != ""'>
        	  and bt.trandate <![CDATA[ >= #{ser_transtart,jdbcType=VARCHAR}]]>
      	</if>
		<if test='ser_tranend != null and ser_tranend != ""'>
        	  and bt.trandate <![CDATA[ <= #{ser_tranend,jdbcType=VARCHAR}]]>
      	</if>
		<if test='ser_trantype != null and ser_trantype !=""'>
			  and bt.trantype = #{ser_trantype}
		</if>
		<if test='ser_tranflag != null and ser_tranflag !=""'>
			  and bt.tranflag = #{ser_tranflag}
		</if>
      	<if test='ser_amount_start != null and ser_amount_start != ""'>
        	  and bt.amount <![CDATA[ >= #{ser_amount_start}]]>
      	</if>
		<if test='ser_amount_end != null and ser_amount_end != ""'>
        	  and bt.amount <![CDATA[ <= #{ser_amount_end}]]>
      	</if>
      	<if test='ser_bankfee_start != null and ser_bankfee_start != ""'>
        	  and (bsb.poundage * bt.amount) <![CDATA[ >= #{ser_bankfee_start}]]>
      	</if>
		<if test='ser_bankfee_end != null and ser_bankfee_end != ""'>
        	  and (bsb.poundage * bt.amount) <![CDATA[ <= #{ser_bankfee_end}]]>
      	</if> ) as oneNum,
         (select count(*)
        from b2c_tranhis bt
        left join b2c_term_binder btb on btb.term_no=bt.terminalid and btb.status=0
      left join B2C_SHOPPERBI bs on bs.shopperid =btb.merchant_no
       left join (select ba.terminalid, ba.num, btb.merchant_no,btb.status
                           from B2C_TERM_BINDER btb
                           left join B2c_Terminal ba
                             on btb.term_no = ba.terminalid and btb.status=0) btbt
                on btbt.terminalid = bt.terminalid
       left join B2C_SHOPPERBARGAIN bsb
                on bsb.shopperid = bs.shopperid
       where  bt.trantype = 2
         and bt.trantype != 8
        
         and bt.tranflag != 5
         and bs.shopperid is not null
         <if test='ser_shopperids != null and ser_shopperids !=""'>
			  and bs.shopperid like '%'||#{ser_shopperids}||'%'
		</if>
		<if test='ser_tranid != null and ser_tranid !=""'>
			  and bt.trannumber like '%'||#{ser_tranid}||'%'
		</if>
		<if test='ser_oldtranid != null and ser_oldtranid !=""'>
			  and bt.oldtranid = #{ser_oldtranid}
		</if>
		<if test='ser_cardno != null and ser_cardno !=""'>
			  and bt.cardno like '%'||#{ser_cardno}||'%'
		</if>
		<if test='ser_terminalid != null and ser_terminalid !=""'>
			  and btbt.num like '%'||#{ser_terminalid}||'%'
		</if>
		<if test='ser_transtart != null and ser_transtart != ""'>
        	  and bt.trandate <![CDATA[ >= #{ser_transtart,jdbcType=VARCHAR}]]>
      	</if>
		<if test='ser_tranend != null and ser_tranend != ""'>
        	  and bt.trandate <![CDATA[ <= #{ser_tranend,jdbcType=VARCHAR}]]>
      	</if>
		<if test='ser_trantype != null and ser_trantype !=""'>
			  and bt.trantype = #{ser_trantype}
		</if>
		<if test='ser_tranflag != null and ser_tranflag !=""'>
			  and bt.tranflag = #{ser_tranflag}
		</if>
      	<if test='ser_amount_start != null and ser_amount_start != ""'>
        	  and bt.amount <![CDATA[ >= #{ser_amount_start}]]>
      	</if>
		<if test='ser_amount_end != null and ser_amount_end != ""'>
        	  and bt.amount <![CDATA[ <= #{ser_amount_end}]]>
      	</if>
      	<if test='ser_bankfee_start != null and ser_bankfee_start != ""'>
        	  and (bsb.poundage * bt.amount) <![CDATA[ >= #{ser_bankfee_start}]]>
      	</if>
		<if test='ser_bankfee_end != null and ser_bankfee_end != ""'>
        	  and (bsb.poundage * bt.amount) <![CDATA[ <= #{ser_bankfee_end}]]>
      	</if>  ) as twoNum,
         
          (select count(*)
        from b2c_tranhis bt
        left join b2c_term_binder btb on btb.term_no=bt.terminalid and btb.status=0
      left join B2C_SHOPPERBI bs on bs.shopperid =btb.merchant_no
       left join (select ba.terminalid, ba.num, btb.merchant_no,btb.status
                           from B2C_TERM_BINDER btb
                           left join B2c_Terminal ba
                             on btb.term_no = ba.terminalid and btb.status=0) btbt
                on btbt.terminalid = bt.terminalid
       left join B2C_SHOPPERBARGAIN bsb
                on bsb.shopperid = bs.shopperid
       where  bt.trantype = 3
         and bt.trantype != 8
         
         and bt.tranflag != 5
         and bs.shopperid is not null
         <if test='ser_shopperids != null and ser_shopperids !=""'>
			  and bs.shopperid like '%'||#{ser_shopperids}||'%'
		</if>
		<if test='ser_tranid != null and ser_tranid !=""'>
			  and bt.trannumber like '%'||#{ser_tranid}||'%'
		</if>
		<if test='ser_oldtranid != null and ser_oldtranid !=""'>
			  and bt.oldtranid = #{ser_oldtranid}
		</if>
		<if test='ser_cardno != null and ser_cardno !=""'>
			  and bt.cardno like '%'||#{ser_cardno}||'%'
		</if>
		<if test='ser_terminalid != null and ser_terminalid !=""'>
			  and btbt.num like '%'||#{ser_terminalid}||'%'
		</if>
		<if test='ser_transtart != null and ser_transtart != ""'>
        	  and bt.trandate <![CDATA[ >= #{ser_transtart,jdbcType=VARCHAR}]]>
      	</if>
		<if test='ser_tranend != null and ser_tranend != ""'>
        	  and bt.trandate <![CDATA[ <= #{ser_tranend,jdbcType=VARCHAR}]]>
      	</if>
		<if test='ser_trantype != null and ser_trantype !=""'>
			  and bt.trantype = #{ser_trantype}
		</if>
		<if test='ser_tranflag != null and ser_tranflag !=""'>
			  and bt.tranflag = #{ser_tranflag}
		</if>
      	<if test='ser_amount_start != null and ser_amount_start != ""'>
        	  and bt.amount <![CDATA[ >= #{ser_amount_start}]]>
      	</if>
		<if test='ser_amount_end != null and ser_amount_end != ""'>
        	  and bt.amount <![CDATA[ <= #{ser_amount_end}]]>
      	</if>
      	<if test='ser_bankfee_start != null and ser_bankfee_start != ""'>
        	  and (bsb.poundage * bt.amount) <![CDATA[ >= #{ser_bankfee_start}]]>
      	</if>
		<if test='ser_bankfee_end != null and ser_bankfee_end != ""'>
        	  and (bsb.poundage * bt.amount) <![CDATA[ <= #{ser_bankfee_end}]]>
      	</if> ) as threeNum,
         
          (select count(*)
        from b2c_tranhis bt
        left join b2c_term_binder btb on btb.term_no=bt.terminalid and btb.status=0
      left join B2C_SHOPPERBI bs on bs.shopperid =btb.merchant_no
       left join (select ba.terminalid, ba.num, btb.merchant_no,btb.status
                           from B2C_TERM_BINDER btb
                           left join B2c_Terminal ba
                             on btb.term_no = ba.terminalid and btb.status=0) btbt
                on btbt.terminalid = bt.terminalid
        left join B2C_SHOPPERBARGAIN bsb
                on bsb.shopperid = bs.shopperid
       where  bt.trantype = 4
         and bt.trantype != 8
         
         and bt.tranflag != 5
         and bs.shopperid is not null
         <if test='ser_shopperids != null and ser_shopperids !=""'>
			  and bs.shopperid like '%'||#{ser_shopperids}||'%'
		</if>
		<if test='ser_tranid != null and ser_tranid !=""'>
			  and bt.trannumber like '%'||#{ser_tranid}||'%'
		</if>
		<if test='ser_oldtranid != null and ser_oldtranid !=""'>
			  and bt.oldtranid = #{ser_oldtranid}
		</if>
		<if test='ser_cardno != null and ser_cardno !=""'>
			  and bt.cardno like '%'||#{ser_cardno}||'%'
		</if>
		<if test='ser_terminalid != null and ser_terminalid !=""'>
			  and btbt.num like '%'||#{ser_terminalid}||'%'
		</if>
		<if test='ser_transtart != null and ser_transtart != ""'>
        	  and bt.trandate <![CDATA[ >= #{ser_transtart,jdbcType=VARCHAR}]]>
      	</if>
		<if test='ser_tranend != null and ser_tranend != ""'>
        	  and bt.trandate <![CDATA[ <= #{ser_tranend,jdbcType=VARCHAR}]]>
      	</if>
		<if test='ser_trantype != null and ser_trantype !=""'>
			  and bt.trantype = #{ser_trantype}
		</if>
		<if test='ser_tranflag != null and ser_tranflag !=""'>
			  and bt.tranflag = #{ser_tranflag}
		</if>
      	<if test='ser_amount_start != null and ser_amount_start != ""'>
        	  and bt.amount <![CDATA[ >= #{ser_amount_start}]]>
      	</if>
		<if test='ser_amount_end != null and ser_amount_end != ""'>
        	  and bt.amount <![CDATA[ <= #{ser_amount_end}]]>
      	</if>
      	<if test='ser_bankfee_start != null and ser_bankfee_start != ""'>
        	  and (bsb.poundage * bt.amount) <![CDATA[ >= #{ser_bankfee_start}]]>
      	</if>
		<if test='ser_bankfee_end != null and ser_bankfee_end != ""'>
        	  and (bsb.poundage * bt.amount) <![CDATA[ <= #{ser_bankfee_end}]]>
      	</if>  ) as fourNum,
        
          (select count(*)
        from b2c_tranhis bt
        left join b2c_term_binder btb on btb.term_no=bt.terminalid and btb.status=0
      left join B2C_SHOPPERBI bs on bs.shopperid =btb.merchant_no
       left join (select ba.terminalid, ba.num, btb.merchant_no,btb.status
                           from B2C_TERM_BINDER btb
                           left join B2c_Terminal ba
                             on btb.term_no = ba.terminalid and btb.status=0) btbt
                on btbt.terminalid = bt.terminalid
       left join B2C_SHOPPERBARGAIN bsb
                on bsb.shopperid = bs.shopperid
       where  bt.trantype = 5
         and bt.trantype != 8
         
         and bt.tranflag != 5
         and bs.shopperid is not null
         <if test='ser_shopperids != null and ser_shopperids !=""'>
			  and bs.shopperid like '%'||#{ser_shopperids}||'%'
		</if>
		<if test='ser_tranid != null and ser_tranid !=""'>
			  and bt.trannumber like '%'||#{ser_tranid}||'%'
		</if>
		<if test='ser_oldtranid != null and ser_oldtranid !=""'>
			  and bt.oldtranid = #{ser_oldtranid}
		</if>
		<if test='ser_cardno != null and ser_cardno !=""'>
			  and bt.cardno like '%'||#{ser_cardno}||'%'
		</if>
		<if test='ser_terminalid != null and ser_terminalid !=""'>
			  and btbt.num like '%'||#{ser_terminalid}||'%'
		</if>
		<if test='ser_transtart != null and ser_transtart != ""'>
        	  and bt.trandate <![CDATA[ >= #{ser_transtart,jdbcType=VARCHAR}]]>
      	</if>
		<if test='ser_tranend != null and ser_tranend != ""'>
        	  and bt.trandate <![CDATA[ <= #{ser_tranend,jdbcType=VARCHAR}]]>
      	</if>
		<if test='ser_trantype != null and ser_trantype !=""'>
			  and bt.trantype = #{ser_trantype}
		</if>
		<if test='ser_tranflag != null and ser_tranflag !=""'>
			  and bt.tranflag = #{ser_tranflag}
		</if>
      	<if test='ser_amount_start != null and ser_amount_start != ""'>
        	  and bt.amount <![CDATA[ >= #{ser_amount_start}]]>
      	</if>
		<if test='ser_amount_end != null and ser_amount_end != ""'>
        	  and bt.amount <![CDATA[ <= #{ser_amount_end}]]>
      	</if>
      	<if test='ser_bankfee_start != null and ser_bankfee_start != ""'>
        	  and (bsb.poundage * bt.amount) <![CDATA[ >= #{ser_bankfee_start}]]>
      	</if>
		<if test='ser_bankfee_end != null and ser_bankfee_end != ""'>
        	  and (bsb.poundage * bt.amount) <![CDATA[ <= #{ser_bankfee_end}]]>
      	</if>  ) as fiveNum,
         
             (select count(*)
        from b2c_tranhis bt
        left join b2c_term_binder btb on btb.term_no=bt.terminalid and btb.status=0
      left join B2C_SHOPPERBI bs on bs.shopperid =btb.merchant_no
       left join (select ba.terminalid, ba.num, btb.merchant_no,btb.status
                           from B2C_TERM_BINDER btb
                           left join B2c_Terminal ba
                             on btb.term_no = ba.terminalid and btb.status=0) btbt
                on btbt.terminalid = bt.terminalid
        left join B2C_SHOPPERBARGAIN bsb
                on bsb.shopperid = bs.shopperid
       where  bt.trantype = 6
         and bt.trantype != 8
        
         and bt.tranflag != 5
         and bs.shopperid is not null
         <if test='ser_shopperids != null and ser_shopperids !=""'>
			  and bs.shopperid like '%'||#{ser_shopperids}||'%'
		</if>
		<if test='ser_tranid != null and ser_tranid !=""'>
			  and bt.trannumber like '%'||#{ser_tranid}||'%'
		</if>
		<if test='ser_oldtranid != null and ser_oldtranid !=""'>
			  and bt.oldtranid = #{ser_oldtranid}
		</if>
		<if test='ser_cardno != null and ser_cardno !=""'>
			  and bt.cardno like '%'||#{ser_cardno}||'%'
		</if>
		<if test='ser_terminalid != null and ser_terminalid !=""'>
			  and btbt.num like '%'||#{ser_terminalid}||'%'
		</if>
		<if test='ser_transtart != null and ser_transtart != ""'>
        	  and bt.trandate <![CDATA[ >= #{ser_transtart,jdbcType=VARCHAR}]]>
      	</if>
		<if test='ser_tranend != null and ser_tranend != ""'>
        	  and bt.trandate <![CDATA[ <= #{ser_tranend,jdbcType=VARCHAR}]]>
      	</if>
		<if test='ser_trantype != null and ser_trantype !=""'>
			  and bt.trantype = #{ser_trantype}
		</if>
		<if test='ser_tranflag != null and ser_tranflag !=""'>
			  and bt.tranflag = #{ser_tranflag}
		</if>
      	<if test='ser_amount_start != null and ser_amount_start != ""'>
        	  and bt.amount <![CDATA[ >= #{ser_amount_start}]]>
      	</if>
		<if test='ser_amount_end != null and ser_amount_end != ""'>
        	  and bt.amount <![CDATA[ <= #{ser_amount_end}]]>
      	</if>
      	<if test='ser_bankfee_start != null and ser_bankfee_start != ""'>
        	  and (bsb.poundage * bt.amount) <![CDATA[ >= #{ser_bankfee_start}]]>
      	</if>
		<if test='ser_bankfee_end != null and ser_bankfee_end != ""'>
        	  and (bsb.poundage * bt.amount) <![CDATA[ <= #{ser_bankfee_end}]]>
      	</if>  ) as sixNum,
         
             (select count(*)
        from b2c_tranhis bt
        left join b2c_term_binder btb on btb.term_no=bt.terminalid and btb.status=0
      left join B2C_SHOPPERBI bs on bs.shopperid =btb.merchant_no
       left join (select ba.terminalid, ba.num, btb.merchant_no,btb.status
                           from B2C_TERM_BINDER btb
                           left join B2c_Terminal ba
                             on btb.term_no = ba.terminalid and btb.status=0) btbt
                on btbt.terminalid = bt.terminalid
       left join B2C_SHOPPERBARGAIN bsb
                on bsb.shopperid = bs.shopperid
       where  bt.trantype = 7
         and bt.trantype != 8
        
         and bt.tranflag != 5
         and bs.shopperid is not null
        <if test='ser_shopperids != null and ser_shopperids !=""'>
			  and bs.shopperid like '%'||#{ser_shopperids}||'%'
		</if>
		<if test='ser_tranid != null and ser_tranid !=""'>
			  and bt.trannumber like '%'||#{ser_tranid}||'%'
		</if>
		<if test='ser_oldtranid != null and ser_oldtranid !=""'>
			  and bt.oldtranid = #{ser_oldtranid}
		</if>
		<if test='ser_cardno != null and ser_cardno !=""'>
			  and bt.cardno like '%'||#{ser_cardno}||'%'
		</if>
		<if test='ser_terminalid != null and ser_terminalid !=""'>
			  and btbt.num like '%'||#{ser_terminalid}||'%'
		</if>
		<if test='ser_transtart != null and ser_transtart != ""'>
        	  and bt.trandate <![CDATA[ >= #{ser_transtart,jdbcType=VARCHAR}]]>
      	</if>
		<if test='ser_tranend != null and ser_tranend != ""'>
        	  and bt.trandate <![CDATA[ <= #{ser_tranend,jdbcType=VARCHAR}]]>
      	</if>
		<if test='ser_trantype != null and ser_trantype !=""'>
			  and bt.trantype = #{ser_trantype}
		</if>
		<if test='ser_tranflag != null and ser_tranflag !=""'>
			  and bt.tranflag = #{ser_tranflag}
		</if>
      	<if test='ser_amount_start != null and ser_amount_start != ""'>
        	  and bt.amount <![CDATA[ >= #{ser_amount_start}]]>
      	</if>
		<if test='ser_amount_end != null and ser_amount_end != ""'>
        	  and bt.amount <![CDATA[ <= #{ser_amount_end}]]>
      	</if>
      	<if test='ser_bankfee_start != null and ser_bankfee_start != ""'>
        	  and (bsb.poundage * bt.amount) <![CDATA[ >= #{ser_bankfee_start}]]>
      	</if>
		<if test='ser_bankfee_end != null and ser_bankfee_end != ""'>
        	  and (bsb.poundage * bt.amount) <![CDATA[ <= #{ser_bankfee_end}]]>
      	</if>  
         
         ) as sevNum
         from dual
</select>
<!--金额  -->
<select id="getb2cTranhisAmount"  resultType="java.util.Map" parameterType="com.uns.web.form.TradeForm">
	select  
      nvl((select sum(bt.amount / 100)
        from b2c_tranhis bt
        left join b2c_term_binder btb on btb.term_no=bt.terminalid and btb.status=0
      left join B2C_SHOPPERBI bs on bs.shopperid =btb.merchant_no
       left join (select ba.terminalid, ba.num, btb.merchant_no,btb.status
                           from B2C_TERM_BINDER btb
                           left join B2c_Terminal ba
                             on btb.term_no = ba.terminalid and btb.status=0) btbt
                on btbt.terminalid = bt.terminalid
        left join B2C_SHOPPERBARGAIN bsb
                on bsb.shopperid = bs.shopperid
       where  
              bt.trantype = 1
         and bt.trantype != 8
        
         and bt.tranflag != 5
         and bs.shopperid is not null
         <if test='ser_shopperids != null and ser_shopperids !=""'>
			  and bs.shopperid like '%'||#{ser_shopperids}||'%'
		</if>
		<if test='ser_tranid != null and ser_tranid !=""'>
			  and bt.trannumber like '%'||#{ser_tranid}||'%'
		</if>
		<if test='ser_oldtranid != null and ser_oldtranid !=""'>
			  and bt.oldtranid = #{ser_oldtranid}
		</if>
		<if test='ser_cardno != null and ser_cardno !=""'>
			  and bt.cardno like '%'||#{ser_cardno}||'%'
		</if>
		<if test='ser_terminalid != null and ser_terminalid !=""'>
			  and btbt.num like '%'||#{ser_terminalid}||'%'
		</if>
		<if test='ser_transtart != null and ser_transtart != ""'>
        	  and bt.trandate <![CDATA[ >= #{ser_transtart,jdbcType=VARCHAR}]]>
      	</if>
		<if test='ser_tranend != null and ser_tranend != ""'>
        	  and bt.trandate <![CDATA[ <= #{ser_tranend,jdbcType=VARCHAR}]]>
      	</if>
		<if test='ser_trantype != null and ser_trantype !=""'>
			  and bt.trantype = #{ser_trantype}
		</if>
		<if test='ser_tranflag != null and ser_tranflag !=""'>
			  and bt.tranflag = #{ser_tranflag}
		</if>
      	<if test='ser_amount_start != null and ser_amount_start != ""'>
        	  and bt.amount <![CDATA[ >= #{ser_amount_start}]]>
      	</if>
		<if test='ser_amount_end != null and ser_amount_end != ""'>
        	  and bt.amount <![CDATA[ <= #{ser_amount_end}]]>
      	</if>
      	<if test='ser_bankfee_start != null and ser_bankfee_start != ""'>
        	  and (bsb.poundage * bt.amount) <![CDATA[ >= #{ser_bankfee_start}]]>
      	</if>
		<if test='ser_bankfee_end != null and ser_bankfee_end != ""'>
        	  and (bsb.poundage * bt.amount) <![CDATA[ <= #{ser_bankfee_end}]]>
      	</if> 
         ),0) as oneamount,
         
        nvl((select sum(bt.amount / 100)
        from b2c_tranhis bt
        left join b2c_term_binder btb on btb.term_no=bt.terminalid and btb.status=0
      left join B2C_SHOPPERBI bs on bs.shopperid =btb.merchant_no
       left join (select ba.terminalid, ba.num, btb.merchant_no,btb.status
                           from B2C_TERM_BINDER btb
                           left join B2c_Terminal ba
                             on btb.term_no = ba.terminalid and btb.status=0) btbt
                on btbt.terminalid = bt.terminalid
        left join B2C_SHOPPERBARGAIN bsb
                on bsb.shopperid = bs.shopperid
       where  
              bt.trantype = 2
         and bt.trantype != 8
         
         and bt.tranflag != 5
         and bs.shopperid is not null
        <if test='ser_shopperids != null and ser_shopperids !=""'>
			  and bs.shopperid like '%'||#{ser_shopperids}||'%'
		</if>
		<if test='ser_tranid != null and ser_tranid !=""'>
			  and bt.trannumber like '%'||#{ser_tranid}||'%'
		</if>
		<if test='ser_oldtranid != null and ser_oldtranid !=""'>
			  and bt.oldtranid = #{ser_oldtranid}
		</if>
		<if test='ser_cardno != null and ser_cardno !=""'>
			  and bt.cardno like '%'||#{ser_cardno}||'%'
		</if>
		<if test='ser_terminalid != null and ser_terminalid !=""'>
			  and btbt.num like '%'||#{ser_terminalid}||'%'
		</if>
		<if test='ser_transtart != null and ser_transtart != ""'>
        	  and bt.trandate <![CDATA[ >= #{ser_transtart,jdbcType=VARCHAR}]]>
      	</if>
		<if test='ser_tranend != null and ser_tranend != ""'>
        	  and bt.trandate <![CDATA[ <= #{ser_tranend,jdbcType=VARCHAR}]]>
      	</if>
		<if test='ser_trantype != null and ser_trantype !=""'>
			  and bt.trantype = #{ser_trantype}
		</if>
		<if test='ser_tranflag != null and ser_tranflag !=""'>
			  and bt.tranflag = #{ser_tranflag}
		</if>
      	<if test='ser_amount_start != null and ser_amount_start != ""'>
        	  and bt.amount <![CDATA[ >= #{ser_amount_start}]]>
      	</if>
		<if test='ser_amount_end != null and ser_amount_end != ""'>
        	  and bt.amount <![CDATA[ <= #{ser_amount_end}]]>
      	</if>
      	<if test='ser_bankfee_start != null and ser_bankfee_start != ""'>
        	  and (bsb.poundage * bt.amount) <![CDATA[ >= #{ser_bankfee_start}]]>
      	</if>
		<if test='ser_bankfee_end != null and ser_bankfee_end != ""'>
        	  and (bsb.poundage * bt.amount) <![CDATA[ <= #{ser_bankfee_end}]]>
      	</if> 
         ),0) as twoamount,
         
         nvl((select sum(bt.amount / 100)
        from b2c_tranhis bt
        left join b2c_term_binder btb on btb.term_no=bt.terminalid and btb.status=0
      left join B2C_SHOPPERBI bs on bs.shopperid =btb.merchant_no
       left join (select ba.terminalid, ba.num, btb.merchant_no,btb.status
                           from B2C_TERM_BINDER btb
                           left join B2c_Terminal ba
                             on btb.term_no = ba.terminalid and btb.status=0) btbt
                on btbt.terminalid = bt.terminalid
        left join B2C_SHOPPERBARGAIN bsb
                on bsb.shopperid = bs.shopperid
       where  
              bt.trantype = 3
         and bt.trantype != 8
        
         and bt.tranflag != 5
         and bs.shopperid is not null
        <if test='ser_shopperids != null and ser_shopperids !=""'>
			  and bs.shopperid like '%'||#{ser_shopperids}||'%'
		</if>
		<if test='ser_tranid != null and ser_tranid !=""'>
			  and bt.trannumber like '%'||#{ser_tranid}||'%'
		</if>
		<if test='ser_oldtranid != null and ser_oldtranid !=""'>
			  and bt.oldtranid = #{ser_oldtranid}
		</if>
		<if test='ser_cardno != null and ser_cardno !=""'>
			  and bt.cardno like '%'||#{ser_cardno}||'%'
		</if>
		<if test='ser_terminalid != null and ser_terminalid !=""'>
			  and btbt.num like '%'||#{ser_terminalid}||'%'
		</if>
		<if test='ser_transtart != null and ser_transtart != ""'>
        	  and bt.trandate <![CDATA[ >= #{ser_transtart,jdbcType=VARCHAR}]]>
      	</if>
		<if test='ser_tranend != null and ser_tranend != ""'>
        	  and bt.trandate <![CDATA[ <= #{ser_tranend,jdbcType=VARCHAR}]]>
      	</if>
		<if test='ser_trantype != null and ser_trantype !=""'>
			  and bt.trantype = #{ser_trantype}
		</if>
		<if test='ser_tranflag != null and ser_tranflag !=""'>
			  and bt.tranflag = #{ser_tranflag}
		</if>
      	<if test='ser_amount_start != null and ser_amount_start != ""'>
        	  and bt.amount <![CDATA[ >= #{ser_amount_start}]]>
      	</if>
		<if test='ser_amount_end != null and ser_amount_end != ""'>
        	  and bt.amount <![CDATA[ <= #{ser_amount_end}]]>
      	</if>
      	<if test='ser_bankfee_start != null and ser_bankfee_start != ""'>
        	  and (bsb.poundage * bt.amount) <![CDATA[ >= #{ser_bankfee_start}]]>
      	</if>
		<if test='ser_bankfee_end != null and ser_bankfee_end != ""'>
        	  and (bsb.poundage * bt.amount) <![CDATA[ <= #{ser_bankfee_end}]]>
      	</if> 
         ),0) as threeamount,
         nvl((select sum(bt.amount / 100)
        from b2c_tranhis bt
        left join b2c_term_binder btb on btb.term_no=bt.terminalid and btb.status=0
      left join B2C_SHOPPERBI bs on bs.shopperid =btb.merchant_no
       left join (select ba.terminalid, ba.num, btb.merchant_no,btb.status
                           from B2C_TERM_BINDER btb
                           left join B2c_Terminal ba
                             on btb.term_no = ba.terminalid and btb.status=0) btbt
                on btbt.terminalid = bt.terminalid
        left join B2C_SHOPPERBARGAIN bsb
                on bsb.shopperid = bs.shopperid
       where  
              bt.trantype = 4
         and bt.trantype != 8
         
         and bt.tranflag != 5
         and bs.shopperid is not null
         <if test='ser_shopperids != null and ser_shopperids !=""'>
			  and bs.shopperid like '%'||#{ser_shopperids}||'%'
		</if>
		<if test='ser_tranid != null and ser_tranid !=""'>
			  and bt.trannumber like '%'||#{ser_tranid}||'%'
		</if>
		<if test='ser_oldtranid != null and ser_oldtranid !=""'>
			  and bt.oldtranid = #{ser_oldtranid}
		</if>
		<if test='ser_cardno != null and ser_cardno !=""'>
			  and bt.cardno like '%'||#{ser_cardno}||'%'
		</if>
		<if test='ser_terminalid != null and ser_terminalid !=""'>
			  and btbt.num like '%'||#{ser_terminalid}||'%'
		</if>
		<if test='ser_transtart != null and ser_transtart != ""'>
        	  and bt.trandate <![CDATA[ >= #{ser_transtart,jdbcType=VARCHAR}]]>
      	</if>
		<if test='ser_tranend != null and ser_tranend != ""'>
        	  and bt.trandate <![CDATA[ <= #{ser_tranend,jdbcType=VARCHAR}]]>
      	</if>
		<if test='ser_trantype != null and ser_trantype !=""'>
			  and bt.trantype = #{ser_trantype}
		</if>
		<if test='ser_tranflag != null and ser_tranflag !=""'>
			  and bt.tranflag = #{ser_tranflag}
		</if>
      	<if test='ser_amount_start != null and ser_amount_start != ""'>
        	  and bt.amount <![CDATA[ >= #{ser_amount_start}]]>
      	</if>
		<if test='ser_amount_end != null and ser_amount_end != ""'>
        	  and bt.amount <![CDATA[ <= #{ser_amount_end}]]>
      	</if>
      	<if test='ser_bankfee_start != null and ser_bankfee_start != ""'>
        	  and (bsb.poundage * bt.amount) <![CDATA[ >= #{ser_bankfee_start}]]>
      	</if>
		<if test='ser_bankfee_end != null and ser_bankfee_end != ""'>
        	  and (bsb.poundage * bt.amount) <![CDATA[ <= #{ser_bankfee_end}]]>
      	</if> 
         ),0) as fouramount,
        
          nvl((select sum(bt.amount / 100)
        from b2c_tranhis bt
        left join b2c_term_binder btb on btb.term_no=bt.terminalid and btb.status=0
      left join B2C_SHOPPERBI bs on bs.shopperid =btb.merchant_no
       left join (select ba.terminalid, ba.num, btb.merchant_no,btb.status
                           from B2C_TERM_BINDER btb
                           left join B2c_Terminal ba
                             on btb.term_no = ba.terminalid and btb.status=0) btbt
                on btbt.terminalid = bt.terminalid
        left join B2C_SHOPPERBARGAIN bsb
                on bsb.shopperid = bs.shopperid
       where  
              bt.trantype = 5
         and bt.trantype != 8
        
         and bt.tranflag != 5
         and bs.shopperid is not null
        <if test='ser_shopperids != null and ser_shopperids !=""'>
			  and bs.shopperid like '%'||#{ser_shopperids}||'%'
		</if>
		<if test='ser_tranid != null and ser_tranid !=""'>
			  and bt.trannumber like '%'||#{ser_tranid}||'%'
		</if>
		<if test='ser_oldtranid != null and ser_oldtranid !=""'>
			  and bt.oldtranid = #{ser_oldtranid}
		</if>
		<if test='ser_cardno != null and ser_cardno !=""'>
			  and bt.cardno like '%'||#{ser_cardno}||'%'
		</if>
		<if test='ser_terminalid != null and ser_terminalid !=""'>
			  and btbt.num like '%'||#{ser_terminalid}||'%'
		</if>
		<if test='ser_transtart != null and ser_transtart != ""'>
        	  and bt.trandate <![CDATA[ >= #{ser_transtart,jdbcType=VARCHAR}]]>
      	</if>
		<if test='ser_tranend != null and ser_tranend != ""'>
        	  and bt.trandate <![CDATA[ <= #{ser_tranend,jdbcType=VARCHAR}]]>
      	</if>
		<if test='ser_trantype != null and ser_trantype !=""'>
			  and bt.trantype = #{ser_trantype}
		</if>
		<if test='ser_tranflag != null and ser_tranflag !=""'>
			  and bt.tranflag = #{ser_tranflag}
		</if>
      	<if test='ser_amount_start != null and ser_amount_start != ""'>
        	  and bt.amount <![CDATA[ >= #{ser_amount_start}]]>
      	</if>
		<if test='ser_amount_end != null and ser_amount_end != ""'>
        	  and bt.amount <![CDATA[ <= #{ser_amount_end}]]>
      	</if>
      	<if test='ser_bankfee_start != null and ser_bankfee_start != ""'>
        	  and (bsb.poundage * bt.amount) <![CDATA[ >= #{ser_bankfee_start}]]>
      	</if>
		<if test='ser_bankfee_end != null and ser_bankfee_end != ""'>
        	  and (bsb.poundage * bt.amount) <![CDATA[ <= #{ser_bankfee_end}]]>
      	</if>  ),0) as fiveamount,
         
	nvl((select sum(bt.amount / 100)
        from b2c_tranhis bt
        left join b2c_term_binder btb on btb.term_no=bt.terminalid and btb.status=0
      left join B2C_SHOPPERBI bs on bs.shopperid =btb.merchant_no
       left join (select ba.terminalid, ba.num, btb.merchant_no,btb.status
                           from B2C_TERM_BINDER btb
                           left join B2c_Terminal ba
                             on btb.term_no = ba.terminalid and btb.status=0) btbt
                on btbt.terminalid = bt.terminalid
        left join B2C_SHOPPERBARGAIN bsb
                on bsb.shopperid = bs.shopperid
       where  
              bt.trantype = 6
         and bt.trantype != 8
         
         and bt.tranflag != 5
         and bs.shopperid is not null
         <if test='ser_shopperids != null and ser_shopperids !=""'>
			  and bs.shopperid like '%'||#{ser_shopperids}||'%'
		</if>
		<if test='ser_tranid != null and ser_tranid !=""'>
			  and bt.trannumber like '%'||#{ser_tranid}||'%'
		</if>
		<if test='ser_oldtranid != null and ser_oldtranid !=""'>
			  and bt.oldtranid = #{ser_oldtranid}
		</if>
		<if test='ser_cardno != null and ser_cardno !=""'>
			  and bt.cardno like '%'||#{ser_cardno}||'%'
		</if>
		<if test='ser_terminalid != null and ser_terminalid !=""'>
			  and btbt.num like '%'||#{ser_terminalid}||'%'
		</if>
		<if test='ser_transtart != null and ser_transtart != ""'>
        	  and bt.trandate <![CDATA[ >= #{ser_transtart,jdbcType=VARCHAR}]]>
      	</if>
		<if test='ser_tranend != null and ser_tranend != ""'>
        	  and bt.trandate <![CDATA[ <= #{ser_tranend,jdbcType=VARCHAR}]]>
      	</if>
		<if test='ser_trantype != null and ser_trantype !=""'>
			  and bt.trantype = #{ser_trantype}
		</if>
		<if test='ser_tranflag != null and ser_tranflag !=""'>
			  and bt.tranflag = #{ser_tranflag}
		</if>
      	<if test='ser_amount_start != null and ser_amount_start != ""'>
        	  and bt.amount <![CDATA[ >= #{ser_amount_start}]]>
      	</if>
		<if test='ser_amount_end != null and ser_amount_end != ""'>
        	  and bt.amount <![CDATA[ <= #{ser_amount_end}]]>
      	</if>
      	<if test='ser_bankfee_start != null and ser_bankfee_start != ""'>
        	  and (bsb.poundage * bt.amount) <![CDATA[ >= #{ser_bankfee_start}]]>
      	</if>
		<if test='ser_bankfee_end != null and ser_bankfee_end != ""'>
        	  and (bsb.poundage * bt.amount) <![CDATA[ <= #{ser_bankfee_end}]]>
      	</if> 
         ),0) as sixamount,
	nvl((select sum(bt.amount / 100)
        from b2c_tranhis bt
        left join b2c_term_binder btb on btb.term_no=bt.terminalid and btb.status=0
      left join B2C_SHOPPERBI bs on bs.shopperid =btb.merchant_no
       left join (select ba.terminalid, ba.num, btb.merchant_no,btb.status
                           from B2C_TERM_BINDER btb
                           left join B2c_Terminal ba
                             on btb.term_no = ba.terminalid and btb.status=0) btbt
                on btbt.terminalid = bt.terminalid
        left join B2C_SHOPPERBARGAIN bsb
                on bsb.shopperid = bs.shopperid
       where bt.trantype = 7
         and bt.trantype != 8
         
         and bt.tranflag != 5
         and bs.shopperid is not null
        <if test='ser_shopperids != null and ser_shopperids !=""'>
			  and bs.shopperid like '%'||#{ser_shopperids}||'%'
		</if>
		<if test='ser_tranid != null and ser_tranid !=""'>
			  and bt.trannumber like '%'||#{ser_tranid}||'%'
		</if>
		<if test='ser_oldtranid != null and ser_oldtranid !=""'>
			  and bt.oldtranid = #{ser_oldtranid}
		</if>
		<if test='ser_cardno != null and ser_cardno !=""'>
			  and bt.cardno like '%'||#{ser_cardno}||'%'
		</if>
		<if test='ser_terminalid != null and ser_terminalid !=""'>
			  and btbt.num like '%'||#{ser_terminalid}||'%'
		</if>
		<if test='ser_transtart != null and ser_transtart != ""'>
        	  and bt.trandate <![CDATA[ >= #{ser_transtart,jdbcType=VARCHAR}]]>
      	</if>
		<if test='ser_tranend != null and ser_tranend != ""'>
        	  and bt.trandate <![CDATA[ <= #{ser_tranend,jdbcType=VARCHAR}]]>
      	</if>
		<if test='ser_trantype != null and ser_trantype !=""'>
			  and bt.trantype = #{ser_trantype}
		</if>
		<if test='ser_tranflag != null and ser_tranflag !=""'>
			  and bt.tranflag = #{ser_tranflag}
		</if>
      	<if test='ser_amount_start != null and ser_amount_start != ""'>
        	  and bt.amount <![CDATA[ >= #{ser_amount_start}]]>
      	</if>
		<if test='ser_amount_end != null and ser_amount_end != ""'>
        	  and bt.amount <![CDATA[ <= #{ser_amount_end}]]>
      	</if>
      	<if test='ser_bankfee_start != null and ser_bankfee_start != ""'>
        	  and (bsb.poundage * bt.amount) <![CDATA[ >= #{ser_bankfee_start}]]>
      	</if>
		<if test='ser_bankfee_end != null and ser_bankfee_end != ""'>
        	  and (bsb.poundage * bt.amount) <![CDATA[ <= #{ser_bankfee_end}]]>
      	</if> 
         ),0) as sevamount
         from dual
</select>

<!--根据代理商编号获取商户交易详情  -->
 <select id="findTradeSbListByAgentIdList" parameterType="java.lang.Long" resultType="java.util.Map">
		select b.*,
		       bs.scompany,
		       bs.shopperid as MERCHANTID,
		       btbt.num,
		       (bsb.poundage/100) as poundage,
		       case when bsd.settle_flag=1 then (bsd.fee/100) else 0 end as pamount
		  from b2c_tranhis b
		  left join (select bt.terminalid, bt.num, btb.merchant_no,btb.status
		               from B2C_TERM_BINDER btb
		               left join B2c_Terminal bt
		                 on btb.term_no = bt.terminalid and btb.status=0) btbt
		    on btbt.terminalid = b.terminalid
		  left join B2C_SHOPPERBI bs
		    on bs.shopperid = btbt.merchant_no
		  left join B2C_SHOPPERBARGAIN bsb
		    on bsb.shopperid = bs.shopperid
		  left join b2c_settle_detail bsd 
		   	on bsd.tran_id=b.tranid
		 where bs.shopperid_p=#{agengId}
		   and b.trantype != '9'
		   
		   and b.tranflag != '5'
		   and b.trantype != '8'
		   and bs.shopperid is not null
      	order by trandate desc,trantime desc
  </select>

</mapper>