<?xml version="1.0" encoding="UTF-8" ?>
<!DOCTYPE mapper PUBLIC "-//mybatis.org//DTD Mapper 3.0//EN" "http://mybatis.org/dtd/mybatis-3-mapper.dtd" >
<mapper namespace="com.uns.dao.B2cTerminalMapper" >
  <resultMap id="BaseResultMap" type="com.uns.model.B2cTerminal" >
    <!--
      WARNING - @mbggenerated
      This element is automatically generated by MyBatis Generator, do not modify.
      This element was generated on Mon May 05 18:20:31 CST 2014.
    -->
    <id column="TERMINALID" property="terminalid" jdbcType="VARCHAR" />
    <result column="MERCHANTID" property="merchantid" jdbcType="VARCHAR" />
    <result column="NUM" property="num" jdbcType="VARCHAR" />
    <result column="NAME" property="name" jdbcType="VARCHAR" />
    <result column="TIME" property="time" jdbcType="VARCHAR" />
    <result column="TYPE" property="type" jdbcType="VARCHAR" />
    <result column="FLAG" property="flag" jdbcType="VARCHAR" />
    <result column="TERMINALLIMIT" property="terminallimit" jdbcType="VARCHAR" />
    <result column="NOTE" property="note" jdbcType="VARCHAR" />
    <result column="TERTYPE" property="tertype" jdbcType="VARCHAR" />
    
    <result column="SCOMPANY" property="scompany" jdbcType="VARCHAR" />
    <result column="AGENTSCOMPANY" property="agentscompany" jdbcType="VARCHAR" />
    <result column="AGENTNO" property="agentid" jdbcType="VARCHAR" />
    <result column="MERCHANTNO" property="merchantno" jdbcType="VARCHAR" />
  </resultMap>
  
  <sql id="Base_Column_List" >
    <!--
      WARNING - @mbggenerated
      This element is automatically generated by MyBatis Generator, do not modify.
      This element was generated on Mon May 05 18:20:31 CST 2014.
    -->
    TERMINALID, MERCHANTID, NUM, NAME, TIME, TYPE, FLAG, TERMINALLIMIT, NOTE, TERTYPE
  </sql>
  
  <select id="selectTerminalList" resultMap="BaseResultMap" parameterType="com.uns.web.form.TerminalForm">
	select 
	a.terminalid as TERMINALID,
	a.num as NUM,
	a.flag as FLAG,
	a.time as TIME,
	b.merchant_no as MERCHANTNO,
	d.agent_no as AGENTNO,
	c.scompany as SCOMPANY,
	f.scompany as AGENTSCOMPANY

	from b2c_terminal a
	left join b2c_term_binder b
	on a.terminalid = b.term_no
	left join b2c_shopperbi_temp c
	on b.merchant_no = c.shopperid
	left join b2c_agent_binder d on d.term_no=a.terminalid
	left join b2c_agent f on f.shopperid=d.agent_no where 1=1 
	<if test='num!=null and num!=""'>
	and A.NUM=#{num,jdbcType=VARCHAR} 
	</if>
	<if test='merchantno!=null and merchantno!=""'>
	and (C.scompany like '%'||#{merchantno,jdbcType=VARCHAR}||'%' OR B.merchant_no=#{merchantno,jdbcType=VARCHAR} ) 
	</if>
	<if test='flag!=null and flag!=""'>
	and A.FLAG=#{flag,jdbcType=VARCHAR} 
	</if>
	<if test='sdate!=null and sdate!=""'>
	and A.TIME <![CDATA[ >=#{sdate,jdbcType=VARCHAR} ]]>
	</if>
	<if test='edate!=null and edate!=""'>
	and A.TIME <![CDATA[ <=#{edate,jdbcType=VARCHAR} ]]>
	</if>
	
	<if test='agentscompany!=null and agentscompany!=""'>
	and F.SCOMPANY=#{agentscompany,jdbcType=VARCHAR}
	</if>
	 order by a.time desc
  </select>
  
  <select id="selectAllByPrimaryKey" resultType="com.uns.model.B2cTerminal" parameterType="java.lang.String">
  select 
	a.terminalid as TERMINALID,
	a.num as NUM,
	a.flag as FLAG,
	a.time as TIME,
	b.merchant_no as MERCHANTNO,
	d.agent_no as AGENTNO,
	c.scompany as SCOMPANY,
	f.scompany as AGENTSCOMPANY

	from b2c_terminal a
	left join b2c_term_binder b
	on a.terminalid = b.term_no
	left join b2c_shopperbi_temp c
	on b.merchant_no = c.shopperid
	left join b2c_agent_binder d on d.term_no=a.terminalid
	left join b2c_agent f on f.shopperid=d.agent_no where a.terminalid=#{terminalid,jdbcType=VARCHAR}
  </select>
  
      <!--查询出商户原来绑定终端 -->
<select id="selectOldTerminal" resultType="java.util.HashMap"  parameterType="java.lang.String" >
	   select ter.NUM,ter.TERMINALID from b2c_terminal ter,b2c_shopperbi_temp  bi ,
	   b2c_term_binder der where ter.terminalid=der.term_no
	   and bi.shopperid=der.merchant_no and bi.shopperid=#{shopperid,jdbcType=VARCHAR} 
  </select>
    <!--查询出商户下得绑定终端 -->
<select id="selectExistTerminal" resultType="java.util.HashMap"  parameterType="java.lang.String" >
   select ter.NUM,ter.TERMINALID from b2c_terminal ter,b2c_shopperbi_temp  bi ,
   b2c_term_binder der where ter.terminalid=der.term_no
   and bi.shopperid=der.merchant_no and bi.shopperid=#{shopperid,jdbcType=VARCHAR} 
   union all
   select t.NUM,t.TERMINALID from b2c_temp_term_binder bt,b2c_shopperbi_temp s,b2c_terminal t
         where bt.term_no = t.terminalid and  bt.merchant_no = s.shopperid 
         and s.shopperid = #{shopperid,jdbcType=VARCHAR}
         and bt.status='1'
  </select>
  
      <!--查询出商户下得绑定终端 -->
<select id="selectBinderNum" resultType="java.util.HashMap"  parameterType="java.lang.String" >
   select ter.NUM,ter.TERMINALID from b2c_terminal ter,b2c_shopperbi_temp  bi ,
   b2c_term_binder der where ter.terminalid=der.term_no
   and bi.shopperid=der.merchant_no and bi.shopperid=#{shopperid,jdbcType=VARCHAR} 
   and der.status='0'
   union all
   select t.NUM,t.TERMINALID from b2c_temp_term_binder bt,b2c_shopperbi_temp s,b2c_terminal t
         where bt.term_no = t.terminalid and  bt.merchant_no = s.shopperid 
         and s.shopperid = #{shopperid,jdbcType=VARCHAR}
         and bt.status='1'
  </select>
  
   <!--Ajax查询出商户下得终端 -->
  <select id="selectAjaxTerminal" resultType="java.util.HashMap"  parameterType="java.lang.String" >
        select t.NUM,t.TERMINALID from b2c_term_binder b,b2c_shopperbi_temp s,b2c_terminal t
         where b.term_no = t.terminalid and  b.merchant_no = s.shopperid and s.shopperid =  #{shopperid,jdbcType=VARCHAR}
         union all
         select t.NUM,t.TERMINALID from b2c_temp_term_binder b,b2c_shopperbi_temp s,b2c_terminal t
         where b.term_no = t.terminalid and  b.merchant_no = s.shopperid and s.shopperid = #{shopperid,jdbcType=VARCHAR}
  </select>
  <!--查询出代理商下面已挂载的pos终端 -->
<select id="selectB2cb2cTerminal" resultMap="BaseResultMap" parameterType="java.util.Map" >
    select 
 	<include refid="Base_Column_List" />
	  FROM B2C_TERMINAL B
	 WHERE NOT EXISTS (SELECT 1 FROM B2C_TERM_BINDER T WHERE T.TERM_NO = B.TERMINALID AND T.MERCHANT_NO!=#{shopperId,jdbcType=VARCHAR})
	    AND B.FLAG=1
  </select>
  <select id="selectByPrimaryKey" resultMap="BaseResultMap" parameterType="java.lang.String" >
    select 
    <include refid="Base_Column_List" />
    from B2C_TERMINAL
    where NUM = #{terminalid,jdbcType=VARCHAR}
  </select>
  
   <select id="selectTerminalbind" resultType="java.lang.String" parameterType="java.lang.String" >
    select ter.merchantid from b2c_terminal ter,b2c_term_binder der 
    where ter.terminalid=der.term_no and ter.num=#{terminalid,jdbcType=VARCHAR}
  </select>
  <!-- 查看商户对应的绑定终端的个数 -->
   <select id="selectTerminalCount" resultType="java.lang.String" parameterType="java.lang.String" >
      select count(*) as tercount from b2c_terminal ter,b2c_term_binder der 
      where ter.terminalid=der.term_no and der.merchant_no=#{merchantno,jdbcType=VARCHAR}
  </select>
   <!-- 查看商户对应的绑定终端 
   <select id="selectTerBymerchantId" resultType="java.util.HashMap" parameterType="java.lang.String" >
      select ter.NUM  from b2c_terminal ter,b2c_term_binder der 
      where ter.terminalid=der.term_no and der.merchant_no=#{merchantno,jdbcType=VARCHAR}
  </select>
  -->
  <!--根据终端编号得到终端id  -->
   <select id="getTerminByTerNo" resultType="java.lang.String" parameterType="java.lang.String" >
    select ter.terminalid from b2c_terminal ter where ter.NUM=#{terNo}
  </select>
  
  <delete id="deleteByPrimaryKey" parameterType="java.lang.String" >
    <!--
      WARNING - @mbggenerated
      This element is automatically generated by MyBatis Generator, do not modify.
      This element was generated on Mon May 05 18:20:31 CST 2014.
    -->
    delete from B2C_TERMINAL
    where TERMINALID = #{terminalid,jdbcType=VARCHAR}
  </delete>

  <insert id="insert" parameterType="com.uns.model.B2cTerminal" >
    <!--
      WARNING - @mbggenerated
      This element is automatically generated by MyBatis Generator, do not modify.
      This element was generated on Mon May 05 18:20:31 CST 2014.
    -->
    insert into B2C_TERMINAL (TERMINALID, MERCHANTID, NUM, 
      NAME, TIME, TYPE, FLAG, 
      TERMINALLIMIT, NOTE, TERTYPE
      )
    values (#{terminalid,jdbcType=VARCHAR}, #{merchantid,jdbcType=VARCHAR}, #{num,jdbcType=VARCHAR}, 
      #{name,jdbcType=VARCHAR}, #{time,jdbcType=VARCHAR}, #{type,jdbcType=VARCHAR}, #{flag,jdbcType=VARCHAR}, 
      #{terminallimit,jdbcType=VARCHAR}, #{note,jdbcType=VARCHAR}, #{tertype,jdbcType=VARCHAR}
      )
  </insert>
  <insert id="insertSelective" parameterType="com.uns.model.B2cTerminal" >
    <!--
      WARNING - @mbggenerated
      This element is automatically generated by MyBatis Generator, do not modify.
      This element was generated on Mon May 05 18:20:31 CST 2014.
    -->
    insert into B2C_TERMINAL
    <trim prefix="(" suffix=")" suffixOverrides="," >
      <if test="terminalid != null" >
        TERMINALID,
      </if>
      <if test="merchantid != null" >
        MERCHANTID,
      </if>
      <if test="num != null" >
        NUM,
      </if>
      <if test="name != null" >
        NAME,
      </if>
      <if test="time != null" >
        TIME,
      </if>
      <if test="type != null" >
        TYPE,
      </if>
      <if test="flag != null" >
        FLAG,
      </if>
      <if test="terminallimit != null" >
        TERMINALLIMIT,
      </if>
      <if test="note != null" >
        NOTE,
      </if>
      <if test="tertype != null" >
        TERTYPE,
      </if>
    </trim>
    <trim prefix="values (" suffix=")" suffixOverrides="," >
      <if test="terminalid != null" >
        #{terminalid,jdbcType=VARCHAR},
      </if>
      <if test="merchantid != null" >
        #{merchantid,jdbcType=VARCHAR},
      </if>
      <if test="num != null" >
        #{num,jdbcType=VARCHAR},
      </if>
      <if test="name != null" >
        #{name,jdbcType=VARCHAR},
      </if>
      <if test="time != null" >
        #{time,jdbcType=VARCHAR},
      </if>
      <if test="type != null" >
        #{type,jdbcType=VARCHAR},
      </if>
      <if test="flag != null" >
        #{flag,jdbcType=VARCHAR},
      </if>
      <if test="terminallimit != null" >
        #{terminallimit,jdbcType=VARCHAR},
      </if>
      <if test="note != null" >
        #{note,jdbcType=VARCHAR},
      </if>
      <if test="tertype != null" >
        #{tertype,jdbcType=VARCHAR},
      </if>
    </trim>
  </insert>

  <update id="updateByPrimaryKeySelective" parameterType="com.uns.model.B2cTerminal" >
    <!--
      WARNING - @mbggenerated
      This element is automatically generated by MyBatis Generator, do not modify.
      This element was generated on Mon May 05 18:20:31 CST 2014.
    -->
    update B2C_TERMINAL
    <set >
      <if test="merchantid != null" >
        MERCHANTID = #{merchantid,jdbcType=VARCHAR},
      </if>
      <if test="num != null" >
        NUM = #{num,jdbcType=VARCHAR},
      </if>
      <if test="name != null" >
        NAME = #{name,jdbcType=VARCHAR},
      </if>
      <if test="time != null" >
        TIME = #{time,jdbcType=VARCHAR},
      </if>
      <if test="type != null" >
        TYPE = #{type,jdbcType=VARCHAR},
      </if>
      <if test="flag != null" >
        FLAG = #{flag,jdbcType=VARCHAR},
      </if>
      <if test="terminallimit != null" >
        TERMINALLIMIT = #{terminallimit,jdbcType=VARCHAR},
      </if>
      <if test="note != null" >
        NOTE = #{note,jdbcType=VARCHAR},
      </if>
      <if test="tertype != null" >
        TERTYPE = #{tertype,jdbcType=VARCHAR},
      </if>
    </set>
    where TERMINALID = #{terminalid,jdbcType=VARCHAR}
  </update>
  <update id="updateByPrimaryKey" parameterType="com.uns.model.B2cTerminal" >
    <!--
      WARNING - @mbggenerated
      This element is automatically generated by MyBatis Generator, do not modify.
      This element was generated on Mon May 05 18:20:31 CST 2014.
    -->
    update B2C_TERMINAL
    set MERCHANTID = #{merchantid,jdbcType=VARCHAR},
      NUM = #{num,jdbcType=VARCHAR},
      NAME = #{name,jdbcType=VARCHAR},
      TIME = #{time,jdbcType=VARCHAR},
      TYPE = #{type,jdbcType=VARCHAR},
      FLAG = #{flag,jdbcType=VARCHAR},
      TERMINALLIMIT = #{terminallimit,jdbcType=VARCHAR},
      NOTE = #{note,jdbcType=VARCHAR},
      TERTYPE = #{tertype,jdbcType=VARCHAR}
    where TERMINALID = #{terminalid,jdbcType=VARCHAR}
  </update>
  
  <select id="getTerminByMerchantNo" resultType="java.util.HashMap"  parameterType="java.lang.String" >
	  select bt.num
  from b2c_terminal bt
 where bt.terminalid in (
    select btb.term_no
      from b2c_term_binder btb
     where btb.term_no = bt.terminalid
       and btb.status = '0'
       and btb.merchant_no = #{merchantNo,jdbcType=VARCHAR}
       )
  </select>
  
</mapper>