<?xml version="1.0" encoding="UTF-8" ?>
<!DOCTYPE mapper PUBLIC "-//mybatis.org//DTD Mapper 3.0//EN" "http://mybatis.org/dtd/mybatis-3-mapper.dtd" >
<mapper namespace="com.uns.dao.B2cTermBinderMapper" >
  <resultMap id="BaseResultMap" type="com.uns.model.B2cTermBinder" >
   	<id column="ID"  property="id" jdbcType="DECIMAL"/>
   	
   	<result column="MERCHANT_NO" property="merchantNo" jdbcType="VARCHAR" />
    <result column="TERM_NO" property="termNo" jdbcType="VARCHAR" />
    <result column="CREATE_DATE" property="createDate" jdbcType="TIMESTAMP" />
    <result column="STATUS" property="status" jdbcType="VARCHAR" />
    
    <result column="CREATE_USER" property="create_user" jdbcType="VARCHAR" />
    <result column="UPDATE_DATE" property="update_date" jdbcType="TIMESTAMP"  />
    <result column="UPDATE_USER" property="update_user" jdbcType="VARCHAR" />
    <result column="BATCH_NO" property="batch_no" jdbcType="VARCHAR" />
    <result column="TERMINAL_TYPE_NO" property="terminal_type_no" jdbcType="VARCHAR" />
    <result column="FACTORY_NO" property="factory_no" jdbcType="VARCHAR" />
    <result column="AGENT_NO" property="agent_no" jdbcType="VARCHAR" />
    <result column="PARENT_AGENT_NO" property="parent_agent_no" jdbcType="VARCHAR" />
    <result column="INVENTORY_STATUS" property="inventory_status" jdbcType="VARCHAR" />
    <result column="USER_STATUS" property="user_status" jdbcType="VARCHAR" />
    <result column="BINDER_DATE" property="binder_date" jdbcType="TIMESTAMP"  />
    <result column="BINDER_USER" property="binder_user" jdbcType="VARCHAR" />
    
    <result column="fisrtscompany" property="fisrtscompany" jdbcType="VARCHAR" />
    
  </resultMap>
  <sql id="Base_Column_List" >
    MERCHANT_NO, TERM_NO, CREATE_DATE, STATUS,CREATE_USER,UPDATE_DATE,UPDATE_USER,
    BATCH_NO,TERMINAL_TYPE_NO,FACTORY_NO,AGENT_NO,PARENT_AGENT_NO,INVENTORY_STATUS,
    USER_STATUS,BINDER_DATE,BINDER_USER
  </sql>
  <!-- 根据商户编号查询-->
  <select id="selectByB2cTermBinderList" resultMap="BaseResultMap" parameterType="java.lang.String" >
	  select 
	  <include refid="Base_Column_List" /> 
	  from B2C_TERM_BINDER where MERCHANT_NO=#{shopperId,jdbcType=VARCHAR}
  </select>
  
    <!--根据shopperid查询记录  -->
   <select id="selectOneBinder" parameterType="java.lang.String" resultMap="BaseResultMap">
	   select 
	    <include refid="Base_Column_List" />
	    from B2C_TERM_BINDER
	    where TERM_NO = #{termNo,jdbcType=VARCHAR}
   </select>
   
    
   <!--根据商户号和状态  -->
   <select id="findDiveceNo" parameterType="java.lang.String" resultMap="BaseResultMap">
	   select 
	    <include refid="Base_Column_List" />
	    from B2C_TERM_BINDER
	    where MERCHANT_NO = #{merchantNo,jdbcType=VARCHAR} 
	    and STATUS=0  
	    order by CREATE_DATE asc  
   </select>
    <!-- 根据终端编号查询 -->
     <select id="selectTermBinderByTermNo" parameterType="java.lang.String" resultMap="BaseResultMap">
 	   select 
 	    <include refid="Base_Column_List" />
 	    from B2C_TERM_BINDER
 	    where TERM_NO = #{termNo,jdbcType=VARCHAR}
    </select>
   
    <select id="findTermNo" parameterType="java.lang.String" resultMap="BaseResultMap">
	   select 
	    <include refid="Base_Column_List" />
	    from B2C_TERM_BINDER
	    where TERM_NO = #{termNo,jdbcType=VARCHAR} 
	    and BATCH_NO=#{batchNo,jdbcType=VARCHAR}
   </select>
  
    <!--查询所有POS终端信息  -->
 <select id="selectTerminalList" resultMap="BaseResultMap" parameterType="com.uns.web.form.TerminalForm" >
   select A.TERMINALID as TERMINALID,
        A.NUM        as NUM,
        F.SCOMPANY   AS SCOMPANY,
        D.SCOMPANY   AS AGENTSCOMPANY,
        B.STATUS     AS STATUS,
        A.TIME       AS TIME
   FROM B2C_TERMINAL     A
        left join (select * from B2C_TERM_BINDER G where G.STATUS='0') B on B.TERM_NO=A.TERMINALID 
        left join (select * from B2C_AGENT_BINDER H where H.Status='0') C on C.TERM_NO=A.Terminalid
        left join b2c_agent D on D.Shopperid=C.AGENT_NO
        left join B2C_SHOPPERBI    F on F.Shopperid=B.MERCHANT_NO


	   WHERE 1=1 
	      <if test='num!=null and num !=""'>
	          AND A.NUM =#{num,jdbcType=VARCHAR}
	     </if> 
	      <!--  <if test='merchantno!=null and merchantno !=""'>
	          AND T.MERCHANT_NO =#{merchantno,jdbcType=VARCHAR}
	     </if> --> 
	      <if  test='scompany!=null and scompany !=""'>
	       AND F.SCOMPANY like '%'||#{scompany,jdbcType=VARCHAR}||'%'
	      </if>
	       <if test='merchantid!=null and merchantid !=""'>
	          AND A.MERCHANTID =#{merchantid,jdbcType=VARCHAR}
	     </if> 
	       <if test='status!=null and status !=""'>
	          AND A.STATUS =#{status,jdbcType=CHAR}
	     </if> 
	       <if test='sdate!=null and sdate !=""'>
	          AND A.TIME =#{sdate,jdbcType=VARCHAR}
	     </if> 
	       <if test='edate!=null and edate !=""'>
	          AND A.TIME =#{edate,jdbcType=VARCHAR}
	     </if> 
	     <if test='agentscompany!=null and agentscompany !=""'>
	          AND D.SCOMPANY =#{agentscompany,jdbcType=VARCHAR}
	     </if> 
  </select>
 <!--查询代理商变更总数  -->
 <select id="selectAgentBinderCount" resultType="java.lang.Integer"  >
    select count(*) from B2C_AGENT_BINDER T WHERE T.STATUS='1'
  </select>
 

  
   <select id="selectAllByPrimaryKey" resultMap="BaseResultMap" parameterType="java.lang.String" >
    select 
    B.TERMINALID as TERMINALID, B.MERCHANTID as MERCHANTID, B.NUM as NUM, B.NAME as NAME, B.TIME as TIME, B.TYPE as TYPE, B.FLAG as FLAG, B.TERMINALLIMIT as TERMINALLIMIT, B.NOTE as NOTE, B.TERTYPE as TERTYPE,D.SCOMPANY AS SCOMPANY,C.SCOMPANY AS AGENTSCOMPANY,A.STATUS AS STATUS
    FROM B2C_TERMINAL B,B2C_TERM_BINDER A,b2c_agent C,B2C_SHOPPERBI D
	   WHERE A.TERM_NO = B.TERMINALID AND B.AGENTID=C.SHOPPERID AND A.MERCHANT_NO=D.SHOPPERID
   and B.TERMINALID = #{terminalid,jdbcType=VARCHAR}
  </select>
  
  
  <!--根据商户编号，修改可以绑定 -->
  <update id="updateIsBinder" parameterType="com.uns.model.B2cTermBinder">
	  	update B2C_TERM_BINDER
	    <set>
	      <if test="status != null">
	        STATUS = #{status,jdbcType=VARCHAR},
	      </if>
	    </set>
	    where TERM_NO = #{termNo,jdbcType=DECIMAL}
  </update>
  
  <!--复审通过，将终端状态改成0  -->
  <update id="updateTerminalStatus" parameterType="java.util.Map">
	  	update B2C_TERM_BINDER
	    <set>
	      <if test="status != null">
	        STATUS = '0'
	      </if>
	    </set>
	    where MERCHANT_NO = #{shopperId,jdbcType=VARCHAR}
	    and STATUS=1
  </update>
  
  
   <!--根据商户编号，修改可以绑定 -->
  <update id="updateBackBinder" parameterType="com.uns.model.B2cTermBinder">
	  	update B2C_TERM_BINDER
	    <set>
	      <if test="status != null">
	        STATUS = #{status,jdbcType=VARCHAR},
	      </if>
	    </set>
	    where MERCHANT_NO = #{merchantNo,jdbcType=DECIMAL}
  </update>
  
  <!-- 根据终端序列号更改新的所属代理商 -->
  <update id="editTerminalAgentNoByTermNo" parameterType="java.util.Map">
	  	update B2C_TERM_BINDER
	    <set>
	      <if test="upperLevelAgentNo != null">
	        UPPER_LEVEL_AGENT_NO = #{upperLevelAgentNo,jdbcType=VARCHAR},
	      </if>
	      <if test="agentNo != null">
	        AGENT_NO = #{agentNo,jdbcType=VARCHAR},
	      </if>
	      <if test="fisrtAgentNo != null">
	        PARENT_AGENT_NO = #{fisrtAgentNo,jdbcType=VARCHAR},
	      </if>
	      
	       <if test="updateDate != null">
	        UPDATE_DATE = #{updateDate,jdbcType=TIMESTAMP},
	      </if>
	       <if test="updateUser != null">
	        UPDATE_USER = #{updateUser,jdbcType=VARCHAR},
	      </if>
    
	    </set>
	    where TERM_NO = #{termNo,jdbcType=VARCHAR}
  </update>
  
  
  
  
  <!--根据商户编号，删除记录  -->
  <delete id="deleteBinderId" parameterType="java.lang.String">
  	delete from B2C_TERM_BINDER
    where STATUS='1' and MERCHANT_NO = #{b2cShopperbiId,jdbcType=VARCHAR}
  </delete>
   <!--根据商户编号，删除记录  -->
  <delete id="deleteByShopperId" parameterType="java.lang.String">
  	delete from B2C_TERM_BINDER
    where  MERCHANT_NO = #{b2cShopperbiId,jdbcType=VARCHAR} 
  </delete>
  <!--插入终端-商户  -->
  <insert id="insert" parameterType="com.uns.model.B2cTermBinder" >
    insert into B2C_TERM_BINDER (MERCHANT_NO, TERM_NO, CREATE_DATE,STATUS
      )
    values (#{merchantNo,jdbcType=VARCHAR}, #{termNo,jdbcType=VARCHAR}, #{createDate,jdbcType=DATE}, #{status,jdbcType=VARCHAR}
      )
  </insert>
    <insert id="insertSelective" parameterType="com.uns.model.B2cTermBinder" useGeneratedKeys="true" keyProperty="id">
  	 <selectKey resultType="java.lang.Long" keyProperty="id" order="BEFORE">
      SELECT Seq_B2C_TERM_BINDER.NEXTVAL FROM DUAL
      </selectKey>
    insert into B2C_TERM_BINDER
    <trim prefix="(" suffix=")" suffixOverrides="," >
      <if test="merchantNo != null" >
        MERCHANT_NO,
      </if>
      <if test="termNo != null" >
        TERM_NO,
      </if>
      <if test="createDate != null" >
        CREATE_DATE,
      </if>
       <if test="status != null" >
        STATUS,
      </if>
      
        <if test="id != null" >
        id,
      </if>
        <if test="create_user != null" >
        create_user,
      </if>
        <if test="update_date != null" >
        update_date,
      </if>
        <if test="update_user != null" >
        update_user,
      </if>
       <if test="batch_no != null" >
        batch_no,
      </if>
       <if test="terminal_type_no != null" >
        terminal_type_no,
      </if>
       <if test="factory_no != null" >
        factory_no,
      </if>
       <if test="agent_no != null" >
        agent_no,
      </if>
      <if test="parent_agent_no != null" >
       parent_agent_no,
     </if>
      <if test="inventory_status != null" >
       inventory_status,
     </if>
      <if test="user_status != null" >
       user_status,
     </if>
    </trim>
    <trim prefix="values (" suffix=")" suffixOverrides="," >
      <if test="merchantNo != null" >
        #{merchantNo,jdbcType=VARCHAR},
      </if>
      <if test="termNo != null" >
        #{termNo,jdbcType=VARCHAR},
      </if>
      <if test="createDate != null" >
        #{createDate,jdbcType=TIMESTAMP},
      </if>
       <if test="status != null" >
        #{status,jdbcType=VARCHAR},
      </if>
       <if test="id != null" >
        #{id,jdbcType=DECIMAL},
      </if>
       <if test="create_user != null" >
        #{create_user,jdbcType=VARCHAR},
      </if>
      <if test="update_date != null" >
        #{update_date,jdbcType=TIMESTAMP},
      </if>
        <if test="update_user != null" >
        #{update_user,jdbcType=VARCHAR},
      </if>
        <if test="batch_no != null" >
        #{batch_no,jdbcType=VARCHAR},
      </if>
        <if test="terminal_type_no != null" >
        #{terminal_type_no,jdbcType=VARCHAR},
      </if>
        <if test="factory_no != null" >
        #{factory_no,jdbcType=VARCHAR},
      </if>
        <if test="agent_no != null" >
        #{agent_no,jdbcType=VARCHAR},
      </if>
        <if test="parent_agent_no != null" >
        #{parent_agent_no,jdbcType=VARCHAR},
      </if>
        <if test="inventory_status != null" >
        #{inventory_status,jdbcType=VARCHAR},
      </if>
        <if test="user_status != null" >
        #{user_status,jdbcType=VARCHAR},
      </if>
      
    </trim>
  </insert>
  
  <!--根据s设备号，删除记录 -->
  <delete id="deleteByTermno" parameterType="java.lang.String">
  	delete from B2C_TERM_BINDER
    where TERM_NO = #{termNo,jdbcType=VARCHAR}
  </delete>
  
  
     <!--查询批次号是否存在  -->
   <select id="findTermBatchNo" parameterType="java.lang.String" resultMap="BaseResultMap">
	   select 
	    <include refid="Base_Column_List" />
	    from B2C_TERM_BINDER
	    where BATCH_NO = #{termBatchNo,jdbcType=VARCHAR} 
   </select>
   
    <select id="findTerminalRepertoryInList" parameterType="com.uns.web.form.TerminalForm" resultMap="BaseResultMap">
      select 
	      A.MERCHANT_NO, 
	      A.TERM_NO, 
	      A.CREATE_DATE, 
	      A.STATUS,
	      A.CREATE_USER,
	      A.UPDATE_DATE,
	      A.UPDATE_USER,
    	  A.BATCH_NO,
    	  A.TERMINAL_TYPE_NO,
    	  A.FACTORY_NO,
    	  A.AGENT_NO,
    	  A.INVENTORY_STATUS,
    	  B.SCOMPANY PARENT_AGENT_NO,
    	  (select b.scompany  from b2c_agent b
        where b.shopperid_p is null
        START WITH b.shopperid = a.AGENT_NO
        CONNECT BY b.shopperid = PRIOR b.shopperid_p
        ) as fisrtscompany
	    FROM B2C_TERM_BINDER A
	    LEFT JOIN  B2C_AGENT B ON A.AGENT_NO=B.SHOPPERID
	    where 1=1
	     <if test='bactchNoq !=null and bactchNoq !=""'>
	          AND A.BATCH_NO =#{bactchNoq,jdbcType=VARCHAR}
	     </if>  
	       <if test='terminal_type_noq !=null and terminal_type_noq !=""'>
	          AND A.TERMINAL_TYPE_NO =#{terminal_type_noq,jdbcType=VARCHAR}
	     </if> 
	       <if test='inventory_statusq !=null and inventory_statusq !=""'>
	          AND A.INVENTORY_STATUS =#{inventory_statusq,jdbcType=VARCHAR}
	     </if> 
	        <if test='shopperid_p !=null and shopperid_p !=""'>
	          AND A.PARENT_AGENT_NO =#{shopperid_p,jdbcType=VARCHAR}
	    </if>
	      <if test='termNoqStart != null and termNoqStart !="" '>
	          AND A.TERM_NO<![CDATA[ >= #{termNoqStart,jdbcType=VARCHAR} ]]>
	    </if>
	   	<if test='termNoqEnd != null and termNoqEnd !="" '>
	     	  AND A.TERM_NO<![CDATA[ <= #{termNoqEnd,jdbcType=VARCHAR} ]]>
	   	</if> 
	   	order by A.CREATE_DATE desc
    </select>
    
     <select id="findTerminalRepertoryOutList" parameterType="com.uns.web.form.TerminalForm" resultMap="BaseResultMap">
      select 
	      A.MERCHANT_NO, 
	      A.TERM_NO, 
	      A.CREATE_DATE, 
	      A.STATUS,
	      A.CREATE_USER,
	      A.UPDATE_DATE,
	      A.UPDATE_USER,
    	  A.BATCH_NO,
    	  A.TERMINAL_TYPE_NO,
    	  A.FACTORY_NO,
    	  A.AGENT_NO,
    	  A.INVENTORY_STATUS,
    	  B.SCOMPANY PARENT_AGENT_NO,
    	  (select b.scompany  from b2c_agent b
        where b.shopperid_p is null
        START WITH b.shopperid = a.AGENT_NO
        CONNECT BY b.shopperid = PRIOR b.shopperid_p
        ) as fisrtscompany
	    FROM B2C_TERM_BINDER A
	    LEFT JOIN  B2C_AGENT B ON A.AGENT_NO=B.SHOPPERID
	    where 1=1
	     <if test='bactchNoq !=null and bactchNoq !=""'>
	          AND A.BATCH_NO =#{bactchNoq,jdbcType=VARCHAR}
	     </if> 
	     <if test='termNoq !=null and termNoq !=""'>
	          AND A.TERM_NO =#{termNoq,jdbcType=VARCHAR}
	     </if> 
	       <if test='terminal_type_noq !=null and terminal_type_noq !=""'>
	          AND A.TERMINAL_TYPE_NO =#{terminal_type_noq,jdbcType=VARCHAR}
	     </if> 
	       <if test='inventory_statusq !=null and inventory_statusq !=""'>
	          AND A.INVENTORY_STATUS =#{inventory_statusq,jdbcType=VARCHAR}
	     </if> 
	      <if test='shopperid_p !=null and shopperid_p !=""'>
	          AND A.PARENT_AGENT_NO =#{shopperid_p,jdbcType=VARCHAR}
	    </if> 
	      <if test='termNoqStart != null and termNoqStart !="" '>
	          AND A.TERM_NO<![CDATA[ >= #{termNoqStart,jdbcType=VARCHAR} ]]>
	    </if>
	   	<if test='termNoqEnd != null and termNoqEnd !="" '>
	     	  AND A.TERM_NO<![CDATA[ <= #{termNoqEnd,jdbcType=VARCHAR} ]]>
	   	</if> 
	   	order by A.CREATE_DATE desc
    </select>
   
   
    <update id="updateSelective" parameterType="com.uns.model.B2cTermBinder" >
   	 update B2C_TERM_BINDER
     <set>
      	<if test="update_date != null" >
	        update_date=#{update_date,jdbcType=TIMESTAMP},
	      </if>
	        <if test="update_user != null" >
	        update_user=#{update_user,jdbcType=VARCHAR},
	      </if>
	      <if test="agent_no != null" >
	        AGENT_NO=#{agent_no,jdbcType=VARCHAR},
	      </if>
	      <if test="parent_agent_no != null" >
	       parent_agent_no=#{parent_agent_no,jdbcType=VARCHAR},
	     </if>
	     <if test="inventory_status != null" >
	       INVENTORY_STATUS=#{inventory_status,jdbcType=VARCHAR},
	     </if>
	      <if test="operation != null" >
	       OPERATION=#{operation,jdbcType=VARCHAR},
	     </if>
	      <if test="upperLevelAgentNo != null" >
	      UPPER_LEVEL_AGENT_NO =#{upperLevelAgentNo,jdbcType=VARCHAR},
	     </if>
     </set>
      where  1=1
         <if test='batch_no !=null and batch_no !=""'>
	          AND BATCH_NO =#{batch_no,jdbcType=VARCHAR}
	     </if> 
	     <if test='termNo !=null and termNo !=""'>
	          AND TERM_NO =#{termNo,jdbcType=VARCHAR}
	     </if> 
  </update>
  
    <select id="findTerminalList" resultType="java.util.HashMap"  parameterType="com.uns.web.form.TerminalForm" >
	   select 
        A.MERCHANT_NO, 
        A.TERM_NO, 
        A.TERMINAL_TYPE_NO,
        A.FACTORY_NO,
        A.AGENT_NO,
        decode(A.STATUS,'0','已绑定','1','已解绑','2','未绑定') STATUS,
        decode(A.INVENTORY_STATUS,'0','已入库','1','已注销') INVENTORY_STATUS,
        decode(A.USER_STATUS,'0','正常','1','冻结') USER_STATUS,
        A.BINDER_DATE,
        BS.NAME SNAME,
        BS.STEL STEL,
        decode(bs.IFACTIVATED,'1','已激活','暂未') IFACTIVADATE,
        B.SCOMPANY PARENT_AGENT_NO
      FROM B2C_TERM_BINDER A
      left join b2c_shopperbi bs on bs.shopperid=a.MERCHANT_NO
      LEFT JOIN  B2C_AGENT B ON A.PARENT_AGENT_NO=B.SHOPPERID
      where 1=1
      	<if test='merchantNoq !=null and merchantNoq !=""'>
	          AND A.MERCHANT_NO =#{merchantNoq,jdbcType=VARCHAR}
	    </if> 
	    <if test='terminal_type_noq !=null and terminal_type_noq !=""'>
	          AND A.TERMINAL_TYPE_NO =#{terminal_type_noq,jdbcType=VARCHAR}
	    </if> 
	     <if test='nameq !=null and nameq !=""'>
	          AND  bs.name  =#{nameq,jdbcType=VARCHAR}
	    </if> 
	     <if test='stelq !=null and stelq !=""'>
	          AND  bs.stel =#{stelq,jdbcType=VARCHAR}
	    </if> 
	     <if test='statusq !=null and statusq !=""'>
	          AND  A.STATUS =#{statusq,jdbcType=VARCHAR}
	    </if> 
	     <if test='user_statusq !=null and user_statusq !=""'>
	          AND A.USER_STATUS =#{user_statusq,jdbcType=VARCHAR}
	    </if> 
		 <if test='inventory_statusq !=null and inventory_statusq !=""'>
	          AND A.INVENTORY_STATUS =#{inventory_statusq,jdbcType=VARCHAR}
	    </if> 
	    <if test='shopperid_p !=null and shopperid_p !=""'>
	          AND A.PARENT_AGENT_NO =#{shopperid_p,jdbcType=VARCHAR}
	    </if> 
		<if test='createdStart != null and createdStart !="" '>
	          AND to_char(A.BINDER_DATE,'yyyy-MM-dd')<![CDATA[ >= #{createdStart,jdbcType=VARCHAR} ]]>
	    </if>
	   	<if test='createdEnd != null and createdEnd !="" '>
	     	  AND to_char(A.BINDER_DATE,'yyyy-MM-dd')<![CDATA[ <= #{createdEnd,jdbcType=VARCHAR} ]]>
	   	</if>
	   	<if test='termNoqStart != null and termNoqStart !="" '>
	          AND A.TERM_NO<![CDATA[ >= #{termNoqStart,jdbcType=VARCHAR} ]]>
	    </if>
	   	<if test='termNoqEnd != null and termNoqEnd !="" '>
	     	  AND A.TERM_NO<![CDATA[ <= #{termNoqEnd,jdbcType=VARCHAR} ]]>
	   	</if>
		order by a.id desc
  </select>
  
   <select id="findTerminalExcelList" resultType="java.util.HashMap"  parameterType="com.uns.web.form.TerminalForm" >
		select 
        A.MERCHANT_NO, 
        A.TERM_NO, 
        A.TERMINAL_TYPE_NO,
        A.FACTORY_NO,
        A.AGENT_NO,
        decode(A.STATUS,'0','已绑定','1','已解绑','2','未绑定') STATUS,
        decode(A.INVENTORY_STATUS,'0','已入库','1','已注销') INVENTORY_STATUS,
        decode(A.USER_STATUS,'0','正常','1','冻结') USER_STATUS,
        A.BINDER_DATE,
        BS.NAME SNAME,
        BS.STEL STEL,
        decode(bs.IFACTIVATED,'1','已激活','暂未') IFACTIVADATE,
        B.SCOMPANY PARENT_AGENT_NO
      FROM B2C_TERM_BINDER A
      left join b2c_shopperbi bs on bs.shopperid=a.MERCHANT_NO
      LEFT JOIN  B2C_AGENT B ON A.PARENT_AGENT_NO=B.SHOPPERID
      where 1=1
      	<if test='merchantNoq !=null and merchantNoq !=""'>
	          AND A.MERCHANT_NO =#{merchantNoq,jdbcType=VARCHAR}
	    </if> 
	    <if test='terminal_type_noq !=null and terminal_type_noq !=""'>
	          AND A.TERMINAL_TYPE_NO =#{terminal_type_noq,jdbcType=VARCHAR}
	    </if> 
	     <if test='nameq !=null and nameq !=""'>
	          AND  bs.name  =#{nameq,jdbcType=VARCHAR}
	    </if> 
	     <if test='stelq !=null and stelq !=""'>
	          AND  bs.stel =#{stelq,jdbcType=VARCHAR}
	    </if> 
	     <if test='statusq !=null and statusq !=""'>
	          AND  A.STATUS =#{statusq,jdbcType=VARCHAR}
	    </if> 
	     <if test='user_statusq !=null and user_statusq !=""'>
	          AND A.USER_STATUS =#{user_statusq,jdbcType=VARCHAR}
	    </if> 
		 <if test='inventory_statusq !=null and inventory_statusq !=""'>
	          AND A.INVENTORY_STATUS =#{inventory_statusq,jdbcType=VARCHAR}
	    </if> 
	    <if test='shopperid_p !=null and shopperid_p !=""'>
	          AND A.PARENT_AGENT_NO =#{shopperid_p,jdbcType=VARCHAR}
	    </if> 
		<if test='createdStart != null and createdStart !="" '>
	          AND to_char(A.BINDER_DATE,'yyyy-MM-dd')<![CDATA[ >= #{createdStart,jdbcType=VARCHAR} ]]>
	    </if>
	   	<if test='createdEnd != null and createdEnd !="" '>
	     	  AND to_char(A.BINDER_DATE,'yyyy-MM-dd')<![CDATA[ <= #{createdEnd,jdbcType=VARCHAR} ]]>
	   	</if>
		<if test='termNoqStart != null and termNoqStart !="" '>
	          AND A.TERM_NO<![CDATA[ >= #{termNoqStart,jdbcType=VARCHAR} ]]>
	    </if>
	   	<if test='termNoqEnd != null and termNoqEnd !="" '>
	     	  AND A.TERM_NO<![CDATA[ <= #{termNoqEnd,jdbcType=VARCHAR} ]]>
	   	</if>
		order by a.id desc
  </select>
  
  
  
   <select id="findTerminalOperateList" resultType="java.util.HashMap"  parameterType="com.uns.web.form.TerminalForm" >
		select
        A.MERCHANT_NO, 
        A.TERM_NO, 
        A.TERMINAL_TYPE_NO,
        A.FACTORY_NO,
        A.AGENT_NO,
        decode(A.STATUS,'0','已绑定','1','已解绑','2','未绑定') STATUS,
        decode(A.INVENTORY_STATUS,'0','已入库','1','已注销') INVENTORY_STATUS,
        decode(A.USER_STATUS,'0','正常','1','冻结') USER_STATUS,
        A.BINDER_DATE,
        BS.NAME SNAME,
        BS.STEL STEL,
        decode(bs.IFACTIVATED,'1','已激活','暂未') IFACTIVADATE,
        B.SCOMPANY PARENT_AGENT_NO
      FROM B2C_TERM_BINDER A
      left join b2c_shopperbi bs on bs.shopperid=a.MERCHANT_NO
      LEFT JOIN  B2C_AGENT B ON A.PARENT_AGENT_NO=B.SHOPPERID
      where 1=1
      	<if test='merchantNoq !=null and merchantNoq !=""'>
	          AND A.MERCHANT_NO =#{merchantNoq,jdbcType=VARCHAR}
	    </if> 
	    <if test='termNoq !=null and termNoq !=""'>
	          AND A.TERM_NO =#{termNoq,jdbcType=VARCHAR}
	    </if> 
	     <if test='nameq !=null and nameq !=""'>
	          AND  bs.name  =#{nameq,jdbcType=VARCHAR}
	    </if> 
	     <if test='stelq !=null and stelq !=""'>
	          AND  bs.stel =#{stelq,jdbcType=VARCHAR}
	    </if> 
	    <if test='termNoqStart !=null and termNoqStart !=""'>
	          AND A.TERM_NO <![CDATA[ >= #{termNoqStart,jdbcType=VARCHAR} ]]>
	    </if> 
	    <if test='termNoqEnd !=null and termNoqEnd !=""'>
	          AND A.TERM_NO <![CDATA[ <= #{termNoqEnd,jdbcType=VARCHAR} ]]>
	    </if> 
		order by a.id desc
  </select>
  
  
   <select id="findB2cTermBinderByTermNo" parameterType="java.lang.String" resultMap="BaseResultMap">
	   select 
	    <include refid="Base_Column_List" />
	    from B2C_TERM_BINDER
	    where TERM_NO = #{terNo,jdbcType=VARCHAR}
   </select>
   
     <update id="updateTermNo" parameterType="com.uns.model.B2cTermBinder" >
   	 update B2C_TERM_BINDER
     <set>
      	  <if test='update_date != null and update_date !="" ' >
	        update_date=#{update_date,jdbcType=TIMESTAMP},
	      </if>
	       <if test='update_user != null and update_user !="" ' >
	        update_user=#{update_user,jdbcType=VARCHAR},
	      </if>
	       <if test='status != null and status !="" ' >
	        STATUS=#{status,jdbcType=VARCHAR},
	      </if>
	       <if test='inventory_status != null and inventory_status !="" ' >
	        INVENTORY_STATUS=#{inventory_status,jdbcType=VARCHAR},
	      </if>
	      <if test='user_status != null and user_status !="" ' >
	        USER_STATUS=#{user_status,jdbcType=VARCHAR},
	      </if>
	      
     </set>
      where  1=1
	     <if test='termNo !=null and termNo !=""'>
	          AND TERM_NO =#{termNo,jdbcType=VARCHAR}
	     </if> 
  </update>
  
   <update id="updateUnBinder" parameterType="com.uns.model.B2cTermBinder" >
   	 update B2C_TERM_BINDER
     <set>
    	  MERCHANT_NO=#{merchantNo,jdbcType=VARCHAR},
      	  <if test='update_date != null and update_date !="" ' >
	        update_date=#{update_date,jdbcType=TIMESTAMP},
	      </if>
	       <if test='update_user != null and update_user !="" ' >
	        update_user=#{update_user,jdbcType=VARCHAR},
	      </if>
	       <if test='status != null and status !="" ' >
	        STATUS=#{status,jdbcType=VARCHAR},
	      </if>
     </set>
      where  1=1
	     <if test='termNo !=null and termNo !=""'>
	          AND TERM_NO =#{termNo,jdbcType=VARCHAR}
	     </if> 
  </update>
   
    <update id="updateFreeze" parameterType="com.uns.model.B2cTermBinder" >
   	 update B2C_TERM_BINDER
     <set>
    	  MERCHANT_NO=#{merchantNo,jdbcType=VARCHAR},
      	  <if test='update_date != null and update_date !="" ' >
	        update_date=#{update_date,jdbcType=TIMESTAMP},
	      </if>
	       <if test='update_user != null and update_user !="" ' >
	        update_user=#{update_user,jdbcType=VARCHAR},
	      </if>
	      <if test='user_status != null and user_status !="" ' >
	        USER_STATUS=#{user_status,jdbcType=VARCHAR},
	      </if>
     </set>
      where  1=1
	     <if test='termNo !=null and termNo !=""'>
	          AND TERM_NO =#{termNo,jdbcType=VARCHAR}
	     </if> 
  </update>
   
</mapper>