<?xml version="1.0" encoding="UTF-8"?>
<!DOCTYPE mapper PUBLIC "-//mybatis.org//DTD Mapper 3.0//EN" "http://mybatis.org/dtd/mybatis-3-mapper.dtd">
<mapper namespace="com.uns.dao.B2cUserMapper">
  <resultMap id="B2cUserMap" type="com.uns.model.B2cUser">
    <id column="B2C_USER_ID" jdbcType="DECIMAL" property="b2cUserId" />
    <result column="USERID" jdbcType="VARCHAR" property="userid" />
    <result column="DEPARTID" jdbcType="DECIMAL" property="departid" />
    <result column="STATUS" jdbcType="DECIMAL" property="status" />
    <result column="USERNAME" jdbcType="VARCHAR" property="username" />
    <result column="ENNAME" jdbcType="VARCHAR" property="enname" />
    <result column="BRITHDAY" jdbcType="DATE" property="brithday" />
    <result column="EXTENSION" jdbcType="VARCHAR" property="extension" />
    <result column="MOBILENUM" jdbcType="VARCHAR" property="mobilenum" />
    <result column="EMAIL" jdbcType="VARCHAR" property="email" />
    <result column="BUSINESS" jdbcType="VARCHAR" property="business" />
    <result column="OFFICE" jdbcType="VARCHAR" property="office" />
    <result column="LEVEL1" jdbcType="DECIMAL" property="level1" />
    <result column="TRADE" jdbcType="VARCHAR" property="trade" />
    <result column="HELPCODE" jdbcType="VARCHAR" property="helpcode" />
  </resultMap>

  <!--  -->
  <sql id="Base_Column_List">
    B2C_USER_ID, USERID, DEPARTID, STATUS, USERNAME, ENNAME, BRITHDAY, EXTENSION, MOBILENUM, 
    EMAIL, BUSINESS, OFFICE, LEVEL1, TRADE, HELPCODE
  </sql>
  <select id="selectB2cUserList" parameterType="java.math.BigDecimal" resultMap="B2cUserMap">
    select 
    <include refid="Base_Column_List" />
    from B2C_USER
    ORDER BY B2C_USER_ID, USERID, DEPARTID, STATUS, USERNAME, ENNAME, BRITHDAY, EXTENSION, MOBILENUM, 
    EMAIL, BUSINESS, OFFICE, LEVEL1, TRADE, HELPCODE
  </select>
  <select id="selectB2cUserById" parameterType="java.math.BigDecimal" resultMap="B2cUserMap">
    select 
    <include refid="Base_Column_List" />
    from B2C_USER
    where B2C_USER_ID=#{b2cUserId}
    ORDER BY B2C_USER_ID, USERID, DEPARTID, STATUS, USERNAME, ENNAME, BRITHDAY, EXTENSION, MOBILENUM, 
    EMAIL, BUSINESS, OFFICE, LEVEL1, TRADE, HELPCODE
  </select>
  
</mapper>