<?xml version="1.0" encoding="UTF-8" ?>
<!DOCTYPE mapper PUBLIC "-//mybatis.org//DTD Mapper 3.0//EN" "http://mybatis.org/dtd/mybatis-3-mapper.dtd" >
<mapper namespace="com.uns.dao.BackupsShopperInformationMapper" >
  <resultMap id="BaseResultMap" type="com.uns.model.BackupsShopperInformation" >
    <result column="ID" property="id" jdbcType="DECIMAL" />
    <result column="SHOPPERID" property="shopperid" jdbcType="DECIMAL" />
    <result column="ACCOUNT_BANK_DICTVAL" property="accountBankDictval" jdbcType="VARCHAR" />
    <result column="ACCOUNT_BANK_PROV" property="accountBankProv" jdbcType="VARCHAR" />
    <result column="ACCOUNT_BANK_NAME" property="accountBankName" jdbcType="VARCHAR" />
    <result column="ACCOUNT_BANK_CLIENT_NAME" property="accountBankClientName" jdbcType="VARCHAR" />
    <result column="ACCOUNT_BANK_NO" property="accountBankNo" jdbcType="VARCHAR" />
    <result column="CARDTYPE" property="cardtype" jdbcType="VARCHAR" />
    <result column="FEE" property="fee" jdbcType="DECIMAL" />
    <result column="TOP_AMOUNT" property="topAmount" jdbcType="DECIMAL" />
    <result column="T0FEE" property="t0fee" jdbcType="DECIMAL" />
    <result column="T0TYPE" property="t0type" jdbcType="VARCHAR" />
    <result column="T0FIXEDAMOUNT" property="t0fixedamount" jdbcType="DECIMAL" />
    <result column="T0TOPAMOUNT" property="t0topamount" jdbcType="DECIMAL" />
    <result column="T0ADDITIONFEE" property="t0additionfee" jdbcType="DECIMAL" />
    <result column="T0MINAMOUNT" property="t0minamount" jdbcType="DECIMAL" />
    <result column="T0MAXAMOUNT" property="t0maxamount" jdbcType="DECIMAL" />
    <result column="CREATE_DATE" property="createDate" jdbcType="DATE" />
    <result column="CREATE_USER" property="createUser" jdbcType="VARCHAR" />
    <result column="t0_single_day_limit" property="t0singledaylimit" jdbcType="DECIMAL" />
    <result column="CREDIT_FEE" property="creditFee" jdbcType="DECIMAL" />
    <result column="DEBIT_FEE" property="debitFee" jdbcType="DECIMAL" />
  </resultMap>
 
  <sql id="Base_Column_List" >
    ID, SHOPPERID, ACCOUNT_BANK_DICTVAL, ACCOUNT_BANK_PROV, ACCOUNT_BANK_NAME, ACCOUNT_BANK_CLIENT_NAME, 
    ACCOUNT_BANK_NO, CARDTYPE, FEE, TOP_AMOUNT, T0FEE, T0TYPE, T0FIXEDAMOUNT, T0TOPAMOUNT, 
    T0ADDITIONFEE, T0MINAMOUNT, T0MAXAMOUNT, CREATE_DATE, CREATE_USER,t0_single_day_limit,CREDIT_FEE,DEBIT_FEE
  </sql>
  <insert id="insert" parameterType="com.uns.model.BackupsShopperInformation" useGeneratedKeys="true" keyProperty="id" >
   <selectKey resultType="java.math.BigDecimal" keyProperty="id" order="BEFORE">
      SELECT BACKUPS_SHOPPER_SEQ.NEXTVAL FROM DUAL
      </selectKey>
    insert into BACKUPS_SHOPPER_INFORMATION (ID, SHOPPERID, ACCOUNT_BANK_DICTVAL, 
      ACCOUNT_BANK_PROV, ACCOUNT_BANK_NAME, ACCOUNT_BANK_CLIENT_NAME, 
      ACCOUNT_BANK_NO, CARDTYPE, FEE, 
      TOP_AMOUNT, T0FEE, T0TYPE, 
      T0FIXEDAMOUNT, T0TOPAMOUNT, T0ADDITIONFEE, 
      T0MINAMOUNT, T0MAXAMOUNT, CREATE_DATE, 
      CREATE_USER,t0_single_day_limit)
    values (#{id,jdbcType=DECIMAL}, #{shopperid,jdbcType=DECIMAL}, #{accountBankDictval,jdbcType=VARCHAR}, 
      #{accountBankProv,jdbcType=VARCHAR}, #{accountBankName,jdbcType=VARCHAR}, #{accountBankClientName,jdbcType=VARCHAR}, 
      #{accountBankNo,jdbcType=VARCHAR}, #{cardtype,jdbcType=VARCHAR}, #{fee,jdbcType=DECIMAL}, 
      #{topAmount,jdbcType=DECIMAL}, #{t0fee,jdbcType=DECIMAL}, #{t0type,jdbcType=VARCHAR}, 
      #{t0fixedamount,jdbcType=DECIMAL}, #{t0topamount,jdbcType=DECIMAL}, #{t0additionfee,jdbcType=DECIMAL}, 
      #{t0minamount,jdbcType=DECIMAL}, #{t0maxamount,jdbcType=DECIMAL}, #{createDate,jdbcType=DATE}, 
      #{createUser,jdbcType=VARCHAR},#{t0singledaylimit,jdbcType=DECIMAL})
  </insert>
  <insert id="insertSelective" parameterType="com.uns.model.BackupsShopperInformation" >
    insert into BACKUPS_SHOPPER_INFORMATION
    <trim prefix="(" suffix=")" suffixOverrides="," >
      <if test="id != null" >
        ID,
      </if>
      <if test="shopperid != null" >
        SHOPPERID,
      </if>
      <if test="accountBankDictval != null" >
        ACCOUNT_BANK_DICTVAL,
      </if>
      <if test="accountBankProv != null" >
        ACCOUNT_BANK_PROV,
      </if>
      <if test="accountBankName != null" >
        ACCOUNT_BANK_NAME,
      </if>
      <if test="accountBankClientName != null" >
        ACCOUNT_BANK_CLIENT_NAME,
      </if>
      <if test="accountBankNo != null" >
        ACCOUNT_BANK_NO,
      </if>
      <if test="cardtype != null" >
        CARDTYPE,
      </if>
      <if test="fee != null" >
        FEE,
      </if>
      <if test="topAmount != null" >
        TOP_AMOUNT,
      </if>
      <if test="t0fee != null" >
        T0FEE,
      </if>
      <if test="t0type != null" >
        T0TYPE,
      </if>
      <if test="t0fixedamount != null" >
        T0FIXEDAMOUNT,
      </if>
      <if test="t0topamount != null" >
        T0TOPAMOUNT,
      </if>
      <if test="t0additionfee != null" >
        T0ADDITIONFEE,
      </if>
      <if test="t0minamount != null" >
        T0MINAMOUNT,
      </if>
      <if test="t0maxamount != null" >
        T0MAXAMOUNT,
      </if>
      <if test="createDate != null" >
        CREATE_DATE,
      </if>
      <if test="createUser != null" >
        CREATE_USER,
      </if>
      <if test="t0singledaylimit != null" >
        t0_single_day_limit,
      </if>
      <if test="creditFee != null" >
        credit_fee,
      </if>
      <if test="debitFee != null" >
        debit_fee
      </if>
    </trim>
    <trim prefix="values (" suffix=")" suffixOverrides="," >
      <if test="id != null" >
        #{id,jdbcType=DECIMAL},
      </if>
      <if test="shopperid != null" >
        #{shopperid,jdbcType=DECIMAL},
      </if>
      <if test="accountBankDictval != null" >
        #{accountBankDictval,jdbcType=VARCHAR},
      </if>
      <if test="accountBankProv != null" >
        #{accountBankProv,jdbcType=VARCHAR},
      </if>
      <if test="accountBankName != null" >
        #{accountBankName,jdbcType=VARCHAR},
      </if>
      <if test="accountBankClientName != null" >
        #{accountBankClientName,jdbcType=VARCHAR},
      </if>
      <if test="accountBankNo != null" >
        #{accountBankNo,jdbcType=VARCHAR},
      </if>
      <if test="cardtype != null" >
        #{cardtype,jdbcType=VARCHAR},
      </if>
      <if test="fee != null" >
        #{fee,jdbcType=DECIMAL},
      </if>
      <if test="topAmount != null" >
        #{topAmount,jdbcType=DECIMAL},
      </if>
      <if test="t0fee != null" >
        #{t0fee,jdbcType=DECIMAL},
      </if>
      <if test="t0type != null" >
        #{t0type,jdbcType=VARCHAR},
      </if>
      <if test="t0fixedamount != null" >
        #{t0fixedamount,jdbcType=DECIMAL},
      </if>
      <if test="t0topamount != null" >
        #{t0topamount,jdbcType=DECIMAL},
      </if>
      <if test="t0additionfee != null" >
        #{t0additionfee,jdbcType=DECIMAL},
      </if>
      <if test="t0minamount != null" >
        #{t0minamount,jdbcType=DECIMAL},
      </if>
      <if test="t0maxamount != null" >
        #{t0maxamount,jdbcType=DECIMAL},
      </if>
      <if test="createDate != null" >
        #{createDate,jdbcType=DATE},
      </if>
      <if test="createUser != null" >
        #{createUser,jdbcType=VARCHAR},
      </if>
      
       <if test="createUser != null" >
        #{createUser,jdbcType=VARCHAR},
      </if>
      
      <if test="t0singledaylimit != null" >
        #{t0singledaylimit,jdbcType=VARCHAR},
      </if>
      <if test="debitFee != null" >
        #{debitFee,jdbcType=DECIMAL},
      </if>
      <if test="creditFee != null" >
        #{creditFee,jdbcType=DECIMAL}
      </if>
    </trim>
  </insert>
  
  
  
  <update id="updateByShopperId" parameterType="com.uns.model.BackupsShopperInformation">
    update BACKUPS_SHOPPER_INFORMATION
    <set>
      
      <if test="accountBankDictval !=null"> 
      account_bank_dictval = #{accountBankDictval,jdbcType=VARCHAR},
      </if>
      
      <if test="accountBankProv !=null"> 
      account_bank_prov = #{accountBankProv,jdbcType=VARCHAR},
      </if>
      
      <if test="accountBankName !=null"> 
      account_bank_name = #{accountBankName,jdbcType=VARCHAR},
      </if>
      
      <if test="accountBankClientName !=null"> 
      account_bank_client_name = #{accountBankClientName,jdbcType=VARCHAR},
      </if>
      
      <if test="accountBankNo !=null"> 
      account_bank_no = #{accountBankNo,jdbcType=VARCHAR},
      </if>
      
      
       <if test="cardtype !=null"> 
      CARDTYPE=#{cardtype,jdbcType=VARCHAR},
      </if>
      
       <if test="fee !=null"> 
      FEE=#{fee,jdbcType=DECIMAL},
      </if>
       <if test="topAmount !=null"> 
      TOP_AMOUNT=#{topAmount,jdbcType=DECIMAL},
      </if>
      
      
      <if test="t0fee !=null"> 
      T0FEE = #{t0fee,jdbcType=DECIMAL},
      </if>
      
      <if test="t0singledaylimit !=null"> 
      T0_SINGLE_DAY_LIMIT = #{t0singledaylimit,jdbcType=DECIMAL},
      </if>
      
       <if test="t0type !=null"> 
       T0TYPE=#{t0type,jdbcType=VARCHAR},
      </if>
       <if test="t0fixedamount !=null"> 
      T0FIXEDAMOUNT=#{t0fixedamount,jdbcType=DECIMAL},
      </if>
        <if test="t0topamount !=null"> 
      T0TOPAMOUNT=#{t0topamount,jdbcType=DECIMAL},
      </if>
        <if test="t0additionfee !=null"> 
      T0ADDITIONFEE=#{t0additionfee,jdbcType=DECIMAL},
      </if>
        <if test="t0minamount !=null"> 
     T0MINAMOUNT=#{t0minamount,jdbcType=DECIMAL},
      </if>
        <if test="t0maxamount !=null"> 
      T0MAXAMOUNT=#{t0maxamount,jdbcType=DECIMAL},
      </if>
      
      
       <if test="createDate !=null"> 
      CREATE_DATE=#{createDate,jdbcType=DATE},
      </if>
      
       <if test="createUser !=null"> 
      CREATE_USER=#{createUser,jdbcType=VARCHAR},
      </if>
      
       <if test="creditFee !=null"> 
      credit_fee=#{creditFee,jdbcType=DECIMAL},
      </if>
       <if test="debitFee !=null"> 
      debit_fee=#{debitFee,jdbcType=DECIMAL}
      </if>
      
      
    </set>
    <where>
     <if test="shopperid">
     SHOPPERID = #{shopperid,jdbcType=DECIMAL}
     </if>
    </where>
  </update>
  
  
  <select id="findByshopperid" parameterType="java.math.BigDecimal" resultMap="BaseResultMap">
    select 
    <include refid="Base_Column_List" />
    from BACKUPS_SHOPPER_INFORMATION
    where SHOPPERID = #{shopperid,jdbcType=DECIMAL}
  </select>
</mapper>