<?xml version="1.0" encoding="UTF-8" ?>
<!DOCTYPE mapper PUBLIC "-//mybatis.org//DTD Mapper 3.0//EN" "http://mybatis.org/dtd/mybatis-3-mapper.dtd" >
<mapper namespace="com.uns.dao.FixAmaountMapper" >
  <resultMap id="BaseResultMap" type="com.uns.model.FixAmaount" >
    <result column="ID" property="id" jdbcType="DECIMAL" />
    <result column="FIXAMAOUNT" property="fixamaount" jdbcType="VARCHAR" />
    <result column="CREATE_DATE" property="createDate" jdbcType="TIMESTAMP" />
    <result column="UPDATE_DATE" property="updateDate" jdbcType="TIMESTAMP" />
    <result column="CREATE_USER" property="createUser" jdbcType="VARCHAR" />
    <result column="UPDATE_USER" property="updateUser" jdbcType="VARCHAR" />
  </resultMap>
  <sql id="Base_Column_List" >
    ID, FIXAMAOUNT, CREATE_DATE, UPDATE_DATE, CREATE_USER, UPDATE_USER
  </sql>
  <insert id="insert" parameterType="com.uns.model.FixAmaount" >
    insert into FIX_AMAOUNT (ID, FIXAMAOUNT, CREATE_DATE, 
      UPDATE_DATE, CREATE_USER, UPDATE_USER
      )
    values (#{id,jdbcType=DECIMAL}, #{fixamaount,jdbcType=VARCHAR}, #{createDate,jdbcType=DATE}, 
      #{updateDate,jdbcType=DATE}, #{createUser,jdbcType=VARCHAR}, #{updateUser,jdbcType=VARCHAR}
      )
  </insert>
  <insert id="insertSelective" parameterType="com.uns.model.FixAmaount" >
    insert into FIX_AMAOUNT
    <trim prefix="(" suffix=")" suffixOverrides="," >
      <if test="id != null" >
        ID,
      </if>
      <if test="fixamaount != null" >
        FIXAMAOUNT,
      </if>
      <if test="createDate != null" >
        CREATE_DATE,
      </if>
      <if test="updateDate != null" >
        UPDATE_DATE,
      </if>
      <if test="createUser != null" >
        CREATE_USER,
      </if>
      <if test="updateUser != null" >
        UPDATE_USER,
      </if>
    </trim>
    <trim prefix="values (" suffix=")" suffixOverrides="," >
      <if test="id != null" >
        #{id,jdbcType=DECIMAL},
      </if>
      <if test="fixamaount != null" >
        #{fixamaount,jdbcType=VARCHAR},
      </if>
      <if test="createDate != null" >
        #{createDate,jdbcType=TIMESTAMP},
      </if>
      <if test="updateDate != null" >
        #{updateDate,jdbcType=TIMESTAMP},
      </if>
      <if test="createUser != null" >
        #{createUser,jdbcType=VARCHAR},
      </if>
      <if test="updateUser != null" >
        #{updateUser,jdbcType=VARCHAR},
      </if>
    </trim>
  </insert>
  
  
  <select id="findbyidList" resultType="java.util.HashMap">
    select 
         t.ID,
         t.CREATE_USER,
         t.UPDATE_USER,
         t.FIXAMAOUNT,
         t.CREATE_DATE,
         t.UPDATE_DATE,
         (select op.username from OPERATOR  op where op.id = t.create_user) as ONAME,
         (select up.username from OPERATOR  up where up.id = t.update_user) as UPNAME
    from FIX_AMAOUNT t
  </select>
  
  
  <update id="updateById" parameterType="com.uns.model.FixAmaount">
	  	update FIX_AMAOUNT
	    <set>
	     <if test="fixamaount !=null">
			FIXAMAOUNT = #{fixamaount,jdbcType=VARCHAR},
		</if>

		<if test="createDate !=null">
			CREATE_DATE = #{createDate,jdbcType=TIMESTAMP},
		</if>

		<if test="updateDate !=null">
			UPDATE_DATE=#{updateDate,jdbcType=TIMESTAMP},
		</if>
		<if test="createUser !=null">
			CREATE_USER=#{createUser,jdbcType=VARCHAR},
		</if>
		<if test="updateUser !=null">
			UPDATE_USER=#{updateUser,jdbcType=VARCHAR},
		</if>
	      
	    </set>
	    where ID = #{id,jdbcType=DECIMAL}
  </update>


   <select id="selectById" parameterType="java.lang.Long" resultMap="BaseResultMap">
	   select 
	    <include refid="Base_Column_List" />
	    from FIX_AMAOUNT
	    where ID = #{ID,jdbcType=DECIMAL}
   </select>
</mapper>