<?xml version="1.0" encoding="UTF-8" ?>
<!DOCTYPE mapper PUBLIC "-//mybatis.org//DTD Mapper 3.0//EN" "http://mybatis.org/dtd/mybatis-3-mapper.dtd" >
<mapper namespace="com.uns.dao.MccMapper">
	<resultMap id="mccMap" type="com.uns.model.Mcc">
		<id column="MCCID" jdbcType="DECIMAL" property="mccId" />
	    <result column="FIRM_NAME" jdbcType="VARCHAR" property="firmName" />
	    <result column="MCC_FEE" jdbcType="DECIMAL" property="mccFee" />
	</resultMap>
	
	<sql id="Base_Column_List">
	MCCID,FIRM_NAME,MCC_FEE
  	</sql>
	<!--遍历mcc  -->
	<select id="searchMcc"  resultMap="mccMap" parameterType="java.lang.Long">
	  	SELECT  
	  		<include refid="Base_Column_List" />
	  	FROM B2C_MCC BM
  	</select>
</mapper>