<?xml version="1.0" encoding="UTF-8" ?>
<!DOCTYPE mapper PUBLIC "-//mybatis.org//DTD Mapper 3.0//EN" "http://mybatis.org/dtd/mybatis-3-mapper.dtd" >
<mapper namespace="com.uns.dao.MposMerchantFeeMapper" >
  <resultMap id="BaseResultMap" type="com.uns.model.MposMerchantFee" >
    <result column="ID" property="id" jdbcType="DECIMAL" />
    <result column="SHOPPERID" property="shopperid" jdbcType="DECIMAL" />
    <result column="FEE" property="fee" jdbcType="VARCHAR" />
    <result column="TOP_AMOUNT" property="topAmount" jdbcType="VARCHAR" />
    <result column="STATUS" property="status" jdbcType="VARCHAR" />
    <result column="CREATE_DATE" property="createDate" jdbcType="TIMESTAMP" />
    <result column="UPDATE_DATE" property="updateDate" jdbcType="TIMESTAMP" />
    <result column="FEE_TYPE" property="feeType" jdbcType="VARCHAR" />
    <result column="D0FEE" property="d0Fee" jdbcType="VARCHAR" />
    
    <result column="CHANNEL_TYPE" property="channelType" jdbcType="VARCHAR" />
    <result column="PRO_TYPE" property="proType" jdbcType="VARCHAR" />
    <result column="EACHAMOUNT" property="eachamount" jdbcType="DECIMAL" />
  </resultMap>
 
  <sql id="Base_Column_List" >
    ID, SHOPPERID, FEE, TOP_AMOUNT, STATUS, CREATE_DATE, UPDATE_DATE, FEE_TYPE, D0FEE,CHANNEL_TYPE,PRO_TYPE,EACHAMOUNT
  </sql>
  
  <select id="selectByMerchantId" parameterType="java.lang.Long" resultType="java.util.HashMap">
  	select 
  	<include refid="Base_Column_List" />
  	from mpos_merchant_fee
  	where shopperid = #{shopperid,jdbcType=DECIMAL}
  </select>
  
  <select id="findMerchantT1FeeById" parameterType="java.lang.Long" resultType="java.util.Map">
  	select 
  	ID, FEE AS T1FEE, nvl(TOP_AMOUNT,'') T1TOPAMOUNT 
  	from mpos_merchant_fee
  	where shopperid = #{shopperid,jdbcType=DECIMAL}
  </select>
  
    <select id="findMerchantFeeById" parameterType="java.lang.Long" resultType="java.util.Map">
  	select 
  	f.ID,f.FEE,f.TOP_AMOUNT,'0' as FEETYPE,t.fee_type  CARDTYPE
  	from mpos_merchant_fee f,b2c_shopperbi_temp b
  	where f.shopperid=b.shopperid and f.shopperid = #{shopperid,jdbcType=DECIMAL}
  </select>
  


  
  
<!--  <select id="findMerchantFeeById" parameterType="java.lang.Long" resultType="java.util.HashMap">
  	select 
  	ID, FEE, TOP_AMOUNT,STATUS
  	from mpos_merchant_fee
  	where shopperid = #{shopperid,jdbcType=DECIMAL}
  </select> -->
  <insert id="insert" parameterType="com.uns.model.MposMerchantFee" >
    insert into MPOS_MERCHANT_FEE (ID, SHOPPERID, FEE, 
      TOP_AMOUNT, STATUS, CREATE_DATE, UPDATE_DATE,FEE_TYPE,D0FEE,CHANNEL_TYPE,PRO_TYPE,EACHAMOUNT)
    values (#{id,jdbcType=DECIMAL}, #{shopperid,jdbcType=DECIMAL}, #{fee,jdbcType=VARCHAR}, 
      #{topAmount,jdbcType=VARCHAR}, #{status,jdbcType=VARCHAR}, #{createDate,jdbcType=TIMESTAMP}, 
      #{updateDate,jdbcType=TIMESTAMP},#{feeType,jdbcType=VARCHAR},#{d0Fee,jdbcType=VARCHAR},
      #{channelType,jdbcType=VARCHAR},#{proType,jdbcType=VARCHAR},#{eachamount,jdbcType=DECIMAL})
  </insert>
  <insert id="insertSelective" parameterType="com.uns.model.MposMerchantFee" >
      <selectKey keyProperty="id" resultType="long" order="BEFORE">
    	select SEQ_MPOS_MERCHANT_FEE.NEXTVAL from dual
  	  </selectKey>
    insert into MPOS_MERCHANT_FEE
    <trim prefix="(" suffix=")" suffixOverrides="," >
      <if test="id != null" >
        ID,
      </if>
      <if test="shopperid != null" >
        SHOPPERID,
      </if>
      <if test="fee != null" >
        FEE,
      </if>
      <if test="topAmount != null" >
        TOP_AMOUNT,
      </if>
      <if test="status != null" >
        STATUS,
      </if>
      <if test="createDate != null" >
        CREATE_DATE,
      </if>
      <if test="updateDate != null" >
        UPDATE_DATE,
      </if>
      <if test="feeType != null" >
        FEE_TYPE,
      </if>
       <if test="proType != null" >
        PRO_TYPE,
      </if>
      <if test="d0Fee != null" >
        D0FEE
      </if>
       
    </trim>
    <trim prefix="values (" suffix=")" suffixOverrides="," >
      <if test="id != null" >
        #{id,jdbcType=DECIMAL},
      </if>
      <if test="shopperid != null" >
        #{shopperid,jdbcType=DECIMAL},
      </if>
      <if test="fee != null" >
        #{fee,jdbcType=VARCHAR},
      </if>
      <if test="topAmount != null" >
        #{topAmount,jdbcType=VARCHAR},
      </if>
      <if test="status != null" >
        #{status,jdbcType=VARCHAR},
      </if>
      <if test="createDate != null" >
        #{createDate,jdbcType=TIMESTAMP},
      </if>
      <if test="updateDate != null" >
        #{updateDate,jdbcType=TIMESTAMP},
      </if>
      <if test="feeType != null" >
        #{feeType,jdbcType=VARCHAR},
      </if>
        <if test="proType != null" >
        #{proType,jdbcType=VARCHAR},
      </if>
      <if test="d0Fee != null" >
        #{d0Fee,jdbcType=VARCHAR}
      </if>
    </trim>
  </insert>
  
  <select id="findMposMerchantFee"  parameterType="java.lang.String"  resultType="java.util.Map">
  	select ID from 
  	MPOS_MERCHANT_FEE
  	where  
  	SHOPPERID=#{shopperid,jdbcType=DECIMAL}
  </select>
  
    <select id="selectByMerchantId1" parameterType="java.lang.Long" resultType="java.util.HashMap">
  	select 
  	 FEE*100 as fee,TOP_AMOUNT
  	from mpos_merchant_fee
  	where shopperid = #{shopperid,jdbcType=DECIMAL}
  </select>
  
  
   <update id="updateByShopperId" parameterType="com.uns.model.MposMerchantFee">
    update MPOS_MERCHANT_FEE
    <set>
      <if test="fee != null">
        FEE = #{fee,jdbcType=VARCHAR},
      </if>
       <if test="topAmount != null">
        TOP_AMOUNT = #{topAmount,jdbcType=VARCHAR},
      </if>
       <if test="status != null">
        STATUS = #{status,jdbcType=VARCHAR},
      </if>
       <if test="createDate != null">
        CREATE_DATE = #{createDate,jdbcType=TIMESTAMP},
      </if>
       <if test="updateDate != null">
        UPDATE_DATE = #{updateDate,jdbcType=TIMESTAMP},
      </if>    
      <if test="d0Fee != null">
        D0FEE = #{d0Fee,jdbcType=VARCHAR},
      </if>    
    </set>
    <where>
       		SHOPPERID = #{shopperid,jdbcType=DECIMAL}
       		and FEE_TYPE = #{feeType,jdbcType=VARCHAR}
    </where>
  </update>
  
  
  
  
  
   <update id="updateByShopperIdFee" parameterType="com.uns.model.MposMerchantFee">
    update MPOS_MERCHANT_FEE
    <set>
      <if test="fee != null">
        FEE = #{fee,jdbcType=VARCHAR},
      </if>
       <if test="topAmount != null">
        TOP_AMOUNT = #{topAmount,jdbcType=VARCHAR},
      </if>
       <if test="status != null">
        STATUS = #{status,jdbcType=VARCHAR},
      </if>
       <if test="createDate != null">
        CREATE_DATE = #{createDate,jdbcType=TIMESTAMP},
      </if>
       <if test="updateDate != null">
        UPDATE_DATE = #{updateDate,jdbcType=TIMESTAMP},
      </if>    
      <if test="d0Fee != null">
        D0FEE = #{d0Fee,jdbcType=VARCHAR},
      </if>  
       <if test="channelType != null">
        CHANNEL_TYPE = #{channelType,jdbcType=VARCHAR},
      </if>  
       <if test="proType != null">
        PRO_TYPE = #{proType,jdbcType=VARCHAR},
      </if>  
       <if test="eachamount != null">
        EACHAMOUNT = #{eachamount,jdbcType=VARCHAR},
      </if>    
    </set>
    <where>
       		SHOPPERID = #{shopperid,jdbcType=DECIMAL}
       		and FEE_TYPE = #{feeType,jdbcType=VARCHAR}
       		and  CHANNEL_TYPE = #{channelType,jdbcType=VARCHAR}
      
    </where>
  </update>
  
  <select id="findfee"  resultMap="BaseResultMap" parameterType="java.lang.String">
		 select  
		  <include refid="Base_Column_List" />
		  	from mpos_merchant_fee
  	where shopperid = #{shopperid,jdbcType=DECIMAL}
	</select>
	
	
	 <delete id="deleteByPrimaryKey" parameterType="java.math.BigDecimal">
    delete from mpos_merchant_fee
    where shopperid = #{shopperid,jdbcType=DECIMAL}
  </delete>
  
   <update id="updateByShopperIdTemp" parameterType="com.uns.model.MposMerchantFee">
    update MPOS_MERCHANT_FEE_TEMP
    <set>
      <if test="fee != null">
        FEE = #{fee,jdbcType=VARCHAR},
      </if>
       <if test="topAmount != null">
        TOP_AMOUNT = #{topAmount,jdbcType=VARCHAR},
      </if>
       <if test="status != null">
        STATUS = #{status,jdbcType=VARCHAR},
      </if>
       <if test="createDate != null">
        CREATE_DATE = #{createDate,jdbcType=TIMESTAMP},
      </if>
       <if test="updateDate != null">
        UPDATE_DATE = #{updateDate,jdbcType=TIMESTAMP},
      </if>    
       <if test="feeType != null">
        FEE_TYPE = #{feeType,jdbcType=VARCHAR},
      </if>    
       <if test="d0Fee != null">
        D0FEE = #{d0Fee,jdbcType=VARCHAR},
      </if>  
       <if test="channelType != null">
        CHANNEL_TYPE = #{channelType,jdbcType=VARCHAR},
      </if>  
       <if test="proType != null">
        PRO_TYPE = #{proType,jdbcType=VARCHAR},
      </if>  
       <if test="eachamount != null">
        EACHAMOUNT = #{eachamount,jdbcType=VARCHAR},
      </if>    
    </set>
    <where>
      <if test="shopperid!=null">
        SHOPPERID = #{shopperid,jdbcType=DECIMAL}
      </if>
      <if test="feeType!=null">
      and fee_type =  #{feeType,jdbcType=VARCHAR}
      </if>
      <if test="channelType!=null">
      and CHANNEL_TYPE =  #{channelType,jdbcType=VARCHAR}
      </if>
    </where>
  </update>
  
  <insert id="insertSelectiveTemp" parameterType="com.uns.model.MposMerchantFee">
    insert into MPOS_MERCHANT_FEE_TEMP
    <trim prefix="(" suffix=")" suffixOverrides="," >
      <if test="id != null" >
        ID,
      </if>
      <if test="shopperid != null" >
        SHOPPERID,
      </if>
      <if test="fee != null" >
        FEE,
      </if>
      <if test="topAmount != null" >
        TOP_AMOUNT,
      </if>
      <if test="status != null" >
        STATUS,
      </if>
      <if test="createDate != null" >
        CREATE_DATE,
      </if>
      <if test="updateDate != null" >
        UPDATE_DATE,
      </if>
      <if test="feeType != null" >
        FEE_TYPE,
      </if>
      <if test="d0Fee != null" >
        D0FEE,
      </if>
       <if test="channelType != null" >
        CHANNEL_TYPE,
      </if>
       <if test="proType != null" >
        PRO_TYPE,
      </if>
       <if test="eachamount != null" >
        EACHAMOUNT,
      </if>
    </trim>
    <trim prefix="values (" suffix=")" suffixOverrides="," >
      <if test="id != null" >
        #{id,jdbcType=DECIMAL},
      </if>
      <if test="shopperid != null" >
        #{shopperid,jdbcType=DECIMAL},
      </if>
      <if test="fee != null" >
        #{fee,jdbcType=VARCHAR},
      </if>
      <if test="topAmount != null" >
        #{topAmount,jdbcType=VARCHAR},
      </if>
      <if test="status != null" >
        #{status,jdbcType=VARCHAR},
      </if>
      <if test="createDate != null" >
        #{createDate,jdbcType=TIMESTAMP},
      </if>
      <if test="updateDate != null" >
        #{updateDate,jdbcType=TIMESTAMP},
      </if>
      <if test="feeType != null" >
        #{feeType,jdbcType=VARCHAR},
      </if>
      <if test="d0Fee != null" >
        #{d0Fee,jdbcType=VARCHAR},
      </if>
      <if test="channelType != null" >
        #{channelType,jdbcType=TIMESTAMP},
      </if>
      <if test="proType != null" >
        #{proType,jdbcType=VARCHAR},
      </if>
      <if test="eachamount != null" >
        #{eachamount,jdbcType=VARCHAR},
      </if>
    </trim>
  </insert>
  
  <select id="selectByMerchantIdTemp" parameterType="java.lang.Long" resultType="java.util.HashMap">
  	select 
  	<include refid="Base_Column_List" />
  	from mpos_merchant_fee_temp
  	where shopperid = #{shopperid,jdbcType=DECIMAL}
  </select>
  
  <select id="findfeeTemp"  resultMap="BaseResultMap" parameterType="java.lang.String">
		 select  
		  <include refid="Base_Column_List" />
		  	from mpos_merchant_fee_temp
  	where shopperid = #{shopperid}
	</select>
	
<select id="findMposMerchantFeeTempByType"  resultMap="BaseResultMap" parameterType="java.util.Map">
         select  
		  <include refid="Base_Column_List" />
		  	from mpos_merchant_fee_temp m
	where m.SHOPPERID = #{shopperId,jdbcType=DECIMAL}
	and m.FEE_TYPE = #{feeType,jdbcType=VARCHAR}
	and m.status = '1'
	order by m.UPDATE_DATE DESC,m.CREATE_DATE DESC
</select>
<select id="findMposMerchantFeeByType"  resultMap="BaseResultMap" parameterType="java.util.Map">
         select  
		  <include refid="Base_Column_List" />
		  	from mpos_merchant_fee m
	where m.SHOPPERID = #{shopperId,jdbcType=DECIMAL}
	and m.FEE_TYPE = #{feeType,jdbcType=VARCHAR}
	and m.status = '1'
	order by m.UPDATE_DATE DESC,m.CREATE_DATE DESC
</select>
<select id="findMposRemoteFeeByType"  resultType="java.util.Map" parameterType="java.util.Map">
         select
            m.ID as id,
            m.FEE as fee,
            m.D0FEE as d0Fee
		  	from mpos_remote_fee m
	where m.TEL = #{shopperTel,jdbcType=VARCHAR}
	<if test="feeType!=null">
	and m.FEE_TYPE = #{feeType,jdbcType=VARCHAR}
	</if>
	and m.status = '1'
	order by m.UPDATE_DATE DESC,m.CREATE_DATE DESC
</select>

    <select id="findQrPayMerchantFeeList" parameterType="java.lang.String" resultType="java.util.Map">
  	  select 
		M.ID,M.FEE,M.TOP_AMOUNT,'0' FEETYPE,M.FEE_TYPE CARDTYPE,M.D0FEE
    from MPOS_MERCHANT_FEE M
    where SHOPPERID = #{shopperid,jdbcType=VARCHAR}
    and (M.FEE_TYPE=2 or M.FEE_TYPE=3 or M.FEE_TYPE=4 or M.FEE_TYPE=5 or M.FEE_TYPE=6 or M.FEE_TYPE=7)
  </select>
  
   <select id="findQrPayMerchantTempFeeList" parameterType="java.lang.String" resultType="java.util.Map">
	select MM.ID,
	       MM.FEE,
	       MM.TOP_AMOUNT,
	       '0' FEETYPE,
	       MM.FEE_TYPE CARDTYPE,
	       MM.D0FEE
	  from MPOS_MERCHANT_FEE_temp MM
	 where mm.SHOPPERID = #{shopperid, jdbcType = VARCHAR}
	   and (Mm.FEE_TYPE = 2 or Mm.FEE_TYPE = 3 or Mm.FEE_TYPE = 4 or Mm.FEE_TYPE = 5 or Mm.FEE_TYPE = 6 or Mm.FEE_TYPE=7)
  </select>
  
  
      <select id="findMerchantFeeByMpos" parameterType="long" resultType="java.util.Map">
  	  select 
		M.ID,M.FEE,M.TOP_AMOUNT,'0' FEETYPE,M.FEE_TYPE CARDTYPE,M.D0FEE,CHANNEL_TYPE as CHANNELTYPE,EACHAMOUNT
    from MPOS_MERCHANT_FEE M
    where SHOPPERID = #{shopperid,jdbcType=VARCHAR}
    and PRO_TYPE='1'
  </select>
  
  <select id="findMerchantFeeTempByMposList" parameterType="java.lang.String" resultType="java.util.Map">
	select MM.ID,
       MM.FEE,
       MM.TOP_AMOUNT,
       '0' FEETYPE,
       MM.FEE_TYPE CARDTYPE,
       CHANNEL_TYPE as CHANNELTYPE,EACHAMOUNT
	  from MPOS_MERCHANT_FEE_temp MM
	 where mm.SHOPPERID = #{shopperid, jdbcType = VARCHAR}
	   and mm.PRO_TYPE='1'
  </select>
  
    <select id="updateFeeProcedure" statementType="CALLABLE">
          {call update_fee()}
  </select>
  
  	<select id="findQrPayMerchantFee" parameterType="java.lang.String" resultType="java.lang.String">
	select max(mm.d0fee)
    from MPOS_MERCHANT_FEE_temp MM
   where mm.SHOPPERID = #{shopperid, jdbcType = VARCHAR}
     and (Mm.FEE_TYPE = 2 or Mm.FEE_TYPE = 3)
  </select>
  
   <select id="findbyshopperid" resultMap="BaseResultMap" parameterType="java.lang.String" >
    select 
    <include refid="Base_Column_List" />
    from MPOS_MERCHANT_FEE
    where SHOPPERID = #{shopperid,jdbcType=VARCHAR}
    and FEE_TYPE=1
  </select>

    <select id="findtempbyshopperid" resultMap="BaseResultMap" parameterType="java.lang.String" >
        select
        <include refid="Base_Column_List" />
        from MPOS_MERCHANT_FEE_TEMP
        where SHOPPERID = #{shopperid,jdbcType=VARCHAR}
        and FEE_TYPE=1
    </select>
  
  	<delete id="deleteByshopperid" parameterType="java.math.BigDecimal">
    delete from mpos_merchant_fee
    where shopperid = #{shopperid,jdbcType=DECIMAL}
  </delete>
  
  
  <select id="findMerchantFeeTChannelType" resultMap="BaseResultMap" parameterType="java.lang.String" >
    select 
    <include refid="Base_Column_List" />
    from MPOS_MERCHANT_FEE
    where SHOPPERID = #{shopperId,jdbcType=VARCHAR}
    and FEE_TYPE=#{feeType,jdbcType=VARCHAR}
    and CHANNEL_TYPE=#{channelType,jdbcType=VARCHAR}
  </select>
  
  
  <select id="findTempFeeTChannelType" resultMap="BaseResultMap" parameterType="java.lang.String" >
    select 
    <include refid="Base_Column_List" />
    from mpos_merchant_fee_temp
    where SHOPPERID = #{shopperId,jdbcType=VARCHAR}
    and FEE_TYPE=#{feeType,jdbcType=VARCHAR}
    and CHANNEL_TYPE=#{channelType,jdbcType=VARCHAR}
  </select>
  
  
  <select id="findMposRemoteFeeByChannelType"  resultType="java.util.Map" parameterType="java.util.Map">
         select
            m.ID as id,
            m.FEE as fee,
            m.D0FEE as d0Fee,
            m.EACHAMOUNT 
		  	from mpos_remote_fee m
	where m.TEL = #{shopperTel,jdbcType=VARCHAR}
	and m.FEE_TYPE = #{feeType,jdbcType=VARCHAR}
	and m.CHANNEL_TYPE=#{channelType,jdbcType=VARCHAR}
	and m.status = '1'
	order by m.UPDATE_DATE DESC,m.CREATE_DATE DESC
</select>

</mapper>