<?xml version="1.0" encoding="UTF-8"?>
<!DOCTYPE mapper PUBLIC "-//mybatis.org//DTD Mapper 3.0//EN" "http://mybatis.org/dtd/mybatis-3-mapper.dtd">
<mapper namespace="com.uns.dao.MposPhotoMapper">
  <resultMap id="BaseResultMap" type="com.uns.model.MposPhoto">
    <id column="PHOTO_ID" jdbcType="DECIMAL" property="photoId" />
    <result column="HAND_IDENTITY_CARD_PHOTO" jdbcType="VARCHAR" property="handIdentityCardPhoto" />
    <result column="FRONT_IDENTITY_CARD_PHOTO" jdbcType="VARCHAR" property="frontIdentityCardPhoto" />
    <result column="REVERSE_IDENTITY_CARD_PHOTO" jdbcType="VARCHAR" property="reverseIdentityCardPhoto" />
    <result column="STORE_PHOTO" jdbcType="VARCHAR" property="storePhoto" />
    <result column="LICENSE_PHOTO" jdbcType="VARCHAR" property="licensePhoto" />
    <result column="INSTORE_PHOTO" jdbcType="VARCHAR" property="instorePhoto" />
    <result column="CHECKSTAND_PHOTO" jdbcType="VARCHAR" property="checkstandPhoto" />
    <result column="SIGNATURE_PHOTO" jdbcType="VARCHAR" property="signaturePhoto" />
    <result column="CHECK_FLAG" property="checkFlag" jdbcType="VARCHAR" />
     <result column="IDENTITYID" property="identityid" jdbcType="VARCHAR" />
     <result column="CREDIT_CARD_PHOTO" property="creditCardPhoto" jdbcType="VARCHAR" />
     <result column="SETTLEMENT_CARD_PHOTO" property="settlementCardPhoto" jdbcType="VARCHAR" />
     <result column="FIX_PHOTO" property="fixphoto" jdbcType="VARCHAR" />
    <result column="LIVINGBODY_FACE_PHOTO" property="livingbodyFacePhoto" jdbcType="VARCHAR" />
    <result column="LIVINGBODY_LEFT_PHOTO" property="livingbodyLeftPhoto" jdbcType="VARCHAR" />
    <result column="LIVINGBODY_RETURN_PHOTO" property="livingbodyReturnPhoto" jdbcType="VARCHAR" />
    <result column="LIVINGBODY_RIGHT_PHOTO" property="livingbodyRightPhoto" jdbcType="VARCHAR" />
    <result column="ID_CARD_HEAD_PHOTO" property="idCardHeadPhoto" jdbcType="VARCHAR" />
  </resultMap>
 
  <sql id="Base_Column_List">
    PHOTO_ID, HAND_IDENTITY_CARD_PHOTO, FRONT_IDENTITY_CARD_PHOTO, REVERSE_IDENTITY_CARD_PHOTO, 
    STORE_PHOTO, LICENSE_PHOTO, INSTORE_PHOTO, CHECKSTAND_PHOTO,SIGNATURE_PHOTO,CHECK_FLAG,IDENTITYID,CREDIT_CARD_PHOTO,
    SETTLEMENT_CARD_PHOTO,FIX_PHOTO,
    LIVINGBODY_FACE_PHOTO,
      LIVINGBODY_LEFT_PHOTO,
      LIVINGBODY_RIGHT_PHOTO,
      LIVINGBODY_RETURN_PHOTO,
      ID_CARD_HEAD_PHOTO
  </sql>
 
  <select id="selectByPrimaryKey" parameterType="Long" resultMap="BaseResultMap">
    select 
    <include refid="Base_Column_List" />
    from MPOS_PHOTO
    where PHOTO_ID = #{photoId,jdbcType=BIGINT}
  </select>
  <delete id="deleteByPrimaryKey" parameterType="java.math.BigDecimal">
    delete from MPOS_PHOTO
    where PHOTO_ID = #{photoId,jdbcType=DECIMAL}
  </delete>

  <insert id="insert" parameterType="com.uns.model.MposPhoto">
    insert into MPOS_PHOTO (PHOTO_ID, HAND_IDENTITY_CARD_PHOTO, FRONT_IDENTITY_CARD_PHOTO, 
      REVERSE_IDENTITY_CARD_PHOTO, STORE_PHOTO, LICENSE_PHOTO, 
      INSTORE_PHOTO, CHECKSTAND_PHOTO,CHECK_FLAG,IDENTITYID,CREDIT_CARD_PHOTO,
    SETTLEMENT_CARD_PHOTO,FIX_PHOTO)
    values (#{photoId,jdbcType=DECIMAL}, #{handIdentityCardPhoto,jdbcType=VARCHAR}, #{frontIdentityCardPhoto,jdbcType=VARCHAR}, 
      #{reverseIdentityCardPhoto,jdbcType=VARCHAR}, #{storePhoto,jdbcType=VARCHAR}, #{licensePhoto,jdbcType=VARCHAR}, 
      #{instorePhoto,jdbcType=VARCHAR}, #{checkstandPhoto,jdbcType=VARCHAR},#{checkFlag,jdbcType=VARCHAR},
      #{identityid,jdbcType=VARCHAR},
      #{creditCardPhoto,jdbcType=VARCHAR},
      #{settlementCardPhoto,jdbcType=VARCHAR},
      #{fixphoto,jdbcType=VARCHAR})
  </insert>
  <insert id="insertSelective" parameterType="com.uns.model.MposPhoto">
    insert into MPOS_PHOTO
    <trim prefix="(" suffix=")" suffixOverrides=",">
      <if test="photoId != null">
        PHOTO_ID,
      </if>
      <if test="handIdentityCardPhoto != null">
        HAND_IDENTITY_CARD_PHOTO,
      </if>
      <if test="frontIdentityCardPhoto != null">
        FRONT_IDENTITY_CARD_PHOTO,
      </if>
      <if test="reverseIdentityCardPhoto != null">
        REVERSE_IDENTITY_CARD_PHOTO,
      </if>
      <if test="storePhoto != null">
        STORE_PHOTO,
      </if>
      <if test="licensePhoto != null">
        LICENSE_PHOTO,
      </if>
      <if test="instorePhoto != null">
        INSTORE_PHOTO,
      </if>
      <if test="checkstandPhoto != null">
        CHECKSTAND_PHOTO,
      </if>
      <if test="signaturePhoto != null">
        SIGNATURE_PHOTO,
      </if>
      <if test="checkFlag != null">
        CHECK_FLAG,
      </if>
      <if test="identityid != null">
        IDENTITYID,
      </if>
      <if test="creditCardPhoto != null">
        CREDIT_CARD_PHOTO,
      </if>
      <if test="settlementCardPhoto != null">
        SETTLEMENT_CARD_PHOTO,
      </if>
      <if test="fixphoto != null">
        FIX_PHOTO
      </if>
     
    </trim>
    <trim prefix="values (" suffix=")" suffixOverrides=",">
      <if test="photoId != null">
        #{photoId,jdbcType=DECIMAL},
      </if>
      <if test="handIdentityCardPhoto != null">
        #{handIdentityCardPhoto,jdbcType=VARCHAR},
      </if>
      <if test="frontIdentityCardPhoto != null">
        #{frontIdentityCardPhoto,jdbcType=VARCHAR},
      </if>
      <if test="reverseIdentityCardPhoto != null">
        #{reverseIdentityCardPhoto,jdbcType=VARCHAR},
      </if>
      <if test="storePhoto != null">
        #{storePhoto,jdbcType=VARCHAR},
      </if>
      <if test="licensePhoto != null">
        #{licensePhoto,jdbcType=VARCHAR},
      </if>
      <if test="instorePhoto != null">
        #{instorePhoto,jdbcType=VARCHAR},
      </if>
      <if test="checkstandPhoto != null">
        #{checkstandPhoto,jdbcType=VARCHAR},
      </if>
      <if test="signaturePhoto != null">
        #{signaturePhoto,jdbcType=VARCHAR},
      </if>
       <if test="checkFlag != null">
        #{checkFlag,jdbcType=VARCHAR},
      </if>
      <if test="identityid != null">
        #{identityid,jdbcType=VARCHAR},
      </if>
      <if test="creditCardPhoto != null">
        #{creditCardPhoto,jdbcType=VARCHAR},
      </if>
      <if test="settlementCardPhoto != null">
        #{settlementCardPhoto,jdbcType=VARCHAR},
      </if>
      <if test="fixphoto != null">
        #{fixphoto,jdbcType=VARCHAR}
      </if>
       
    </trim>
  </insert>
 
  <update id="updateByPrimaryKeySelective" parameterType="com.uns.model.MposPhoto">
    update MPOS_PHOTO
    <set>
      <if test="handIdentityCardPhoto != null">
        HAND_IDENTITY_CARD_PHOTO = #{handIdentityCardPhoto,jdbcType=VARCHAR},
      </if>
      <if test="frontIdentityCardPhoto != null">
        FRONT_IDENTITY_CARD_PHOTO = #{frontIdentityCardPhoto,jdbcType=VARCHAR},
      </if>
      <if test="reverseIdentityCardPhoto != null">
        REVERSE_IDENTITY_CARD_PHOTO = #{reverseIdentityCardPhoto,jdbcType=VARCHAR},
      </if>
      <if test="storePhoto != null">
        STORE_PHOTO = #{storePhoto,jdbcType=VARCHAR},
      </if>
      <if test="licensePhoto != null">
        LICENSE_PHOTO = #{licensePhoto,jdbcType=VARCHAR},
      </if>
      <if test="instorePhoto != null">
        INSTORE_PHOTO = #{instorePhoto,jdbcType=VARCHAR},
      </if>
      <if test="checkstandPhoto != null">
        CHECKSTAND_PHOTO = #{checkstandPhoto,jdbcType=VARCHAR},
      </if>
      <if test="signaturePhoto != null">
        SIGNATURE_PHOTO = #{signaturePhoto,jdbcType=VARCHAR},
      </if>
      <if test="identityid != null">
        IDENTITYID = #{identityid,jdbcType=VARCHAR},
      </if>
      <if test="creditCardPhoto != null">
        CREDIT_CARD_PHOTO = #{creditCardPhoto,jdbcType=VARCHAR},
      </if>
      <if test="settlementCardPhoto != null">
        SETTLEMENT_CARD_PHOTO = #{settlementCardPhoto,jdbcType=VARCHAR},
      </if>
       <if test="fixphoto != null">
        FIX_PHOTO = #{fixphoto,jdbcType=VARCHAR},
      </if>
      <if test="livingbodyFacePhoto != null">
        LIVINGBODY_FACE_PHOTO = #{livingbodyFacePhoto,jdbcType=VARCHAR},
      </if>
      <if test="livingbodyLeftPhoto != null">
        LIVINGBODY_LEFT_PHOTO = #{livingbodyLeftPhoto,jdbcType=VARCHAR},
      </if>
      <if test="livingbodyReturnPhoto != null">
        LIVINGBODY_RETURN_PHOTO = #{livingbodyReturnPhoto,jdbcType=VARCHAR},
      </if>
      <if test="livingbodyRightPhoto != null">
        LIVINGBODY_RIGHT_PHOTO = #{livingbodyRightPhoto,jdbcType=VARCHAR},
      </if>
      <if test="idCardHeadPhoto != null">
        ID_CARD_HEAD_PHOTO = #{idCardHeadPhoto,jdbcType=VARCHAR},
      </if>
    </set>
    WHERE PHOTO_ID = #{photoId,jdbcType=DECIMAL}
  </update>
  <update id="updateByPrimaryKey" parameterType="com.uns.model.MposPhoto">
    update MPOS_PHOTO
    set HAND_IDENTITY_CARD_PHOTO = #{handIdentityCardPhoto,jdbcType=VARCHAR},
      FRONT_IDENTITY_CARD_PHOTO = #{frontIdentityCardPhoto,jdbcType=VARCHAR},
      REVERSE_IDENTITY_CARD_PHOTO = #{reverseIdentityCardPhoto,jdbcType=VARCHAR},
      STORE_PHOTO = #{storePhoto,jdbcType=VARCHAR},
      LICENSE_PHOTO = #{licensePhoto,jdbcType=VARCHAR},
      INSTORE_PHOTO = #{instorePhoto,jdbcType=VARCHAR},
      CHECKSTAND_PHOTO = #{checkstandPhoto,jdbcType=VARCHAR},
      SIGNATURE_PHOTO = #{signaturePhoto,jdbcType=VARCHAR},
      IDENTITYID = #{identityid,jdbcType=VARCHAR},
      CREDIT_CARD_PHOTO = #{creditCardPhoto,jdbcType=VARCHAR},
      SETTLEMENT_CARD_PHOTO = #{settlementCardPhoto,jdbcType=VARCHAR},
      FIX_PHOTO = #{fixphoto,jdbcType=VARCHAR}
    where PHOTO_ID = #{photoId,jdbcType=DECIMAL}
  </update>
 
</mapper>