<?xml version="1.0" encoding="UTF-8" ?>
<!DOCTYPE mapper PUBLIC "-//mybatis.org//DTD Mapper 3.0//EN" "http://mybatis.org/dtd/mybatis-3-mapper.dtd" >
<mapper namespace="com.uns.dao.MposT0FeeMapper" >
  <resultMap id="BaseResultMap" type="com.uns.model.MposT0Fee" >
    <id column="ID" property="id" jdbcType="DECIMAL" />
    <result column="ORDERID" property="orderid" jdbcType="VARCHAR" />
    <result column="ORDERTIME" property="ordertime" jdbcType="VARCHAR" />
    <result column="T0FEE" property="t0fee" jdbcType="DECIMAL" />
    <result column="T0FIXEDFEE" property="t0fixedfee" jdbcType="DECIMAL" />
    <result column="CREATEDATE" property="createdate" jdbcType="DATE" />
    <result column="CAREATEUSER" property="careateuser" jdbcType="VARCHAR" />
    <result column="RSPCODE" property="rspcode" jdbcType="VARCHAR" />
    <result column="RSPMSG" property="rspmsg" jdbcType="VARCHAR" />
  </resultMap>
  
  <sql id="Base_Column_List" >
    ID, ORDERID, ORDERTIME, T0FEE, T0FIXEDFEE, CREATEDATE, CAREATEUSER, RSPCODE, RSPMSG
  </sql>
 
  <select id="selectByPrimaryKey" resultMap="BaseResultMap" parameterType="java.math.BigDecimal" >
    select 
    <include refid="Base_Column_List" />
    from MPOS_T0_FEE
    where ID = #{id,jdbcType=DECIMAL}
  </select>
  <delete id="deleteByPrimaryKey" parameterType="java.math.BigDecimal" >
    delete from MPOS_T0_FEE
    where ID = #{id,jdbcType=DECIMAL}
  </delete>
 
  <insert id="insert" parameterType="com.uns.model.MposT0Fee" >
    insert into MPOS_T0_FEE (ID, ORDERID, ORDERTIME, 
      T0FEE, T0FIXEDFEE, CREATEDATE, 
      CAREATEUSER, RSPCODE, RSPMSG
      )
    values (#{id,jdbcType=DECIMAL}, #{orderid,jdbcType=VARCHAR}, #{ordertime,jdbcType=VARCHAR}, 
      #{t0fee,jdbcType=DECIMAL}, #{t0fixedfee,jdbcType=DECIMAL}, #{createdate,jdbcType=DATE}, 
      #{careateuser,jdbcType=VARCHAR}, #{rspcode,jdbcType=VARCHAR}, #{rspmsg,jdbcType=VARCHAR}
      )
  </insert>
  <insert id="insertSelective" parameterType="com.uns.model.MposT0Fee" >
   <selectKey resultType="java.lang.Long" keyProperty="id" order="BEFORE">
      SELECT MPOS_T0_FEE_SEQ.NEXTVAL FROM DUAL
      </selectKey>
    insert into MPOS_T0_FEE
    <trim prefix="(" suffix=")" suffixOverrides="," >
      <if test="id != null" >
        ID,
      </if>
      <if test="orderid != null" >
        ORDERID,
      </if>
      <if test="ordertime != null" >
        ORDERTIME,
      </if>
      <if test="t0fee != null" >
        T0FEE,
      </if>
      <if test="t0fixedfee != null" >
        T0FIXEDFEE,
      </if>
      <if test="createdate != null" >
        CREATEDATE,
      </if>
      <if test="careateuser != null" >
        CAREATEUSER,
      </if>
      <if test="rspcode != null" >
        RSPCODE,
      </if>
      <if test="rspmsg != null" >
        RSPMSG,
      </if>
    </trim>
    <trim prefix="values (" suffix=")" suffixOverrides="," >
      <if test="id != null" >
        #{id,jdbcType=DECIMAL},
      </if>
      <if test="orderid != null" >
        #{orderid,jdbcType=VARCHAR},
      </if>
      <if test="ordertime != null" >
        #{ordertime,jdbcType=VARCHAR},
      </if>
      <if test="t0fee != null" >
        #{t0fee,jdbcType=DECIMAL},
      </if>
      <if test="t0fixedfee != null" >
        #{t0fixedfee,jdbcType=DECIMAL},
      </if>
      <if test="createdate != null" >
        #{createdate,jdbcType=DATE},
      </if>
      <if test="careateuser != null" >
        #{careateuser,jdbcType=VARCHAR},
      </if>
      <if test="rspcode != null" >
        #{rspcode,jdbcType=VARCHAR},
      </if>
      <if test="rspmsg != null" >
        #{rspmsg,jdbcType=VARCHAR},
      </if>
    </trim>
  </insert>
  <update id="updateByPrimaryKeySelective" parameterType="com.uns.model.MposT0Fee" >
    update MPOS_T0_FEE
    <set >
      <if test="orderid != null" >
        ORDERID = #{orderid,jdbcType=VARCHAR},
      </if>
      <if test="ordertime != null" >
        ORDERTIME = #{ordertime,jdbcType=VARCHAR},
      </if>
      <if test="t0fee != null" >
        T0FEE = #{t0fee,jdbcType=DECIMAL},
      </if>
      <if test="t0fixedfee != null" >
        T0FIXEDFEE = #{t0fixedfee,jdbcType=DECIMAL},
      </if>
      <if test="createdate != null" >
        CREATEDATE = #{createdate,jdbcType=DATE},
      </if>
      <if test="careateuser != null" >
        CAREATEUSER = #{careateuser,jdbcType=VARCHAR},
      </if>
      <if test="rspcode != null" >
        RSPCODE = #{rspcode,jdbcType=VARCHAR},
      </if>
      <if test="rspmsg != null" >
        RSPMSG = #{rspmsg,jdbcType=VARCHAR},
      </if>
    </set>
    where ID = #{id,jdbcType=DECIMAL}
  </update>
  <update id="updateByPrimaryKey" parameterType="com.uns.model.MposT0Fee" >
    update MPOS_T0_FEE
    set ORDERID = #{orderid,jdbcType=VARCHAR},
      ORDERTIME = #{ordertime,jdbcType=VARCHAR},
      T0FEE = #{t0fee,jdbcType=DECIMAL},
      T0FIXEDFEE = #{t0fixedfee,jdbcType=DECIMAL},
      CREATEDATE = #{createdate,jdbcType=DATE},
      CAREATEUSER = #{careateuser,jdbcType=VARCHAR},
      RSPCODE = #{rspcode,jdbcType=VARCHAR},
      RSPMSG = #{rspmsg,jdbcType=VARCHAR}
    where ID = #{id,jdbcType=DECIMAL}
  </update>
  
  
   <select id="findMposT0FeeList" resultMap="BaseResultMap" parameterType="com.uns.web.form.MposT0FeeForm" >
    select 
    <include refid="Base_Column_List" />
    from MPOS_T0_FEE
    where 1=1
      <if test='orderidq!=null and orderidq!=""'>
		and ORDERID=#{orderidq,jdbcType=DECIMAL}
	</if>
	<if test='createdStart!=null and createdStart!=""'>
		and substr(ordertime, 0, 8) <![CDATA[ >=#{createdStart,jdbcType=DECIMAL} ]]>
	</if>
	<if test='createdEnd!=null and createdEnd!=""'>
		and substr(ordertime, 0, 8)  <![CDATA[ <= #{createdEnd,jdbcType=DECIMAL} ]]>
	</if>
	<if test='rspcodeq!=null and rspcodeq!=""'>
		<if test='rspcodeq=="0000"'>
			and RSPCODE='0000'
		</if>
		<if test='rspcodeq!="0000"'>
			and RSPCODE  <![CDATA[ <> '0000' ]]>
		</if>
	</if> 
	order by ID desc
  </select>
</mapper>