<?xml version="1.0" encoding="UTF-8" ?>
<!DOCTYPE mapper PUBLIC "-//mybatis.org//DTD Mapper 3.0//EN" "mybatis-3-mapper.dtd" >
<mapper namespace="com.uns.dao.MposPhotoTmpMapper" >
  <resultMap id="BaseResultMap" type="com.uns.model.MposPhotoTmp" >
    <id column="PHOTO_ID" property="photoId" jdbcType="DECIMAL" />
    <result column="HAND_IDENTITY_CARD_PHOTO" property="handIdentityCardPhoto" jdbcType="VARCHAR" />
    <result column="FRONT_IDENTITY_CARD_PHOTO" property="frontIdentityCardPhoto" jdbcType="VARCHAR" />
    <result column="REVERSE_IDENTITY_CARD_PHOTO" property="reverseIdentityCardPhoto" jdbcType="VARCHAR" />
    <result column="STORE_PHOTO" property="storePhoto" jdbcType="VARCHAR" />
    <result column="LICENSE_PHOTO" property="licensePhoto" jdbcType="VARCHAR" />
    <result column="INSTORE_PHOTO" property="instorePhoto" jdbcType="VARCHAR" />
    <result column="CHECKSTAND_PHOTO" property="checkstandPhoto" jdbcType="VARCHAR" />
    <result column="SIGNATURE_PHOTO" property="signaturePhoto" jdbcType="VARCHAR" />
    <result column="CHECK_FLAG" property="checkFlag" jdbcType="VARCHAR" />
    <result column="IDENTITYID" property="identityid" jdbcType="VARCHAR" />
    <result column="CREDIT_CARD_PHOTO" property="creditCardPhoto" jdbcType="VARCHAR" />
    <result column="SETTLEMENT_CARD_PHOTO" property="settlementCardPhoto" jdbcType="VARCHAR" />
    <result column="FIX_PHOTO" property="fixphoto" jdbcType="VARCHAR" />
      <result column="LIVINGBODY_FACE_PHOTO" property="livingbodyFacePhoto" jdbcType="VARCHAR" />
      <result column="LIVINGBODY_LEFT_PHOTO" property="livingbodyLeftPhoto" jdbcType="VARCHAR" />
      <result column="LIVINGBODY_RIGHT_PHOTO" property="livingbodyRightPhoto" jdbcType="VARCHAR" />
      <result column="LIVINGBODY_RETURN_PHOTO" property="livingbodyReturnPhoto" jdbcType="VARCHAR" />
      <result column="ID_CARD_HEAD_PHOTO" property="idCardHeadPhoto" jdbcType="VARCHAR" />
      <result column="LOBBY_PHOTO" property="lobbyPhoto" jdbcType="VARCHAR" />
      <result column="OPEN_LICENSE_PHOTO" property="openLicensePhoto" jdbcType="VARCHAR" />
  </resultMap>
    <resultMap id="HfImageMap" type="com.uns.model.MposPhotoTmp">
        <result column="HAND_IDENTITY_CARD_PHOTO" property="handIdentityCardPhoto" jdbcType="VARCHAR" />
        <result column="FRONT_IDENTITY_CARD_PHOTO" property="frontIdentityCardPhoto" jdbcType="VARCHAR" />
        <result column="REVERSE_IDENTITY_CARD_PHOTO" property="reverseIdentityCardPhoto" jdbcType="VARCHAR" />
        <result column="SETTLEMENT_CARD_PHOTO" property="settlementCardPhoto" jdbcType="VARCHAR" />
        <result column="SHOPPERID" property="shopperId" jdbcType="VARCHAR"/>
    </resultMap>
  <sql id="Base_Column_List" >
    PHOTO_ID, HAND_IDENTITY_CARD_PHOTO,  
    FRONT_IDENTITY_CARD_PHOTO,  
    REVERSE_IDENTITY_CARD_PHOTO, 
    STORE_PHOTO, LICENSE_PHOTO, 
    INSTORE_PHOTO,  CHECKSTAND_PHOTO,  
    SIGNATURE_PHOTO,
    CHECK_FLAG,IDENTITYID,CREDIT_CARD_PHOTO,
    SETTLEMENT_CARD_PHOTO,FIX_PHOTO,
      LIVINGBODY_FACE_PHOTO,
      LIVINGBODY_LEFT_PHOTO,
      LIVINGBODY_RIGHT_PHOTO,
      LIVINGBODY_RETURN_PHOTO,
      ID_CARD_HEAD_PHOTO,
      LOBBY_PHOTO,
      OPEN_LICENSE_PHOTO
  </sql>
  
  <select id="selectByPrimaryKey" resultMap="BaseResultMap" parameterType="java.math.BigDecimal" >
    select 
    <include refid="Base_Column_List" />
    from MPOS_PHOTO_TMP
    where PHOTO_ID = #{photoId,jdbcType=DECIMAL}
  </select>
  <delete id="deleteByPrimaryKey" parameterType="java.math.BigDecimal" >
    delete from MPOS_PHOTO_TMP
    where PHOTO_ID = #{photoId,jdbcType=DECIMAL}
  </delete>
  <insert id="insert" parameterType="com.uns.model.MposPhotoTmp" >
    insert into MPOS_PHOTO_TMP (
      PHOTO_ID, 
      HAND_IDENTITY_CARD_PHOTO,  
      FRONT_IDENTITY_CARD_PHOTO,  
      REVERSE_IDENTITY_CARD_PHOTO, 
      STORE_PHOTO, 
      LICENSE_PHOTO, 
      INSTORE_PHOTO, 
      CHECKSTAND_PHOTO, 
      SIGNATURE_PHOTO, 
      CHECK_FLAG,
      IDENTITYID,
      CREDIT_CARD_PHOTO,
      SETTLEMENT_CARD_PHOTO,
      FIX_PHOTO
      )
    values (
      #{photoId,jdbcType=DECIMAL}, 
      #{handIdentityCardPhoto,jdbcType=VARCHAR},  
      #{frontIdentityCardPhoto,jdbcType=VARCHAR}, 
      #{reverseIdentityCardPhoto,jdbcType=VARCHAR}, 
      #{storePhoto,jdbcType=VARCHAR}, 
      #{licensePhoto,jdbcType=VARCHAR}, 
      #{instorePhoto,jdbcType=VARCHAR}, 
      #{checkstandPhoto,jdbcType=VARCHAR}, 
      #{signaturePhoto,jdbcType=VARCHAR}, 
      #{checkFlag,jdbcType=VARCHAR},
      #{identityid,jdbcType=VARCHAR},
      #{creditCardPhoto,jdbcType=VARCHAR},
      #{settlementCardPhoto,jdbcType=VARCHAR},
      #{fixphoto,jdbcType=VARCHAR}
      )
  </insert>
  <insert id="insertSelective" parameterType="com.uns.model.MposPhotoTmp" >
    <selectKey keyProperty="photoId" resultType="long" order="BEFORE">
    	select MPOS_PHOTO_TMP_SEQ.NEXTVAL from dual
  	</selectKey>
    insert into MPOS_PHOTO_TMP
    <trim prefix="(" suffix=")" suffixOverrides="," >
      PHOTO_ID,
      HAND_IDENTITY_CARD_PHOTO,
      FRONT_IDENTITY_CARD_PHOTO,
      REVERSE_IDENTITY_CARD_PHOTO,
      STORE_PHOTO,
      LICENSE_PHOTO,
      INSTORE_PHOTO,
      CHECKSTAND_PHOTO,
      SIGNATURE_PHOTO,
      CHECK_FLAG,
      IDENTITYID,
      CREDIT_CARD_PHOTO,
      SETTLEMENT_CARD_PHOTO,
      FIX_PHOTO,
    </trim>
    <trim prefix="values (" suffix=")" suffixOverrides="," >
      #{photoId,jdbcType=DECIMAL},
      #{handIdentityCardPhoto,jdbcType=VARCHAR},
      #{frontIdentityCardPhoto,jdbcType=VARCHAR},
      #{reverseIdentityCardPhoto,jdbcType=VARCHAR},
      #{storePhoto,jdbcType=VARCHAR},
      #{licensePhoto,jdbcType=VARCHAR},
      #{instorePhoto,jdbcType=VARCHAR},
      #{checkstandPhoto,jdbcType=VARCHAR},
      #{signaturePhoto,jdbcType=VARCHAR},
      #{checkFlag,jdbcType=VARCHAR},
      #{identityid,jdbcType=VARCHAR},
      #{creditCardPhoto,jdbcType=VARCHAR},
      #{settlementCardPhoto,jdbcType=VARCHAR},
      #{fixphoto,jdbcType=VARCHAR},
    </trim>
  </insert>
  <update id="updatePhotoTmpById" parameterType="com.uns.model.MposPhotoTmp" >
  	update MPOS_PHOTO_TMP 
  		<set>
      		<if test="licensePhoto != null">
        		LICENSE_PHOTO = #{licensePhoto,jdbcType=VARCHAR},
      		</if>
      		<if test="handIdentityCardPhoto != null">
        		HAND_IDENTITY_CARD_PHOTO = #{handIdentityCardPhoto,jdbcType=VARCHAR},
      		</if>
      		<if test="frontIdentityCardPhoto != null">
        		FRONT_IDENTITY_CARD_PHOTO = #{frontIdentityCardPhoto,jdbcType=VARCHAR},
      		</if>
      		<if test="reverseIdentityCardPhoto != null">
        		REVERSE_IDENTITY_CARD_PHOTO = #{reverseIdentityCardPhoto,jdbcType=VARCHAR},
      		</if>
      		<if test="storePhoto != null">
        		STORE_PHOTO = #{storePhoto,jdbcType=VARCHAR},
      		</if>
      		<if test="instorePhoto != null">
        		INSTORE_PHOTO = #{instorePhoto,jdbcType=VARCHAR},
      		</if>
      		<if test="checkstandPhoto != null">
        		CHECKSTAND_PHOTO = #{checkstandPhoto,jdbcType=VARCHAR},
      		</if>
      		<if test="signaturePhoto != null">
        		SIGNATURE_PHOTO = #{signaturePhoto,jdbcType=VARCHAR},
      		</if>
      		<if test="identityid != null">
        		IDENTITYID = #{identityid,jdbcType=VARCHAR},
      		</if>
      		<if test="creditCardPhoto != null">
        		CREDIT_CARD_PHOTO = #{creditCardPhoto,jdbcType=VARCHAR},
      		</if>
      	    <if test="settlementCardPhoto != null">
        		SETTLEMENT_CARD_PHOTO = #{settlementCardPhoto,jdbcType=VARCHAR},
      		</if>
      		<if test="fixphoto != null">
        		FIX_PHOTO = #{fixphoto,jdbcType=VARCHAR},
      		</if>
            <if test="livingbodyFacePhoto!= null">
                LIVINGBODY_FACE_PHOTO = #{livingbodyFacePhoto,jdbcType=VARCHAR},
            </if>
            <if test="livingbodyLeftPhoto != null">
                LIVINGBODY_FACE_PHOTO = #{livingbodyLeftPhoto,jdbcType=VARCHAR},
            </if>
            <if test="livingbodyRightPhoto != null">
                LIVINGBODY_FACE_PHOTO = #{livingbodyRightPhoto,jdbcType=VARCHAR},
            </if>
            <if test="livingbodyReturnPhoto != null">
                LIVINGBODY_FACE_PHOTO = #{livingbodyReturnPhoto,jdbcType=VARCHAR},
            </if>
            <if test="idCardHeadPhoto != null">
                ID_CARD_HEAD_PHOTO = #{idCardHeadPhoto,jdbcType=VARCHAR},
            </if>
  		</set>
  		where PHOTO_ID = #{photoId,jdbcType=DECIMAL}
  </update>
 <delete id="delphoto" parameterType="java.lang.String" >
    delete from MPOS_PHOTO_TMP
    where IDENTITYID = #{identityid,jdbcType=VARCHAR}
  </delete>
  
 <select id="findbysid" resultMap="BaseResultMap" parameterType="java.lang.String" >
    select 
    <include refid="Base_Column_List" />
    from MPOS_PHOTO_TMP
    where IDENTITYID = #{identityid,jdbcType=VARCHAR}
  </select>
 
 
 <select id="findbyphotoid" resultMap="BaseResultMap" parameterType="java.lang.String" >
    select 
    <include refid="Base_Column_List" />
    from MPOS_PHOTO_TMP
    where PHOTO_ID = #{photoId,jdbcType=DECIMAL}
  </select>
    <select id="findHfRegImage" resultMap="HfImageMap">
        SELECT M.FRONT_IDENTITY_CARD_PHOTO,
               M.SETTLEMENT_CARD_PHOTO,
               M.HAND_IDENTITY_CARD_PHOTO,
               M.REVERSE_IDENTITY_CARD_PHOTO,
               B.SHOPPERID
        FROM MPOS_PHOTO_TMP M
          LEFT JOIN B2C_SHOPPERBI_TEMP B
        ON M.PHOTO_ID = B.PHOTO_ID
          WHERE M.SETTLEMENT_CARD_PHOTO IS NOT NULL
                AND B.SHOPPERID IS NOT NULL
            ORDER BY B.CREATED DESC
    </select>
</mapper>