<?xml version="1.0" encoding="UTF-8" ?>
<!DOCTYPE mapper PUBLIC "-//mybatis.org//DTD Mapper 3.0//EN" "http://mybatis.org/dtd/mybatis-3-mapper.dtd" >
<mapper namespace="com.uns.dao.MposSystemInformationMapper" >
  <resultMap id="BaseResultMap" type="com.uns.model.MposSystemInformation" >
    <result column="ID" property="id" jdbcType="DECIMAL" />
    <result column="THEME" property="theme" jdbcType="VARCHAR" />
    <result column="CONTENT" property="content" jdbcType="VARCHAR" />
    <result column="CREATEDATE" property="createdate" jdbcType="TIMESTAMP" />
    <result column="UPDATEDATE" property="updatedate" jdbcType="TIMESTAMP" />
    <result column="CREATEUSER" property="createuser" jdbcType="VARCHAR" />
    <result column="UPDATEUSER" property="updateuser" jdbcType="VARCHAR" />
    <result column="VALIDSTARTDATE" property="validstartdate" jdbcType="DATE" />
    <result column="VALIDENDDATE" property="validenddate" jdbcType="DATE" />
    <result column="STATUS" property="status" jdbcType="VARCHAR" />
    <result column="IFAGENT" property="ifagent" jdbcType="VARCHAR" />
  </resultMap>
 
  <sql id="Base_Column_List" >
    ID, THEME, dbms_lob.substr(CONTENT) CONTENT, CREATEDATE, UPDATEDATE, CREATEUSER, UPDATEUSER, VALIDSTARTDATE,
    VALIDENDDATE, STATUS,IFAGENT
  </sql>
  
  
 
   <select id="findInformationList" resultMap="BaseResultMap" parameterType="com.uns.web.form.InformationForm" >
    select 
    <include refid="Base_Column_List" />
    from MPOS_SYSTEM_INFORMATION
    where 1=1 and IFAGENT =1
	<if test='themeq!= null and themeq!= "" '>
	    AND THEME like '%'||#{themeq}||'%'
	</if>
	<if test='createdate_start != null and createdate_start!="" '>
        	AND to_char(CREATEDATE,'yyyy-MM-dd')<![CDATA[ >= #{createdate_start,jdbcType=VARCHAR} ]]>
    </if>
   	<if test='createdate_end != null and createdate_end!="" '>
     	AND to_char(CREATEDATE,'yyyy-MM-dd')<![CDATA[ <= #{createdate_end,jdbcType=VARCHAR} ]]>
   	</if>
    <if test='statusq!=null and statusq!=""'>
		AND STATUS=#{statusq}
	</if>
    order by id desc
  </select>
  
  
   <select id="findInformationAgentList" resultMap="BaseResultMap" parameterType="com.uns.web.form.InformationForm" >
    select 
    <include refid="Base_Column_List" />
    from MPOS_SYSTEM_INFORMATION
    where 1=1 and IFAGENT=#{ifagent,jdbcType=VARCHAR}
	<if test='themeq!= null and themeq!= "" '>
	    AND THEME like '%'||#{themeq}||'%'
	</if>
	<if test='createdate_start != null and createdate_start!="" '>
        	AND to_char(CREATEDATE,'yyyy-MM-dd')<![CDATA[ >= #{createdate_start,jdbcType=VARCHAR} ]]>
    </if>
   	<if test='createdate_end != null and createdate_end!="" '>
     	AND to_char(CREATEDATE,'yyyy-MM-dd')<![CDATA[ <= #{createdate_end,jdbcType=VARCHAR} ]]>
   	</if>
    <if test='statusq!=null and statusq!=""'>
		AND STATUS=#{statusq}
	</if>
    order by id desc
  </select>
  
  
  
   <select id="findInformationById" resultMap="BaseResultMap" parameterType="java.lang.Long" >
    select 
    <include refid="Base_Column_List" />
    from MPOS_SYSTEM_INFORMATION
    where ID=#{id,jdbcType=DECIMAL}
  </select>
  
  <select id="findQrcodeInformation" resultType="java.lang.String" >
    select 
       THEME
    from MPOS_SYSTEM_INFORMATION m
    where m.ifagent=3  and m.status=1
  </select>
  
  
  <insert id="insert" parameterType="com.uns.model.MposSystemInformation" >
    insert into MPOS_SYSTEM_INFORMATION (ID, THEME, CONTENT, 
      CREATEDATE, UPDATEDATE, CREATEUSER, 
      UPDATEUSER, VALIDSTARTDATE, VALIDENDDATE, 
      STATUS)
    values (#{id,jdbcType=DECIMAL}, #{theme,jdbcType=VARCHAR}, #{content,jdbcType=VARCHAR},
      #{createdate,jdbcType=TIMESTAMP}, #{updatedate,jdbcType=TIMESTAMP}, #{createuser,jdbcType=VARCHAR}, 
      #{updateuser,jdbcType=VARCHAR}, #{validstartdate,jdbcType=DATE}, #{validenddate,jdbcType=DATE}, 
      #{status,jdbcType=VARCHAR})
  </insert>
  
  <insert id="insertSelective" parameterType="com.uns.model.MposSystemInformation" >
     <selectKey resultType="java.lang.Long" keyProperty="id" order="BEFORE">
      SELECT MPOS_SYSTEM_INFORMATION_SEQ.NEXTVAL FROM DUAL
      </selectKey>
    insert into MPOS_SYSTEM_INFORMATION
    <trim prefix="(" suffix=")" suffixOverrides="," >
      <if test="id != null" >
        ID,
      </if>
      <if test="theme != null" >
        THEME,
      </if>
      <if test="content != null" >
        CONTENT,
      </if>
      <if test="createdate != null" >
        CREATEDATE,
      </if>
      <if test="updatedate != null" >
        UPDATEDATE,
      </if>
      <if test="createuser != null" >
        CREATEUSER,
      </if>
      <if test="updateuser != null" >
        UPDATEUSER,
      </if>
      <if test="validstartdate != null" >
        VALIDSTARTDATE,
      </if>
      <if test="validenddate != null" >
        VALIDENDDATE,
      </if>
      <if test="status != null" >
        STATUS,
      </if>
      
       <if test="ifagent != null" >
        IFAGENT,
      </if>
    </trim>
    <trim prefix="values (" suffix=")" suffixOverrides="," >
      <if test="id != null" >
        #{id,jdbcType=DECIMAL},
      </if>
      <if test="theme != null" >
        #{theme,jdbcType=VARCHAR},
      </if>
      <if test="content != null" >
        #{content,jdbcType=VARCHAR},
      </if>
      <if test="createdate != null" >
        #{createdate,jdbcType=TIMESTAMP},
      </if>
      <if test="updatedate != null" >
        #{updatedate,jdbcType=TIMESTAMP},
      </if>
      <if test="createuser != null" >
        #{createuser,jdbcType=VARCHAR},
      </if>
      <if test="updateuser != null" >
        #{updateuser,jdbcType=VARCHAR},
      </if>
      <if test="validstartdate != null" >
        #{validstartdate,jdbcType=DATE},
      </if>
      <if test="validenddate != null" >
        #{validenddate,jdbcType=DATE},
      </if>
      <if test="status != null" >
        #{status,jdbcType=VARCHAR},
      </if>
        <if test="ifagent != null" >
        #{ifagent,jdbcType=VARCHAR},
      </if>
    </trim>
  </insert>
  
  <update id="updateSystemInformation" parameterType="com.uns.model.MposSystemInformation" >
    update MPOS_SYSTEM_INFORMATION
   <set>
      <if test="theme != null" >
        THEME=#{theme,jdbcType=VARCHAR},
      </if>
      <if test="content != null" >
        CONTENT=#{content,jdbcType=VARCHAR},
      </if>
      <if test="createdate != null" >
        CREATEDATE=#{createdate,jdbcType=TIMESTAMP},
      </if>
      <if test="updatedate != null" >
        UPDATEDATE=#{updatedate,jdbcType=TIMESTAMP},
      </if>
      <if test="createuser != null" >
        CREATEUSER=#{createuser,jdbcType=VARCHAR},
      </if>
      <if test="updateuser != null" >
        UPDATEUSER=#{updateuser,jdbcType=VARCHAR},
      </if>
      <if test="validstartdate != null" >
        VALIDSTARTDATE=#{validstartdate,jdbcType=DATE},
      </if>
      <if test="validenddate != null" >
        VALIDENDDATE=#{validenddate,jdbcType=DATE},
      </if>
      <if test="status != null" >
        STATUS=#{status,jdbcType=VARCHAR},
      </if>
   </set>
      where  ID=#{id,jdbcType=DECIMAL}
  </update>
  
  <update id="updateinformationCrontab" >
      update mpos_system_information m
   		   set m.status = '2'
 	 where to_char(m.validenddate, 'yyyy-mm-dd') = to_char(sysdate - 1,'yyyy-mm-dd')
   		   and m.status = 1
  </update>
  
  <update id="updateQrcodeInformation"  parameterType="java.lang.String">
  	 update mpos_system_information m
  	 	set m.status = '2'
  	 where m.ifagent=#{isQrcode,jdbcType=VARCHAR} and m.status =1
  </update>
  
  
  
</mapper>