<?xml version="1.0" encoding="UTF-8" ?>
<!DOCTYPE mapper PUBLIC "-//mybatis.org//DTD Mapper 3.0//EN" "http://mybatis.org/dtd/mybatis-3-mapper.dtd" >
<mapper namespace="com.uns.dao.MposRemoteInvitationMapper" >
  <resultMap id="BaseResultMap" type="com.uns.model.MposRemoteInvitation" >
    <id column="REMOTE_INVITATION_ID" property="remoteInvitationId" jdbcType="DECIMAL" />
    <result column="SALESMAN" property="salesman" jdbcType="DECIMAL" />
    <result column="TEL" property="tel" jdbcType="VARCHAR" />
    <result column="FEE" property="fee" jdbcType="VARCHAR" />
    <result column="OPEN_TO_FLAG" property="openToFlag" jdbcType="VARCHAR" />
    <result column="IC_CARD_FLAG" property="icCardFlag" jdbcType="VARCHAR" />
    <result column="T0_FEE" property="t0Fee" jdbcType="VARCHAR" />
    <result column="SHOPPER_LIMIT" property="shopperLimit" jdbcType="VARCHAR" />
    <result column="AGENT_ID" property="agentId" jdbcType="VARCHAR" />
    <result column="CREATE_DATE" property="createDate" jdbcType="DATE" />
    <result column="REMOTE_INVITATION" property="remoteInvitation" jdbcType="DATE" />
    <result column="PAST_DATE" property="pastDate" jdbcType="DATE" />
    <result column="STATUS" property="status" jdbcType="VARCHAR" />
    <result column="VERIFICATION_CODE" property="verificationCode" jdbcType="VARCHAR" />
    <result column="UPDATE_DATE" property="updateDate" jdbcType="DATE" />
    <result column="PASSWORD" property="password" jdbcType="VARCHAR" />
    <result column="T0TYPE" property="t0type" jdbcType="VARCHAR" />
    <result column="T1TYPE" property="t1type" jdbcType="VARCHAR" />
    <result column="T0FIXEDAMOUNT" property="t0fixedamount" jdbcType="DECIMAL" />
    <result column="T0TOPAMOUNT" property="t0topamount" jdbcType="DECIMAL" />
    <result column="T0ADDITIONFEE" property="t0additionfee" jdbcType="DECIMAL" />
    <result column="T0MINAMOUNT" property="t0minamount" jdbcType="DECIMAL" />
    <result column="T0MAXAMOUNT" property="t0maxamount" jdbcType="DECIMAL" />
    <result column="CARDTYPE" property="cardType" jdbcType="VARCHAR" />
    <result column="T1_FEE" property="t1fee" jdbcType="DECIMAL" />
    <result column="T1TOPAMOUNT" property="t1topamount" jdbcType="DECIMAL" />
  </resultMap>
 
  <sql id="Base_Column_List" >
    REMOTE_INVITATION_ID, SALESMAN, TEL, FEE, OPEN_TO_FLAG, IC_CARD_FLAG, T0_FEE, SHOPPER_LIMIT, 
    AGENT_ID, CREATE_DATE, REMOTE_INVITATION, PAST_DATE, STATUS, VERIFICATION_CODE, UPDATE_DATE, 
    PASSWORD, T0TYPE, T1TYPE, T0FIXEDAMOUNT, T0TOPAMOUNT, T0ADDITIONFEE, T0MINAMOUNT, 
    T0MAXAMOUNT,CARDTYPE,T1_FEE,T1TOPAMOUNT
  </sql>
  
  <select id="selectByPrimaryKey" resultMap="BaseResultMap" parameterType="java.math.BigDecimal" >
    select 
    <include refid="Base_Column_List" />
    from MPOS_REMOTE_INVITATION
    where REMOTE_INVITATION_ID = #{remoteInvitationId,jdbcType=DECIMAL}
  </select>
  <delete id="deleteByPrimaryKey" parameterType="java.math.BigDecimal" >
    delete from MPOS_REMOTE_INVITATION
    where REMOTE_INVITATION_ID = #{remoteInvitationId,jdbcType=DECIMAL}
  </delete>
 
  <insert id="insert" parameterType="com.uns.model.MposRemoteInvitation" >
    insert into MPOS_REMOTE_INVITATION (REMOTE_INVITATION_ID, SALESMAN, TEL, 
      FEE, OPEN_TO_FLAG, IC_CARD_FLAG, 
      T0_FEE, SHOPPER_LIMIT, AGENT_ID, 
      CREATE_DATE, REMOTE_INVITATION, PAST_DATE, 
      STATUS, VERIFICATION_CODE, UPDATE_DATE, 
      PASSWORD, T0TYPE, T1TYPE, 
      T0FIXEDAMOUNT, T0TOPAMOUNT, T0ADDITIONFEE, 
      T0MINAMOUNT, T0MAXAMOUNT,CARDTYPE,T1_FEE,T1TOPAMOUNT)
    values (#{remoteInvitationId,jdbcType=DECIMAL}, #{salesman,jdbcType=DECIMAL}, #{tel,jdbcType=VARCHAR}, 
      #{fee,jdbcType=VARCHAR}, #{openToFlag,jdbcType=VARCHAR}, #{icCardFlag,jdbcType=VARCHAR}, 
      #{t0Fee,jdbcType=VARCHAR}, #{shopperLimit,jdbcType=VARCHAR}, #{agentId,jdbcType=VARCHAR}, 
      #{createDate,jdbcType=DATE}, #{remoteInvitation,jdbcType=DATE}, #{pastDate,jdbcType=DATE}, 
      #{status,jdbcType=VARCHAR}, #{verificationCode,jdbcType=VARCHAR}, #{updateDate,jdbcType=DATE}, 
      #{password,jdbcType=VARCHAR}, #{t0type,jdbcType=VARCHAR}, #{t1type,jdbcType=VARCHAR}, 
      #{t0fixedamount,jdbcType=DECIMAL}, #{t0topamount,jdbcType=DECIMAL}, #{t0additionfee,jdbcType=DECIMAL}, 
      #{t0minamount,jdbcType=DECIMAL}, #{t0maxamount,jdbcType=DECIMAL}, #{cardType,jdbcType=VARCHAR},
      #{t1fee,jdbcType=DECIMAL}, #{t1topamount,jdbcType=DECIMAL})
  </insert>
  <insert id="insertSelective" parameterType="com.uns.model.MposRemoteInvitation" >
    insert into MPOS_REMOTE_INVITATION
    <trim prefix="(" suffix=")" suffixOverrides="," >
      <if test="remoteInvitationId != null" >
        REMOTE_INVITATION_ID,
      </if>
      <if test="salesman != null" >
        SALESMAN,
      </if>
      <if test="tel != null" >
        TEL,
      </if>
      <if test="fee != null" >
        FEE,
      </if>
      <if test="openToFlag != null" >
        OPEN_TO_FLAG,
      </if>
      <if test="icCardFlag != null" >
        IC_CARD_FLAG,
      </if>
      <if test="t0Fee != null" >
        T0_FEE,
      </if>
      <if test="shopperLimit != null" >
        SHOPPER_LIMIT,
      </if>
      <if test="agentId != null" >
        AGENT_ID,
      </if>
      <if test="createDate != null" >
        CREATE_DATE,
      </if>
      <if test="remoteInvitation != null" >
        REMOTE_INVITATION,
      </if>
      <if test="pastDate != null" >
        PAST_DATE,
      </if>
      <if test="status != null" >
        STATUS,
      </if>
      <if test="verificationCode != null" >
        VERIFICATION_CODE,
      </if>
      <if test="updateDate != null" >
        UPDATE_DATE,
      </if>
      <if test="password != null" >
        PASSWORD,
      </if>
      <if test="t0type != null" >
        T0TYPE,
      </if>
      <if test="t1type != null" >
        T1TYPE,
      </if>
      <if test="t0fixedamount != null" >
        T0FIXEDAMOUNT,
      </if>
      <if test="t0topamount != null" >
        T0TOPAMOUNT,
      </if>
      <if test="t0additionfee != null" >
        T0ADDITIONFEE,
      </if>
      <if test="t0minamount != null" >
        T0MINAMOUNT,
      </if>
      <if test="t0maxamount != null" >
        T0MAXAMOUNT,
      </if>
      <if test="cardType != null" >
        CARDTYPE,
      </if>
      <if test="t1fee != null" >
        T1_FEE,
      </if>
      <if test="t1topamount != null" >
        T1TOPAMOUNT,
      </if>
    </trim>
    <trim prefix="values (" suffix=")" suffixOverrides="," >
      <if test="remoteInvitationId != null" >
        #{remoteInvitationId,jdbcType=DECIMAL},
      </if>
      <if test="salesman != null" >
        #{salesman,jdbcType=DECIMAL},
      </if>
      <if test="tel != null" >
        #{tel,jdbcType=VARCHAR},
      </if>
      <if test="fee != null" >
        #{fee,jdbcType=VARCHAR},
      </if>
      <if test="openToFlag != null" >
        #{openToFlag,jdbcType=VARCHAR},
      </if>
      <if test="icCardFlag != null" >
        #{icCardFlag,jdbcType=VARCHAR},
      </if>
      <if test="t0Fee != null" >
        #{t0Fee,jdbcType=VARCHAR},
      </if>
      <if test="shopperLimit != null" >
        #{shopperLimit,jdbcType=VARCHAR},
      </if>
      <if test="agentId != null" >
        #{agentId,jdbcType=VARCHAR},
      </if>
      <if test="createDate != null" >
        #{createDate,jdbcType=DATE},
      </if>
      <if test="remoteInvitation != null" >
        #{remoteInvitation,jdbcType=DATE},
      </if>
      <if test="pastDate != null" >
        #{pastDate,jdbcType=DATE},
      </if>
      <if test="status != null" >
        #{status,jdbcType=VARCHAR},
      </if>
      <if test="verificationCode != null" >
        #{verificationCode,jdbcType=VARCHAR},
      </if>
      <if test="updateDate != null" >
        #{updateDate,jdbcType=DATE},
      </if>
      <if test="password != null" >
        #{password,jdbcType=VARCHAR},
      </if>
      <if test="t0type != null" >
        #{t0type,jdbcType=VARCHAR},
      </if>
      <if test="t1type != null" >
        #{t1type,jdbcType=VARCHAR},
      </if>
      <if test="t0fixedamount != null" >
        #{t0fixedamount,jdbcType=DECIMAL},
      </if>
      <if test="t0topamount != null" >
        #{t0topamount,jdbcType=DECIMAL},
      </if>
      <if test="t0additionfee != null" >
        #{t0additionfee,jdbcType=DECIMAL},
      </if>
      <if test="t0minamount != null" >
        #{t0minamount,jdbcType=DECIMAL},
      </if>
      <if test="t0maxamount != null" >
        #{t0maxamount,jdbcType=DECIMAL},
      </if>
      <if test="cardType != null" >
        #{cardType,jdbcType=VARCHAR},
      </if>
      <if test="t1fee != null" >
        #{t1fee,jdbcType=DECIMAL},
      </if>
      <if test="t1topamount != null" >
        #{t1topamount,jdbcType=DECIMAL},
      </if>
    </trim>
  </insert>
  
  
 
  <update id="updateByPrimaryKeySelective" parameterType="com.uns.model.MposRemoteInvitation" >
    update MPOS_REMOTE_INVITATION
    <set >
      <if test="salesman != null" >
        SALESMAN = #{salesman,jdbcType=DECIMAL},
      </if>
      <if test="tel != null" >
        TEL = #{tel,jdbcType=VARCHAR},
      </if>
      <if test="fee != null" >
        FEE = #{fee,jdbcType=VARCHAR},
      </if>
      <if test="openToFlag != null" >
        OPEN_TO_FLAG = #{openToFlag,jdbcType=VARCHAR},
      </if>
      <if test="icCardFlag != null" >
        IC_CARD_FLAG = #{icCardFlag,jdbcType=VARCHAR},
      </if>
      <if test="t0Fee != null" >
        T0_FEE = #{t0Fee,jdbcType=VARCHAR},
      </if>
      <if test="shopperLimit != null" >
        SHOPPER_LIMIT = #{shopperLimit,jdbcType=VARCHAR},
      </if>
      <if test="agentId != null" >
        AGENT_ID = #{agentId,jdbcType=VARCHAR},
      </if>
      <if test="createDate != null" >
        CREATE_DATE = #{createDate,jdbcType=DATE},
      </if>
      <if test="remoteInvitation != null" >
        REMOTE_INVITATION = #{remoteInvitation,jdbcType=DATE},
      </if>
      <if test="pastDate != null" >
        PAST_DATE = #{pastDate,jdbcType=DATE},
      </if>
      <if test="status != null" >
        STATUS = #{status,jdbcType=VARCHAR},
      </if>
      <if test="verificationCode != null" >
        VERIFICATION_CODE = #{verificationCode,jdbcType=VARCHAR},
      </if>
      <if test="updateDate != null" >
        UPDATE_DATE = #{updateDate,jdbcType=DATE},
      </if>
      <if test="password != null" >
        PASSWORD = #{password,jdbcType=VARCHAR},
      </if>
      <if test="t0type != null" >
        T0TYPE = #{t0type,jdbcType=VARCHAR},
      </if>
      <if test="t1type != null" >
        T1TYPE = #{t1type,jdbcType=VARCHAR},
      </if>
      <if test="t0fixedamount != null" >
        T0FIXEDAMOUNT = #{t0fixedamount,jdbcType=DECIMAL},
      </if>
      <if test="t0topamount != null" >
        T0TOPAMOUNT = #{t0topamount,jdbcType=DECIMAL},
      </if>
      <if test="t0additionfee != null" >
        T0ADDITIONFEE = #{t0additionfee,jdbcType=DECIMAL},
      </if>
      <if test="t0minamount != null" >
        T0MINAMOUNT = #{t0minamount,jdbcType=DECIMAL},
      </if>
      <if test="t0maxamount != null" >
        T0MAXAMOUNT = #{t0maxamount,jdbcType=DECIMAL},
      </if>
      <if test="cardType != null" >
        CARDTYPE = #{cardType,jdbcType=VARCHAR},
      </if>
      <if test="t1fee != null" >
        T1_FEE = #{t1fee,jdbcType=DECIMAL},
      </if>
      <if test="t1topamount != null" >
        T1TOPAMOUNT = #{t1topamount,jdbcType=DECIMAL},
      </if>
    </set>
    where REMOTE_INVITATION_ID = #{remoteInvitationId,jdbcType=DECIMAL}
  </update>
  <update id="updateByPrimaryKey" parameterType="com.uns.model.MposRemoteInvitation" >
    update MPOS_REMOTE_INVITATION
    set SALESMAN = #{salesman,jdbcType=DECIMAL},
      TEL = #{tel,jdbcType=VARCHAR},
      FEE = #{fee,jdbcType=VARCHAR},
      OPEN_TO_FLAG = #{openToFlag,jdbcType=VARCHAR},
      IC_CARD_FLAG = #{icCardFlag,jdbcType=VARCHAR},
      T0_FEE = #{t0Fee,jdbcType=VARCHAR},
      SHOPPER_LIMIT = #{shopperLimit,jdbcType=VARCHAR},
      AGENT_ID = #{agentId,jdbcType=VARCHAR},
      CREATE_DATE = #{createDate,jdbcType=DATE},
      REMOTE_INVITATION = #{remoteInvitation,jdbcType=DATE},
      PAST_DATE = #{pastDate,jdbcType=DATE},
      STATUS = #{status,jdbcType=VARCHAR},
      VERIFICATION_CODE = #{verificationCode,jdbcType=VARCHAR},
      UPDATE_DATE = #{updateDate,jdbcType=DATE},
      PASSWORD = #{password,jdbcType=VARCHAR},
      T0TYPE = #{t0type,jdbcType=VARCHAR},
      T1TYPE = #{t1type,jdbcType=VARCHAR},
      T0FIXEDAMOUNT = #{t0fixedamount,jdbcType=DECIMAL},
      T0TOPAMOUNT = #{t0topamount,jdbcType=DECIMAL},
      T0ADDITIONFEE = #{t0additionfee,jdbcType=DECIMAL},
      T0MINAMOUNT = #{t0minamount,jdbcType=DECIMAL},
      T0MAXAMOUNT = #{t0maxamount,jdbcType=DECIMAL},
      CARDTYPE = #{cardType,jdbcType=VARCHAR},
      T1_FEE = #{t1fee,jdbcType=DECIMAL},
      T1TOPAMOUNT = #{t1topamount,jdbcType=DECIMAL}
    where REMOTE_INVITATION_ID = #{remoteInvitationId,jdbcType=DECIMAL}
  </update>
  
   <update id="updateByTel" parameterType="java.util.Map" >
    update MPOS_REMOTE_INVITATION
    set      
      STATUS = #{status,jdbcType=VARCHAR}
    where  TEL = #{tel,jdbcType=VARCHAR}   
    AND STATUS = #{statusq,jdbcType=VARCHAR}
  </update>
</mapper>