<?xml version="1.0" encoding="UTF-8" ?>
<!DOCTYPE mapper PUBLIC "-//mybatis.org//DTD Mapper 3.0//EN" "http://mybatis.org/dtd/mybatis-3-mapper.dtd" >
<mapper namespace="com.uns.dao.MposApplicationProgressMapper" >
  <resultMap id="BaseResultMap" type="com.uns.model.MposApplicationProgress" >
    <result column="APPLICATION_PROGRESS_ID" property="applicationProgressId" jdbcType="DECIMAL" />
    <result column="SHOPPERID" property="shopperid" jdbcType="VARCHAR" />
    <result column="SCOMPANY" property="scompany" jdbcType="VARCHAR" />
    <result column="APPLICATION_THEME" property="applicationTheme" jdbcType="VARCHAR" />
    <result column="APPLICATION_TYPE" property="applicationType" jdbcType="VARCHAR" />
    <result column="CREATE_USER" property="createUser" jdbcType="DECIMAL" />
    <result column="SHOPPERID_P" property="shopperidP" jdbcType="VARCHAR" />
    <result column="AGENT_NAME" property="agentName" jdbcType="VARCHAR" />
    <result column="CREATE_DATE" property="createDate" jdbcType="DATE" />
    <result column="UPDATE_DATE" property="updateDate" jdbcType="DATE" />
    <result column="APPLICATION_STATUS" property="applicationStatus" jdbcType="VARCHAR" />
    <result column="APPLICATION_REMARK" property="applicationRemark" jdbcType="VARCHAR" />
    <result column="OPEN_T0_FLAG" property="openT0Flag" jdbcType="VARCHAR" />
    <result column="IC_CARD_FLAG" property="icCardFlag" jdbcType="VARCHAR" />
    <result column="T0_FEE" property="t0Fee" jdbcType="VARCHAR" />
    <result column="SHOPPER_LIMIT" property="shopperLimit" jdbcType="VARCHAR" />
    <result column="SHOPPER_TYPE" property="shopperType" jdbcType="VARCHAR" />
    <result column="TEL" property="tel" jdbcType="VARCHAR" />
    <result column="SHOPPER_NAME" property="shopperName" jdbcType="VARCHAR" />
    <result column="IDENTITY_ID" property="identityId" jdbcType="VARCHAR" />
    <result column="PHOTO_ID" property="photoId" jdbcType="DECIMAL" />
    <result column="SINGLE_LIMIT" property="singleLimit" jdbcType="VARCHAR" />
  </resultMap>
  
  <sql id="Base_Column_List" >
    APPLICATION_PROGRESS_ID, SHOPPERID, SCOMPANY, APPLICATION_THEME, APPLICATION_TYPE, 
    CREATE_USER, SHOPPERID_P, AGENT_NAME, CREATE_DATE, UPDATE_DATE, APPLICATION_STATUS, 
    APPLICATION_REMARK, OPEN_T0_FLAG, IC_CARD_FLAG, T0_FEE, SHOPPER_LIMIT, SHOPPER_TYPE, 
    TEL, SHOPPER_NAME, IDENTITY_ID, PHOTO_ID, SINGLE_LIMIT
  </sql>
 
  
  <insert id="insert" parameterType="com.uns.model.MposApplicationProgress" >
    insert into B2C_APPLICATION_PROGRESS (APPLICATION_PROGRESS_ID, SHOPPERID, 
      SCOMPANY, APPLICATION_THEME, APPLICATION_TYPE, 
      CREATE_USER, SHOPPERID_P, AGENT_NAME, 
      CREATE_DATE, UPDATE_DATE, APPLICATION_STATUS, 
      APPLICATION_REMARK, OPEN_T0_FLAG, IC_CARD_FLAG, 
      T0_FEE, SHOPPER_LIMIT, SHOPPER_TYPE, 
      TEL, SHOPPER_NAME, IDENTITY_ID, 
      PHOTO_ID, SINGLE_LIMIT)
    values (#{applicationProgressId,jdbcType=DECIMAL}, #{shopperid,jdbcType=VARCHAR}, 
      #{scompany,jdbcType=VARCHAR}, #{applicationTheme,jdbcType=VARCHAR}, #{applicationType,jdbcType=VARCHAR}, 
      #{createUser,jdbcType=DECIMAL}, #{shopperidP,jdbcType=VARCHAR}, #{agentName,jdbcType=VARCHAR}, 
      #{createDate,jdbcType=DATE}, #{updateDate,jdbcType=DATE}, #{applicationStatus,jdbcType=VARCHAR}, 
      #{applicationRemark,jdbcType=VARCHAR}, #{openT0Flag,jdbcType=VARCHAR}, #{icCardFlag,jdbcType=VARCHAR}, 
      #{t0Fee,jdbcType=VARCHAR}, #{shopperLimit,jdbcType=VARCHAR}, #{shopperType,jdbcType=VARCHAR}, 
      #{tel,jdbcType=VARCHAR}, #{shopperName,jdbcType=VARCHAR}, #{identityId,jdbcType=VARCHAR}, 
      #{photoId,jdbcType=DECIMAL}, #{singleLimit,jdbcType=VARCHAR})
  </insert>
  <insert id="insertSelective" parameterType="com.uns.model.MposApplicationProgress" >
 	<selectKey keyProperty="applicationProgressId" resultType="long" order="BEFORE">
    	select SEQ_MPOS_APPLICATION_PROGRESS.NEXTVAL from dual
  	</selectKey>
    insert into B2C_APPLICATION_PROGRESS
    <trim prefix="(" suffix=")" suffixOverrides="," >
      <if test="applicationProgressId != null" >
        APPLICATION_PROGRESS_ID,
      </if>
      <if test="shopperid != null" >
        SHOPPERID,
      </if>
      <if test="scompany != null" >
        SCOMPANY,
      </if>
      <if test="applicationTheme != null" >
        APPLICATION_THEME,
      </if>
      <if test="applicationType != null" >
        APPLICATION_TYPE,
      </if>
      <if test="createUser != null" >
        CREATE_USER,
      </if>
      <if test="shopperidP != null" >
        SHOPPERID_P,
      </if>
      <if test="agentName != null" >
        AGENT_NAME,
      </if>
      <if test="createDate != null" >
        CREATE_DATE,
      </if>
      <if test="updateDate != null" >
        UPDATE_DATE,
      </if>
      <if test="applicationStatus != null" >
        APPLICATION_STATUS,
      </if>
      <if test="applicationRemark != null" >
        APPLICATION_REMARK,
      </if>
      <if test="openT0Flag != null" >
        OPEN_T0_FLAG,
      </if>
      <if test="icCardFlag != null" >
        IC_CARD_FLAG,
      </if>
      <if test="t0Fee != null" >
        T0_FEE,
      </if>
      <if test="shopperLimit != null" >
        SHOPPER_LIMIT,
      </if>
      <if test="shopperType != null" >
        SHOPPER_TYPE,
      </if>
      <if test="tel != null" >
        TEL,
      </if>
      <if test="shopperName != null" >
        SHOPPER_NAME,
      </if>
      <if test="identityId != null" >
        IDENTITY_ID,
      </if>
      <if test="photoId != null" >
        PHOTO_ID,
      </if>
      <if test="singleLimit != null" >
        SINGLE_LIMIT,
      </if>
    </trim>
    <trim prefix="values (" suffix=")" suffixOverrides="," >
      <if test="applicationProgressId != null" >
        #{applicationProgressId,jdbcType=DECIMAL},
      </if>
      <if test="shopperid != null" >
        #{shopperid,jdbcType=VARCHAR},
      </if>
      <if test="scompany != null" >
        #{scompany,jdbcType=VARCHAR},
      </if>
      <if test="applicationTheme != null" >
        #{applicationTheme,jdbcType=VARCHAR},
      </if>
      <if test="applicationType != null" >
        #{applicationType,jdbcType=VARCHAR},
      </if>
      <if test="createUser != null" >
        #{createUser,jdbcType=DECIMAL},
      </if>
      <if test="shopperidP != null" >
        #{shopperidP,jdbcType=VARCHAR},
      </if>
      <if test="agentName != null" >
        #{agentName,jdbcType=VARCHAR},
      </if>
      <if test="createDate != null" >
        #{createDate,jdbcType=DATE},
      </if>
      <if test="updateDate != null" >
        #{updateDate,jdbcType=DATE},
      </if>
      <if test="applicationStatus != null" >
        #{applicationStatus,jdbcType=VARCHAR},
      </if>
      <if test="applicationRemark != null" >
        #{applicationRemark,jdbcType=VARCHAR},
      </if>
      <if test="openT0Flag != null" >
        #{openT0Flag,jdbcType=VARCHAR},
      </if>
      <if test="icCardFlag != null" >
        #{icCardFlag,jdbcType=VARCHAR},
      </if>
      <if test="t0Fee != null" >
        #{t0Fee,jdbcType=VARCHAR},
      </if>
      <if test="shopperLimit != null" >
        #{shopperLimit,jdbcType=VARCHAR},
      </if>
      <if test="shopperType != null" >
        #{shopperType,jdbcType=VARCHAR},
      </if>
      <if test="tel != null" >
        #{tel,jdbcType=VARCHAR},
      </if>
      <if test="shopperName != null" >
        #{shopperName,jdbcType=VARCHAR},
      </if>
      <if test="identityId != null" >
        #{identityId,jdbcType=VARCHAR},
      </if>
      <if test="photoId != null" >
        #{photoId,jdbcType=DECIMAL},
      </if>
      <if test="singleLimit != null" >
        #{singleLimit,jdbcType=VARCHAR},
      </if>
    </trim>
  </insert>
  
   <update id="updateSelective" parameterType="com.uns.model.MposApplicationProgress" >
 	  update B2C_APPLICATION_PROGRESS
    <set>   
      <if test="applicationProgressId != null" >
        APPLICATION_PROGRESS_ID =#{applicationProgressId,jdbcType=DECIMAL},
      </if>
      <if test="scompany != null" >
        SCOMPANY= #{scompany,jdbcType=VARCHAR},
      </if>
      <if test="applicationTheme != null" >
        APPLICATION_THEME= #{applicationTheme,jdbcType=VARCHAR},
      </if>
      <if test="applicationType != null" >
        APPLICATION_TYPE= #{applicationType,jdbcType=VARCHAR},
      </if>
      <if test="createUser != null" >
        CREATE_USER= #{createUser,jdbcType=DECIMAL},
      </if>
      <if test="shopperidP != null" >
        SHOPPERID_P=#{shopperidP,jdbcType=VARCHAR},
      </if>
      <if test="agentName != null" >
        AGENT_NAME= #{agentName,jdbcType=VARCHAR},
      </if>
      <if test="createDate != null" >
        CREATE_DATE= #{createDate,jdbcType=DATE},
      </if>
      <if test="updateDate != null" >
        UPDATE_DATE= #{updateDate,jdbcType=DATE},
      </if>
      <if test="applicationStatus != null" >
        APPLICATION_STATUS=#{applicationStatus,jdbcType=VARCHAR},
      </if>
      <if test="applicationRemark != null" >
        APPLICATION_REMARK=#{applicationRemark,jdbcType=VARCHAR},
      </if>
 </set>
 	where  SHOPPERID=#{shopperid,jdbcType=VARCHAR}
 	AND APPLICATION_TYPE=#{applicationType,jdbcType=VARCHAR}
 </update>
  
  
  
  
  <!-- 申请进度信息 -->
  <select id="searchApplicationProgressList" resultType="java.util.Map" parameterType="com.uns.web.form.ApplicationProgressForm">
  	select SCOMPANY,APPLICATION_THEME,CREATE_USER,AGENT_NAME,CREATE_DATE,APPLICATION_STATUS,APPLICATION_REMARK
  	from B2C_APPLICATION_PROGRESS
  	WHERE 1=1 
    <if test='scompany!=null and scompany!=""'>
    and SCOMPANY like '%'||#{scompany,jdbcType=VARCHAR}||'%' 
    </if>
    <if test='createdStart!=null and createdStart!="" or createdEnd!=null and createdEnd!=""'>
    and CREATE_DATE between #{createdStart,jdbcType=DATE} and #{createdEnd,jdbcType=DATE}
    </if>
    <if test='applicationStatus!=null and applicationStatus!=""'>
    and APPLICATION_STATUS = #{applicationStatus,jdbcType=VARCHAR}
    </if>
    order by CREATE_DATE desc
  </select>
  
  <select id="queryall" resultMap="BaseResultMap">
  select 
   <include refid="Base_Column_List" />
  from B2C_APPLICATION_PROGRESS
  </select>
  
  <select id="findbyid" resultMap="BaseResultMap" parameterType="java.lang.Long" >
    select 
    <include refid="Base_Column_List" />
    from B2C_APPLICATION_PROGRESS
    where APPLICATION_PROGRESS_ID = #{applicationProgressId,jdbcType=DECIMAL}
  </select>
  
   <select id="findMposApplicationProgress" resultMap="BaseResultMap" parameterType="java.util.Map">
	  select 
	   <include refid="Base_Column_List" />
	  from B2C_APPLICATION_PROGRESS
  	where SHOPPERID=#{shopperid,jdbcType=VARCHAR}
 	AND APPLICATION_TYPE=#{applicationType,jdbcType=VARCHAR}
  </select>
  
  
   <delete id="deleteByPrimaryKey" parameterType="java.lang.String">
    delete from B2C_APPLICATION_PROGRESS
    where shopperid = #{shopperid,jdbcType=VARCHAR}
  </delete>
  
</mapper>