<?xml version="1.0" encoding="UTF-8" ?>
<!DOCTYPE mapper PUBLIC "-//mybatis.org//DTD Mapper 3.0//EN" "mybatis-3-mapper.dtd" >
<mapper namespace="com.uns.dao.MtOperateLogMapper" >
  <resultMap id="BaseResultMap" type="com.uns.model.MtOperateLog" >
    <id column="LOGID" property="logid" jdbcType="VARCHAR" />
    <result column="OPERATORNUM" property="operatornum" jdbcType="VARCHAR" />
    <result column="IP" property="ip" jdbcType="VARCHAR" />
    <result column="TIME" property="time" jdbcType="VARCHAR" />
    <result column="PERMITID" property="permitid" jdbcType="VARCHAR" />
    <result column="PARAMS" property="params" jdbcType="VARCHAR" />
    <result column="URL" property="url" jdbcType="VARCHAR" />
    <result column="PERMITTYPE" property="permittype" jdbcType="VARCHAR" />
    <result column="DESCRIPTION " property="description" jdbcType="VARCHAR" />
  </resultMap>
  <sql id="Base_Column_List" >
    LOGID, OPERATORNUM, IP, TIME, PERMITID, PARAMS,URL,PERMITTYPE,DESCRIPTION 
  </sql>
  
  <select id="selectAccesslogList" resultMap="BaseResultMap" parameterType="com.uns.web.form.OperateLogForm" >
    select
	    A.LOGID AS LOGID, 
	    A.OPERATORNUM AS OPERATORNUM, 
	    A.IP AS IP, 
	    A.TIME AS TIME, 
	    A.PERMITID AS PERMITID, 
	    A.PARAMS AS PARAMS,
	    B.URL AS URL,
	    B.PERMITTYPE AS PERMITTYPE,
	    B.DESCRIPTION AS DESCRIPTION
    from MT_OPERATELOG A 
    	left join MT_OPERATEPERMIT B ON A.PERMITID=B.PERMITID
    where 1=1
    <if test='logid != null and logid !=""' >
      AND A.LOGID = #{logid,jdbcType=VARCHAR}
    </if>
    <if test='operatornum != null and operatornum !=""' >
      AND A.OPERATORNUM = #{operatornum,jdbcType=VARCHAR}
    </if>
    <if test='time_start != null and time_start != ""' >
      AND A.TIME <![CDATA[ >= #{time_start,jdbcType=VARCHAR}]]>
    </if>
     <if test='time_end != null and time_end != ""' >
      AND A.TIME <![CDATA[ <= #{time_end,jdbcType=VARCHAR}]]>
    </if>
    <if test='permittype != null and permittype!=""' >
      AND B.PERMITTYPE = #{permittype,jdbcType=VARCHAR}
    </if>
    order by a.TIME desc
  </select>
  <select id="selectByPrimaryKey" resultMap="BaseResultMap" parameterType="java.lang.String" >
    select
    A.LOGID AS LOGID, A.OPERATORNUM AS OPERATORNUM, A.IP AS IP, A.TIME AS TIME, A.PERMITID AS PERMITID, A.PARAMS AS PARAMS,B.URL AS URL,B.PERMITTYPE AS PERMITTYPE,B.DESCRIPTION AS DESCRIPTION
    from MT_OPERATELOG A left join MT_OPERATEPERMIT B ON A.PERMITID=B.PERMITID 
    where A.LOGID = #{logid,jdbcType=VARCHAR}
  </select>
  <insert id="insert" parameterType="com.uns.model.MtOperateLog" >
    insert into MT_OPERATELOG (LOGID, OPERATORNUM, IP, 
      TIME, PERMITID, PARAMS
      )
    values (#{logid,jdbcType=VARCHAR}, #{operatornum,jdbcType=VARCHAR}, #{ip,jdbcType=VARCHAR}, 
      #{time,jdbcType=VARCHAR}, #{permitid,jdbcType=VARCHAR}, #{params,jdbcType=VARCHAR}
      )
  </insert>
</mapper>