<?xml version="1.0" encoding="UTF-8" ?>
<!DOCTYPE mapper PUBLIC "-//mybatis.org//DTD Mapper 3.0//EN" "http://mybatis.org/dtd/mybatis-3-mapper.dtd" >
<mapper namespace="com.uns.dao.OperatorMapper" >
  <resultMap id="BaseResultMap" type="com.uns.model.Operator" >
    <id column="ID" property="id" jdbcType="DECIMAL" />
    <result column="MERCHANTID" property="merchantid" jdbcType="DECIMAL" />
    <result column="USERNAME" property="userName" jdbcType="VARCHAR" />
	  <result column="MOBILE" property="mobile" jdbcType="VARCHAR"/>
    <result column="PASSWORD" property="password" jdbcType="VARCHAR" />
    <result column="ENABLED" property="enabled" jdbcType="DECIMAL" />
    <result column="CREATEDATE" property="createdate" jdbcType="DATE" />
    <result column="LASTLOGINDATE" property="lastlogindate" jdbcType="DATE" />
    <result column="RESULTS" property="results" jdbcType="DECIMAL" />
    <result column="ATTEMPTTIMES" property="attempttimes" jdbcType="DECIMAL" />
    <result column="LOCKED" property="locked" jdbcType="DECIMAL" />
    <result column="PERMITS" property="permits" jdbcType="VARCHAR" />
    <result column="ROLEDESC" property="roledesc" jdbcType="VARCHAR" />
    <result column="DEMO" property="demo" jdbcType="VARCHAR" />
    <result column="USERCODE" property="usercode" jdbcType="VARCHAR" />
    <result column="SUBSIDIARID" property="subsidiarid" jdbcType="DECIMAL" />
    <result column="IS_AGENT" property="isAgent" jdbcType="CHAR" />
    <result column="ROLE_NAME" property="roleName" jdbcType="VARCHAR"/>
    <result column="LOGINNAME" property="loginName" jdbcType="VARCHAR"/>
  </resultMap>
  <sql id="Base_Column_List" >
    ID, MERCHANTID, USERNAME, MOBILE, PASSWORD, ENABLED, CREATEDATE, LASTLOGINDATE, RESULTS,
    ATTEMPTTIMES, LOCKED, PERMITS, ROLEDESC, DEMO, USERCODE, SUBSIDIARID, IS_AGENT,LOGINNAME
  </sql>
  <!-- 	   根据userName查询记录 是否存在有相同  -->
   <select id="selectByOperatorName" parameterType="java.lang.String" resultMap="BaseResultMap">
	   select 
	    <include refid="Base_Column_List" />
	    from OPERATOR
	    where USERNAME=#{userName,jdbcType=VARCHAR}
   </select>
  <insert id="addOperator" parameterType="java.util.Map">
	    insert into OPERATOR(ID,USERCODE,USERNAME,PASSWORD,ENABLED,ROLEDESC,PERMITS,DEMO,CREATEDATE,MERCHANTID,SUBSIDIARID,IS_AGENT)values(
	     B2C_SHOPPERBARGAIN_SEQ.nextval,
	       	#{userCode,jdbcType=VARCHAR},
	       	#{userName,jdbcType=VARCHAR},
	       	#{pwd,jdbcType=VARCHAR},
		   	#{enabled,jdbcType=VARCHAR},
		   	#{roleDesc,jdbcType=VARCHAR},
		   	#{permits,jdbcType=VARCHAR},
		   	#{demo,jdbcType=VARCHAR},
		   	#{createDate,jdbcType=DATE},
	   	 	#{merchantid,jdbcType=DECIMAL},
	   		#{subsidiarid,jdbcType=DECIMAL},
	   		#{isagent,jdbcType=VARCHAR},
	   		
	    )
	</insert>
	
	<select id="findOperatorList" parameterType="com.uns.web.form.AgentUserForm" resultMap="BaseResultMap">
	    select <include refid="Base_Column_List"/> from OPERATOR
	    <where>
	        1=1 
	      <if test='codeOrName!=null and codeOrName!=""'>
	          AND (USERCODE like '%'||#{codeOrName}||'%' OR USERNAME like '%'||#{codeOrName}||'%'
	          )
	      </if>
	      
	      <if test='addStart!=null and addStart!="" '>
	        AND to_char(CREATEDATE,'yyyy-MM-dd') <![CDATA[ >= #{addStart,jdbcType=DATE} ]]>
	      </if>
	      
	      <if test='addEnd!=null and addEnd!="" '>
	         
	        AND to_char(CREATEDATE,'yyyy-MM-dd') <![CDATA[ <= #{addEnd,jdbcType=DATE} ]]>
	      </if>
	          
	       <if test='stateflag!=null'>
	          AND ENABLED =#{stateflag,jdbcType=DECIMAL}
	       </if> 
	       
	       <if test='loginStart!=null and loginStart!="" '>
	           AND to_char(LASTLOGINDATE,'yyyy-MM-dd') <![CDATA[ >= #{loginStart,jdbcType=DATE} ]]>
	       </if>
	        <if test='loginEnd!=null and loginEnd!=""'>
	         AND to_char(LASTLOGINDATE,'yyyy-MM-dd') <![CDATA[ <= #{loginEnd,jdbcType=DATE} ]]>
	       </if>

	    </where>
	  
	    order by CREATEDATE desc
	</select> 
	
	<select id="selectByUsersList" parameterType="com.uns.web.form.AgentUserForm" resultMap="BaseResultMap">
	select
	a.ID as ID, a.MERCHANTID as MERCHANTID, a.USERNAME as USERNAME, a.PASSWORD
	as PASSWORD, a.ENABLED as ENABLED, a.CREATEDATE as CREATEDATE,
	a.LASTLOGINDATE as LASTLOGINDATE, a.RESULTS as RESULTS,a.ATTEMPTTIMES
	as ATTEMPTTIMES, a.LOCKED as LOCKED, a.PERMITS as PERMITS, a.ROLEDESC
	as ROLEDESC, a.DEMO as DEMO, a.USERCODE as USERCODE, a.SUBSIDIARID as
	SUBSIDIARID, a.IS_AGENT as ,b.ROLE_NAME as ROLE_NAME,a.LOGINNAME AS
	LOGINNAME,a.MOBILE as MOBILE
	from OPERATOR a,ROLE_INFO b where a.USERCODE=b.ID and 1=1  
		 <!-- <if test='merchantIdq!=null and merchantIdq!=""'>
	          AND MERCHANTID  like '%'||#{merchantIdq,jdbcType=DECIMAL}||'%'
	     </if>  -->
	     <if test='userNameq!=null and userNameq!=""'>
	          AND (a.USERNAME like '%'||#{userNameq,jdbcType=VARCHAR}||'%' OR   a.LOGINNAME like '%'||#{userNameq,jdbcType=VARCHAR}||'%' )
	     </if> 
	     <!--  <if test='loginName!=null and loginName!=""'>
	          AND a.LOGINNAME like '%'||#{loginName,jdbcType=VARCHAR}||'%'
	     </if>  -->
	     <if test='usercode!=null and usercode !=""'>
	          AND a.USERCODE =#{usercode,jdbcType=VARCHAR}
	     </if> 
	     <if test='enabledq!=null and enabledq!=""'>
	          AND a.ENABLED =#{enabledq,jdbcType=DECIMAL}
	     </if> 
			 <if test='createdate_start!=null and createdate_start!="" '>
	           AND to_char(CREATEDATE,'yyyy/MM/dd') <![CDATA[ >= #{createdate_start,jdbcType=DATE} ]]>
	       </if>
	        <if test='createdate_end!=null and createdate_end!=""'>
	         AND to_char(CREATEDATE,'yyyy/MM/dd') <![CDATA[ <= #{createdate_end,jdbcType=DATE} ]]>
	       </if>
	        <if test='lastdate_start!=null and lastdate_start!="" '>
	           AND to_char(LASTLOGINDATE,'yyyy/MM/dd') <![CDATA[ >= #{lastdate_start,jdbcType=DATE} ]]>
	       </if>
	        <if test='lastdate_end!=null and lastdate_end!=""'>
	         AND to_char(LASTLOGINDATE,'yyyy/MM/dd') <![CDATA[ <= #{lastdate_end,jdbcType=DATE} ]]>
	       </if>
		order by a.IS_AGENT desc
	</select>
	<!--登录  -->
  <select id="findOperatorByCode" parameterType="java.util.HashMap" resultMap="com.uns.dao.OperatorMapper.BaseResultMap">
		select <include refid="Base_Column_List"/> from OPERATOR 
		<if test="username!=null">
		 where USERNAME=#{username,jdbcType=VARCHAR} 
		 </if>
	</select>
	<update id="updateOperator" parameterType="com.uns.model.Operator" flushCache="true">
		update Operator
		<set>
			<if test="lastlogindate !=null">
			    LASTLOGINDATE=#{lastlogindate,jdbcType=TIMESTAMP}
			</if>
		</set>
		where USERNAME=#{userName,jdbcType=VARCHAR} 
	</update> 
  <select id="selectByPrimaryKey" resultMap="BaseResultMap" parameterType="java.math.BigDecimal" >
    <!--
      WARNING - @mbggenerated
      This element is automatically generated by MyBatis Generator, do not modify.
      This element was generated on Mon Jun 16 15:19:42 CST 2014.
    -->
    select 
    <include refid="Base_Column_List" />
    from OPERATOR
    where ID = #{id,jdbcType=DECIMAL}
  </select>
   <select id="getOperaterByUserName" parameterType="java.lang.String" resultType="java.util.HashMap">
	  	select a.username, r.role_name, a.lastlogindate,
	       (select count(*) from b2c_shopperbi ) as merchantnum,
	       (select count(*) from B2C_TERM_BINDER )as terminalnum
	  from operator a
	  left join role_info r
	    on a.usercode = r.id
	    where a.username=#{userName,jdbcType=VARCHAR}
  </select>
    <select id="findOperatorByMobile" resultMap="BaseResultMap">
		SELECT <include refid="Base_Column_List"/> FROM operator
		WHERE MOBILE = #{mobile,jdbcType=VARCHAR}
	</select>

    <delete id="deleteByPrimaryKey" parameterType="java.math.BigDecimal" >
    <!--
      WARNING - @mbggenerated
      This element is automatically generated by MyBatis Generator, do not modify.
      This element was generated on Mon Jun 16 15:19:42 CST 2014.
    -->
    delete from OPERATOR
    where ID = #{id,jdbcType=DECIMAL}
  </delete>
  <insert id="insert" parameterType="com.uns.model.Operator" >
    <!--
      WARNING - @mbggenerated
      This element is automatically generated by MyBatis Generator, do not modify.
      This element was generated on Mon Jun 16 15:19:42 CST 2014.
    -->
    insert into OPERATOR (ID, MERCHANTID, USERNAME, MOBILE,
      PASSWORD, ENABLED, CREATEDATE, 
      LASTLOGINDATE, RESULTS, ATTEMPTTIMES, 
      LOCKED, PERMITS, ROLEDESC, 
      DEMO, USERCODE, SUBSIDIARID, 
      IS_AGENT,LOGINNAME)
    values (B2C_SHOPPERBARGAIN_SEQ.nextval, #{merchantid,jdbcType=DECIMAL}, #{userName,jdbcType=VARCHAR}, #{mobile,jdbcType=VARCHAR},
      #{password,jdbcType=VARCHAR}, #{enabled,jdbcType=DECIMAL}, #{createdate,jdbcType=DATE}, 
      #{lastlogindate,jdbcType=DATE}, #{results,jdbcType=DECIMAL}, #{attempttimes,jdbcType=DECIMAL}, 
      #{locked,jdbcType=DECIMAL}, #{permits,jdbcType=VARCHAR}, #{roledesc,jdbcType=VARCHAR}, 
      #{demo,jdbcType=VARCHAR}, #{usercode,jdbcType=VARCHAR}, #{subsidiarid,jdbcType=DECIMAL}, 
      #{isAgent,jdbcType=CHAR},#{loginName,jdbcType=VARCHAR})
  </insert>
  
  <update id="updateByPrimaryKey" parameterType="com.uns.model.Operator" >
    <!--
      WARNING - @mbggenerated
      This element is automatically generated by MyBatis Generator, do not modify.
      This element was generated on Mon Jun 16 15:19:42 CST 2014.
    -->
    update OPERATOR
    set MERCHANTID = #{merchantid,jdbcType=DECIMAL},
      USERNAME = #{userName,jdbcType=VARCHAR},
	  MOBILE = #{mobile,jdbcType=VARCHAR},
      PASSWORD = #{password,jdbcType=VARCHAR},
      ENABLED = #{enabled,jdbcType=DECIMAL},
      CREATEDATE = #{createdate,jdbcType=DATE},
      LASTLOGINDATE = #{lastlogindate,jdbcType=DATE},
      RESULTS = #{results,jdbcType=DECIMAL},
      ATTEMPTTIMES = #{attempttimes,jdbcType=DECIMAL},
      LOCKED = #{locked,jdbcType=DECIMAL},
      PERMITS = #{permits,jdbcType=VARCHAR},
      ROLEDESC = #{roledesc,jdbcType=VARCHAR},
      DEMO = #{demo,jdbcType=VARCHAR},
      USERCODE = #{usercode,jdbcType=VARCHAR},
      SUBSIDIARID = #{subsidiarid,jdbcType=DECIMAL},
      IS_AGENT = #{isAgent,jdbcType=CHAR},
      LOGINNAME = #{loginName,jdbcType=VARCHAR}
    where ID = #{id,jdbcType=DECIMAL}
  </update>
</mapper>