<?xml version="1.0" encoding="UTF-8"?>
<!DOCTYPE mapper PUBLIC "-//mybatis.org//DTD Mapper 3.0//EN" "http://mybatis.org/dtd/mybatis-3-mapper.dtd">
<mapper namespace="com.uns.dao.OrderInfoMapper">
  <resultMap id="BaseResultMap" type="com.uns.model.OrderInfo">
    <result column="ID" jdbcType="DECIMAL" property="id" />
    <result column="ACTION_TYPE" jdbcType="DECIMAL" property="actionType" />
    <result column="CUSTOMERID" jdbcType="DECIMAL" property="customerid" />
    <result column="ORDER_TIME" jdbcType="TIMESTAMP" property="orderTime" />
    <result column="AMOUNT" jdbcType="DECIMAL" property="amount" />
    <result column="STATUS" jdbcType="VARCHAR" property="status" />
    <result column="RESERV1" jdbcType="VARCHAR" property="reserv1" />
    <result column="RESERV2" jdbcType="VARCHAR" property="reserv2" />
    <result column="RESERV3" jdbcType="VARCHAR" property="reserv3" />
    <result column="COMMISSION" jdbcType="DECIMAL" property="commission" />
    <result column="OUTTRADENO" jdbcType="VARCHAR" property="outtradeNo" />
    <result column="OUTTRADETIME" jdbcType="VARCHAR" property="outtradeTime" />
    <result column="COMMISSIONORDERNO" jdbcType="VARCHAR" property="commissionOrderNo" />
    <result column="BANKCODE" jdbcType="VARCHAR" property="bankCode" />
    <result column="ARRIVALAMOUNT" jdbcType="DECIMAL" property="arrivalAmount" />
    <result column="SHOPPERID" jdbcType="DECIMAL" property="shopperid" />
    <result column="SCOMPANY" jdbcType="VARCHAR" property="scompany" />
  </resultMap>
  
  <sql id="Base_Column_List">
    ID, ACTION_TYPE, CUSTOMERID, ORDER_TIME, AMOUNT, STATUS, RESERV1, RESERV2, RESERV3, 
    OUTTRADENO,COMMISSION,COMMISSIONORDERNO,OUTTRADETIME,BANKCODE,ARRIVALAMOUNT,SHOPPERID,SCOMPANY
  </sql>
 
  <select id="selectOrderInfoList" parameterType="java.util.Map" resultMap="BaseResultMap">
    select
    <include refid="Base_Column_List" />
    from V_ORDERINFO
    WHERE 1=1
		  <if test='customerid !=null and customerid !=""'>
		  AND customerid =#{customerid,jdbcType=DECIMAL}
		  </if>
		  <if test='startDate !=null and startDate !=""'>
		  AND to_char(ORDER_TIME,'yyyyMMddhh24miss')<![CDATA[>=]]>#{startDate,jdbcType=DATE}
		  </if>
		  <if test='endDate !=null and endDate !=""'>
		  AND to_char(ORDER_TIME,'yyyyMMddhh24miss')<![CDATA[<=]]>#{endDate,jdbcType=DATE}
		  </if>
		  <if test='minAmount !=null and minAmount !=""'>
		  AND amount <![CDATA[>=]]>#{minAmount,jdbcType=DECIMAL}
		  </if>
		  <if test='maxAmount !=null and maxAmount !=""'>
		  AND amount <![CDATA[<=]]>#{maxAmount,jdbcType=DECIMAL}
		  </if>
		  <if test='actionType !=null and actionType !=""'>
		  AND ACTION_TYPE = #{actionType,jdbcType=DECIMAL}
		  </if>
		  <if test='status !=null and status !=""'>
		  AND status = #{status,jdbcType=VARCHAR}
		  </if>
		  <if test='statusflag !=null and statusflag !=""'>
		  AND status != #{statusflag,jdbcType=VARCHAR}
		  </if>
		  ORDER BY ORDER_TIME DESC
  </select>
  
  <select id="selectSum" parameterType="java.util.Map" resultType="java.util.Map">
    select
    sum(amount) amountsum,sum(commission) commissionsum, sum(arrivalAmount) arrivalAmountsum
    from V_ORDERINFO
    WHERE 1=1
		  <if test='customerid !=null and customerid !=""'>
		  AND customerid =#{customerid,jdbcType=DECIMAL}
		  </if>
		  <if test='startDate !=null and startDate !=""'>
		  AND to_char(ORDER_TIME,'yyyyMMddhh24miss')<![CDATA[>=]]>#{startDate,jdbcType=DATE}
		  </if>
		  <if test='endDate !=null and endDate !=""'>
		  AND to_char(ORDER_TIME,'yyyyMMddhh24miss')<![CDATA[<=]]>#{endDate,jdbcType=DATE}
		  </if>
		  <if test='minAmount !=null and minAmount !=""'>
		  AND amount <![CDATA[>=]]>#{minAmount,jdbcType=DECIMAL}
		  </if>
		  <if test='maxAmount !=null and maxAmount !=""'>
		  AND amount <![CDATA[<=]]>#{maxAmount,jdbcType=DECIMAL}
		  </if>
		  <if test='actionType !=null and actionType !=""'>
		  AND ACTION_TYPE = #{actionType,jdbcType=DECIMAL}
		  </if>
		  <if test='status !=null and status !=""'>
		  AND status = #{status,jdbcType=VARCHAR}
		  </if>
		  <if test='statusflag !=null and statusflag !=""'>
		  AND status != #{statusflag,jdbcType=VARCHAR}
		  </if>
		  ORDER BY ORDER_TIME DESC
  </select>
  
  <select id="selectTerminalNoCur" parameterType="java.util.Map" resultType="java.util.Map">
  	select * from 
  		V_TERMINAL_CUR
  		where tranno in
		 <foreach item="item" index="index" collection="orderList" open="(" separator="," close=")">
              #{item }
         </foreach>
  </select>
  
  <select id="selectTerminalNoHis" parameterType="java.util.Map" resultType="java.util.Map">
  	select * from 
  		V_TERMINAL_His
  		where tranno in
		 <foreach item="item" index="index" collection="orderList" open="(" separator="," close=")">
              #{item }
         </foreach>
  </select>
  
  <select id="selectAllList" parameterType="java.util.Map" resultType="java.util.Map">
	select t.shopperid,a.actiontype,countnum,sumnum,commission from b2c_shopperbi t inner join 
	(
		<if test='type == "-1" || type == "0"'>
		  select customerid,
		       '充值' actionType,
		       count(1) countnum,
		       sum(amount) sumnum,
		       sum(commission) commission
		  from v_orderinfo where action_type = '1'
		  and status = '1'
		  <if test='customerid !=null and customerid !=""'>
		  AND customerid =#{customerid,jdbcType=DECIMAL}
		  </if>
		  <if test='startDate !=null and startDate !=""'>
		  AND to_char(ORDER_TIME,'yyyyMMddhh24miss')<![CDATA[>=]]>#{startDate,jdbcType=DATE}
		  </if>
		  <if test='endDate !=null and endDate !=""'>
		  AND to_char(ORDER_TIME,'yyyyMMddhh24miss')<![CDATA[<=]]>#{endDate,jdbcType=DATE}
		  </if>
		  <if test='minAmount !=null and minAmount !=""'>
		  AND amount <![CDATA[>=]]>#{minAmount,jdbcType=DECIMAL}
		  </if>
		  <if test='maxAmount !=null and maxAmount !=""'>
		  AND amount <![CDATA[<=]]>#{maxAmount,jdbcType=DECIMAL}
		  </if>
		 group by customerid, action_type
	 </if>
	 <if test='type == "-1"'>union</if>
	 <if test='type == "-1" || type == "1"'>
		 select customerid,
		       '冻结' actionType,
		       count(1) countnum,
		       sum(amount) sumnum,
		       sum(commission) commission
		  from v_orderinfo
		  where action_type = '1'
		  and status = '0'
		  <if test='customerid !=null and customerid !=""'>
		  AND customerid =#{customerid,jdbcType=DECIMAL}
		  </if>
		  <if test='startDate !=null and startDate !=""'>
		  AND to_char(ORDER_TIME,'yyyyMMddhh24miss')<![CDATA[>=]]>#{startDate,jdbcType=DATE}
		  </if>
		  <if test='endDate !=null and endDate !=""'>
		  AND to_char(ORDER_TIME,'yyyyMMddhh24miss')<![CDATA[<=]]>#{endDate,jdbcType=DATE}
		  </if>
		  <if test='minAmount !=null and minAmount !=""'>
		  AND amount <![CDATA[>=]]>#{minAmount,jdbcType=DECIMAL}
		  </if>
		  <if test='maxAmount !=null and maxAmount !=""'>
		  AND amount <![CDATA[<=]]>#{maxAmount,jdbcType=DECIMAL}
		  </if>
		  group by customerid, action_type
	  </if>
	 <if test='type == "-1"'>union</if>
	 <if test='type == "-1" || type == "2"'>
		 select customerid,
		       'T0提现' actionType,
		       count(1) countnum,
		       sum(amount) sumnum,
		       sum(commission) commission
		  from v_orderinfo where action_type = '2'
		  and status = '2'
		  <if test='customerid !=null and customerid !=""'>
		  AND customerid =#{customerid,jdbcType=DECIMAL}
		  </if>
		  <if test='startDate !=null and startDate !=""'>
		  AND to_char(ORDER_TIME,'yyyyMMddhh24miss')<![CDATA[>=]]>#{startDate,jdbcType=DATE}
		  </if>
		  <if test='endDate !=null and endDate !=""'>
		  AND to_char(ORDER_TIME,'yyyyMMddhh24miss')<![CDATA[<=]]>#{endDate,jdbcType=DATE}
		  </if>
		  <if test='minAmount !=null and minAmount !=""'>
		  AND amount <![CDATA[>=]]>#{minAmount,jdbcType=DECIMAL}
		  </if>
		  <if test='maxAmount !=null and maxAmount !=""'>
		  AND amount <![CDATA[<=]]>#{maxAmount,jdbcType=DECIMAL}
		  </if>
		 group by customerid, action_type
	 </if>
	 <if test='type == "-1"'>union</if>
	 <if test='type == "-1" || type == "3"'>
		 select customerid,
		       'T1提现' actionType,
		       count(1) countnum,
		       sum(amount) sumnum,
		       sum(commission) commission
		  from v_orderinfo where action_type = '3'
		  and status = '2'
		  <if test='customerid !=null and customerid !=""'>
		  AND customerid =#{customerid,jdbcType=DECIMAL}
		  </if>
		  <if test='startDate !=null and startDate !=""'>
		  AND to_char(ORDER_TIME,'yyyyMMddhh24miss')<![CDATA[>=]]>#{startDate,jdbcType=DATE}
		  </if>
		  <if test='endDate !=null and endDate !=""'>
		  AND to_char(ORDER_TIME,'yyyyMMddhh24miss')<![CDATA[<=]]>#{endDate,jdbcType=DATE}
		  </if>
		  <if test='minAmount !=null and minAmount !=""'>
		  AND amount <![CDATA[>=]]>#{minAmount,jdbcType=DECIMAL}
		  </if>
		  <if test='maxAmount !=null and maxAmount !=""'>
		  AND amount <![CDATA[<=]]>#{maxAmount,jdbcType=DECIMAL}
		  </if>
		 group by customerid, action_type
	 </if>
	 ) a on t.ysbno = a.customerid order by shopperid
  </select>
</mapper>