<?xml version="1.0" encoding="UTF-8" ?>
<!DOCTYPE mapper PUBLIC "-//mybatis.org//DTD Mapper 3.0//EN" "http://mybatis.org/dtd/mybatis-3-mapper.dtd" >
<mapper namespace="com.uns.dao.RoleMerInfoMapper" >
  <resultMap id="BaseResultMap" type="com.uns.model.RoleMerInfo" >
    <!--
      WARNING - @mbggenerated
      This element is automatically generated by MyBatis Generator, do not modify.
      This element was generated on Wed Jun 25 11:49:24 CST 2014.
    -->
    <id column="ID" property="id" jdbcType="DECIMAL" />
    <result column="ROLE_CODE" property="roleCode" jdbcType="VARCHAR" />
    <result column="ROLE_NAME" property="roleName" jdbcType="VARCHAR" />
    <result column="REMARK" property="remark" jdbcType="VARCHAR" />
    <result column="STATUS" property="status" jdbcType="DECIMAL" />
    <result column="CREATE_USER" property="createUser" jdbcType="DECIMAL" />
    <result column="UPDATE_USER" property="updateUser" jdbcType="DECIMAL" />
    <result column="CREATE_DATE" property="createDate" jdbcType="DATE" />
    <result column="UPDATE_DATE" property="updateDate" jdbcType="DATE" />
    <result column="VERSION" property="version" jdbcType="DECIMAL" />
  </resultMap>
  
 
  <sql id="Base_Column_List" >
    <!--
      WARNING - @mbggenerated
      This element is automatically generated by MyBatis Generator, do not modify.
      This element was generated on Wed Jun 25 11:49:24 CST 2014.
    -->
    ID, ROLE_CODE, ROLE_NAME, REMARK, STATUS, CREATE_USER, UPDATE_USER, CREATE_DATE, 
    UPDATE_DATE, VERSION
  </sql>
  <!-- 查询角色 -->
  <select id="selectRoleMerList" resultMap="BaseResultMap" parameterType="com.uns.web.form.RoleForm" >
    select 
    <include refid="Base_Column_List" />
    from ROLE_MER_INFO
    where status=1 
    <if test="rName != null" >
       and ROLE_NAME=#{rName,jdbcType=VARCHAR}
      </if>
  </select>
  	<!-- 根据创建人和角色查询 --> 
 <select id="selectByMap" resultMap="BaseResultMap" parameterType="java.util.Map" >
    select 
    <include refid="Base_Column_List" />
    from ROLE_MER_INFO
    where ROLE_NAME = #{roleName,jdbcType=VARCHAR} and CREATE_USER=#{createUser,jdbcType=DECIMAL}
  </select>
     <!-- 查询正常的角色 -->
  <select id="selectRoleInfo" resultMap="BaseResultMap"  parameterType="string">
	   select 
	    <include refid="Base_Column_List" />
	    from ROLE_MER_INFO 
	    where STATUS=#{status}
  </select>
  <select id="selectByPrimaryKey" resultMap="BaseResultMap" parameterType="java.lang.Long" >
    <!--
      WARNING - @mbggenerated
      This element is automatically generated by MyBatis Generator, do not modify.
      This element was generated on Wed Jun 25 11:49:24 CST 2014.
    -->
    select 
    <include refid="Base_Column_List" />
    from ROLE_MER_INFO
    where ID = #{id,jdbcType=DECIMAL}
  </select>
  <delete id="deleteByPrimaryKey" parameterType="java.lang.Long" >
    <!--
      WARNING - @mbggenerated
      This element is automatically generated by MyBatis Generator, do not modify.
      This element was generated on Wed Jun 25 11:49:24 CST 2014.
    -->
    delete from ROLE_MER_INFO
    where ID = #{id,jdbcType=DECIMAL}
  </delete>

  <insert id="insert" parameterType="com.uns.model.RoleMerInfo" >
   <selectKey resultType="java.lang.Long" keyProperty="id" order="BEFORE">
	      SELECT ROLE_MER_INFO_SEQ.NEXTVAL FROM DUAL
	</selectKey>
    insert into ROLE_MER_INFO (ID, ROLE_CODE, ROLE_NAME, 
      REMARK, STATUS, CREATE_USER, 
      UPDATE_USER, CREATE_DATE, UPDATE_DATE, 
      VERSION)
    values (#{id,jdbcType=DECIMAL}, #{roleCode,jdbcType=VARCHAR}, #{roleName,jdbcType=VARCHAR}, 
      #{remark,jdbcType=VARCHAR}, #{status,jdbcType=DECIMAL}, #{createUser,jdbcType=DECIMAL}, 
      #{updateUser,jdbcType=DECIMAL}, #{createDate,jdbcType=DATE}, #{updateDate,jdbcType=DATE}, 
      #{version,jdbcType=DECIMAL})
  </insert>
  <insert id="insertSelective" parameterType="com.uns.model.RoleMerInfo" >
    <!--
      WARNING - @mbggenerated
      This element is automatically generated by MyBatis Generator, do not modify.
      This element was generated on Wed Jun 25 11:49:24 CST 2014.
    -->
    insert into ROLE_MER_INFO
    <trim prefix="(" suffix=")" suffixOverrides="," >
      <if test="id != null" >
        ID,
      </if>
      <if test="roleCode != null" >
        ROLE_CODE,
      </if>
      <if test="roleName != null" >
        ROLE_NAME,
      </if>
      <if test="remark != null" >
        REMARK,
      </if>
      <if test="status != null" >
        STATUS,
      </if>
      <if test="createUser != null" >
        CREATE_USER,
      </if>
      <if test="updateUser != null" >
        UPDATE_USER,
      </if>
      <if test="createDate != null" >
        CREATE_DATE,
      </if>
      <if test="updateDate != null" >
        UPDATE_DATE,
      </if>
      <if test="version != null" >
        VERSION,
      </if>
    </trim>
    <trim prefix="values (" suffix=")" suffixOverrides="," >
      <if test="id != null" >
        #{id,jdbcType=DECIMAL},
      </if>
      <if test="roleCode != null" >
        #{roleCode,jdbcType=VARCHAR},
      </if>
      <if test="roleName != null" >
        #{roleName,jdbcType=VARCHAR},
      </if>
      <if test="remark != null" >
        #{remark,jdbcType=VARCHAR},
      </if>
      <if test="status != null" >
        #{status,jdbcType=DECIMAL},
      </if>
      <if test="createUser != null" >
        #{createUser,jdbcType=DECIMAL},
      </if>
      <if test="updateUser != null" >
        #{updateUser,jdbcType=DECIMAL},
      </if>
      <if test="createDate != null" >
        #{createDate,jdbcType=DATE},
      </if>
      <if test="updateDate != null" >
        #{updateDate,jdbcType=DATE},
      </if>
      <if test="version != null" >
        #{version,jdbcType=DECIMAL},
      </if>
    </trim>
  </insert>
  <update id="updateByPrimaryKeySelective" parameterType="com.uns.model.RoleMerInfo" >
    <!--
      WARNING - @mbggenerated
      This element is automatically generated by MyBatis Generator, do not modify.
      This element was generated on Wed Jun 25 11:49:24 CST 2014.
    -->
    update ROLE_MER_INFO
    <set >
      <if test="roleCode != null" >
        ROLE_CODE = #{roleCode,jdbcType=VARCHAR},
      </if>
      <if test="roleName != null" >
        ROLE_NAME = #{roleName,jdbcType=VARCHAR},
      </if>
      <if test="remark != null" >
        REMARK = #{remark,jdbcType=VARCHAR},
      </if>
      <if test="status != null" >
        STATUS = #{status,jdbcType=DECIMAL},
      </if>
      <if test="createUser != null" >
        CREATE_USER = #{createUser,jdbcType=DECIMAL},
      </if>
      <if test="updateUser != null" >
        UPDATE_USER = #{updateUser,jdbcType=DECIMAL},
      </if>
      <if test="createDate != null" >
        CREATE_DATE = #{createDate,jdbcType=DATE},
      </if>
      <if test="updateDate != null" >
        UPDATE_DATE = #{updateDate,jdbcType=DATE},
      </if>
      <if test="version != null" >
        VERSION = #{version,jdbcType=DECIMAL},
      </if>
    </set>
    where ID = #{id,jdbcType=DECIMAL}
  </update>
  <update id="updateByPrimaryKey" parameterType="com.uns.model.RoleMerInfo" >
    <!--
      WARNING - @mbggenerated
      This element is automatically generated by MyBatis Generator, do not modify.
      This element was generated on Wed Jun 25 11:49:24 CST 2014.
    -->
    update ROLE_MER_INFO
    set ROLE_CODE = #{roleCode,jdbcType=VARCHAR},
      ROLE_NAME = #{roleName,jdbcType=VARCHAR},
      REMARK = #{remark,jdbcType=VARCHAR},
      STATUS = #{status,jdbcType=DECIMAL},
      CREATE_USER = #{createUser,jdbcType=DECIMAL},
      UPDATE_USER = #{updateUser,jdbcType=DECIMAL},
      CREATE_DATE = #{createDate,jdbcType=DATE},
      UPDATE_DATE = #{updateDate,jdbcType=DATE},
      VERSION = #{version,jdbcType=DECIMAL}
    where ID = #{id,jdbcType=DECIMAL}
  </update>
</mapper>