<?xml version="1.0" encoding="UTF-8" ?>
<!DOCTYPE mapper PUBLIC "-//mybatis.org//DTD Mapper 3.0//EN" "http://mybatis.org/dtd/mybatis-3-mapper.dtd" >
<mapper namespace="com.uns.dao.RoleMerFunctionMerMapper" >
  <resultMap id="BaseResultMap" type="com.uns.model.RoleMerFunctionMer" >
    <!--
      WARNING - @mbggenerated
      This element is automatically generated by MyBatis Generator, do not modify.
      This element was generated on Wed Jun 25 11:49:24 CST 2014.
    -->
    <result column="FUNCTION_ID" property="functionId" jdbcType="DECIMAL" />
    <result column="ROLE_ID" property="roleId" jdbcType="DECIMAL" />
  </resultMap> 
  <sql id="Base_Column_List" >
    <!--
      WARNING - @mbggenerated
      This element is automatically generated by MyBatis Generator, do not modify.
      This element was generated on Wed Jun 25 11:49:24 CST 2014.
    -->
    FUNCTION_ID, ROLE_ID
  </sql>
  <!-- 插入 -->
  <insert id="insert" parameterType="com.uns.model.RoleMerFunctionMer" >
    <!--
      WARNING - @mbggenerated
      This element is automatically generated by MyBatis Generator, do not modify.
      This element was generated on Wed Jun 25 11:49:24 CST 2014.
    -->
    insert into ROLE_MER_FUNCTION_MER (FUNCTION_ID, ROLE_ID)
    values (#{functionId,jdbcType=DECIMAL}, #{roleId,jdbcType=DECIMAL})
  </insert>
  <insert id="insertSelective" parameterType="com.uns.model.RoleMerFunctionMer" >
    <!--
      WARNING - @mbggenerated
      This element is automatically generated by MyBatis Generator, do not modify.
      This element was generated on Wed Jun 25 11:49:24 CST 2014.
    -->
    insert into ROLE_MER_FUNCTION_MER
    <trim prefix="(" suffix=")" suffixOverrides="," >
      <if test="functionId != null" >
        FUNCTION_ID,
      </if>
      <if test="roleId != null" >
        ROLE_ID,
      </if>
    </trim>
    <trim prefix="values (" suffix=")" suffixOverrides="," >
      <if test="functionId != null" >
        #{functionId,jdbcType=DECIMAL},
      </if>
      <if test="roleId != null" >
        #{roleId,jdbcType=DECIMAL},
      </if>
    </trim>
  </insert>
   <!--根据角色id删除关系  -->
  <delete id="deleteByRoleId" parameterType="java.lang.Long" >
    delete from ROLE_MER_FUNCTION_MER
    where ROLE_ID = #{roleId,jdbcType=DECIMAL}
  </delete>
</mapper>