<?xml version="1.0" encoding="UTF-8" ?>
<!DOCTYPE mapper PUBLIC "-//mybatis.org//DTD Mapper 3.0//EN" "http://mybatis.org/dtd/mybatis-3-mapper.dtd" >
<mapper namespace="com.uns.dao.SInfomationMerchantRelationMapper" >
  <resultMap id="BaseResultMap" type="com.uns.model.SInfomationMerchantRelation" >
    <result column="INFORMATION_ID" property="informationId" jdbcType="DECIMAL" />
    <result column="MERCHANT_NO" property="merchantNo" jdbcType="DECIMAL" />
    <result column="CREATE_DATE" property="createDate" jdbcType="DATE" />
    <result column="FLAG" property="flag" jdbcType="VARCHAR" />
  </resultMap>
 
  <sql id="Base_Column_List" >
    INFORMATION_ID, MERCHANT_NO, CREATE_DATE, FLAG
  </sql>
 
 
  <insert id="insert" parameterType="com.uns.model.SInfomationMerchantRelation" >
    insert into S_INFOMATION_MERCHANT_RELATION (INFORMATION_ID, MERCHANT_NO, CREATE_DATE, 
      FLAG)
    values (#{informationId,jdbcType=DECIMAL}, #{merchantNo,jdbcType=DECIMAL}, #{createDate,jdbcType=DATE}, 
      #{flag,jdbcType=VARCHAR})
  </insert>
  <insert id="insertSelective" parameterType="com.uns.model.SInfomationMerchantRelation" >
    insert into S_INFOMATION_MERCHANT_RELATION
    <trim prefix="(" suffix=")" suffixOverrides="," >
      <if test="informationId != null" >
        INFORMATION_ID,
      </if>
      <if test="merchantNo != null" >
        MERCHANT_NO,
      </if>
      <if test="createDate != null" >
        CREATE_DATE,
      </if>
      <if test="flag != null" >
        FLAG,
      </if>
    </trim>
    <trim prefix="values (" suffix=")" suffixOverrides="," >
      <if test="informationId != null" >
        #{informationId,jdbcType=DECIMAL},
      </if>
      <if test="merchantNo != null" >
        #{merchantNo,jdbcType=DECIMAL},
      </if>
      <if test="createDate != null" >
        #{createDate,jdbcType=DATE},
      </if>
      <if test="flag != null" >
        #{flag,jdbcType=VARCHAR},
      </if>
    </trim>
  </insert>
 <insert id="insertBatch" parameterType="java.util.List">
 insert into S_INFOMATION_MERCHANT_RELATION (INFORMATION_ID, MERCHANT_NO, CREATE_DATE, 
      FLAG) 
 <foreach collection="list[1]" item="item" index="index" separator="union">
     select 
   	  #{list[0]}, #{item.MERCHANTNO}, sysdate, 
      1
      from dual
  </foreach>
  </insert>
  
  <insert id="insertInfo" parameterType="java.lang.Long">
  	{call insert_Info_merchant(
  		#{infoId,jdbcType=DECIMAL,mode=IN}
  	)}
 </insert>
 
 
 <insert id="insertAgentInfo" parameterType="java.lang.Long">
  	{call insert_agentInfo_merchant(
  		#{infoId,jdbcType=DECIMAL,mode=IN}
  	)}
 </insert>



 <select id="findSInfoMRelation" resultType="java.lang.String" parameterType="java.lang.Long" >
    select MERCHANT_NO
      from S_INFOMATION_MERCHANT_RELATION
    where INFORMATION_ID=#{infoId,jdbcType=DECIMAL}
   
  </select>

</mapper>