<?xml version="1.0" encoding="UTF-8" ?>
<!DOCTYPE mapper PUBLIC "-//mybatis.org//DTD Mapper 3.0//EN" "http://mybatis.org/dtd/mybatis-3-mapper.dtd" >
<mapper namespace="com.uns.dao.SupportBankMapper">
    <resultMap id="supportBankMap" type="com.uns.web.form.SupportBankForm">
        <result column="DEBITCARD_SUPPORT" jdbcType="VARCHAR" property="debitCardSupport" />
        <result column="CLEARING_BANKNO" jdbcType="VARCHAR" property="clearingBankNo"/>
        <result column="DEBIT_SINGLE_QUOTA" jdbcType="VARCHAR" property="debitSingleQuota"/>
        <result column="DEBIT_DAY_QUOTA" jdbcType="VARCHAR" property="debitDayQuota"/>
        <result column="CREDITCARD_SUPPORT" jdbcType="VARCHAR" property="creditCardSupport"/>
        <result column="CREDIT_CLEARING_BANKNO" jdbcType="VARCHAR" property="creditClearingBankNo"/>
        <result column="CREDIT_SINGLE_QUOTA" jdbcType="VARCHAR" property="creditSingleQuota"/>
        <result column="CREDIT_DAY_QUOTA" jdbcType="VARCHAR" property="creditDayQuota"/>
        <result column="UPLOAD_DATE"  property="uploadDate"/>
        <result column="UPLOAD_PERSON" jdbcType="VARCHAR" property="uploadPerson" />
        <result column="SHOW_STATUS" jdbcType="VARCHAR" property="showStatus"/>
    </resultMap>

    <!-- 查询快捷支持银行列表-->
    <select id="findSupportBankList" resultMap="supportBankMap" parameterType="java.lang.String">
        SELECT T.DEBITCARD_SUPPORT,
               T.CLEARING_BANKNO,
               T.DEBIT_SINGLE_QUOTA,
               T.DEBIT_DAY_QUOTA,
               T.CREDITCARD_SUPPORT,
               T.CREDIT_CLEARING_BANKNO,
               T.CREDIT_SINGLE_QUOTA,
               T.CREDIT_DAY_QUOTA
        FROM SHORTCUT_SUPPORT_BANK T
        WHERE T.SHOW_STATUS = #{showStatus,jdbcType=VARCHAR} ORDER BY T.id DESC
    </select>

    <!-- 添加快捷银行列表 -->
    <insert id="insertSupportBankList" parameterType="com.uns.web.form.SupportBankForm">
        INSERT INTO SHORTCUT_SUPPORT_BANK
        <trim prefix="values (" suffix=")" suffixOverrides="," >
           SHORTCUT_SUPPORT_BANK_SEQ.NEXTVAL,
           #{debitCardSupport,jdbcType=VARCHAR},
           #{clearingBankNo,jdbcType=VARCHAR},
           #{debitSingleQuota,jdbcType=VARCHAR},
           #{debitDayQuota,jdbcType=VARCHAR},
           #{creditCardSupport,jdbcType=VARCHAR},
           #{creditClearingBankNo,jdbcType=VARCHAR},
           #{creditSingleQuota,jdbcType=VARCHAR},
           #{creditDayQuota,jdbcType=VARCHAR},
           #{uploadDate,jdbcType=TIMESTAMP},
           #{uploadPerson,jdbcType=VARCHAR},
           #{showStatus,jdbcType=VARCHAR}
        </trim>
    </insert>

    <delete id="deleteSupportBank" parameterType="java.lang.String">
        DELETE FROM SHORTCUT_SUPPORT_BANK T
        WHERE T.SHOW_STATUS = #{showStatus,jdbcType=VARCHAR}
    </delete>

    <update id="updateSupportBank" parameterType="java.util.Map">
        UPDATE SHORTCUT_SUPPORT_BANK T SET T.SHOW_STATUS = #{updateStatus,jdbcType=VARCHAR}
        WHERE T.SHOW_STATUS = #{showStatus,jdbcType=VARCHAR}
    </update>

    <!-- 查询统计已导入的数据-->
    <select id="countSupportBank" resultType="java.lang.Integer">
         SELECT COUNT(T.ID) COUNTNUM
           FROM SHORTCUT_SUPPORT_BANK T
         WHERE T.SHOW_STATUS = 0
    </select>

</mapper>