<?xml version="1.0" encoding="UTF-8" ?>
<!DOCTYPE mapper PUBLIC "-//mybatis.org//DTD Mapper 3.0//EN" "http://mybatis.org/dtd/mybatis-3-mapper.dtd" >
<mapper namespace="com.uns.dao.TerminalHistoryMapper" >
  <resultMap id="BaseResultMap" type="com.uns.model.TerminalHistory" >
    <result column="ID" property="id" jdbcType="DECIMAL" />
    <result column="TERM_NO" property="termNo" jdbcType="VARCHAR" />
    <result column="CREATE_DATE" property="createDate" jdbcType="TIMESTAMP" />
    <result column="CREATE_USER" property="createUser" jdbcType="VARCHAR" />
    <result column="STATUS" property="status" jdbcType="VARCHAR" />
  </resultMap>
  
  
  <sql id="Base_Column_List" >
    ID, TERM_NO, CREATE_DATE, CREATE_USER, STATUS
  </sql>
 
 
  <insert id="insert" parameterType="com.uns.model.TerminalHistory" >
    insert into TERMINAL_HISTORY (ID, TERM_NO, CREATE_DATE, 
      CREATE_USER, STATUS)
    values (#{id,jdbcType=DECIMAL}, #{termNo,jdbcType=VARCHAR}, #{createDate,jdbcType=DATE}, 
      #{createUser,jdbcType=VARCHAR}, #{status,jdbcType=VARCHAR})
  </insert>
  <insert id="insertSelective" parameterType="com.uns.model.TerminalHistory" useGeneratedKeys="true" keyProperty="id">
  	 <selectKey resultType="java.lang.Long" keyProperty="id" order="BEFORE">
      SELECT SEQ_TERMINAL_HISTORY.NEXTVAL FROM DUAL
      </selectKey>
    insert into TERMINAL_HISTORY
    <trim prefix="(" suffix=")" suffixOverrides="," >
      <if test="id != null" >
        id,
      </if>
      <if test="termNo != null" >
        TERM_NO,
      </if>
      <if test="createDate != null" >
        CREATE_DATE,
      </if>
      <if test="createUser != null" >
        CREATE_USER,
      </if>
      <if test="status != null" >
        STATUS,
      </if>
    </trim>
    <trim prefix="values (" suffix=")" suffixOverrides="," >
      <if test="id != null" >
        #{id,jdbcType=DECIMAL},
      </if>
      <if test="termNo != null" >
        #{termNo,jdbcType=VARCHAR},
      </if>
      <if test="createDate != null" >
        #{createDate,jdbcType=TIMESTAMP},
      </if>
      <if test="createUser != null" >
        #{createUser,jdbcType=VARCHAR},
      </if>
      <if test="status != null" >
        #{status,jdbcType=VARCHAR},
      </if>
    </trim>
  </insert>
  
  <select id="findTermianlHistroy" resultType="java.util.Map" parameterType="java.lang.String">
	  select  
	  		decode(t.STATUS,'0','已入库','1','已注销','2','已归属','3','已绑定','4','已解绑','5','已冻结','6','已解冻') STATUS,
	  		t.CREATE_DATE
	  from TERMINAL_HISTORY t 
	  where t.TERM_NO=#{termNo,jdbcType=VARCHAR}
  </select>
  
  
</mapper>