<?xml version="1.0" encoding="UTF-8" ?>
<!DOCTYPE mapper PUBLIC "-//mybatis.org//DTD Mapper 3.0//EN" "http://mybatis.org/dtd/mybatis-3-mapper.dtd" >
<mapper namespace="com.uns.dao.UpdateFeeHistoryMapper" >
  <resultMap id="BaseResultMap" type="com.uns.model.UpdateFeeHistory" >
    <result column="ID" property="id" jdbcType="DECIMAL" />
    <result column="SHOPPERID" property="shopperid" jdbcType="DECIMAL" />
    <result column="CARDTYPE" property="cardtype" jdbcType="VARCHAR" />
    <result column="FEE" property="fee" jdbcType="DECIMAL" />
    <result column="TOP_AMOUNT" property="topAmount" jdbcType="DECIMAL" />
    <result column="T0FEE" property="t0fee" jdbcType="DECIMAL" />
    <result column="T0TYPE" property="t0type" jdbcType="VARCHAR" />
    <result column="T0FIXEDAMOUNT" property="t0fixedamount" jdbcType="DECIMAL" />
    <result column="T0TOPAMOUNT" property="t0topamount" jdbcType="DECIMAL" />
    <result column="T0ADDITIONFEE" property="t0additionfee" jdbcType="DECIMAL" />
    <result column="T0MINAMOUNT" property="t0minamount" jdbcType="DECIMAL" />
    <result column="T0MAXAMOUNT" property="t0maxamount" jdbcType="DECIMAL" />
    <result column="UPDATE_DATE" property="updateDate" jdbcType="TIMESTAMP" />
    <result column="UPDATE_USER" property="updateUser" jdbcType="VARCHAR" />
    <result column="T0_SINGLE_DAY_LIMIT" property="t0SingleDayLimit" jdbcType="DECIMAL" />
    <result column="CHECK_DATE" property="checkDate" jdbcType="TIMESTAMP" />
    <result column="CHECK_RESULT" property="checkResult" jdbcType="VARCHAR" />
    <result column="RECHECK_DATE" property="recheckDate" jdbcType="TIMESTAMP" />
    <result column="RECHECK_RESULT" property="recheckResult" jdbcType="VARCHAR" />
    <result column="ISSUPPORTT0" property="issupportt0" jdbcType="VARCHAR" />
    <result column="FEE_TYPE" property="feeType" jdbcType="VARCHAR" />
  </resultMap>
  <sql id="Base_Column_List" >
    ID, SHOPPERID, CARDTYPE, FEE, TOP_AMOUNT, T0FEE, T0TYPE, T0FIXEDAMOUNT, T0TOPAMOUNT, 
    T0ADDITIONFEE, T0MINAMOUNT, T0MAXAMOUNT, UPDATE_DATE, UPDATE_USER, T0_SINGLE_DAY_LIMIT, 
    CHECK_DATE, CHECK_RESULT, RECHECK_DATE, RECHECK_RESULT,ISSUPPORTT0,FEE_TYPE
  </sql>
  <insert id="insert" parameterType="com.uns.model.UpdateFeeHistory" >
    insert into UPDATE_FEE_HISTORY (ID, SHOPPERID, CARDTYPE, 
      FEE, TOP_AMOUNT, T0FEE, 
      T0TYPE, T0FIXEDAMOUNT, T0TOPAMOUNT, 
      T0ADDITIONFEE, T0MINAMOUNT, T0MAXAMOUNT, 
      UPDATE_DATE, UPDATE_USER, T0_SINGLE_DAY_LIMIT, 
      CHECK_DATE, CHECK_RESULT, RECHECK_DATE, 
      RECHECK_RESULT,ISSUPPORTT0,FEE_TYPE)
    values (#{id,jdbcType=DECIMAL}, #{shopperid,jdbcType=DECIMAL}, #{cardtype,jdbcType=VARCHAR}, 
      #{fee,jdbcType=DECIMAL}, #{topAmount,jdbcType=DECIMAL}, #{t0fee,jdbcType=DECIMAL}, 
      #{t0type,jdbcType=VARCHAR}, #{t0fixedamount,jdbcType=DECIMAL}, #{t0topamount,jdbcType=DECIMAL}, 
      #{t0additionfee,jdbcType=DECIMAL}, #{t0minamount,jdbcType=DECIMAL}, #{t0maxamount,jdbcType=DECIMAL}, 
      #{updateDate,jdbcType=TIMESTAMP}, #{updateUser,jdbcType=VARCHAR}, #{t0SingleDayLimit,jdbcType=DECIMAL}, 
      #{checkDate,jdbcType=TIMESTAMP}, #{checkResult,jdbcType=VARCHAR}, #{recheckDate,jdbcType=TIMESTAMP}, 
      #{recheckResult,jdbcType=VARCHAR}, #{issupportt0,jdbcType=VARCHAR},#{feeType,jdbcType=VARCHAR})
  </insert>
  
   
    <insert id="insertSelective" parameterType="com.uns.model.UpdateFeeHistory" useGeneratedKeys="true" keyProperty="id">
  	 <selectKey resultType="java.lang.Long" keyProperty="id" order="BEFORE">
      SELECT update_fee_history_seq.NEXTVAL FROM DUAL
      </selectKey>
    insert into UPDATE_FEE_HISTORY
    <trim prefix="(" suffix=")" suffixOverrides="," >
      <if test="id != null" >
        ID,
      </if>
      <if test="shopperid != null" >
        SHOPPERID,
      </if>
      <if test="cardtype != null" >
        CARDTYPE,
      </if>
      <if test="fee != null" >
        FEE,
      </if>
      <if test="topAmount != null" >
        TOP_AMOUNT,
      </if>
      <if test="t0fee != null" >
        T0FEE,
      </if>
      <if test="t0type != null" >
        T0TYPE,
      </if>
      <if test="t0fixedamount != null" >
        T0FIXEDAMOUNT,
      </if>
      <if test="t0topamount != null" >
        T0TOPAMOUNT,
      </if>
      <if test="t0additionfee != null" >
        T0ADDITIONFEE,
      </if>
      <if test="t0minamount != null" >
        T0MINAMOUNT,
      </if>
      <if test="t0maxamount != null" >
        T0MAXAMOUNT,
      </if>
      <if test="updateDate != null" >
        UPDATE_DATE,
      </if>
      <if test="updateUser != null" >
        UPDATE_USER,
      </if>
      <if test="t0SingleDayLimit != null" >
        T0_SINGLE_DAY_LIMIT,
      </if>
      <if test="checkDate != null" >
        CHECK_DATE,
      </if>
      <if test="checkResult != null" >
        CHECK_RESULT,
      </if>
      <if test="recheckDate != null" >
        RECHECK_DATE,
      </if>
      <if test="recheckResult != null" >
        RECHECK_RESULT,
      </if>
      
      <if test="issupportt0 != null" >
        ISSUPPORTT0,
      </if>
      
      <if test="feeType != null" >
        FEE_TYPE
      </if>
      
      
    </trim>
    <trim prefix="values (" suffix=")" suffixOverrides="," >
      <if test="id != null" >
        #{id,jdbcType=DECIMAL},
      </if>
      <if test="shopperid != null" >
        #{shopperid,jdbcType=DECIMAL},
      </if>
      <if test="cardtype != null" >
        #{cardtype,jdbcType=VARCHAR},
      </if>
      <if test="fee != null" >
        #{fee,jdbcType=DECIMAL},
      </if>
      <if test="topAmount != null" >
        #{topAmount,jdbcType=DECIMAL},
      </if>
      <if test="t0fee != null" >
        #{t0fee,jdbcType=DECIMAL},
      </if>
      <if test="t0type != null" >
        #{t0type,jdbcType=VARCHAR},
      </if>
      <if test="t0fixedamount != null" >
        #{t0fixedamount,jdbcType=DECIMAL},
      </if>
      <if test="t0topamount != null" >
        #{t0topamount,jdbcType=DECIMAL},
      </if>
      <if test="t0additionfee != null" >
        #{t0additionfee,jdbcType=DECIMAL},
      </if>
      <if test="t0minamount != null" >
        #{t0minamount,jdbcType=DECIMAL},
      </if>
      <if test="t0maxamount != null" >
        #{t0maxamount,jdbcType=DECIMAL},
      </if>
      <if test="updateDate != null" >
        #{updateDate,jdbcType=TIMESTAMP},
      </if>
      <if test="updateUser != null" >
        #{updateUser,jdbcType=VARCHAR},
      </if>
      <if test="t0SingleDayLimit != null" >
        #{t0SingleDayLimit,jdbcType=DECIMAL},
      </if>
      <if test="checkDate != null" >
        #{checkDate,jdbcType=TIMESTAMP},
      </if>
      <if test="checkResult != null" >
        #{checkResult,jdbcType=VARCHAR},
      </if>
      <if test="recheckDate != null" >
        #{recheckDate,jdbcType=TIMESTAMP},
      </if>
      <if test="recheckResult != null" >
        #{recheckResult,jdbcType=VARCHAR},
      </if>
      <if test="issupportt0 != null" >
        #{issupportt0,jdbcType=VARCHAR},
      </if>
      <if test="feeType != null" >
        #{feeType,jdbcType=VARCHAR},
      </if>
      
      
    </trim>
  </insert>
  
  
  <select id="findbyidList" resultType="java.util.HashMap" parameterType="java.lang.String">
    select  t.ID, 
         t.SHOPPERID,
         t.UPDATE_DATE,
         (select b.scompany from b2c_shopperbi_temp b where b.shopperid=t.shopperid) as SCOMPANY,
         (select up.username from OPERATOR  up where up.id = t.UPDATE_USER) as UPNAME
    from UPDATE_FEE_HISTORY t where SHOPPERID = #{shopperid,jdbcType=DECIMAL} order by t.UPDATE_DATE desc
  </select>




 <select id="selectById" parameterType="java.lang.Long" resultMap="BaseResultMap">
	   select 
	    <include refid="Base_Column_List" />
	    from UPDATE_FEE_HISTORY
	    where ID = #{ID,jdbcType=DECIMAL}
   </select>
   
   <select id="selectByshopperid" parameterType="java.lang.Long" resultMap="BaseResultMap">
	   select 
	    <include refid="Base_Column_List" />
	    from UPDATE_FEE_HISTORY
	    where SHOPPERID = #{shopperid,jdbcType=DECIMAL}
   </select>
</mapper>