<?xml version="1.0" encoding="UTF-8" ?>
<!DOCTYPE mapper PUBLIC "-//mybatis.org//DTD Mapper 3.0//EN" "http://mybatis.org/dtd/mybatis-3-mapper.dtd" >
<mapper namespace="com.uns.dao.UsersMapper" >
  <resultMap id="BaseResultMap" type="com.uns.model.Users" >
    <!--
      WARNING - @mbggenerated
      This element is automatically generated by MyBatis Generator, do not modify.
      This element was generated on Tue Jun 10 11:00:06 CST 2014.
    -->
    <id column="ID" property="id" jdbcType="DECIMAL" />
    <result column="MERCHANTID" property="merchantid" jdbcType="DECIMAL" />
    <result column="USERNAME" property="userName" jdbcType="VARCHAR" />
    <result column="PASSWORD" property="password" jdbcType="VARCHAR" />
    <result column="ENABLED" property="enabled" jdbcType="DECIMAL" />
    <result column="CREATEDATE" property="createdate" jdbcType="DATE" />
    <result column="LASTLOGINDATE" property="lastlogindate" jdbcType="DATE" />
    <result column="RESULTS" property="results" jdbcType="DECIMAL" />
    <result column="ATTEMPTTIMES" property="attempttimes" jdbcType="DECIMAL" />
    <result column="LOCKED" property="locked" jdbcType="DECIMAL" />
    <result column="PERMITS" property="permits" jdbcType="VARCHAR" />
    <result column="ROLEDESC" property="roledesc" jdbcType="VARCHAR" />
    <result column="DEMO" property="demo" jdbcType="VARCHAR" />
    <result column="USERCODE" property="usercode" jdbcType="VARCHAR" />
    <result column="SUBSIDIARID" property="subsidiarid" jdbcType="DECIMAL" />
    <result column="IS_AGENT" property="isAgent" jdbcType="CHAR" />
    <result column="TEL" property="tel" jdbcType="VARCHAR" />
  </resultMap>
  
  <sql id="Base_Column_List" >
    ID, MERCHANTID, USERNAME, PASSWORD, ENABLED, CREATEDATE, LASTLOGINDATE, RESULTS, 
    ATTEMPTTIMES, LOCKED, PERMITS, ROLEDESC, DEMO, USERCODE, SUBSIDIARID, IS_AGENT,TEL
  </sql>
  <select id="selectByUserId" parameterType="java.lang.String" resultMap="BaseResultMap">
	   select 
	    <include refid="Base_Column_List" />
	    from Users
	    where  MERCHANTID = #{shopperId,jdbcType=VARCHAR} and IS_AGENT=0
   </select>
   <!-- 	   根据shopperid查询记录 是否存在有相同  -->
   <select id="selectByUsesrName" parameterType="java.lang.String" resultMap="BaseResultMap">
	   select 
	    <include refid="Base_Column_List" />
	    from Users
	    where  USERNAME = #{shopperId,jdbcType=VARCHAR}
   </select>
    <insert id="addUsers" parameterType="java.util.Map">
	    insert into Users
	    (ID,USERCODE,USERNAME,
	    PASSWORD,ENABLED,ROLEDESC,PERMITS,DEMO,CREATEDATE,
	    MERCHANTID,SUBSIDIARID,IS_AGENT,LOCKED,TEL
	    )values(
	     B2C_SHOPPERBARGAIN_SEQ.nextval,
	      #{userCode,jdbcType=VARCHAR},
	      #{userName,jdbcType=VARCHAR},
	      #{pwd,jdbcType=VARCHAR},
		  #{enabled,jdbcType=VARCHAR},
		  #{roleDesc,jdbcType=VARCHAR},
		  #{permits,jdbcType=VARCHAR},
		  #{demo,jdbcType=VARCHAR},
		  #{createDate,jdbcType=DATE},
	   	  #{merchantid,jdbcType=DECIMAL},
	   	  #{subsidiarid,jdbcType=DECIMAL},
	   	  #{isagent,jdbcType=VARCHAR},
	   	  #{locked,jdbcType=VARCHAR},
	   	  #{tel,jdbcType=VARCHAR}
	    )
	</insert>

	
  <select id="selectByPrimaryKey" resultMap="BaseResultMap" parameterType="java.math.BigDecimal" >
    select 
    <include refid="Base_Column_List" />
    from Users
    where ID = #{id,jdbcType=DECIMAL}
  </select>
  
  
  
  <delete id="deleteByPrimaryKey" parameterType="java.math.BigDecimal" >
    delete from Users
    where ID = #{id,jdbcType=DECIMAL}
  </delete>
  
  <insert id="insertUsers" parameterType="com.uns.model.Users" >
    <!--
      WARNING - @mbggenerated
      This element is automatically generated by MyBatis Generator, do not modify.
      This element was generated on Tue Jun 10 11:00:06 CST 2014.
    -->
    insert into Users (ID, MERCHANTID, USERNAME, 
      PASSWORD, ENABLED, CREATEDATE, 
      LASTLOGINDATE, RESULTS, ATTEMPTTIMES, 
      LOCKED, PERMITS, ROLEDESC, 
      DEMO, USERCODE, SUBSIDIARID, 
      IS_AGENT,TEL)
    values (B2C_SHOPPERBARGAIN_SEQ.nextval, #{merchantid,jdbcType=DECIMAL}, #{userName,jdbcType=VARCHAR}, 
      #{password,jdbcType=VARCHAR}, #{enabled,jdbcType=DECIMAL}, #{createdate,jdbcType=DATE}, 
      #{lastlogindate,jdbcType=DATE}, #{results,jdbcType=DECIMAL}, #{attempttimes,jdbcType=DECIMAL}, 
      #{locked,jdbcType=DECIMAL}, #{permits,jdbcType=VARCHAR}, #{roledesc,jdbcType=VARCHAR}, 
      #{demo,jdbcType=VARCHAR}, #{usercode,jdbcType=VARCHAR}, #{subsidiarid,jdbcType=DECIMAL}, 
      #{isAgent,jdbcType=CHAR},#{tel,jdbcType=VARCHAR})
  </insert>
  
  
  <insert id="insert" parameterType="com.uns.model.Users" >
    <!--
      WARNING - @mbggenerated
      This element is automatically generated by MyBatis Generator, do not modify.
      This element was generated on Tue Jun 10 11:00:06 CST 2014.
    -->
    insert into Users (ID, MERCHANTID, USERNAME, 
      PASSWORD, ENABLED, CREATEDATE, 
      LASTLOGINDATE, RESULTS, ATTEMPTTIMES, 
      LOCKED, PERMITS, ROLEDESC, 
      DEMO, USERCODE, SUBSIDIARID, 
      IS_AGENT,TEL)
    values (#{id,jdbcType=DECIMAL}, #{merchantid,jdbcType=DECIMAL}, #{userName,jdbcType=VARCHAR}, 
      #{password,jdbcType=VARCHAR}, #{enabled,jdbcType=DECIMAL}, #{createdate,jdbcType=DATE}, 
      #{lastlogindate,jdbcType=DATE}, #{results,jdbcType=DECIMAL}, #{attempttimes,jdbcType=DECIMAL}, 
      #{locked,jdbcType=DECIMAL}, #{permits,jdbcType=VARCHAR}, #{roledesc,jdbcType=VARCHAR}, 
      #{demo,jdbcType=VARCHAR}, #{usercode,jdbcType=VARCHAR}, #{subsidiarid,jdbcType=DECIMAL}, 
      #{isAgent,jdbcType=CHAR},#{tel,jdbcType=VARCHAR})
  </insert>
  <insert id="insertSelective" parameterType="com.uns.model.Users" >
    <!--
      WARNING - @mbggenerated
      This element is automatically generated by MyBatis Generator, do not modify.
      This element was generated on Tue Jun 10 11:00:06 CST 2014.
    -->
    insert into Users
    <trim prefix="(" suffix=")" suffixOverrides="," >
      <if test="id != null" >
        ID,
      </if>
      <if test="merchantid != null" >
        MERCHANTID,
      </if>
      <if test="userName != null" >
        USERNAME,
      </if>
      <if test="password != null" >
        PASSWORD,
      </if>
      <if test="enabled != null" >
        ENABLED,
      </if>
      <if test="createdate != null" >
        CREATEDATE,
      </if>
      <if test="lastlogindate != null" >
        LASTLOGINDATE,
      </if>
      <if test="results != null" >
        RESULTS,
      </if>
      <if test="attempttimes != null" >
        ATTEMPTTIMES,
      </if>
      <if test="locked != null" >
        LOCKED,
      </if>
      <if test="permits != null" >
        PERMITS,
      </if>
      <if test="roledesc != null" >
        ROLEDESC,
      </if>
      <if test="demo != null" >
        DEMO,
      </if>
      <if test="usercode != null" >
        USERCODE,
      </if>
      <if test="subsidiarid != null" >
        SUBSIDIARID,
      </if>
      <if test="isAgent != null" >
        IS_AGENT,
      </if>
      <if test="tel != null" >
        TEL,
      </if>
    </trim>
    <trim prefix="values (" suffix=")" suffixOverrides="," >
      <if test="id != null" >
        #{id,jdbcType=DECIMAL},
      </if>
      <if test="merchantid != null" >
        #{merchantid,jdbcType=DECIMAL},
      </if>
      <if test="userName != null" >
        #{userName,jdbcType=VARCHAR},
      </if>
      <if test="password != null" >
        #{password,jdbcType=VARCHAR},
      </if>
      <if test="enabled != null" >
        #{enabled,jdbcType=DECIMAL},
      </if>
      <if test="createdate != null" >
        #{createdate,jdbcType=DATE},
      </if>
      <if test="lastlogindate != null" >
        #{lastlogindate,jdbcType=DATE},
      </if>
      <if test="results != null" >
        #{results,jdbcType=DECIMAL},
      </if>
      <if test="attempttimes != null" >
        #{attempttimes,jdbcType=DECIMAL},
      </if>
      <if test="locked != null" >
        #{locked,jdbcType=DECIMAL},
      </if>
      <if test="permits != null" >
        #{permits,jdbcType=VARCHAR},
      </if>
      <if test="roledesc != null" >
        #{roledesc,jdbcType=VARCHAR},
      </if>
      <if test="demo != null" >
        #{demo,jdbcType=VARCHAR},
      </if>
      <if test="usercode != null" >
        #{usercode,jdbcType=VARCHAR},
      </if>
      <if test="subsidiarid != null" >
        #{subsidiarid,jdbcType=DECIMAL},
      </if>
      <if test="isAgent != null" >
        #{isAgent,jdbcType=CHAR},
      </if>
       <if test="tel != null" >
        #{tel,jdbcType=VARCHAR},
      </if>
     
    </trim>
  </insert>
  <!--根据merchantId修改用户名，密码  -->
<update id="updateByUsresId" parameterType="com.uns.model.Users" flushCache="true">
		update Users
		<set>
			<if test="userName != null">
				USERNAME = #{userName,jdbcType=VARCHAR},
			</if>
			<if test="password != null">
				PASSWORD = #{password,jdbcType=VARCHAR},
			</if>
			<if test="enabled != null">
				ENABLED = #{enabled,jdbcType=DECIMAL},
			</if>
			<if test="roledesc != null">
				ROLEDESC = #{roledesc,jdbcType=VARCHAR},
			</if>
			<if test="permits != null">
				PERMITS = #{permits,jdbcType=VARCHAR},
			</if>
			<if test="demo != null">
				DEMO = #{demo,jdbcType=VARCHAR},
			</if>
			<if test="lastlogindate !=null">
			    LASTLOGINDATE=#{lastlogindate,jdbcType=TIMESTAMP},
			</if>
			<if test="locked !=null">
			    LOCKED=#{locked,jdbcType=DECIMAL},
			</if>
			<if test="tel !=null">
			    TEL=#{tel,jdbcType=DECIMAL},
			</if>
		</set>
		where MERCHANTID=#{merchantid,jdbcType=DECIMAL}
		and   IS_AGENT = #{isAgent,jdbcType=CHAR}
	</update> 
	
	    
 
  <update id="updateByPrimaryKey" parameterType="com.uns.model.Users" >
    update Users
    set MERCHANTID = #{merchantid,jdbcType=DECIMAL},
      USERNAME = #{userName,jdbcType=VARCHAR},
      PASSWORD = #{password,jdbcType=VARCHAR},
      ENABLED = #{enabled,jdbcType=DECIMAL},
      CREATEDATE = #{createdate,jdbcType=DATE},
      LASTLOGINDATE = #{lastlogindate,jdbcType=DATE},
      RESULTS = #{results,jdbcType=DECIMAL},
      ATTEMPTTIMES = #{attempttimes,jdbcType=DECIMAL},
      LOCKED = #{locked,jdbcType=DECIMAL},
      PERMITS = #{permits,jdbcType=VARCHAR},
      ROLEDESC = #{roledesc,jdbcType=VARCHAR},
      DEMO = #{demo,jdbcType=VARCHAR},
      USERCODE = #{usercode,jdbcType=VARCHAR},
      SUBSIDIARID = #{subsidiarid,jdbcType=DECIMAL},
      IS_AGENT = #{isAgent,jdbcType=CHAR},
      TEL=#{tel,jdbcType=DECIMAL}
    where ID = #{id,jdbcType=DECIMAL}
  </update>
  
  <select id="selectBymid" parameterType="java.util.Map" resultMap="BaseResultMap">
	   select 
	    <include refid="Base_Column_List" />
	    from Users
	    where  MERCHANTID = #{merchantid,jdbcType=DECIMAL}
	    and    IS_AGENT=#{isAgent,jdbcType=VARCHAR}
   </select>
   
    <select id="selectByUsersmerchantid" parameterType="java.lang.String" resultMap="BaseResultMap">
	   select 
	    <include refid="Base_Column_List" />
	    from Users
	    where  MERCHANTID = #{shopperId,jdbcType=VARCHAR} and IS_AGENT=1
   </select>
</mapper>