<?xml version="1.0" encoding="UTF-8" ?>
<!DOCTYPE mapper PUBLIC "-//mybatis.org//DTD Mapper 3.0//EN" "http://mybatis.org/dtd/mybatis-3-mapper.dtd" >
<mapper namespace="com.uns.dao.YsbFreeFundsMapper" >
  <resultMap id="BaseResultMap" type="com.uns.model.YsbFreeFunds" >
    <id column="ID" property="id" jdbcType="DECIMAL" />
    <result column="AMOUNT" property="amount" jdbcType="DECIMAL" />
    <result column="TYPE" property="type" jdbcType="VARCHAR" />
    <result column="CREATE_USER" property="createUser" jdbcType="VARCHAR" />
    <result column="ORDERID" property="orderid" jdbcType="VARCHAR" />
    <result column="ORDERTIME" property="ordertime" jdbcType="VARCHAR" />
    <result column="RSPCODE" property="rspcode" jdbcType="VARCHAR" />
    <result column="RSPMSG" property="rspmsg" jdbcType="VARCHAR" />
  </resultMap>
 
  <sql id="Base_Column_List" >
    ID, AMOUNT, TYPE, CREATE_USER, ORDERID, ORDERTIME, RSPCODE, RSPMSG
  </sql>

  <select id="selectByPrimaryKey" resultMap="BaseResultMap" parameterType="java.math.BigDecimal" >
    select 
    <include refid="Base_Column_List" />
    from YSB_FREE_FUNDS
    where ID = #{id,jdbcType=DECIMAL}
  </select>
  
  
  <delete id="deleteByPrimaryKey" parameterType="java.math.BigDecimal" >
    delete from YSB_FREE_FUNDS
    where ID = #{id,jdbcType=DECIMAL}
  </delete>
 
  <insert id="insert" parameterType="com.uns.model.YsbFreeFunds" >
    insert into YSB_FREE_FUNDS (ID, AMOUNT, TYPE, 
      CREATE_USER, ORDERID, ORDERTIME, 
      RSPCODE, RSPMSG)
    values (#{id,jdbcType=DECIMAL}, #{amount,jdbcType=DECIMAL}, #{type,jdbcType=VARCHAR}, 
      #{createUser,jdbcType=VARCHAR}, #{orderid,jdbcType=VARCHAR}, #{ordertime,jdbcType=VARCHAR}, 
      #{rspcode,jdbcType=VARCHAR}, #{rspmsg,jdbcType=VARCHAR})
  </insert>
  <insert id="insertSelective" parameterType="com.uns.model.YsbFreeFunds" >
   <selectKey resultType="java.lang.Long" keyProperty="id" order="BEFORE">
      SELECT YSB_FREE_FUNDS_SEQ.NEXTVAL FROM DUAL
      </selectKey>
    insert into YSB_FREE_FUNDS
    <trim prefix="(" suffix=")" suffixOverrides="," >
      <if test="id != null" >
        ID,
      </if>
      <if test="amount != null" >
        AMOUNT,
      </if>
      <if test="type != null" >
        TYPE,
      </if>
      <if test="createUser != null" >
        CREATE_USER,
      </if>
      <if test="orderid != null" >
        ORDERID,
      </if>
      <if test="ordertime != null" >
        ORDERTIME,
      </if>
      <if test="rspcode != null" >
        RSPCODE,
      </if>
      <if test="rspmsg != null" >
        RSPMSG,
      </if>
    </trim>
    <trim prefix="values (" suffix=")" suffixOverrides="," >
      <if test="id != null" >
        #{id,jdbcType=DECIMAL},
      </if>
      <if test="amount != null" >
        #{amount,jdbcType=DECIMAL},
      </if>
      <if test="type != null" >
        #{type,jdbcType=VARCHAR},
      </if>
      <if test="createUser != null" >
        #{createUser,jdbcType=VARCHAR},
      </if>
      <if test="orderid != null" >
        #{orderid,jdbcType=VARCHAR},
      </if>
      <if test="ordertime != null" >
        #{ordertime,jdbcType=VARCHAR},
      </if>
      <if test="rspcode != null" >
        #{rspcode,jdbcType=VARCHAR},
      </if>
      <if test="rspmsg != null" >
        #{rspmsg,jdbcType=VARCHAR},
      </if>
    </trim>
  </insert>

  <update id="updateByPrimaryKeySelective" parameterType="com.uns.model.YsbFreeFunds" >
    update YSB_FREE_FUNDS
    <set >
      <if test="amount != null" >
        AMOUNT = #{amount,jdbcType=DECIMAL},
      </if>
      <if test="type != null" >
        TYPE = #{type,jdbcType=VARCHAR},
      </if>
      <if test="createUser != null" >
        CREATE_USER = #{createUser,jdbcType=VARCHAR},
      </if>
      <if test="orderid != null" >
        ORDERID = #{orderid,jdbcType=VARCHAR},
      </if>
      <if test="ordertime != null" >
        ORDERTIME = #{ordertime,jdbcType=VARCHAR},
      </if>
      <if test="rspcode != null" >
        RSPCODE = #{rspcode,jdbcType=VARCHAR},
      </if>
      <if test="rspmsg != null" >
        RSPMSG = #{rspmsg,jdbcType=VARCHAR},
      </if>
    </set>
    where ID = #{id,jdbcType=DECIMAL}
  </update>
  <update id="updateByPrimaryKey" parameterType="com.uns.model.YsbFreeFunds" >
    update YSB_FREE_FUNDS
    set AMOUNT = #{amount,jdbcType=DECIMAL},
      TYPE = #{type,jdbcType=VARCHAR},
      CREATE_USER = #{createUser,jdbcType=VARCHAR},
      ORDERID = #{orderid,jdbcType=VARCHAR},
      ORDERTIME = #{ordertime,jdbcType=VARCHAR},
      RSPCODE = #{rspcode,jdbcType=VARCHAR},
      RSPMSG = #{rspmsg,jdbcType=VARCHAR}
    where ID = #{id,jdbcType=DECIMAL}
  </update>
  <!--自有资金充值记录  -->
    <select id="findYsbFreeFundsList" resultMap="BaseResultMap" parameterType="com.uns.web.form.YsbFreeFundsForm" >
    select 
    <include refid="Base_Column_List" />
    from YSB_FREE_FUNDS
    where 1=1
    <if test='orderidq!=null and orderidq!=""'>
		and ORDERID=#{orderidq,jdbcType=DECIMAL}
	</if>
	<if test='createdStart!=null and createdStart!=""'>
		and substr(ordertime, 0, 8) <![CDATA[ >= #{createdStart,jdbcType=DECIMAL} ]]>
	</if>
	<if test='createdEnd!=null and createdEnd!=""'>
		and substr(ordertime, 0, 8)  <![CDATA[ <= #{createdEnd,jdbcType=DECIMAL} ]]>
	</if>
	<if test='ysbFreeFundsType!=null and ysbFreeFundsType!=""'>
		and TYPE=#{ysbFreeFundsType,jdbcType=DECIMAL}
	</if>
	<if test='rspcodeq!=null and rspcodeq!=""'>
		<if test='rspcodeq=="0000"'>
			and RSPCODE='0000'
		</if>
		<if test='rspcodeq!="0000"'>
			and RSPCODE  <![CDATA[ <> '0000' ]]>
		</if>
	</if> 
	order by ID desc
  </select>
  
  
</mapper>