<?xml version="1.0" encoding="UTF-8"?>
<beans xmlns="http://www.springframework.org/schema/beans"
       xmlns:xsi="http://www.w3.org/2001/XMLSchema-instance"
       xsi:schemaLocation="http://www.springframework.org/schema/beans http://www.springframework.org/schema/beans/spring-beans-2.5.xsd"
       default-lazy-init="true">

    <bean id="dataSourceSmallProperties" class="com.uns.config.DataSourceSmallProperties">
        <property name="driverClassName" value="oracle.jdbc.driver.OracleDriver"/>
        <property name="url" value="${small.datasource.url}"/>
        <property name="username" value="${small.datasource.username}"/>
        <property name="password" value="${small.datasource.password}"/>
        <property name="initialSize" value="30"/>
        <property name="minIdle" value="30"/>
        <property name="maxActive" value="300"/>
        <property name="maxWait" value="1000"/>
        <property name="timeBetweenEvictionRunsMillis" value="10000"/>
        <property name="minEvictableIdleTimeMillis" value="30000"/>
        <property name="validationQuery" value="SELECT '1' FROM DUAL"/>
        <property name="testWhileIdle" value="true"/>
        <property name="testOnBorrow" value="true"/>
        <property name="testOnReturn" value="false"/>
        <property name="minPoolSize" value="10" />
        <property name="maxPoolSize" value="100" />
        <property name="borrowConnectionTimeout" value="30" />
        <property name="testQuery" value="select 1 from dual" />
        <property name="maintenanceInterval" value="60" />
    </bean>

    <bean id="dataSourceQrcodeProperties" class="com.uns.config.DataSourceQrcodeProperties">
        <property name="driverClassName" value="oracle.jdbc.driver.OracleDriver"/>
        <property name="url" value="${qrcode.datasource.url}"/>
        <property name="username" value="${qrcode.datasource.username}"/>
        <property name="password" value="${qrcode.datasource.password}"/>
        <property name="initialSize" value="30"/>
        <property name="minIdle" value="30"/>
        <property name="maxActive" value="300"/>
        <property name="maxWait" value="1000"/>
        <property name="timeBetweenEvictionRunsMillis" value="10000"/>
        <property name="minEvictableIdleTimeMillis" value="30000"/>
        <property name="validationQuery" value="SELECT '1' FROM DUAL"/>
        <property name="testWhileIdle" value="true"/>
        <property name="testOnBorrow" value="true"/>
        <property name="testOnReturn" value="false"/>

        <property name="minPoolSize" value="10" />
        <property name="maxPoolSize" value="100" />
        <property name="borrowConnectionTimeout" value="30" />
        <property name="testQuery" value="select 1 from dual" />
        <property name="maintenanceInterval" value="60" />
    </bean>
</beans>