<?xml version="1.0" encoding="UTF-8" ?>
<!DOCTYPE mapper PUBLIC "-//mybatis.org//DTD Mapper 3.0//EN" "http://mybatis.org/dtd/mybatis-3-mapper.dtd" >
<mapper namespace="com.uns.dao.qrcode.QrcodeRefundMapper" >
  <resultMap id="BaseResultMap" type="com.uns.entity.QrcodeRefund" >
    <id column="ID" property="id" jdbcType="VARCHAR" />
    <result column="ORDER_TYPE" property="orderType" jdbcType="DECIMAL" />
    <result column="MERCHANT_CODE" property="merchantCode" jdbcType="VARCHAR" />
    <result column="ORI_ORDER_NO" property="oriOrderNo" jdbcType="VARCHAR" />
    <result column="REFUND_ORDER_NO" property="refundOrderNo" jdbcType="VARCHAR" />
    <result column="STATUS" property="status" jdbcType="DECIMAL" />
    <result column="REFUND_AMOUNT" property="refundAmount" jdbcType="DECIMAL" />
    <result column="REAL_REFUND_AMOUNT" property="realRefundAmount" jdbcType="DECIMAL" />
    <result column="REMARK" property="remark" jdbcType="VARCHAR" />
    <result column="EXT" property="ext" jdbcType="VARCHAR" />
    <result column="REFUNDED_TIME" property="refundedTime" jdbcType="TIMESTAMP" />
    <result column="CREATE_TIME" property="createTime" jdbcType="TIMESTAMP" />
    <result column="UPDATE_TIME" property="updateTime" jdbcType="TIMESTAMP" />
    <result column="RES_ORDER_NO" property="resOrderNo" jdbcType="VARCHAR" />
    <result column="RES_CODE" property="resCode" jdbcType="VARCHAR" />
    <result column="RES_MSG" property="resMsg" jdbcType="VARCHAR" />
  </resultMap>
  <sql id="Base_Column_List" >
    ID, ORDER_TYPE, MERCHANT_CODE, ORI_ORDER_NO, REFUND_ORDER_NO, STATUS, REFUND_AMOUNT, 
    REAL_REFUND_AMOUNT, REMARK, EXT, REFUNDED_TIME, CREATE_TIME, UPDATE_TIME, RES_ORDER_NO, 
    RES_CODE, RES_MSG
  </sql>
  <select id="selectByPrimaryKey" resultMap="BaseResultMap" parameterType="java.lang.String" >
    select 
    <include refid="Base_Column_List" />
    from T_QRCODE_REFUND
    where ID = #{id,jdbcType=VARCHAR}
  </select>
  <select id="queryRefundCollect" resultType="java.util.Map">
    SELECT COUNT(1) REFUND_COUNT,
           DECODE(SUM(M.REFUND_AMOUNT), '', 0, SUM(M.REFUND_AMOUNT)) REFUND_AMOUNT
      FROM T_QRCODE_REFUND M, T_QR_CODE_TRANS T
     WHERE M.ORI_ORDER_NO = T.ORDER_ID
       AND T.SMALL_MERCH_NO = #{smallMerchNo}
       AND T.TRADE_SOURCE = 2
       AND M.STATUS = 3
       AND M.ORDER_TYPE = 1
    <if test="tranDateBegin != null and tranDateBegin != ''">
      AND SUBSTR(T.TRAN_DATE, 0, 8) >= #{tranDateBegin}
    </if>
    <if test="tranDateEnd != null and tranDateEnd != ''">
      <![CDATA[
      AND SUBSTR(T.TRAN_DATE, 0, 8) <= #{tranDateEnd}
      ]]>
    </if>
    <if test="cardType != null and cardType != ''">
      AND T.CARD_TYPE = #{cardType}
    </if>
  </select>
  <delete id="deleteByPrimaryKey" parameterType="java.lang.String" >
    delete from T_QRCODE_REFUND
    where ID = #{id,jdbcType=VARCHAR}
  </delete>
  <insert id="insert" parameterType="com.uns.entity.QrcodeRefund" >
    insert into T_QRCODE_REFUND (ID, ORDER_TYPE, MERCHANT_CODE, 
      ORI_ORDER_NO, REFUND_ORDER_NO, STATUS, 
      REFUND_AMOUNT, REAL_REFUND_AMOUNT, REMARK, 
      EXT, REFUNDED_TIME, CREATE_TIME, 
      UPDATE_TIME, RES_ORDER_NO, RES_CODE, 
      RES_MSG)
    values (#{id,jdbcType=VARCHAR}, #{orderType,jdbcType=DECIMAL}, #{merchantCode,jdbcType=VARCHAR}, 
      #{oriOrderNo,jdbcType=VARCHAR}, #{refundOrderNo,jdbcType=VARCHAR}, #{status,jdbcType=DECIMAL}, 
      #{refundAmount,jdbcType=DECIMAL}, #{realRefundAmount,jdbcType=DECIMAL}, #{remark,jdbcType=VARCHAR}, 
      #{ext,jdbcType=VARCHAR}, #{refundedTime,jdbcType=TIMESTAMP}, #{createTime,jdbcType=TIMESTAMP}, 
      #{updateTime,jdbcType=TIMESTAMP}, #{resOrderNo,jdbcType=VARCHAR}, #{resCode,jdbcType=VARCHAR}, 
      #{resMsg,jdbcType=VARCHAR})
  </insert>
  <insert id="insertSelective" parameterType="com.uns.entity.QrcodeRefund" >
    insert into T_QRCODE_REFUND
    <trim prefix="(" suffix=")" suffixOverrides="," >
      <if test="id != null" >
        ID,
      </if>
      <if test="orderType != null" >
        ORDER_TYPE,
      </if>
      <if test="merchantCode != null" >
        MERCHANT_CODE,
      </if>
      <if test="oriOrderNo != null" >
        ORI_ORDER_NO,
      </if>
      <if test="refundOrderNo != null" >
        REFUND_ORDER_NO,
      </if>
      <if test="status != null" >
        STATUS,
      </if>
      <if test="refundAmount != null" >
        REFUND_AMOUNT,
      </if>
      <if test="realRefundAmount != null" >
        REAL_REFUND_AMOUNT,
      </if>
      <if test="remark != null" >
        REMARK,
      </if>
      <if test="ext != null" >
        EXT,
      </if>
      <if test="refundedTime != null" >
        REFUNDED_TIME,
      </if>
      <if test="createTime != null" >
        CREATE_TIME,
      </if>
      <if test="updateTime != null" >
        UPDATE_TIME,
      </if>
      <if test="resOrderNo != null" >
        RES_ORDER_NO,
      </if>
      <if test="resCode != null" >
        RES_CODE,
      </if>
      <if test="resMsg != null" >
        RES_MSG,
      </if>
    </trim>
    <trim prefix="values (" suffix=")" suffixOverrides="," >
      <if test="id != null" >
        #{id,jdbcType=VARCHAR},
      </if>
      <if test="orderType != null" >
        #{orderType,jdbcType=DECIMAL},
      </if>
      <if test="merchantCode != null" >
        #{merchantCode,jdbcType=VARCHAR},
      </if>
      <if test="oriOrderNo != null" >
        #{oriOrderNo,jdbcType=VARCHAR},
      </if>
      <if test="refundOrderNo != null" >
        #{refundOrderNo,jdbcType=VARCHAR},
      </if>
      <if test="status != null" >
        #{status,jdbcType=DECIMAL},
      </if>
      <if test="refundAmount != null" >
        #{refundAmount,jdbcType=DECIMAL},
      </if>
      <if test="realRefundAmount != null" >
        #{realRefundAmount,jdbcType=DECIMAL},
      </if>
      <if test="remark != null" >
        #{remark,jdbcType=VARCHAR},
      </if>
      <if test="ext != null" >
        #{ext,jdbcType=VARCHAR},
      </if>
      <if test="refundedTime != null" >
        #{refundedTime,jdbcType=TIMESTAMP},
      </if>
      <if test="createTime != null" >
        #{createTime,jdbcType=TIMESTAMP},
      </if>
      <if test="updateTime != null" >
        #{updateTime,jdbcType=TIMESTAMP},
      </if>
      <if test="resOrderNo != null" >
        #{resOrderNo,jdbcType=VARCHAR},
      </if>
      <if test="resCode != null" >
        #{resCode,jdbcType=VARCHAR},
      </if>
      <if test="resMsg != null" >
        #{resMsg,jdbcType=VARCHAR},
      </if>
    </trim>
  </insert>
  <update id="updateByPrimaryKeySelective" parameterType="com.uns.entity.QrcodeRefund" >
    update T_QRCODE_REFUND
    <set >
      <if test="orderType != null" >
        ORDER_TYPE = #{orderType,jdbcType=DECIMAL},
      </if>
      <if test="merchantCode != null" >
        MERCHANT_CODE = #{merchantCode,jdbcType=VARCHAR},
      </if>
      <if test="oriOrderNo != null" >
        ORI_ORDER_NO = #{oriOrderNo,jdbcType=VARCHAR},
      </if>
      <if test="refundOrderNo != null" >
        REFUND_ORDER_NO = #{refundOrderNo,jdbcType=VARCHAR},
      </if>
      <if test="status != null" >
        STATUS = #{status,jdbcType=DECIMAL},
      </if>
      <if test="refundAmount != null" >
        REFUND_AMOUNT = #{refundAmount,jdbcType=DECIMAL},
      </if>
      <if test="realRefundAmount != null" >
        REAL_REFUND_AMOUNT = #{realRefundAmount,jdbcType=DECIMAL},
      </if>
      <if test="remark != null" >
        REMARK = #{remark,jdbcType=VARCHAR},
      </if>
      <if test="ext != null" >
        EXT = #{ext,jdbcType=VARCHAR},
      </if>
      <if test="refundedTime != null" >
        REFUNDED_TIME = #{refundedTime,jdbcType=TIMESTAMP},
      </if>
      <if test="createTime != null" >
        CREATE_TIME = #{createTime,jdbcType=TIMESTAMP},
      </if>
      <if test="updateTime != null" >
        UPDATE_TIME = #{updateTime,jdbcType=TIMESTAMP},
      </if>
      <if test="resOrderNo != null" >
        RES_ORDER_NO = #{resOrderNo,jdbcType=VARCHAR},
      </if>
      <if test="resCode != null" >
        RES_CODE = #{resCode,jdbcType=VARCHAR},
      </if>
      <if test="resMsg != null" >
        RES_MSG = #{resMsg,jdbcType=VARCHAR},
      </if>
    </set>
    where ID = #{id,jdbcType=VARCHAR}
  </update>
  <update id="updateByPrimaryKey" parameterType="com.uns.entity.QrcodeRefund" >
    update T_QRCODE_REFUND
    set ORDER_TYPE = #{orderType,jdbcType=DECIMAL},
      MERCHANT_CODE = #{merchantCode,jdbcType=VARCHAR},
      ORI_ORDER_NO = #{oriOrderNo,jdbcType=VARCHAR},
      REFUND_ORDER_NO = #{refundOrderNo,jdbcType=VARCHAR},
      STATUS = #{status,jdbcType=DECIMAL},
      REFUND_AMOUNT = #{refundAmount,jdbcType=DECIMAL},
      REAL_REFUND_AMOUNT = #{realRefundAmount,jdbcType=DECIMAL},
      REMARK = #{remark,jdbcType=VARCHAR},
      EXT = #{ext,jdbcType=VARCHAR},
      REFUNDED_TIME = #{refundedTime,jdbcType=TIMESTAMP},
      CREATE_TIME = #{createTime,jdbcType=TIMESTAMP},
      UPDATE_TIME = #{updateTime,jdbcType=TIMESTAMP},
      RES_ORDER_NO = #{resOrderNo,jdbcType=VARCHAR},
      RES_CODE = #{resCode,jdbcType=VARCHAR},
      RES_MSG = #{resMsg,jdbcType=VARCHAR}
    where ID = #{id,jdbcType=VARCHAR}
  </update>
</mapper>