<?xml version="1.0" encoding="UTF-8"?>
<!DOCTYPE mapper PUBLIC "-//mybatis.org//DTD Mapper 3.0//EN" "http://mybatis.org/dtd/mybatis-3-mapper.dtd">
<mapper namespace="com.uns.dao.qrcode.QrcodeTransMapper">
  <resultMap id="BaseResultMap" type="com.uns.entity.QrcodeTrans">
    <id column="ID" jdbcType="VARCHAR" property="id" />
    <result column="PRO_VER" jdbcType="VARCHAR" property="proVer" />
    <result column="MSG_TYPE" jdbcType="VARCHAR" property="msgType" />
    <result column="ORDER_ID" jdbcType="VARCHAR" property="orderId" />
    <result column="PAY_WAY" jdbcType="VARCHAR" property="payWay" />
    <result column="ORDER_STATUS" jdbcType="VARCHAR" property="orderStatus" />
    <result column="TRACE_NO" jdbcType="VARCHAR" property="traceNo" />
    <result column="SUBJECT" jdbcType="VARCHAR" property="subject" />
    <result column="MERCHANT_CODE" jdbcType="VARCHAR" property="merchantCode" />
    <result column="SMZF_MSG_ID" jdbcType="VARCHAR" property="smzfMsgId" />
    <result column="QR_CODE" jdbcType="VARCHAR" property="qrCode" />
    <result column="FEE" jdbcType="DECIMAL" property="fee" />
    <result column="REQ_DATE" jdbcType="VARCHAR" property="reqDate" />
    <result column="TRAN_DATE" jdbcType="VARCHAR" property="tranDate" />
    <result column="BANK_DATE" jdbcType="VARCHAR" property="bankDate" />
    <result column="SMALL_MERCH_NO" jdbcType="VARCHAR" property="smallMerchNo" />
    <result column="CUSTOMER_NO" jdbcType="VARCHAR" property="customerNo" />
    <result column="COMMITION_ID" jdbcType="VARCHAR" property="commitionId" />
    <result column="AMOUNT" jdbcType="DECIMAL" property="amount" />
    <result column="D0_FLAG" jdbcType="VARCHAR" property="d0Flag" />
    <result column="SETTLE_DATE" jdbcType="VARCHAR" property="settleDate" />
    <result column="ORDER_DESC" jdbcType="VARCHAR" property="orderDesc" />
    <result column="OPERATOR_ID" jdbcType="VARCHAR" property="operatorId" />
    <result column="STORE_ID" jdbcType="VARCHAR" property="storeId" />
    <result column="TERMINAL_ID" jdbcType="VARCHAR" property="terminalId" />
    <result column="LIMIT_PAY" jdbcType="VARCHAR" property="limitPay" />
    <result column="RESP_TYPE" jdbcType="CHAR" property="respType" />
    <result column="RESP_CODE" jdbcType="CHAR" property="respCode" />
    <result column="RESP_MSG" jdbcType="VARCHAR" property="respMsg" />
    <result column="BUYER_PAYAMOUNT" jdbcType="DECIMAL" property="buyerPayamount" />
    <result column="POINT_AMOUNT" jdbcType="DECIMAL" property="pointAmount" />
    <result column="BUYER_ID" jdbcType="VARCHAR" property="buyerId" />
    <result column="BUYER_ACCOUNT" jdbcType="VARCHAR" property="buyerAccount" />
    <result column="ISCLEARORCANCEL" jdbcType="VARCHAR" property="isclearorcancel" />
    <result column="EXTEND1" jdbcType="VARCHAR" property="extend1" />
    <result column="EXTEND2" jdbcType="VARCHAR" property="extend2" />
    <result column="EXTEND3" jdbcType="VARCHAR" property="extend3" />
    <result column="ARRIVAL_AMOUNT" jdbcType="DECIMAL" property="arrivalAmount" />
    <result column="CHARGE_STATUS" jdbcType="VARCHAR" property="chargeStatus" />
    <result column="WITHDRAW_STATUS" jdbcType="VARCHAR" property="withdrawStatus" />
    <result column="D0_FEE" jdbcType="DECIMAL" property="d0Fee" />
    <result column="CARD_TYPE" jdbcType="DECIMAL" property="cardType" />
    <result column="BANK_ID" jdbcType="VARCHAR" property="bankId" />
    <result column="FEEVER" jdbcType="VARCHAR" property="feever" />
    <result column="TRAN_TYPE" jdbcType="VARCHAR" property="tranType" />
    <result column="BANK_CODE" jdbcType="VARCHAR" property="bankCode" />
    <result column="PAY_CARD_TYPE" jdbcType="VARCHAR" property="payCardType" />
    <result column="INS_NO" jdbcType="VARCHAR" property="insNo" />
    <result column="CALLBACK_URL" jdbcType="VARCHAR" property="callbackUrl" />
    <result column="SETTLE_KEY" jdbcType="VARCHAR" property="settleKey" />
    <result column="VOUCHER_NUM" jdbcType="VARCHAR" property="voucherNum" />
    <result column="WITH_DRAW_D0FLAG" jdbcType="VARCHAR" property="withDrawD0flag" />
    <result column="AUDIT_STATUS" jdbcType="DECIMAL" property="auditStatus" />
    <result column="MERCHANT_URL" jdbcType="VARCHAR" property="merchantUrl" />
    <result column="TRADE_SOURCE" jdbcType="DECIMAL" property="tradeSource"/>
    <result column="REFUNDING_AMOUNT" jdbcType="DECIMAL" property="refundingAmount"/>
    <result column="REFUNDED_AMOUNT" jdbcType="DECIMAL" property="refundedAmount"/>
  </resultMap>
  <resultMap id="QrcodeTransListMap" type="com.uns.model.QrcodeTransModel">
    <result column="SMALL_MERCH_NO" jdbcType="VARCHAR" property="smallMerchNo"/>
    <result column="NAME" jdbcType="VARCHAR" property="shopperName"/>
    <result column="ORGNAME" jdbcType="VARCHAR" property="agentName"/>
    <result column="SRCID" jdbcType="VARCHAR" property="shopperidP"/>
    <result column="ORDER_ID" jdbcType="VARCHAR" property="orderId"/>
    <result column="AMOUNT" jdbcType="DECIMAL" property="amount"/>
    <result column="CARD_TYPE" jdbcType="VARCHAR" property="cardType"/>
    <result column="TRAN_DATE" jdbcType="TIMESTAMP" property="tranDate"/>
    <result column="ORDER_STATUS" jdbcType="VARCHAR" property="orderStatus"/>
  </resultMap>
  <sql id="Base_Column_List">
    ID, PRO_VER, MSG_TYPE, ORDER_ID, PAY_WAY, ORDER_STATUS, TRACE_NO, SUBJECT, MERCHANT_CODE, 
    SMZF_MSG_ID, QR_CODE, FEE, REQ_DATE, TRAN_DATE, BANK_DATE, SMALL_MERCH_NO, CUSTOMER_NO, 
    COMMITION_ID, AMOUNT, D0_FLAG, SETTLE_DATE, ORDER_DESC, OPERATOR_ID, STORE_ID, TERMINAL_ID, 
    LIMIT_PAY, RESP_TYPE, RESP_CODE, RESP_MSG, BUYER_PAYAMOUNT, POINT_AMOUNT, BUYER_ID, 
    BUYER_ACCOUNT, ISCLEARORCANCEL, EXTEND1, EXTEND2, EXTEND3, ARRIVAL_AMOUNT, CHARGE_STATUS, 
    WITHDRAW_STATUS, D0_FEE, CARD_TYPE, BANK_ID, FEEVER, TRAN_TYPE, BANK_CODE, PAY_CARD_TYPE, 
    INS_NO, CALLBACK_URL, SETTLE_KEY, VOUCHER_NUM, WITH_DRAW_D0FLAG, AUDIT_STATUS, MERCHANT_URL,
    TRADE_SOURCE, REFUNDING_AMOUNT, REFUNDED_AMOUNT
  </sql>
  <select id="selectByPrimaryKey" parameterType="java.math.BigDecimal" resultMap="BaseResultMap">
    select 
    <include refid="Base_Column_List" />
    from T_QR_CODE_TRANS
    where ID = #{id,jdbcType=DECIMAL}
  </select>
  <select id="findQrcodeTransList" resultMap="BaseResultMap">
    SELECT <include refid="Base_Column_List"/> FROM T_QR_CODE_TRANS
  </select>
  <select id="queryChargeCollect" resultType="java.util.Map">
    SELECT COUNT(1) CHARGE_COUNT,
           DECODE(SUM(M.AMOUNT), '', 0, SUM(M.AMOUNT)) CHARGE_AMOUNT
      FROM T_QR_CODE_TRANS M
     WHERE M.SMALL_MERCH_NO = #{smallMerchNo}
       AND M.TRADE_SOURCE = 2
       AND M.ORDER_STATUS = '1'
       AND M.CHARGE_STATUS = '4'
    <if test="tranDateBegin != null and tranDateBegin != ''">
      AND SUBSTR(M.TRAN_DATE, 0, 8) >= #{tranDateBegin}
    </if>
    <if test="tranDateEnd != null and tranDateEnd != ''">
      <![CDATA[
      AND SUBSTR(M.TRAN_DATE, 0, 8) <= #{tranDateEnd}
      ]]>
    </if>
    <if test="cardType != null and cardType != ''">
      AND M.CARD_TYPE = #{cardType}
    </if>
  </select>
  <select id="queryTransList" resultMap="QrcodeTransListMap">
    SELECT C.SMALL_MERCH_NO,
           C.NAME,
           M.SCOMPANY ORGNAME,
           M.SRCID,
           T.ORDER_ID,
           T.AMOUNT,
           DECODE(T.CARD_TYPE, 2, '微信支付', 3, '支付宝支付') CARD_TYPE,
           TO_DATE(T.TRAN_DATE, 'yyyy-MM-dd hh24:mi:ss') TRAN_DATE,
           DECODE(T.ORDER_STATUS,
                  '0','待支付',
                  '1','支付成功',
                  '2','支付失败',
                  '3','退款处理中',
                  '4','撤销订单',
                  '5','已经全额退款') ORDER_STATUS
      FROM T_QR_CODE_TRANS T, CUSTOMER C, ORGANIZATION M
     WHERE T.SMALL_MERCH_NO = C.SMALL_MERCH_NO
       AND C.ORGID = M.ORGID
      AND T.SMALL_MERCH_NO = #{smallMerchNo}
    <if test="orderId != null and orderId != ''">
      AND T.ORDER_ID = #{orderId}
    </if>
    <if test="cardType != null and cardType != ''">
      AND T.CARD_TYPE = #{cardType}
    </if>
    <if test="orderStatus != null and orderStatus != ''">
      AND T.ORDER_STATUS = #{orderStatus}
    </if>
    <if test="amountMax != null and amountMax != ''">
      AND T.AMOUNT >= #{amountMax}
    </if>
    <if test="amountMin != null and amountMin != ''">
      <![CDATA[
      AND T.AMOUNT <= #{amountMin}
      ]]>
    </if>
    <if test="tranDateBegin != null and tranDateBegin != ''">
      AND SUBSTR(T.TRAN_DATE, 0, 8) >= #{tranDateBegin}
    </if>
    <if test="tranDateEnd != null and tranDateEnd != ''">
      <![CDATA[
      AND SUBSTR(T.TRAN_DATE, 0, 8) <= #{tranDateEnd}
      ]]>
    </if>
    ORDER BY T.TRAN_DATE DESC
  </select>
  <delete id="deleteByPrimaryKey" parameterType="java.math.BigDecimal">
    delete from T_QR_CODE_TRANS
    where ID = #{id,jdbcType=DECIMAL}
  </delete>
  <insert id="insert" parameterType="com.uns.entity.QrcodeTrans">
    insert into T_QR_CODE_TRANS (ID, PRO_VER, MSG_TYPE, 
      ORDER_ID, PAY_WAY, ORDER_STATUS, 
      TRACE_NO, SUBJECT, MERCHANT_CODE, 
      SMZF_MSG_ID, QR_CODE, FEE, 
      REQ_DATE, TRAN_DATE, BANK_DATE, 
      SMALL_MERCH_NO, CUSTOMER_NO, COMMITION_ID, 
      AMOUNT, D0_FLAG, SETTLE_DATE, 
      ORDER_DESC, OPERATOR_ID, STORE_ID, 
      TERMINAL_ID, LIMIT_PAY, RESP_TYPE, 
      RESP_CODE, RESP_MSG, BUYER_PAYAMOUNT, 
      POINT_AMOUNT, BUYER_ID, BUYER_ACCOUNT, 
      ISCLEARORCANCEL, EXTEND1, EXTEND2, 
      EXTEND3, ARRIVAL_AMOUNT, CHARGE_STATUS, 
      WITHDRAW_STATUS, D0_FEE, CARD_TYPE, 
      BANK_ID, FEEVER, TRAN_TYPE, 
      BANK_CODE, PAY_CARD_TYPE, INS_NO, 
      CALLBACK_URL, SETTLE_KEY, VOUCHER_NUM, 
      WITH_DRAW_D0FLAG, AUDIT_STATUS, MERCHANT_URL)
    values (#{id,jdbcType=DECIMAL}, #{proVer,jdbcType=VARCHAR}, #{msgType,jdbcType=VARCHAR}, 
      #{orderId,jdbcType=VARCHAR}, #{payWay,jdbcType=VARCHAR}, #{orderStatus,jdbcType=VARCHAR}, 
      #{traceNo,jdbcType=VARCHAR}, #{subject,jdbcType=VARCHAR}, #{merchantCode,jdbcType=VARCHAR}, 
      #{smzfMsgId,jdbcType=VARCHAR}, #{qrCode,jdbcType=VARCHAR}, #{fee,jdbcType=DECIMAL}, 
      #{reqDate,jdbcType=VARCHAR}, #{tranDate,jdbcType=VARCHAR}, #{bankDate,jdbcType=VARCHAR}, 
      #{smallMerchNo,jdbcType=VARCHAR}, #{customerNo,jdbcType=VARCHAR}, #{commitionId,jdbcType=VARCHAR}, 
      #{amount,jdbcType=DECIMAL}, #{d0Flag,jdbcType=VARCHAR}, #{settleDate,jdbcType=VARCHAR}, 
      #{orderDesc,jdbcType=VARCHAR}, #{operatorId,jdbcType=VARCHAR}, #{storeId,jdbcType=VARCHAR}, 
      #{terminalId,jdbcType=VARCHAR}, #{limitPay,jdbcType=VARCHAR}, #{respType,jdbcType=CHAR}, 
      #{respCode,jdbcType=CHAR}, #{respMsg,jdbcType=VARCHAR}, #{buyerPayamount,jdbcType=DECIMAL}, 
      #{pointAmount,jdbcType=DECIMAL}, #{buyerId,jdbcType=VARCHAR}, #{buyerAccount,jdbcType=VARCHAR}, 
      #{isclearorcancel,jdbcType=VARCHAR}, #{extend1,jdbcType=VARCHAR}, #{extend2,jdbcType=VARCHAR}, 
      #{extend3,jdbcType=VARCHAR}, #{arrivalAmount,jdbcType=DECIMAL}, #{chargeStatus,jdbcType=VARCHAR}, 
      #{withdrawStatus,jdbcType=VARCHAR}, #{d0Fee,jdbcType=DECIMAL}, #{cardType,jdbcType=DECIMAL}, 
      #{bankId,jdbcType=VARCHAR}, #{feever,jdbcType=VARCHAR}, #{tranType,jdbcType=VARCHAR}, 
      #{bankCode,jdbcType=VARCHAR}, #{payCardType,jdbcType=VARCHAR}, #{insNo,jdbcType=VARCHAR}, 
      #{callbackUrl,jdbcType=VARCHAR}, #{settleKey,jdbcType=VARCHAR}, #{voucherNum,jdbcType=VARCHAR}, 
      #{withDrawD0flag,jdbcType=VARCHAR}, #{auditStatus,jdbcType=DECIMAL}, #{merchantUrl,jdbcType=VARCHAR})
  </insert>
  <insert id="insertSelective" parameterType="com.uns.entity.QrcodeTrans">
    insert into T_QR_CODE_TRANS
    <trim prefix="(" suffix=")" suffixOverrides=",">
      <if test="id != null">
        ID,
      </if>
      <if test="proVer != null">
        PRO_VER,
      </if>
      <if test="msgType != null">
        MSG_TYPE,
      </if>
      <if test="orderId != null">
        ORDER_ID,
      </if>
      <if test="payWay != null">
        PAY_WAY,
      </if>
      <if test="orderStatus != null">
        ORDER_STATUS,
      </if>
      <if test="traceNo != null">
        TRACE_NO,
      </if>
      <if test="subject != null">
        SUBJECT,
      </if>
      <if test="merchantCode != null">
        MERCHANT_CODE,
      </if>
      <if test="smzfMsgId != null">
        SMZF_MSG_ID,
      </if>
      <if test="qrCode != null">
        QR_CODE,
      </if>
      <if test="fee != null">
        FEE,
      </if>
      <if test="reqDate != null">
        REQ_DATE,
      </if>
      <if test="tranDate != null">
        TRAN_DATE,
      </if>
      <if test="bankDate != null">
        BANK_DATE,
      </if>
      <if test="smallMerchNo != null">
        SMALL_MERCH_NO,
      </if>
      <if test="customerNo != null">
        CUSTOMER_NO,
      </if>
      <if test="commitionId != null">
        COMMITION_ID,
      </if>
      <if test="amount != null">
        AMOUNT,
      </if>
      <if test="d0Flag != null">
        D0_FLAG,
      </if>
      <if test="settleDate != null">
        SETTLE_DATE,
      </if>
      <if test="orderDesc != null">
        ORDER_DESC,
      </if>
      <if test="operatorId != null">
        OPERATOR_ID,
      </if>
      <if test="storeId != null">
        STORE_ID,
      </if>
      <if test="terminalId != null">
        TERMINAL_ID,
      </if>
      <if test="limitPay != null">
        LIMIT_PAY,
      </if>
      <if test="respType != null">
        RESP_TYPE,
      </if>
      <if test="respCode != null">
        RESP_CODE,
      </if>
      <if test="respMsg != null">
        RESP_MSG,
      </if>
      <if test="buyerPayamount != null">
        BUYER_PAYAMOUNT,
      </if>
      <if test="pointAmount != null">
        POINT_AMOUNT,
      </if>
      <if test="buyerId != null">
        BUYER_ID,
      </if>
      <if test="buyerAccount != null">
        BUYER_ACCOUNT,
      </if>
      <if test="isclearorcancel != null">
        ISCLEARORCANCEL,
      </if>
      <if test="extend1 != null">
        EXTEND1,
      </if>
      <if test="extend2 != null">
        EXTEND2,
      </if>
      <if test="extend3 != null">
        EXTEND3,
      </if>
      <if test="arrivalAmount != null">
        ARRIVAL_AMOUNT,
      </if>
      <if test="chargeStatus != null">
        CHARGE_STATUS,
      </if>
      <if test="withdrawStatus != null">
        WITHDRAW_STATUS,
      </if>
      <if test="d0Fee != null">
        D0_FEE,
      </if>
      <if test="cardType != null">
        CARD_TYPE,
      </if>
      <if test="bankId != null">
        BANK_ID,
      </if>
      <if test="feever != null">
        FEEVER,
      </if>
      <if test="tranType != null">
        TRAN_TYPE,
      </if>
      <if test="bankCode != null">
        BANK_CODE,
      </if>
      <if test="payCardType != null">
        PAY_CARD_TYPE,
      </if>
      <if test="insNo != null">
        INS_NO,
      </if>
      <if test="callbackUrl != null">
        CALLBACK_URL,
      </if>
      <if test="settleKey != null">
        SETTLE_KEY,
      </if>
      <if test="voucherNum != null">
        VOUCHER_NUM,
      </if>
      <if test="withDrawD0flag != null">
        WITH_DRAW_D0FLAG,
      </if>
      <if test="auditStatus != null">
        AUDIT_STATUS,
      </if>
      <if test="merchantUrl != null">
        MERCHANT_URL,
      </if>
    </trim>
    <trim prefix="values (" suffix=")" suffixOverrides=",">
      <if test="id != null">
        #{id,jdbcType=DECIMAL},
      </if>
      <if test="proVer != null">
        #{proVer,jdbcType=VARCHAR},
      </if>
      <if test="msgType != null">
        #{msgType,jdbcType=VARCHAR},
      </if>
      <if test="orderId != null">
        #{orderId,jdbcType=VARCHAR},
      </if>
      <if test="payWay != null">
        #{payWay,jdbcType=VARCHAR},
      </if>
      <if test="orderStatus != null">
        #{orderStatus,jdbcType=VARCHAR},
      </if>
      <if test="traceNo != null">
        #{traceNo,jdbcType=VARCHAR},
      </if>
      <if test="subject != null">
        #{subject,jdbcType=VARCHAR},
      </if>
      <if test="merchantCode != null">
        #{merchantCode,jdbcType=VARCHAR},
      </if>
      <if test="smzfMsgId != null">
        #{smzfMsgId,jdbcType=VARCHAR},
      </if>
      <if test="qrCode != null">
        #{qrCode,jdbcType=VARCHAR},
      </if>
      <if test="fee != null">
        #{fee,jdbcType=DECIMAL},
      </if>
      <if test="reqDate != null">
        #{reqDate,jdbcType=VARCHAR},
      </if>
      <if test="tranDate != null">
        #{tranDate,jdbcType=VARCHAR},
      </if>
      <if test="bankDate != null">
        #{bankDate,jdbcType=VARCHAR},
      </if>
      <if test="smallMerchNo != null">
        #{smallMerchNo,jdbcType=VARCHAR},
      </if>
      <if test="customerNo != null">
        #{customerNo,jdbcType=VARCHAR},
      </if>
      <if test="commitionId != null">
        #{commitionId,jdbcType=VARCHAR},
      </if>
      <if test="amount != null">
        #{amount,jdbcType=DECIMAL},
      </if>
      <if test="d0Flag != null">
        #{d0Flag,jdbcType=VARCHAR},
      </if>
      <if test="settleDate != null">
        #{settleDate,jdbcType=VARCHAR},
      </if>
      <if test="orderDesc != null">
        #{orderDesc,jdbcType=VARCHAR},
      </if>
      <if test="operatorId != null">
        #{operatorId,jdbcType=VARCHAR},
      </if>
      <if test="storeId != null">
        #{storeId,jdbcType=VARCHAR},
      </if>
      <if test="terminalId != null">
        #{terminalId,jdbcType=VARCHAR},
      </if>
      <if test="limitPay != null">
        #{limitPay,jdbcType=VARCHAR},
      </if>
      <if test="respType != null">
        #{respType,jdbcType=CHAR},
      </if>
      <if test="respCode != null">
        #{respCode,jdbcType=CHAR},
      </if>
      <if test="respMsg != null">
        #{respMsg,jdbcType=VARCHAR},
      </if>
      <if test="buyerPayamount != null">
        #{buyerPayamount,jdbcType=DECIMAL},
      </if>
      <if test="pointAmount != null">
        #{pointAmount,jdbcType=DECIMAL},
      </if>
      <if test="buyerId != null">
        #{buyerId,jdbcType=VARCHAR},
      </if>
      <if test="buyerAccount != null">
        #{buyerAccount,jdbcType=VARCHAR},
      </if>
      <if test="isclearorcancel != null">
        #{isclearorcancel,jdbcType=VARCHAR},
      </if>
      <if test="extend1 != null">
        #{extend1,jdbcType=VARCHAR},
      </if>
      <if test="extend2 != null">
        #{extend2,jdbcType=VARCHAR},
      </if>
      <if test="extend3 != null">
        #{extend3,jdbcType=VARCHAR},
      </if>
      <if test="arrivalAmount != null">
        #{arrivalAmount,jdbcType=DECIMAL},
      </if>
      <if test="chargeStatus != null">
        #{chargeStatus,jdbcType=VARCHAR},
      </if>
      <if test="withdrawStatus != null">
        #{withdrawStatus,jdbcType=VARCHAR},
      </if>
      <if test="d0Fee != null">
        #{d0Fee,jdbcType=DECIMAL},
      </if>
      <if test="cardType != null">
        #{cardType,jdbcType=DECIMAL},
      </if>
      <if test="bankId != null">
        #{bankId,jdbcType=VARCHAR},
      </if>
      <if test="feever != null">
        #{feever,jdbcType=VARCHAR},
      </if>
      <if test="tranType != null">
        #{tranType,jdbcType=VARCHAR},
      </if>
      <if test="bankCode != null">
        #{bankCode,jdbcType=VARCHAR},
      </if>
      <if test="payCardType != null">
        #{payCardType,jdbcType=VARCHAR},
      </if>
      <if test="insNo != null">
        #{insNo,jdbcType=VARCHAR},
      </if>
      <if test="callbackUrl != null">
        #{callbackUrl,jdbcType=VARCHAR},
      </if>
      <if test="settleKey != null">
        #{settleKey,jdbcType=VARCHAR},
      </if>
      <if test="voucherNum != null">
        #{voucherNum,jdbcType=VARCHAR},
      </if>
      <if test="withDrawD0flag != null">
        #{withDrawD0flag,jdbcType=VARCHAR},
      </if>
      <if test="auditStatus != null">
        #{auditStatus,jdbcType=DECIMAL},
      </if>
      <if test="merchantUrl != null">
        #{merchantUrl,jdbcType=VARCHAR},
      </if>
    </trim>
  </insert>
  <update id="updateByPrimaryKeySelective" parameterType="com.uns.entity.QrcodeTrans">
    update T_QR_CODE_TRANS
    <set>
      <if test="proVer != null">
        PRO_VER = #{proVer,jdbcType=VARCHAR},
      </if>
      <if test="msgType != null">
        MSG_TYPE = #{msgType,jdbcType=VARCHAR},
      </if>
      <if test="orderId != null">
        ORDER_ID = #{orderId,jdbcType=VARCHAR},
      </if>
      <if test="payWay != null">
        PAY_WAY = #{payWay,jdbcType=VARCHAR},
      </if>
      <if test="orderStatus != null">
        ORDER_STATUS = #{orderStatus,jdbcType=VARCHAR},
      </if>
      <if test="traceNo != null">
        TRACE_NO = #{traceNo,jdbcType=VARCHAR},
      </if>
      <if test="subject != null">
        SUBJECT = #{subject,jdbcType=VARCHAR},
      </if>
      <if test="merchantCode != null">
        MERCHANT_CODE = #{merchantCode,jdbcType=VARCHAR},
      </if>
      <if test="smzfMsgId != null">
        SMZF_MSG_ID = #{smzfMsgId,jdbcType=VARCHAR},
      </if>
      <if test="qrCode != null">
        QR_CODE = #{qrCode,jdbcType=VARCHAR},
      </if>
      <if test="fee != null">
        FEE = #{fee,jdbcType=DECIMAL},
      </if>
      <if test="reqDate != null">
        REQ_DATE = #{reqDate,jdbcType=VARCHAR},
      </if>
      <if test="tranDate != null">
        TRAN_DATE = #{tranDate,jdbcType=VARCHAR},
      </if>
      <if test="bankDate != null">
        BANK_DATE = #{bankDate,jdbcType=VARCHAR},
      </if>
      <if test="smallMerchNo != null">
        SMALL_MERCH_NO = #{smallMerchNo,jdbcType=VARCHAR},
      </if>
      <if test="customerNo != null">
        CUSTOMER_NO = #{customerNo,jdbcType=VARCHAR},
      </if>
      <if test="commitionId != null">
        COMMITION_ID = #{commitionId,jdbcType=VARCHAR},
      </if>
      <if test="amount != null">
        AMOUNT = #{amount,jdbcType=DECIMAL},
      </if>
      <if test="d0Flag != null">
        D0_FLAG = #{d0Flag,jdbcType=VARCHAR},
      </if>
      <if test="settleDate != null">
        SETTLE_DATE = #{settleDate,jdbcType=VARCHAR},
      </if>
      <if test="orderDesc != null">
        ORDER_DESC = #{orderDesc,jdbcType=VARCHAR},
      </if>
      <if test="operatorId != null">
        OPERATOR_ID = #{operatorId,jdbcType=VARCHAR},
      </if>
      <if test="storeId != null">
        STORE_ID = #{storeId,jdbcType=VARCHAR},
      </if>
      <if test="terminalId != null">
        TERMINAL_ID = #{terminalId,jdbcType=VARCHAR},
      </if>
      <if test="limitPay != null">
        LIMIT_PAY = #{limitPay,jdbcType=VARCHAR},
      </if>
      <if test="respType != null">
        RESP_TYPE = #{respType,jdbcType=CHAR},
      </if>
      <if test="respCode != null">
        RESP_CODE = #{respCode,jdbcType=CHAR},
      </if>
      <if test="respMsg != null">
        RESP_MSG = #{respMsg,jdbcType=VARCHAR},
      </if>
      <if test="buyerPayamount != null">
        BUYER_PAYAMOUNT = #{buyerPayamount,jdbcType=DECIMAL},
      </if>
      <if test="pointAmount != null">
        POINT_AMOUNT = #{pointAmount,jdbcType=DECIMAL},
      </if>
      <if test="buyerId != null">
        BUYER_ID = #{buyerId,jdbcType=VARCHAR},
      </if>
      <if test="buyerAccount != null">
        BUYER_ACCOUNT = #{buyerAccount,jdbcType=VARCHAR},
      </if>
      <if test="isclearorcancel != null">
        ISCLEARORCANCEL = #{isclearorcancel,jdbcType=VARCHAR},
      </if>
      <if test="extend1 != null">
        EXTEND1 = #{extend1,jdbcType=VARCHAR},
      </if>
      <if test="extend2 != null">
        EXTEND2 = #{extend2,jdbcType=VARCHAR},
      </if>
      <if test="extend3 != null">
        EXTEND3 = #{extend3,jdbcType=VARCHAR},
      </if>
      <if test="arrivalAmount != null">
        ARRIVAL_AMOUNT = #{arrivalAmount,jdbcType=DECIMAL},
      </if>
      <if test="chargeStatus != null">
        CHARGE_STATUS = #{chargeStatus,jdbcType=VARCHAR},
      </if>
      <if test="withdrawStatus != null">
        WITHDRAW_STATUS = #{withdrawStatus,jdbcType=VARCHAR},
      </if>
      <if test="d0Fee != null">
        D0_FEE = #{d0Fee,jdbcType=DECIMAL},
      </if>
      <if test="cardType != null">
        CARD_TYPE = #{cardType,jdbcType=DECIMAL},
      </if>
      <if test="bankId != null">
        BANK_ID = #{bankId,jdbcType=VARCHAR},
      </if>
      <if test="feever != null">
        FEEVER = #{feever,jdbcType=VARCHAR},
      </if>
      <if test="tranType != null">
        TRAN_TYPE = #{tranType,jdbcType=VARCHAR},
      </if>
      <if test="bankCode != null">
        BANK_CODE = #{bankCode,jdbcType=VARCHAR},
      </if>
      <if test="payCardType != null">
        PAY_CARD_TYPE = #{payCardType,jdbcType=VARCHAR},
      </if>
      <if test="insNo != null">
        INS_NO = #{insNo,jdbcType=VARCHAR},
      </if>
      <if test="callbackUrl != null">
        CALLBACK_URL = #{callbackUrl,jdbcType=VARCHAR},
      </if>
      <if test="settleKey != null">
        SETTLE_KEY = #{settleKey,jdbcType=VARCHAR},
      </if>
      <if test="voucherNum != null">
        VOUCHER_NUM = #{voucherNum,jdbcType=VARCHAR},
      </if>
      <if test="withDrawD0flag != null">
        WITH_DRAW_D0FLAG = #{withDrawD0flag,jdbcType=VARCHAR},
      </if>
      <if test="auditStatus != null">
        AUDIT_STATUS = #{auditStatus,jdbcType=DECIMAL},
      </if>
      <if test="merchantUrl != null">
        MERCHANT_URL = #{merchantUrl,jdbcType=VARCHAR},
      </if>
    </set>
    where ID = #{id,jdbcType=DECIMAL}
  </update>
  <update id="updateByPrimaryKey" parameterType="com.uns.entity.QrcodeTrans">
    update T_QR_CODE_TRANS
    set PRO_VER = #{proVer,jdbcType=VARCHAR},
      MSG_TYPE = #{msgType,jdbcType=VARCHAR},
      ORDER_ID = #{orderId,jdbcType=VARCHAR},
      PAY_WAY = #{payWay,jdbcType=VARCHAR},
      ORDER_STATUS = #{orderStatus,jdbcType=VARCHAR},
      TRACE_NO = #{traceNo,jdbcType=VARCHAR},
      SUBJECT = #{subject,jdbcType=VARCHAR},
      MERCHANT_CODE = #{merchantCode,jdbcType=VARCHAR},
      SMZF_MSG_ID = #{smzfMsgId,jdbcType=VARCHAR},
      QR_CODE = #{qrCode,jdbcType=VARCHAR},
      FEE = #{fee,jdbcType=DECIMAL},
      REQ_DATE = #{reqDate,jdbcType=VARCHAR},
      TRAN_DATE = #{tranDate,jdbcType=VARCHAR},
      BANK_DATE = #{bankDate,jdbcType=VARCHAR},
      SMALL_MERCH_NO = #{smallMerchNo,jdbcType=VARCHAR},
      CUSTOMER_NO = #{customerNo,jdbcType=VARCHAR},
      COMMITION_ID = #{commitionId,jdbcType=VARCHAR},
      AMOUNT = #{amount,jdbcType=DECIMAL},
      D0_FLAG = #{d0Flag,jdbcType=VARCHAR},
      SETTLE_DATE = #{settleDate,jdbcType=VARCHAR},
      ORDER_DESC = #{orderDesc,jdbcType=VARCHAR},
      OPERATOR_ID = #{operatorId,jdbcType=VARCHAR},
      STORE_ID = #{storeId,jdbcType=VARCHAR},
      TERMINAL_ID = #{terminalId,jdbcType=VARCHAR},
      LIMIT_PAY = #{limitPay,jdbcType=VARCHAR},
      RESP_TYPE = #{respType,jdbcType=CHAR},
      RESP_CODE = #{respCode,jdbcType=CHAR},
      RESP_MSG = #{respMsg,jdbcType=VARCHAR},
      BUYER_PAYAMOUNT = #{buyerPayamount,jdbcType=DECIMAL},
      POINT_AMOUNT = #{pointAmount,jdbcType=DECIMAL},
      BUYER_ID = #{buyerId,jdbcType=VARCHAR},
      BUYER_ACCOUNT = #{buyerAccount,jdbcType=VARCHAR},
      ISCLEARORCANCEL = #{isclearorcancel,jdbcType=VARCHAR},
      EXTEND1 = #{extend1,jdbcType=VARCHAR},
      EXTEND2 = #{extend2,jdbcType=VARCHAR},
      EXTEND3 = #{extend3,jdbcType=VARCHAR},
      ARRIVAL_AMOUNT = #{arrivalAmount,jdbcType=DECIMAL},
      CHARGE_STATUS = #{chargeStatus,jdbcType=VARCHAR},
      WITHDRAW_STATUS = #{withdrawStatus,jdbcType=VARCHAR},
      D0_FEE = #{d0Fee,jdbcType=DECIMAL},
      CARD_TYPE = #{cardType,jdbcType=DECIMAL},
      BANK_ID = #{bankId,jdbcType=VARCHAR},
      FEEVER = #{feever,jdbcType=VARCHAR},
      TRAN_TYPE = #{tranType,jdbcType=VARCHAR},
      BANK_CODE = #{bankCode,jdbcType=VARCHAR},
      PAY_CARD_TYPE = #{payCardType,jdbcType=VARCHAR},
      INS_NO = #{insNo,jdbcType=VARCHAR},
      CALLBACK_URL = #{callbackUrl,jdbcType=VARCHAR},
      SETTLE_KEY = #{settleKey,jdbcType=VARCHAR},
      VOUCHER_NUM = #{voucherNum,jdbcType=VARCHAR},
      WITH_DRAW_D0FLAG = #{withDrawD0flag,jdbcType=VARCHAR},
      AUDIT_STATUS = #{auditStatus,jdbcType=DECIMAL},
      MERCHANT_URL = #{merchantUrl,jdbcType=VARCHAR}
    where ID = #{id,jdbcType=DECIMAL}
  </update>
</mapper>