<?xml version="1.0" encoding="UTF-8" ?>
<!DOCTYPE mapper PUBLIC "-//mybatis.org//DTD Mapper 3.0//EN" "http://mybatis.org/dtd/mybatis-3-mapper.dtd" >
<mapper namespace="com.uns.dao.qrcode.TQrcodeRefundMapper" >
  <resultMap id="BaseResultMap" type="com.uns.entity.TQrcodeRefund" >
    <id column="ID" property="id" jdbcType="VARCHAR" />
    <result column="ORDER_TYPE" property="orderType" jdbcType="DECIMAL" />
    <result column="MERCHANT_CODE" property="merchantCode" jdbcType="VARCHAR" />
    <result column="ORI_ORDER_NO" property="oriOrderNo" jdbcType="VARCHAR" />
    <result column="REFUND_ORDER_NO" property="refundOrderNo" jdbcType="VARCHAR" />
    <result column="STATUS" property="status" jdbcType="DECIMAL" />
    <result column="REFUND_AMOUNT" property="refundAmount" jdbcType="DECIMAL" />
    <result column="REAL_REFUND_AMOUNT" property="realRefundAmount" jdbcType="DECIMAL" />
    <result column="REMARK" property="remark" jdbcType="VARCHAR" />
    <result column="EXT" property="ext" jdbcType="VARCHAR" />
    <result column="REFUNDED_TIME" property="refundedTime" jdbcType="TIMESTAMP" />
    <result column="CREATE_TIME" property="createTime" jdbcType="TIMESTAMP" />
    <result column="UPDATE_TIME" property="updateTime" jdbcType="TIMESTAMP" />
    <result column="RES_ORDER_NO" property="resOrderNo" jdbcType="VARCHAR" />
    <result column="RES_CODE" property="resCode" jdbcType="VARCHAR" />
    <result column="RES_MSG" property="resMsg" jdbcType="VARCHAR" />
    <result column="SMALL_MERCH_NO" property="smallMerchNo" jdbcType="VARCHAR"/>
    <result column="NAME" property="name" jdbcType="VARCHAR"/>
    <result column="SCOMPANY" property="scompany" jdbcType="VARCHAR"/>
    <result column="SRCID" property="srcId" jdbcType="VARCHAR"/>
    <result column="CARD_TYPE" property="cardType" jdbcType="VARCHAR"/>
    <result column="CARD_TYPE_STR" property="cardTypeStr" jdbcType="VARCHAR"/>
    <result column="TRAN_DATE" property="tranDate" jdbcType="TIMESTAMP"/>
    <result column="STATUS_STR" property="statusStr" jdbcType="VARCHAR"/>
  </resultMap>
  <sql id="Base_Column_List" >
    ID, ORDER_TYPE, MERCHANT_CODE, ORI_ORDER_NO, REFUND_ORDER_NO, STATUS, REFUND_AMOUNT, 
    REAL_REFUND_AMOUNT, REMARK, EXT, REFUNDED_TIME, CREATE_TIME, UPDATE_TIME, RES_ORDER_NO, 
    RES_CODE, RES_MSG
  </sql>
  <select id="selectByPrimaryKey" resultMap="BaseResultMap" parameterType="java.lang.String" >
    select 
    <include refid="Base_Column_List" />
    from T_QRCODE_REFUND
    where ID = #{id,jdbcType=VARCHAR}
  </select>
  <select id="queryRefundList" resultMap="BaseResultMap">
    SELECT C.SMALL_MERCH_NO,
           C.NAME,
           R.SCOMPANY,
           R.SRCID,
           M.ORI_ORDER_NO,
           M.REFUND_ORDER_NO,
           M.REAL_REFUND_AMOUNT,
           M.REFUND_AMOUNT,
           DECODE(T.CARD_TYPE,
                  '2',
                  '微信支付',
                  '3',
                  '支付宝支付',
                  '4',
                  '银联支付',
                  '5',
                  '快捷支付',
                  '6',
                  'B2C支付',
                  '7',
                  '速惠收款') CARD_TYPE_STR,
           T.CARD_TYPE,
           TO_DATE(T.TRAN_DATE, 'yyyymmddhh24miss') AS TRAN_DATE,
           M.CREATE_TIME,
           DECODE(M.STATUS,
                  '1',
                  '待处理',
                  '2',
                  '处理中',
                  '3',
                  '退款成功',
                  '4',
                  '退款失败') STATUS_STR,
           M.STATUS
      FROM T_QRCODE_REFUND M, T_QR_CODE_TRANS T, CUSTOMER C, ORGANIZATION R
     WHERE M.ORI_ORDER_NO = T.ORDER_ID
       AND T.SMALL_MERCH_NO = C.SMALL_MERCH_NO
       AND C.ORGID = R.ORGID
       AND M.ORDER_TYPE = 1
       <if test="smallMerchNo != null and smallMerchNo != ''">
         AND C.SMALL_MERCH_NO = #{smallMerchNo}
       </if>
    <if test="name != null and name != ''">
      AND C.NAME = #{name}
    </if>
    <if test="oriOrderNo != null and oriOrderNo != ''">
      AND M.ORI_ORDER_NO = #{oriOrderNo}
    </if>
    <if test="status != null and status != ''">
      AND M.STATUS = #{status}
    </if>
    <if test="refundOrderNo != null and refundOrderNo != ''">
      AND M.REFUND_ORDER_NO = #{refundOrderNo}
    </if>
    <if test="beginCreateTime != null and beginCreateTime != ''">
      <![CDATA[
       AND M.CREATE_TIME >= to_date(#{beginCreateTime,jdbcType=VARCHAR} ||' 00:00:00','yyyy-MM-dd hh24:mi:ss')
      ]]>
    </if>
    <if test="endCreateTime != null and endCreateTime != ''">
      <![CDATA[
       AND M.CREATE_TIME <= to_date(#{endCreateTime,jdbcType=VARCHAR} || '23:59:59','yyyy-MM-dd hh24:mi:ss')
      ]]>
    </if>
    <if test="minRealRefundAmount != null and minRealRefundAmount != ''">
      AND M.REAL_REFUND_AMOUNT >= #{minRealRefundAmount}
    </if>
    <if test="maxRealRefundAmount != null and maxRealRefundAmount != ''">
      <![CDATA[
      AND M.REAL_REFUND_AMOUNT <= #{maxRealRefundAmount}
      ]]>
    </if>
    <if test="cardType != null and cardType != ''">
      AND T.CARD_TYPE = #{cardType}
    </if>
    <if test="minRefundAmount != null and minRefundAmount != ''">
      AND M.REFUND_AMOUNT >= #{minRefundAmount}
    </if>
    <if test="maxRefundAmount != null and maxRefundAmount != ''">
      <![CDATA[
      AND M.REFUND_AMOUNT <= #{maxRefundAmount}
      ]]>
    </if>
    <if test="amountMin != null and amountMax != ''">
      AND T.AMOUNT >= #{amountMin}
    </if>
    <if test="amountMax != null and amountMin != ''">
      <![CDATA[
      AND T.AMOUNT <= #{amountMax}
      ]]>
    </if>
    <if test="tranDateBegin != null and tranDateBegin != ''">
      AND SUBSTR(T.TRAN_DATE, 0, 8) >= #{tranDateBegin}
    </if>
    <if test="tranDateEnd != null and tranDateEnd != ''">
      <![CDATA[
      AND SUBSTR(T.TRAN_DATE, 0, 8) <= #{tranDateEnd}
      ]]>
    </if>
     ORDER BY M.CREATE_TIME DESC
  </select>
  <select id="findRefundPageList" resultType="java.util.Map">
    SELECT C.SMALL_MERCH_NO,
    C.NAME,
    R.SCOMPANY,
    R.SRCID,
    M.ORI_ORDER_NO,
    M.REFUND_ORDER_NO,
    M.REAL_REFUND_AMOUNT,
    M.REFUND_AMOUNT,
    DECODE(T.CARD_TYPE,
    '2',
    '微信支付',
    '3',
    '支付宝支付',
    '4',
    '银联支付',
    '5',
    '快捷支付',
    '6',
    'B2C支付',
    '7',
    '速惠收款') CARD_TYPE_STR,
    T.CARD_TYPE,
    TO_DATE(T.TRAN_DATE, 'yyyymmddhh24miss') AS TRAN_DATE,
    M.CREATE_TIME,
    DECODE(M.STATUS,
    '1',
    '待处理',
    '2',
    '处理中',
    '3',
    '退款成功',
    '4',
    '退款失败') STATUS_STR,
    M.STATUS
    FROM T_QRCODE_REFUND M, T_QR_CODE_TRANS T, CUSTOMER C, ORGANIZATION R
    WHERE M.ORI_ORDER_NO = T.ORDER_ID
    AND T.SMALL_MERCH_NO = C.SMALL_MERCH_NO
    AND C.ORGID = R.ORGID AND M.ORDER_TYPE = 1
    <if test="smallMerchNo != null and smallMerchNo != ''">
      AND C.SMALL_MERCH_NO = #{smallMerchNo}
    </if>
    <if test="name != null and name != ''">
      AND C.NAME = #{name}
    </if>
    <if test="oriOrderNo != null and oriOrderNo != ''">
      AND M.ORI_ORDER_NO = #{oriOrderNo}
    </if>
    <if test="status != null and status != ''">
      AND M.STATUS = #{status}
    </if>
    <if test="refundOrderNo != null and refundOrderNo != ''">
      AND M.REFUND_ORDER_NO = #{refundOrderNo}
    </if>
    <if test="beginCreateTime != null and beginCreateTime != ''">
      <![CDATA[
       AND M.CREATE_TIME >= to_date(#{beginCreateTime,jdbcType=VARCHAR} ||' 00:00:00','yyyy-MM-dd hh24:mi:ss')
      ]]>
    </if>
    <if test="endCreateTime != null and endCreateTime != ''">
      <![CDATA[
       AND M.CREATE_TIME <= to_date(#{endCreateTime,jdbcType=VARCHAR} || '23:59:59','yyyy-MM-dd hh24:mi:ss')
      ]]>
    </if>
    <if test="minRealRefundAmount != null and minRealRefundAmount != ''">
      AND M.REAL_REFUND_AMOUNT >= #{minRealRefundAmount}
    </if>
    <if test="maxRealRefundAmount != null and maxRealRefundAmount != ''">
      <![CDATA[
      AND M.REAL_REFUND_AMOUNT <= #{maxRealRefundAmount}
      ]]>
    </if>
    <if test="cardType != null and cardType != ''">
      AND T.CARD_TYPE = #{cardType}
    </if>
    <if test="minRefundAmount != null and minRefundAmount != ''">
      AND M.REFUND_AMOUNT >= #{minRefundAmount}
    </if>
    <if test="maxRefundAmount != null and maxRefundAmount != ''">
      <![CDATA[
      AND M.REFUND_AMOUNT <= #{maxRefundAmount}
      ]]>
    </if>
    ORDER BY M.CREATE_TIME DESC
  </select>
  <delete id="deleteByPrimaryKey" parameterType="java.lang.String" >
    delete from T_QRCODE_REFUND
    where ID = #{id,jdbcType=VARCHAR}
  </delete>
  <insert id="insert" parameterType="com.uns.entity.TQrcodeRefund" >
    insert into T_QRCODE_REFUND (ID, ORDER_TYPE, MERCHANT_CODE, 
      ORI_ORDER_NO, REFUND_ORDER_NO, STATUS, 
      REFUND_AMOUNT, REAL_REFUND_AMOUNT, REMARK, 
      EXT, REFUNDED_TIME, CREATE_TIME, 
      UPDATE_TIME, RES_ORDER_NO, RES_CODE, 
      RES_MSG)
    values (#{id,jdbcType=VARCHAR}, #{orderType,jdbcType=DECIMAL}, #{merchantCode,jdbcType=VARCHAR}, 
      #{oriOrderNo,jdbcType=VARCHAR}, #{refundOrderNo,jdbcType=VARCHAR}, #{status,jdbcType=DECIMAL}, 
      #{refundAmount,jdbcType=DECIMAL}, #{realRefundAmount,jdbcType=DECIMAL}, #{remark,jdbcType=VARCHAR}, 
      #{ext,jdbcType=VARCHAR}, #{refundedTime,jdbcType=TIMESTAMP}, #{createTime,jdbcType=TIMESTAMP}, 
      #{updateTime,jdbcType=TIMESTAMP}, #{resOrderNo,jdbcType=VARCHAR}, #{resCode,jdbcType=VARCHAR}, 
      #{resMsg,jdbcType=VARCHAR})
  </insert>
  <insert id="insertSelective" parameterType="com.uns.entity.TQrcodeRefund" >
    insert into T_QRCODE_REFUND
    <trim prefix="(" suffix=")" suffixOverrides="," >
      <if test="id != null" >
        ID,
      </if>
      <if test="orderType != null" >
        ORDER_TYPE,
      </if>
      <if test="merchantCode != null" >
        MERCHANT_CODE,
      </if>
      <if test="oriOrderNo != null" >
        ORI_ORDER_NO,
      </if>
      <if test="refundOrderNo != null" >
        REFUND_ORDER_NO,
      </if>
      <if test="status != null" >
        STATUS,
      </if>
      <if test="refundAmount != null" >
        REFUND_AMOUNT,
      </if>
      <if test="realRefundAmount != null" >
        REAL_REFUND_AMOUNT,
      </if>
      <if test="remark != null" >
        REMARK,
      </if>
      <if test="ext != null" >
        EXT,
      </if>
      <if test="refundedTime != null" >
        REFUNDED_TIME,
      </if>
      <if test="createTime != null" >
        CREATE_TIME,
      </if>
      <if test="updateTime != null" >
        UPDATE_TIME,
      </if>
      <if test="resOrderNo != null" >
        RES_ORDER_NO,
      </if>
      <if test="resCode != null" >
        RES_CODE,
      </if>
      <if test="resMsg != null" >
        RES_MSG,
      </if>
    </trim>
    <trim prefix="values (" suffix=")" suffixOverrides="," >
      <if test="id != null" >
        #{id,jdbcType=VARCHAR},
      </if>
      <if test="orderType != null" >
        #{orderType,jdbcType=DECIMAL},
      </if>
      <if test="merchantCode != null" >
        #{merchantCode,jdbcType=VARCHAR},
      </if>
      <if test="oriOrderNo != null" >
        #{oriOrderNo,jdbcType=VARCHAR},
      </if>
      <if test="refundOrderNo != null" >
        #{refundOrderNo,jdbcType=VARCHAR},
      </if>
      <if test="status != null" >
        #{status,jdbcType=DECIMAL},
      </if>
      <if test="refundAmount != null" >
        #{refundAmount,jdbcType=DECIMAL},
      </if>
      <if test="realRefundAmount != null" >
        #{realRefundAmount,jdbcType=DECIMAL},
      </if>
      <if test="remark != null" >
        #{remark,jdbcType=VARCHAR},
      </if>
      <if test="ext != null" >
        #{ext,jdbcType=VARCHAR},
      </if>
      <if test="refundedTime != null" >
        #{refundedTime,jdbcType=TIMESTAMP},
      </if>
      <if test="createTime != null" >
        #{createTime,jdbcType=TIMESTAMP},
      </if>
      <if test="updateTime != null" >
        #{updateTime,jdbcType=TIMESTAMP},
      </if>
      <if test="resOrderNo != null" >
        #{resOrderNo,jdbcType=VARCHAR},
      </if>
      <if test="resCode != null" >
        #{resCode,jdbcType=VARCHAR},
      </if>
      <if test="resMsg != null" >
        #{resMsg,jdbcType=VARCHAR},
      </if>
    </trim>
  </insert>
  <update id="updateByPrimaryKeySelective" parameterType="com.uns.entity.TQrcodeRefund" >
    update T_QRCODE_REFUND
    <set >
      <if test="orderType != null" >
        ORDER_TYPE = #{orderType,jdbcType=DECIMAL},
      </if>
      <if test="merchantCode != null" >
        MERCHANT_CODE = #{merchantCode,jdbcType=VARCHAR},
      </if>
      <if test="oriOrderNo != null" >
        ORI_ORDER_NO = #{oriOrderNo,jdbcType=VARCHAR},
      </if>
      <if test="refundOrderNo != null" >
        REFUND_ORDER_NO = #{refundOrderNo,jdbcType=VARCHAR},
      </if>
      <if test="status != null" >
        STATUS = #{status,jdbcType=DECIMAL},
      </if>
      <if test="refundAmount != null" >
        REFUND_AMOUNT = #{refundAmount,jdbcType=DECIMAL},
      </if>
      <if test="realRefundAmount != null" >
        REAL_REFUND_AMOUNT = #{realRefundAmount,jdbcType=DECIMAL},
      </if>
      <if test="remark != null" >
        REMARK = #{remark,jdbcType=VARCHAR},
      </if>
      <if test="ext != null" >
        EXT = #{ext,jdbcType=VARCHAR},
      </if>
      <if test="refundedTime != null" >
        REFUNDED_TIME = #{refundedTime,jdbcType=TIMESTAMP},
      </if>
      <if test="createTime != null" >
        CREATE_TIME = #{createTime,jdbcType=TIMESTAMP},
      </if>
      <if test="updateTime != null" >
        UPDATE_TIME = #{updateTime,jdbcType=TIMESTAMP},
      </if>
      <if test="resOrderNo != null" >
        RES_ORDER_NO = #{resOrderNo,jdbcType=VARCHAR},
      </if>
      <if test="resCode != null" >
        RES_CODE = #{resCode,jdbcType=VARCHAR},
      </if>
      <if test="resMsg != null" >
        RES_MSG = #{resMsg,jdbcType=VARCHAR},
      </if>
    </set>
    where ID = #{id,jdbcType=VARCHAR}
  </update>
  <update id="updateByPrimaryKey" parameterType="com.uns.entity.TQrcodeRefund" >
    update T_QRCODE_REFUND
    set ORDER_TYPE = #{orderType,jdbcType=DECIMAL},
      MERCHANT_CODE = #{merchantCode,jdbcType=VARCHAR},
      ORI_ORDER_NO = #{oriOrderNo,jdbcType=VARCHAR},
      REFUND_ORDER_NO = #{refundOrderNo,jdbcType=VARCHAR},
      STATUS = #{status,jdbcType=DECIMAL},
      REFUND_AMOUNT = #{refundAmount,jdbcType=DECIMAL},
      REAL_REFUND_AMOUNT = #{realRefundAmount,jdbcType=DECIMAL},
      REMARK = #{remark,jdbcType=VARCHAR},
      EXT = #{ext,jdbcType=VARCHAR},
      REFUNDED_TIME = #{refundedTime,jdbcType=TIMESTAMP},
      CREATE_TIME = #{createTime,jdbcType=TIMESTAMP},
      UPDATE_TIME = #{updateTime,jdbcType=TIMESTAMP},
      RES_ORDER_NO = #{resOrderNo,jdbcType=VARCHAR},
      RES_CODE = #{resCode,jdbcType=VARCHAR},
      RES_MSG = #{resMsg,jdbcType=VARCHAR}
    where ID = #{id,jdbcType=VARCHAR}
  </update>
</mapper>