<?xml version="1.0" encoding="UTF-8"?>
<beans xmlns="http://www.springframework.org/schema/beans"
	xmlns:xsi="http://www.w3.org/2001/XMLSchema-instance" xmlns:aop="http://www.springframework.org/schema/aop"
	xmlns:context="http://www.springframework.org/schema/context"
	xmlns:jdbc="http://www.springframework.org/schema/jdbc" xmlns:tx="http://www.springframework.org/schema/tx"
	xmlns:jpa="http://www.springframework.org/schema/data/jpa"
    xmlns:task="http://www.springframework.org/schema/task"
	   xsi:schemaLocation="
		http://www.springframework.org/schema/beans http://www.springframework.org/schema/beans/spring-beans-3.1.xsd
		http://www.springframework.org/schema/aop http://www.springframework.org/schema/aop/spring-aop-3.1.xsd
		http://www.springframework.org/schema/context http://www.springframework.org/schema/context/spring-context-3.1.xsd
		http://www.springframework.org/schema/jdbc http://www.springframework.org/schema/jdbc/spring-jdbc-3.1.xsd
		http://www.springframework.org/schema/tx http://www.springframework.org/schema/tx/spring-tx-3.1.xsd
		http://www.springframework.org/schema/data/jpa http://www.springframework.org/schema/data/jpa/spring-jpa.xsd
		http://www.springframework.org/schema/task http://www.springframework.org/schema/task/spring-task.xsd"
	default-lazy-init="false" default-autowire="byName">

	<description>Spring公共配置</description>
	
	 <!--引用參數平台  -->
	<import resource="classpath*:/context/acms-client.xml" />
	<!-- <import resource="classpath*:/context/dubbo_customer.xml"/> -->
	<bean class="com.uns.inf.acms.client.config.ConfigInitLoadingConfigurer"
		parent="baseConfigurer" lazy-init="false">
		<!-- 应用的名称 -->
		<property name="appName" value="paysys_bank.web" />
		<!-- 应用的环境local、dev、sit、uat、prd -->
		<property name="appEnv" value="paysys_bank.web.${maven.profiles.env}" /> 
		<!--参数前缀去除 -->
		<property name="prefixStripKeys">
			<list>
				<value>paysys_bank.web.${maven.profiles.env}</value>
			</list>
		</property>
		<!-- 必须以inf.acms,开头，多个以逗号隔开，inf.sms说明以 inf.sms自动加载 -->
		<property name="keyPatterns" value="inf.acms,paysys_bank.web.${maven.profiles.env}" />
	</bean>
    <!-- 参数变更回调 可选 -->
    <bean class="com.uns.inf.acms.client.config.ChangeHandlerRegister"
          lazy-init="false">
        <property name="key2ChangeHandlerMap">
            <map>
                <entry key="paysys_bank.web.${maven.profiles.env}.*" value-ref="acmsHandle" />
            </map>
        </property>
    </bean>
	<bean id="ysb_dataSource" class="org.apache.commons.dbcp.BasicDataSource" destroy-method="close">
		<property name="driverClassName" value="oracle.jdbc.driver.OracleDriver"/>
	    <property name="url" value="${datasource.url}"/>
		<property name="username" value="${datasource.username}"/>
		<property name="password" value="${datasource.password}"/> 
		<!--maxActive: 最大连接数量-->
		<property name="maxActive" value="300"/>
		<!--minIdle: 最小空闲连接-->
		<property name="minIdle" value="30"/>
		<!--maxIdle: 最大空闲连接-->
		<property name="maxIdle" value="30"/>
		<!--initialSize: 初始化连接-->
		<property name="initialSize" value="30"/>
		<!-- 连接被泄露时是否打印 -->
		<property name="logAbandoned" value="true"/>
		<!--removeAbandoned: 是否自动回收超时连接-->
		<property name="removeAbandoned"  value="true"/>
		<!--removeAbandonedTimeout: 超时时间(以秒数为单位)-->
		<property name="removeAbandonedTimeout" value="10"/>
		<!--maxWait: 超时等待时间以毫秒为单位 1000等于60秒-->
		<property name="maxWait" value="1000"/>
		<!-- 在空闲连接回收器线程运行期间休眠的时间值,以毫秒为单位. -->
		<property name="timeBetweenEvictionRunsMillis" value="10000"/>
		<!--  在每次空闲连接回收器线程(如果有)运行时检查的连接数量 -->
		<property name="numTestsPerEvictionRun" value="10"/>
		<!-- 这里建议配置为TRUE，防止取到的连接不可用 -->
        <property name="testOnBorrow" value="true" />
		<!-- 1000 * 60 * 30  连接在池中保持空闲而不被空闲连接回收器线程-->
		<property name="minEvictableIdleTimeMillis" value="10000"/>
		<property name="validationQuery" value="SELECT 1 FROM DUAL"/>
	</bean>
    <!--网联代付配置  -->
    <bean id="wl_df_dataSource" class="org.apache.commons.dbcp.BasicDataSource"
          destroy-method="close">
        <property name="driverClassName" value="oracle.jdbc.driver.OracleDriver" />
        <property name="url" value="${datasource.url.ysb}" />
        <property name="username" value="${datasource.username.ysb}" />
        <property name="password" value="${datasource.password.ysb}" />
        <!-- 配置初始化大小、最小、最大 -->
        <property name="initialSize" value="10" />
        <property name="minIdle" value="10" />
        <property name="maxActive" value="50" />
        <!-- 配置获取连接等待超时的时间 （毫秒）-->
        <property name="maxWait" value="60000" />
        <!-- 配置间隔多久才进行一次检测，检测需要关闭的空闲连接，单位是毫秒 -->
        <property name="timeBetweenEvictionRunsMillis" value="2000" />
        <!-- 配置一个连接在池中最小生存的时间，单位是毫秒 -->
        <property name="minEvictableIdleTimeMillis" value="300000" />
        <property name="testWhileIdle" value="true" />
        <!-- 这里建议配置为TRUE，防止取到的连接不可用 -->
        <property name="testOnBorrow" value="true" />
        <property name="testOnReturn" value="false" />
        <!--  SQL查询,用来验证从连接池取出的连接,在将连接返回给调用者之前.如果指定, 则查询必须是一个SQL SELECT并且必须返回至少一行记录 -->
        <property name="validationQuery" value="SELECT '1' FROM DUAL" />
    </bean>

    <!--网关库配置  -->
    <bean id="gateway_dataSource" class="org.apache.commons.dbcp.BasicDataSource"
          destroy-method="close">
        <property name="driverClassName" value="com.mysql.jdbc.Driver" />
        <property name="url" value="${datasource.url.gateway}" />
        <property name="username" value="${datasource.username.gateway}" />
        <property name="password" value="${datasource.password.gateway}" />
        <!-- 配置初始化大小、最小、最大 -->
        <property name="initialSize" value="10" />
        <property name="minIdle" value="10" />
        <property name="maxActive" value="50" />
        <!-- 配置获取连接等待超时的时间 （毫秒）-->
        <property name="maxWait" value="60000" />
        <!-- 配置间隔多久才进行一次检测，检测需要关闭的空闲连接，单位是毫秒 -->
        <property name="timeBetweenEvictionRunsMillis" value="2000" />
        <!-- 配置一个连接在池中最小生存的时间，单位是毫秒 -->
        <property name="minEvictableIdleTimeMillis" value="300000" />
        <property name="testWhileIdle" value="true" />
        <!-- 这里建议配置为TRUE，防止取到的连接不可用 -->
        <property name="testOnBorrow" value="true" />
        <property name="testOnReturn" value="false" />
    </bean>
    <!--提现订单系统数据源  -->
    <bean id="ckDataSource" class="org.apache.commons.dbcp.BasicDataSource" destroy-method="close">
        <property name="driverClassName" value="com.mysql.jdbc.Driver" />
        <property name="url" value="${datasource.url.ckDateSource}" />
        <property name="username" value="${datasource.username.ckDateSource}" />
        <property name="password" value="${datasource.password.ckDateSource}" />
        <!-- 配置初始化大小、最小、最大 -->
        <property name="initialSize" value="10" />
        <property name="minIdle" value="10" />
        <property name="maxActive" value="50" />
        <!-- 配置获取连接等待超时的时间 （毫秒）-->
        <property name="maxWait" value="60000" />
        <!-- 配置间隔多久才进行一次检测，检测需要关闭的空闲连接，单位是毫秒 -->
        <property name="timeBetweenEvictionRunsMillis" value="2000" />
        <!-- 配置一个连接在池中最小生存的时间，单位是毫秒 -->
        <property name="minEvictableIdleTimeMillis" value="300000" />
        <property name="testWhileIdle" value="true" />
        <!-- 这里建议配置为TRUE，防止取到的连接不可用 -->
        <property name="testOnBorrow" value="true" />
        <property name="testOnReturn" value="false" />
    </bean>

    <bean id="dataSource" class="com.uns.datasourceSwitch.RoutingDataSources">
        <property name="targetDataSources">
            <map key-type="java.lang.String">
                <entry value-ref="ysb_dataSource" key="DK_VNV"></entry>
                <entry value-ref="wl_df_dataSource"  key="WL_DF"></entry>
                <entry value-ref="gateway_dataSource"  key="GATEWAY"></entry>
                <entry value-ref="ckDataSource"  key="CK_DATA_SOURCE"></entry>
            </map>
        </property>
        <property name="defaultTargetDataSource" ref="ysb_dataSource"></property>
    </bean>

	
	<!-- 分页拦截 -->
	<bean id="paginationInterceptor" class="com.uns.common.interceptor.PaginationInterceptor"></bean>

	<!-- MyBatis配置 -->
	<bean id="sessionFactory" class="org.mybatis.spring.SqlSessionFactoryBean">
		<property name="dataSource" ref="dataSource" />
		<!-- 自动扫描entity目录, 省掉Configuration.xml里的手工配置 -->
		<property name="typeAliasesPackage" value="com.uns.model" />
		<!-- 显式指定Mapper文件位置 -->
		<property name="mapperLocations" value="classpath*:/mybatis/*Mapper.xml" />
		<!-- 分页 -->
		<property name="plugins">
			<ref bean="paginationInterceptor" />
		</property>
	</bean>


	<!-- 扫描basePackage下所有以@MyBatisRepository标识的 接口 -->
	<bean class="org.mybatis.spring.mapper.MapperScannerConfigurer">
		<property name="basePackage" value="com.uns.dao" />
		<property name="annotationClass" value="org.springframework.stereotype.Repository" />
	</bean>
	
	
	<bean id="jdbcTemplate" class="org.springframework.jdbc.core.JdbcTemplate">
	    <property name="dataSource" ref="dataSource"></property>
	</bean>
	
	<!-- 事务管理器, Jdbc单数据源事务 -->
	<bean id="transactionManager"
		class="org.springframework.jdbc.datasource.DataSourceTransactionManager">
		<property name="dataSource" ref="dataSource" />
	</bean>
	<!-- 使用annotation定义事务 -->
	<tx:annotation-driven transaction-manager="transactionManager" />


	<!-- 定义aspectj -->
	<aop:aspectj-autoproxy proxy-target-class="true" />

	<aop:config>
		<aop:advisor pointcut="execution(* com..service..*Service.*(..))"
			advice-ref="txAdvice"  />
	</aop:config>
	<tx:advice id="txAdvice">
		<tx:attributes>
			<tx:method name="get*" read-only="true" />
			<tx:method name="load*" read-only="true" />
			<tx:method name="paging*" read-only="true" />
			<tx:method name="find*" read-only="true" />
			<tx:method name="save*" rollback-for="Exception" />
			<tx:method name="insert*" rollback-for="Exception" />
			<tx:method name="edit*" rollback-for="Exception" />
			<tx:method name="create*" rollback-for="Exception" />
			<tx:method name="update*" rollback-for="Exception" />
			<tx:method name="remove*" rollback-for="Exception" />
			<tx:method name="del*" rollback-for="Exception" />
			<tx:method name="checkBill" rollback-for="Exception" />
			<tx:method name="agree" rollback-for="Exception" />
		</tx:attributes>
	</tx:advice>

	<bean id="messageSource"
		class="org.springframework.context.support.ResourceBundleMessageSource"
		scope="singleton">
		<property name="useCodeAsDefaultMessage" value="true" />
		<property name="basenames">
			<list>
				<value>messages</value>
			</list>
		</property>
	</bean>
	<bean id="springContextHolder" class="com.uns.util.SpringContextHolder" lazy-init="false"/>

	<!-- 使用annotation 自动注册bean,并检查@Required,@Autowired的属性已被注入 -->
	<context:annotation-config />
	<context:component-scan base-package="com.uns" />
	<task:annotation-driven/>
</beans>