<?xml version="1.0" encoding="UTF-8"?>
<beans xmlns="http://www.springframework.org/schema/beans"
	xmlns:xsi="http://www.w3.org/2001/XMLSchema-instance" xmlns:context="http://www.springframework.org/schema/context"
	xmlns:task="http://www.springframework.org/schema/task"
	xmlns:mvc="http://www.springframework.org/schema/mvc"
	xsi:schemaLocation="http://www.springframework.org/schema/mvc http://www.springframework.org/schema/mvc/spring-mvc-3.1.xsd
		http://www.springframework.org/schema/beans http://www.springframework.org/schema/beans/spring-beans-3.1.xsd
		http://www.springframework.org/schema/context http://www.springframework.org/schema/context/spring-context-3.1.xsd
		http://www.springframework.org/schema/task http://www.springframework.org/schema/task/spring-task-3.0.xsd">

	<!-- 自动扫描且只扫描@Controller -->
	<context:component-scan base-package="com.uns"
		use-default-filters="false">
		<context:include-filter type="annotation"
			expression="org.springframework.stereotype.Controller" />
	</context:component-scan>
	
	<context:property-placeholder location="classpath*:/url.properties"/>
	
	
	<bean
			class="org.springframework.web.servlet.mvc.annotation.AnnotationMethodHandlerAdapter">
			<property name="cacheSeconds" value="0" />
			<property name="webBindingInitializer">
				<bean class="com.uns.common.MyWebBinding" />
			</property>
	</bean>
	
	
	
	<!-- 定义JSP文件的位置 -->
	<bean
		class="org.springframework.web.servlet.view.InternalResourceViewResolver">
		<property name="prefix" value="/page/" />
		<property name="suffix" value=".jsp" />
	</bean>
	
	<bean id="multipartResolver"
		class="org.springframework.web.multipart.commons.CommonsMultipartResolver">
		<property name="defaultEncoding" value="utf-8" />
		<property name="maxUploadSize">
			<value>104857600</value>
		</property>
		<property name="maxInMemorySize">
			<value>4096</value>
		</property>
	</bean>
	
	 <bean id="exceptionHandler" class="com.uns.common.exception.UnsExceptionHandler">
    </bean>
    
	<mvc:interceptors>
		<mvc:interceptor>
			<!-- 需拦截的地址 -->
			<mvc:mapping path="/*.htm"/>
			<bean class="com.uns.common.interceptor.FormTokenInterceptor" >
			</bean>
		</mvc:interceptor>
		<mvc:interceptor>
			<!-- 需拦截的地址 -->
			<mvc:mapping path="/*.htm"/>
			<!-- 需排除拦截的地址 -->
			<bean class="com.uns.common.interceptor.LoginInterceptor">
				<property name="excludedUrls">
					<list>
						<value>method=login</value>
						<value>method=logout</value>
						<value>method=ssoLogin</value>
						<value>method=hfImageReport</value>
					</list>
				</property>
			</bean>
		</mvc:interceptor>
	</mvc:interceptors>
	
 	<!-- <mvc:interceptors>
		<mvc:interceptor>
			需拦截的地址
			<mvc:mapping path="/*"/>
			<bean class="com.uns.common.interceptor.FormTokenInterceptor" />
		</mvc:interceptor>
	</mvc:interceptors>  -->

</beans>
