<?xml version="1.0" encoding="UTF-8" ?>
<!DOCTYPE mapper PUBLIC "-//mybatis.org//DTD Mapper 3.0//EN" "http://mybatis.org/dtd/mybatis-3-mapper.dtd" >
<mapper namespace="com.uns.dao.small.B2cShopperBiMapper" >
  <resultMap id="BaseResultMap" type="com.uns.entity.B2cShopperBi" >
    <id column="B2C_SHOPPERBI_ID" property="b2cShopperbiId" jdbcType="DECIMAL" />
    <result column="SCOMPANY" property="scompany" jdbcType="VARCHAR" />
    <result column="GATEWAY" property="gateway" jdbcType="VARCHAR" />
    <result column="SQCODE" property="sqcode" jdbcType="VARCHAR" />
    <result column="SYNUM" property="synum" jdbcType="VARCHAR" />
    <result column="SICP" property="sicp" jdbcType="VARCHAR" />
    <result column="SADDRESS" property="saddress" jdbcType="VARCHAR" />
    <result column="SZIP" property="szip" jdbcType="VARCHAR" />
    <result column="SMANAGER" property="smanager" jdbcType="VARCHAR" />
    <result column="SRELATION" property="srelation" jdbcType="VARCHAR" />
    <result column="SEMAIL" property="semail" jdbcType="VARCHAR" />
    <result column="STEL" property="stel" jdbcType="VARCHAR" />
    <result column="SFAX" property="sfax" jdbcType="VARCHAR" />
    <result column="SHANDSET" property="shandset" jdbcType="VARCHAR" />
    <result column="SQQ" property="sqq" jdbcType="VARCHAR" />
    <result column="SMSN" property="smsn" jdbcType="VARCHAR" />
    <result column="SSHOPERTYPEID" property="sshopertypeid" jdbcType="DECIMAL" />
    <result column="SSHOPERTYPE" property="sshopertype" jdbcType="VARCHAR" />
    <result column="SDOMAIN" property="sdomain" jdbcType="VARCHAR" />
    <result column="SSHOPPERTYPEID" property="sshoppertypeid" jdbcType="DECIMAL" />
    <result column="SSHOPPERTYPE" property="sshoppertype" jdbcType="VARCHAR" />
    <result column="SCITY" property="scity" jdbcType="VARCHAR" />
    <result column="CITY" property="city" jdbcType="VARCHAR" />
    <result column="SPROVINCE" property="sprovince" jdbcType="VARCHAR" />
    <result column="PROVINCE" property="province" jdbcType="VARCHAR" />
    <result column="TRANSACTID" property="transactid" jdbcType="DECIMAL" />
    <result column="TRANSACTSUB" property="transactsub" jdbcType="VARCHAR" />
    <result column="TRANSACT" property="transact" jdbcType="VARCHAR" />
    <result column="OPERID" property="operid" jdbcType="VARCHAR" />
    <result column="OPER" property="oper" jdbcType="VARCHAR" />
    <result column="SIFPACTID" property="sifpactid" jdbcType="DECIMAL" />
    <result column="SIFPACT" property="sifpact" jdbcType="VARCHAR" />
    <result column="SPACTOPERID" property="spactoperid" jdbcType="VARCHAR" />
    <result column="SPACTOPER" property="spactoper" jdbcType="VARCHAR" />
    <result column="SISNEW" property="sisnew" jdbcType="DECIMAL" />
    <result column="SHOPPERCALLINGID" property="shoppercallingid" jdbcType="VARCHAR" />
    <result column="SHOPPERCALLING" property="shoppercalling" jdbcType="VARCHAR" />
    <result column="CREATED" property="created" jdbcType="DATE" />
    <result column="SHOPPERID" property="shopperid" jdbcType="DECIMAL" />
    <result column="SAGENTID" property="sagentid" jdbcType="DECIMAL" />
    <result column="BATTALION" property="battalion" jdbcType="DECIMAL" />
    <result column="PERSENTID" property="persentid" jdbcType="DECIMAL" />
    <result column="IFATTEND" property="ifattend" jdbcType="DECIMAL" />
    <result column="IFAGENT" property="ifagent" jdbcType="DECIMAL" />
    <result column="SHOPPERTYPEID" property="shoppertypeid" jdbcType="DECIMAL" />
    <result column="SRELATIONCREDNO" property="srelationcredno" jdbcType="VARCHAR" />
    <result column="LEGALENTITY" property="legalentity" jdbcType="VARCHAR" />
    <result column="SRELATIONCREDEDATE" property="srelationcrededate" jdbcType="VARCHAR" />
    <result column="LEGALECREDNO" property="legalecredno" jdbcType="VARCHAR" />
    <result column="LEGALECREDEDATE" property="legalecrededate" jdbcType="VARCHAR" />
    <result column="SYNUMEDATE" property="synumedate" jdbcType="VARCHAR" />
    <result column="LICENSENO" property="licenseno" jdbcType="VARCHAR" />
    <result column="TAXREGISTERNO" property="taxregisterno" jdbcType="VARCHAR" />
    <result column="REMARK" property="remark" jdbcType="VARCHAR" />
    <result column="UPOPERID" property="upoperid" jdbcType="VARCHAR" />
    <result column="UPOPER" property="upoper" jdbcType="VARCHAR" />
    <result column="UPDATED" property="updated" jdbcType="DATE" />
    <result column="GRADE" property="grade" jdbcType="VARCHAR" />
    <result column="DIVISION" property="division" jdbcType="VARCHAR" />
    <result column="SHOPPERID_P" property="shopperidP" jdbcType="DECIMAL" />
    <result column="SHORTNAME" property="shortname" jdbcType="VARCHAR" />
    <result column="LEVELS" property="levels" jdbcType="VARCHAR" />
    <result column="MUSERID" property="muserid" jdbcType="VARCHAR" />
    <result column="MPASSWORD" property="mpassword" jdbcType="VARCHAR" />
    <result column="IFVALID" property="ifvalid" jdbcType="DECIMAL" />
    <result column="ACCOUNT_BANK_DICTVAL" property="accountBankDictval" jdbcType="VARCHAR" />
    <result column="ACCOUNT_BANK_NAME" property="accountBankName" jdbcType="VARCHAR" />
    <result column="ACCOUNT_BANK_PROV" property="accountBankProv" jdbcType="VARCHAR" />
    <result column="ACCOUNT_BANK_CLIENT_NAME" property="accountBankClientName" jdbcType="VARCHAR" />
    <result column="ACCOUNT_BANK_NO" property="accountBankNo" jdbcType="VARCHAR" />
    <result column="ACCOUNT_BANK_OTHER" property="accountBankOther" jdbcType="VARCHAR" />
    <result column="SETTLE_FREQUENCY" property="settleFrequency" jdbcType="VARCHAR" />
    <result column="IS_TOP_MERCHANT" property="isTopMerchant" jdbcType="VARCHAR" />
    <result column="TOP_FEE" property="topFee" jdbcType="DECIMAL" />
    <result column="MIN_SETTLE_MONEY" property="minSettleMoney" jdbcType="DECIMAL" />
    <result column="YSBSCOMPANY" property="ysbscompany" jdbcType="VARCHAR" />
    <result column="SETTLEMENTTYPE" property="settlementtype" jdbcType="VARCHAR" />
    <result column="YSBNO" property="ysbno" jdbcType="VARCHAR" />
    <result column="PHOTO_ID" property="photoId" jdbcType="DECIMAL" />
    <result column="MERCHANT_TYPE" property="merchantType" jdbcType="VARCHAR" />
    <result column="NAME" property="name" jdbcType="VARCHAR" />
    <result column="ID_NO" property="idNo" jdbcType="VARCHAR" />
    <result column="LICENSE_NO" property="licenseNo" jdbcType="VARCHAR" />
    <result column="INDUSTRY" property="industry" jdbcType="VARCHAR" />
    <result column="BILL_PROVINCE" property="billProvince" jdbcType="VARCHAR" />
    <result column="BILL_PROVINCE_CODE" property="billProvinceCode" jdbcType="VARCHAR" />
    <result column="BILL_CITY" property="billCity" jdbcType="VARCHAR" />
    <result column="BILL_CITY_CODE" property="billCityCode" jdbcType="VARCHAR" />
    <result column="BILL_ADDRESS" property="billAddress" jdbcType="VARCHAR" />
    <result column="BILL_NAME" property="billName" jdbcType="VARCHAR" />
    <result column="IS_SUPPORT_T0" property="isSupportT0" jdbcType="VARCHAR" />
    <result column="IS_IC_APPLY_T0" property="isIcApplyT0" jdbcType="VARCHAR" />
    <result column="T0_FEE" property="t0Fee" jdbcType="DECIMAL" />
    <result column="T0_SINGLE_DAY_LIMIT" property="t0SingleDayLimit" jdbcType="DECIMAL" />
    <result column="ACCOUNT_BANK_PROV_CODE" property="accountBankProvCode" jdbcType="VARCHAR" />
    <result column="ACCOUNT_BANK_CITY" property="accountBankCity" jdbcType="VARCHAR" />
    <result column="ACCOUNT_BANK_CITY_CODE" property="accountBankCityCode" jdbcType="VARCHAR" />
    <result column="REPORT_RESOURCE" property="reportResource" jdbcType="VARCHAR" />
    <result column="EVICENUMBER" property="evicenumber" jdbcType="VARCHAR" />
    <result column="SHOPPERLIMIT" property="shopperlimit" jdbcType="VARCHAR" />
    <result column="FEE" property="fee" jdbcType="VARCHAR" />
    <result column="ORG_NO" property="orgNo" jdbcType="VARCHAR" />
    <result column="PARENT_ID" property="parentId" jdbcType="VARCHAR" />
    <result column="FACTORING_NO" property="factoringNo" jdbcType="VARCHAR" />
    <result column="T1_FEE" property="t1Fee" jdbcType="DECIMAL" />
    <result column="T0TYPE" property="t0type" jdbcType="VARCHAR" />
    <result column="MERCHANT_KEY" property="merchantKey" jdbcType="VARCHAR" />
    <result column="CARDTYPE" property="cardtype" jdbcType="VARCHAR" />
    <result column="T1TYPE" property="t1type" jdbcType="VARCHAR" />
    <result column="T0FIXEDAMOUNT" property="t0fixedamount" jdbcType="DECIMAL" />
    <result column="T0TOPAMOUNT" property="t0topamount" jdbcType="DECIMAL" />
    <result column="T0ADDITIONFEE" property="t0additionfee" jdbcType="DECIMAL" />
    <result column="T0MINAMOUNT" property="t0minamount" jdbcType="DECIMAL" />
    <result column="T0MAXAMOUNT" property="t0maxamount" jdbcType="DECIMAL" />
    <result column="T1TOPAMOUNT" property="t1topamount" jdbcType="DECIMAL" />
    <result column="FIRST_FEE_CHECK" property="firstFeeCheck" jdbcType="VARCHAR" />
    <result column="FIRST_FEE_CHECK_RESULT" property="firstFeeCheckResult" jdbcType="VARCHAR" />
    <result column="FEE_RECHECK" property="feeRecheck" jdbcType="VARCHAR" />
    <result column="FEE_RECHECK_RESULT" property="feeRecheckResult" jdbcType="VARCHAR" />
    <result column="IFACTIVATED" property="ifactivated" jdbcType="VARCHAR" />
    <result column="CURRENT_LOCATION" property="currentLocation" jdbcType="VARCHAR" />
    <result column="LONGITUDE" property="longitude" jdbcType="VARCHAR" />
    <result column="LATITUDE" property="latitude" jdbcType="VARCHAR" />
    <result column="AIFLAG" property="aiflag" jdbcType="VARCHAR" />
    <result column="OPEN_MPOS_CREATE_DATE" property="openMposCreateDate" jdbcType="DATE" />
    <result column="IFACTIVADATE" property="ifactivadate" jdbcType="DATE" />
    <result column="QRPAYNO" property="qrpayno" jdbcType="VARCHAR" />
    <result column="QRPAY_MERCHANT_KEY" property="qrpayMerchantKey" jdbcType="VARCHAR" />
    <result column="HF_FLAG" property="hfFlag" jdbcType="VARCHAR" />
    <result column="HF_PSAM" property="hfPsam" jdbcType="VARCHAR" />
    <result column="FIXED_QRCODE_URL" property="fixedQrcodeUrl" jdbcType="VARCHAR" />
    <result column="FIXED_QRCODE_FLAG" property="fixedQrcodeFlag" jdbcType="VARCHAR" />
    <result column="HF_PSAM_D0" property="hfPsamD0" jdbcType="VARCHAR" />
    <result column="FIX_QRCODE_CUSTOMER_NAME" property="fixQrcodeCustomerName" jdbcType="VARCHAR" />
    <result column="IS_EXTERNAL_REVENUE" property="isExternalRevenue" jdbcType="VARCHAR" />
    <result column="SETTLE_TYPE" property="settleType" jdbcType="VARCHAR" />
    <result column="CREDITLINES" property="creditlines" jdbcType="DECIMAL" />
    <result column="AGENT_PROFIT_RATIO" property="agentProfitRatio" jdbcType="VARCHAR" />
    <result column="MERCH_PROFIT_RATIO1" property="merchProfitRatio1" jdbcType="VARCHAR" />
    <result column="MERCH_PROFIT_RATIO2" property="merchProfitRatio2" jdbcType="VARCHAR" />
    <result column="MERCH_PROFIT_RATIO3" property="merchProfitRatio3" jdbcType="VARCHAR" />
    <result column="PROFITOWNER" property="profitowner" jdbcType="VARCHAR" />
    <result column="INVITE_CODE" property="inviteCode" jdbcType="VARCHAR" />
    <result column="INVITE_CODE_P" property="inviteCodeP" jdbcType="VARCHAR" />
    <result column="BLACKFLAG" property="blackflag" jdbcType="VARCHAR" />
    <result column="SEX" property="sex" jdbcType="VARCHAR" />
    <result column="NATION" property="nation" jdbcType="VARCHAR" />
    <result column="SIGNUNIT" property="signunit" jdbcType="VARCHAR" />
    <result column="USEFULLIFE" property="usefullife" jdbcType="VARCHAR" />
    <result column="CREDIT_BANK_DICTVAL" property="creditBankDictval" jdbcType="VARCHAR" />
    <result column="CREDIT_BANK_NO" property="creditBankNo" jdbcType="VARCHAR" />
    <result column="CREDIT_BANK_USEFULLIFE" property="creditBankUsefullife" jdbcType="VARCHAR" />
    <result column="ACCOUNT_BANK_CLIENT_TEL" property="accountBankClientTel" jdbcType="VARCHAR" />
    <result column="CREDIT_BANK_CLIENT_TEL" property="creditBankClientTel" jdbcType="VARCHAR" />
    <result column="CREDIT_BANK_CLIENT_NAME" property="creditBankClientName" jdbcType="VARCHAR" />
    <result column="CREDIT_BANK_CLIENT_ID_NO" property="creditBankClientIdNo" jdbcType="VARCHAR" />
    <result column="CHECKSTATUS" property="checkstatus" jdbcType="VARCHAR" />
    <result column="TO_MANUALAUDIT_DATE" property="toManualauditDate" jdbcType="DATE" />
    <result column="VISUAL_CHECK_STATUS" property="visualCheckStatus" jdbcType="VARCHAR" />
    <result column="NOT_PASS_REASON" property="notPassReason" jdbcType="VARCHAR" />
    <result column="NOT_PASS_STEP" property="notPassStep" jdbcType="VARCHAR" />
    <result column="BIRTHDAY" property="birthday" jdbcType="DATE" />
    <result column="LICENSENAME" property="licensename" jdbcType="VARCHAR" />
    <result column="ACCOUNT_BANK_LINE_NUMBER" property="accountBankLineNumber" jdbcType="VARCHAR" />
    <result column="LICENSEADDRESS" property="licenseaddress" jdbcType="VARCHAR" />
  </resultMap>
  <sql id="Base_Column_List" >
    B2C_SHOPPERBI_ID, SCOMPANY, GATEWAY, SQCODE, SYNUM, SICP, SADDRESS, SZIP, SMANAGER, 
    SRELATION, SEMAIL, STEL, SFAX, SHANDSET, SQQ, SMSN, SSHOPERTYPEID, SSHOPERTYPE, SDOMAIN, 
    SSHOPPERTYPEID, SSHOPPERTYPE, SCITY, CITY, SPROVINCE, PROVINCE, TRANSACTID, TRANSACTSUB, 
    TRANSACT, OPERID, OPER, SIFPACTID, SIFPACT, SPACTOPERID, SPACTOPER, SISNEW, SHOPPERCALLINGID, 
    SHOPPERCALLING, CREATED, SHOPPERID, SAGENTID, BATTALION, PERSENTID, IFATTEND, IFAGENT, 
    SHOPPERTYPEID, SRELATIONCREDNO, LEGALENTITY, SRELATIONCREDEDATE, LEGALECREDNO, LEGALECREDEDATE, 
    SYNUMEDATE, LICENSENO, TAXREGISTERNO, REMARK, UPOPERID, UPOPER, UPDATED, GRADE, DIVISION, 
    SHOPPERID_P, SHORTNAME, LEVELS, MUSERID, MPASSWORD, IFVALID, ACCOUNT_BANK_DICTVAL, 
    ACCOUNT_BANK_NAME, ACCOUNT_BANK_PROV, ACCOUNT_BANK_CLIENT_NAME, ACCOUNT_BANK_NO, 
    ACCOUNT_BANK_OTHER, SETTLE_FREQUENCY, IS_TOP_MERCHANT, TOP_FEE, MIN_SETTLE_MONEY, 
    YSBSCOMPANY, SETTLEMENTTYPE, YSBNO, PHOTO_ID, MERCHANT_TYPE, NAME, ID_NO, LICENSE_NO, 
    INDUSTRY, BILL_PROVINCE, BILL_PROVINCE_CODE, BILL_CITY, BILL_CITY_CODE, BILL_ADDRESS, 
    BILL_NAME, IS_SUPPORT_T0, IS_IC_APPLY_T0, T0_FEE, T0_SINGLE_DAY_LIMIT, ACCOUNT_BANK_PROV_CODE, 
    ACCOUNT_BANK_CITY, ACCOUNT_BANK_CITY_CODE, REPORT_RESOURCE, EVICENUMBER, SHOPPERLIMIT, 
    FEE, ORG_NO, PARENT_ID, FACTORING_NO, T1_FEE, T0TYPE, MERCHANT_KEY, CARDTYPE, T1TYPE, 
    T0FIXEDAMOUNT, T0TOPAMOUNT, T0ADDITIONFEE, T0MINAMOUNT, T0MAXAMOUNT, T1TOPAMOUNT, 
    FIRST_FEE_CHECK, FIRST_FEE_CHECK_RESULT, FEE_RECHECK, FEE_RECHECK_RESULT, IFACTIVATED, 
    CURRENT_LOCATION, LONGITUDE, LATITUDE, AIFLAG, OPEN_MPOS_CREATE_DATE, IFACTIVADATE, 
    QRPAYNO, QRPAY_MERCHANT_KEY, HF_FLAG, HF_PSAM, FIXED_QRCODE_URL, FIXED_QRCODE_FLAG, 
    HF_PSAM_D0, FIX_QRCODE_CUSTOMER_NAME, IS_EXTERNAL_REVENUE, SETTLE_TYPE, CREDITLINES, 
    AGENT_PROFIT_RATIO, MERCH_PROFIT_RATIO1, MERCH_PROFIT_RATIO2, MERCH_PROFIT_RATIO3, 
    PROFITOWNER, INVITE_CODE, INVITE_CODE_P, BLACKFLAG, SEX, NATION, SIGNUNIT, USEFULLIFE, 
    CREDIT_BANK_DICTVAL, CREDIT_BANK_NO, CREDIT_BANK_USEFULLIFE, ACCOUNT_BANK_CLIENT_TEL, 
    CREDIT_BANK_CLIENT_TEL, CREDIT_BANK_CLIENT_NAME, CREDIT_BANK_CLIENT_ID_NO, CHECKSTATUS, 
    TO_MANUALAUDIT_DATE, VISUAL_CHECK_STATUS, NOT_PASS_REASON, NOT_PASS_STEP, BIRTHDAY, 
    LICENSENAME, ACCOUNT_BANK_LINE_NUMBER, LICENSEADDRESS
  </sql>
  <select id="selectByPrimaryKey" resultMap="BaseResultMap" parameterType="java.math.BigDecimal" >
    select 
    <include refid="Base_Column_List" />
    from B2C_SHOPPERBI
    where B2C_SHOPPERBI_ID = #{b2cShopperbiId,jdbcType=DECIMAL}
  </select>
  <delete id="deleteByPrimaryKey" parameterType="java.math.BigDecimal" >
    delete from B2C_SHOPPERBI
    where B2C_SHOPPERBI_ID = #{b2cShopperbiId,jdbcType=DECIMAL}
  </delete>
  <insert id="insert" parameterType="com.uns.entity.B2cShopperBi" >
    insert into B2C_SHOPPERBI (B2C_SHOPPERBI_ID, SCOMPANY, GATEWAY, 
      SQCODE, SYNUM, SICP, 
      SADDRESS, SZIP, SMANAGER, 
      SRELATION, SEMAIL, STEL, 
      SFAX, SHANDSET, SQQ, 
      SMSN, SSHOPERTYPEID, SSHOPERTYPE, 
      SDOMAIN, SSHOPPERTYPEID, SSHOPPERTYPE, 
      SCITY, CITY, SPROVINCE, 
      PROVINCE, TRANSACTID, TRANSACTSUB, 
      TRANSACT, OPERID, OPER, 
      SIFPACTID, SIFPACT, SPACTOPERID, 
      SPACTOPER, SISNEW, SHOPPERCALLINGID, 
      SHOPPERCALLING, CREATED, SHOPPERID, 
      SAGENTID, BATTALION, PERSENTID, 
      IFATTEND, IFAGENT, SHOPPERTYPEID, 
      SRELATIONCREDNO, LEGALENTITY, SRELATIONCREDEDATE, 
      LEGALECREDNO, LEGALECREDEDATE, SYNUMEDATE, 
      LICENSENO, TAXREGISTERNO, REMARK, 
      UPOPERID, UPOPER, UPDATED, 
      GRADE, DIVISION, SHOPPERID_P, 
      SHORTNAME, LEVELS, MUSERID, 
      MPASSWORD, IFVALID, ACCOUNT_BANK_DICTVAL, 
      ACCOUNT_BANK_NAME, ACCOUNT_BANK_PROV, ACCOUNT_BANK_CLIENT_NAME, 
      ACCOUNT_BANK_NO, ACCOUNT_BANK_OTHER, SETTLE_FREQUENCY, 
      IS_TOP_MERCHANT, TOP_FEE, MIN_SETTLE_MONEY, 
      YSBSCOMPANY, SETTLEMENTTYPE, YSBNO, 
      PHOTO_ID, MERCHANT_TYPE, NAME, 
      ID_NO, LICENSE_NO, INDUSTRY, 
      BILL_PROVINCE, BILL_PROVINCE_CODE, BILL_CITY, 
      BILL_CITY_CODE, BILL_ADDRESS, BILL_NAME, 
      IS_SUPPORT_T0, IS_IC_APPLY_T0, T0_FEE, 
      T0_SINGLE_DAY_LIMIT, ACCOUNT_BANK_PROV_CODE, 
      ACCOUNT_BANK_CITY, ACCOUNT_BANK_CITY_CODE, REPORT_RESOURCE, 
      EVICENUMBER, SHOPPERLIMIT, FEE, 
      ORG_NO, PARENT_ID, FACTORING_NO, 
      T1_FEE, T0TYPE, MERCHANT_KEY, 
      CARDTYPE, T1TYPE, T0FIXEDAMOUNT, 
      T0TOPAMOUNT, T0ADDITIONFEE, T0MINAMOUNT, 
      T0MAXAMOUNT, T1TOPAMOUNT, FIRST_FEE_CHECK, 
      FIRST_FEE_CHECK_RESULT, FEE_RECHECK, FEE_RECHECK_RESULT, 
      IFACTIVATED, CURRENT_LOCATION, LONGITUDE, 
      LATITUDE, AIFLAG, OPEN_MPOS_CREATE_DATE, 
      IFACTIVADATE, QRPAYNO, QRPAY_MERCHANT_KEY, 
      HF_FLAG, HF_PSAM, FIXED_QRCODE_URL, 
      FIXED_QRCODE_FLAG, HF_PSAM_D0, FIX_QRCODE_CUSTOMER_NAME, 
      IS_EXTERNAL_REVENUE, SETTLE_TYPE, CREDITLINES, 
      AGENT_PROFIT_RATIO, MERCH_PROFIT_RATIO1, MERCH_PROFIT_RATIO2, 
      MERCH_PROFIT_RATIO3, PROFITOWNER, INVITE_CODE, 
      INVITE_CODE_P, BLACKFLAG, SEX, 
      NATION, SIGNUNIT, USEFULLIFE, 
      CREDIT_BANK_DICTVAL, CREDIT_BANK_NO, CREDIT_BANK_USEFULLIFE, 
      ACCOUNT_BANK_CLIENT_TEL, CREDIT_BANK_CLIENT_TEL, 
      CREDIT_BANK_CLIENT_NAME, CREDIT_BANK_CLIENT_ID_NO, 
      CHECKSTATUS, TO_MANUALAUDIT_DATE, VISUAL_CHECK_STATUS, 
      NOT_PASS_REASON, NOT_PASS_STEP, BIRTHDAY, 
      LICENSENAME, ACCOUNT_BANK_LINE_NUMBER, LICENSEADDRESS
      )
    values (#{b2cShopperbiId,jdbcType=DECIMAL}, #{scompany,jdbcType=VARCHAR}, #{gateway,jdbcType=VARCHAR}, 
      #{sqcode,jdbcType=VARCHAR}, #{synum,jdbcType=VARCHAR}, #{sicp,jdbcType=VARCHAR}, 
      #{saddress,jdbcType=VARCHAR}, #{szip,jdbcType=VARCHAR}, #{smanager,jdbcType=VARCHAR}, 
      #{srelation,jdbcType=VARCHAR}, #{semail,jdbcType=VARCHAR}, #{stel,jdbcType=VARCHAR}, 
      #{sfax,jdbcType=VARCHAR}, #{shandset,jdbcType=VARCHAR}, #{sqq,jdbcType=VARCHAR}, 
      #{smsn,jdbcType=VARCHAR}, #{sshopertypeid,jdbcType=DECIMAL}, #{sshopertype,jdbcType=VARCHAR}, 
      #{sdomain,jdbcType=VARCHAR}, #{sshoppertypeid,jdbcType=DECIMAL}, #{sshoppertype,jdbcType=VARCHAR}, 
      #{scity,jdbcType=VARCHAR}, #{city,jdbcType=VARCHAR}, #{sprovince,jdbcType=VARCHAR}, 
      #{province,jdbcType=VARCHAR}, #{transactid,jdbcType=DECIMAL}, #{transactsub,jdbcType=VARCHAR}, 
      #{transact,jdbcType=VARCHAR}, #{operid,jdbcType=VARCHAR}, #{oper,jdbcType=VARCHAR}, 
      #{sifpactid,jdbcType=DECIMAL}, #{sifpact,jdbcType=VARCHAR}, #{spactoperid,jdbcType=VARCHAR}, 
      #{spactoper,jdbcType=VARCHAR}, #{sisnew,jdbcType=DECIMAL}, #{shoppercallingid,jdbcType=VARCHAR}, 
      #{shoppercalling,jdbcType=VARCHAR}, #{created,jdbcType=DATE}, #{shopperid,jdbcType=DECIMAL}, 
      #{sagentid,jdbcType=DECIMAL}, #{battalion,jdbcType=DECIMAL}, #{persentid,jdbcType=DECIMAL}, 
      #{ifattend,jdbcType=DECIMAL}, #{ifagent,jdbcType=DECIMAL}, #{shoppertypeid,jdbcType=DECIMAL}, 
      #{srelationcredno,jdbcType=VARCHAR}, #{legalentity,jdbcType=VARCHAR}, #{srelationcrededate,jdbcType=VARCHAR}, 
      #{legalecredno,jdbcType=VARCHAR}, #{legalecrededate,jdbcType=VARCHAR}, #{synumedate,jdbcType=VARCHAR}, 
      #{licenseno,jdbcType=VARCHAR}, #{taxregisterno,jdbcType=VARCHAR}, #{remark,jdbcType=VARCHAR}, 
      #{upoperid,jdbcType=VARCHAR}, #{upoper,jdbcType=VARCHAR}, #{updated,jdbcType=DATE}, 
      #{grade,jdbcType=VARCHAR}, #{division,jdbcType=VARCHAR}, #{shopperidP,jdbcType=DECIMAL}, 
      #{shortname,jdbcType=VARCHAR}, #{levels,jdbcType=VARCHAR}, #{muserid,jdbcType=VARCHAR}, 
      #{mpassword,jdbcType=VARCHAR}, #{ifvalid,jdbcType=DECIMAL}, #{accountBankDictval,jdbcType=VARCHAR}, 
      #{accountBankName,jdbcType=VARCHAR}, #{accountBankProv,jdbcType=VARCHAR}, #{accountBankClientName,jdbcType=VARCHAR}, 
      #{accountBankNo,jdbcType=VARCHAR}, #{accountBankOther,jdbcType=VARCHAR}, #{settleFrequency,jdbcType=VARCHAR}, 
      #{isTopMerchant,jdbcType=VARCHAR}, #{topFee,jdbcType=DECIMAL}, #{minSettleMoney,jdbcType=DECIMAL}, 
      #{ysbscompany,jdbcType=VARCHAR}, #{settlementtype,jdbcType=VARCHAR}, #{ysbno,jdbcType=VARCHAR}, 
      #{photoId,jdbcType=DECIMAL}, #{merchantType,jdbcType=VARCHAR}, #{name,jdbcType=VARCHAR}, 
      #{idNo,jdbcType=VARCHAR}, #{licenseNo,jdbcType=VARCHAR}, #{industry,jdbcType=VARCHAR}, 
      #{billProvince,jdbcType=VARCHAR}, #{billProvinceCode,jdbcType=VARCHAR}, #{billCity,jdbcType=VARCHAR}, 
      #{billCityCode,jdbcType=VARCHAR}, #{billAddress,jdbcType=VARCHAR}, #{billName,jdbcType=VARCHAR}, 
      #{isSupportT0,jdbcType=VARCHAR}, #{isIcApplyT0,jdbcType=VARCHAR}, #{t0Fee,jdbcType=DECIMAL}, 
      #{t0SingleDayLimit,jdbcType=DECIMAL}, #{accountBankProvCode,jdbcType=VARCHAR}, 
      #{accountBankCity,jdbcType=VARCHAR}, #{accountBankCityCode,jdbcType=VARCHAR}, #{reportResource,jdbcType=VARCHAR}, 
      #{evicenumber,jdbcType=VARCHAR}, #{shopperlimit,jdbcType=VARCHAR}, #{fee,jdbcType=VARCHAR}, 
      #{orgNo,jdbcType=VARCHAR}, #{parentId,jdbcType=VARCHAR}, #{factoringNo,jdbcType=VARCHAR}, 
      #{t1Fee,jdbcType=DECIMAL}, #{t0type,jdbcType=VARCHAR}, #{merchantKey,jdbcType=VARCHAR}, 
      #{cardtype,jdbcType=VARCHAR}, #{t1type,jdbcType=VARCHAR}, #{t0fixedamount,jdbcType=DECIMAL}, 
      #{t0topamount,jdbcType=DECIMAL}, #{t0additionfee,jdbcType=DECIMAL}, #{t0minamount,jdbcType=DECIMAL}, 
      #{t0maxamount,jdbcType=DECIMAL}, #{t1topamount,jdbcType=DECIMAL}, #{firstFeeCheck,jdbcType=VARCHAR}, 
      #{firstFeeCheckResult,jdbcType=VARCHAR}, #{feeRecheck,jdbcType=VARCHAR}, #{feeRecheckResult,jdbcType=VARCHAR}, 
      #{ifactivated,jdbcType=VARCHAR}, #{currentLocation,jdbcType=VARCHAR}, #{longitude,jdbcType=VARCHAR}, 
      #{latitude,jdbcType=VARCHAR}, #{aiflag,jdbcType=VARCHAR}, #{openMposCreateDate,jdbcType=DATE}, 
      #{ifactivadate,jdbcType=DATE}, #{qrpayno,jdbcType=VARCHAR}, #{qrpayMerchantKey,jdbcType=VARCHAR}, 
      #{hfFlag,jdbcType=VARCHAR}, #{hfPsam,jdbcType=VARCHAR}, #{fixedQrcodeUrl,jdbcType=VARCHAR}, 
      #{fixedQrcodeFlag,jdbcType=VARCHAR}, #{hfPsamD0,jdbcType=VARCHAR}, #{fixQrcodeCustomerName,jdbcType=VARCHAR}, 
      #{isExternalRevenue,jdbcType=VARCHAR}, #{settleType,jdbcType=VARCHAR}, #{creditlines,jdbcType=DECIMAL}, 
      #{agentProfitRatio,jdbcType=VARCHAR}, #{merchProfitRatio1,jdbcType=VARCHAR}, #{merchProfitRatio2,jdbcType=VARCHAR}, 
      #{merchProfitRatio3,jdbcType=VARCHAR}, #{profitowner,jdbcType=VARCHAR}, #{inviteCode,jdbcType=VARCHAR}, 
      #{inviteCodeP,jdbcType=VARCHAR}, #{blackflag,jdbcType=VARCHAR}, #{sex,jdbcType=VARCHAR}, 
      #{nation,jdbcType=VARCHAR}, #{signunit,jdbcType=VARCHAR}, #{usefullife,jdbcType=VARCHAR}, 
      #{creditBankDictval,jdbcType=VARCHAR}, #{creditBankNo,jdbcType=VARCHAR}, #{creditBankUsefullife,jdbcType=VARCHAR}, 
      #{accountBankClientTel,jdbcType=VARCHAR}, #{creditBankClientTel,jdbcType=VARCHAR}, 
      #{creditBankClientName,jdbcType=VARCHAR}, #{creditBankClientIdNo,jdbcType=VARCHAR}, 
      #{checkstatus,jdbcType=VARCHAR}, #{toManualauditDate,jdbcType=DATE}, #{visualCheckStatus,jdbcType=VARCHAR}, 
      #{notPassReason,jdbcType=VARCHAR}, #{notPassStep,jdbcType=VARCHAR}, #{birthday,jdbcType=DATE}, 
      #{licensename,jdbcType=VARCHAR}, #{accountBankLineNumber,jdbcType=VARCHAR}, #{licenseaddress,jdbcType=VARCHAR}
      )
  </insert>
  <insert id="insertSelective" parameterType="com.uns.entity.B2cShopperBi" >
    insert into B2C_SHOPPERBI
    <trim prefix="(" suffix=")" suffixOverrides="," >
      <if test="b2cShopperbiId != null" >
        B2C_SHOPPERBI_ID,
      </if>
      <if test="scompany != null" >
        SCOMPANY,
      </if>
      <if test="gateway != null" >
        GATEWAY,
      </if>
      <if test="sqcode != null" >
        SQCODE,
      </if>
      <if test="synum != null" >
        SYNUM,
      </if>
      <if test="sicp != null" >
        SICP,
      </if>
      <if test="saddress != null" >
        SADDRESS,
      </if>
      <if test="szip != null" >
        SZIP,
      </if>
      <if test="smanager != null" >
        SMANAGER,
      </if>
      <if test="srelation != null" >
        SRELATION,
      </if>
      <if test="semail != null" >
        SEMAIL,
      </if>
      <if test="stel != null" >
        STEL,
      </if>
      <if test="sfax != null" >
        SFAX,
      </if>
      <if test="shandset != null" >
        SHANDSET,
      </if>
      <if test="sqq != null" >
        SQQ,
      </if>
      <if test="smsn != null" >
        SMSN,
      </if>
      <if test="sshopertypeid != null" >
        SSHOPERTYPEID,
      </if>
      <if test="sshopertype != null" >
        SSHOPERTYPE,
      </if>
      <if test="sdomain != null" >
        SDOMAIN,
      </if>
      <if test="sshoppertypeid != null" >
        SSHOPPERTYPEID,
      </if>
      <if test="sshoppertype != null" >
        SSHOPPERTYPE,
      </if>
      <if test="scity != null" >
        SCITY,
      </if>
      <if test="city != null" >
        CITY,
      </if>
      <if test="sprovince != null" >
        SPROVINCE,
      </if>
      <if test="province != null" >
        PROVINCE,
      </if>
      <if test="transactid != null" >
        TRANSACTID,
      </if>
      <if test="transactsub != null" >
        TRANSACTSUB,
      </if>
      <if test="transact != null" >
        TRANSACT,
      </if>
      <if test="operid != null" >
        OPERID,
      </if>
      <if test="oper != null" >
        OPER,
      </if>
      <if test="sifpactid != null" >
        SIFPACTID,
      </if>
      <if test="sifpact != null" >
        SIFPACT,
      </if>
      <if test="spactoperid != null" >
        SPACTOPERID,
      </if>
      <if test="spactoper != null" >
        SPACTOPER,
      </if>
      <if test="sisnew != null" >
        SISNEW,
      </if>
      <if test="shoppercallingid != null" >
        SHOPPERCALLINGID,
      </if>
      <if test="shoppercalling != null" >
        SHOPPERCALLING,
      </if>
      <if test="created != null" >
        CREATED,
      </if>
      <if test="shopperid != null" >
        SHOPPERID,
      </if>
      <if test="sagentid != null" >
        SAGENTID,
      </if>
      <if test="battalion != null" >
        BATTALION,
      </if>
      <if test="persentid != null" >
        PERSENTID,
      </if>
      <if test="ifattend != null" >
        IFATTEND,
      </if>
      <if test="ifagent != null" >
        IFAGENT,
      </if>
      <if test="shoppertypeid != null" >
        SHOPPERTYPEID,
      </if>
      <if test="srelationcredno != null" >
        SRELATIONCREDNO,
      </if>
      <if test="legalentity != null" >
        LEGALENTITY,
      </if>
      <if test="srelationcrededate != null" >
        SRELATIONCREDEDATE,
      </if>
      <if test="legalecredno != null" >
        LEGALECREDNO,
      </if>
      <if test="legalecrededate != null" >
        LEGALECREDEDATE,
      </if>
      <if test="synumedate != null" >
        SYNUMEDATE,
      </if>
      <if test="licenseno != null" >
        LICENSENO,
      </if>
      <if test="taxregisterno != null" >
        TAXREGISTERNO,
      </if>
      <if test="remark != null" >
        REMARK,
      </if>
      <if test="upoperid != null" >
        UPOPERID,
      </if>
      <if test="upoper != null" >
        UPOPER,
      </if>
      <if test="updated != null" >
        UPDATED,
      </if>
      <if test="grade != null" >
        GRADE,
      </if>
      <if test="division != null" >
        DIVISION,
      </if>
      <if test="shopperidP != null" >
        SHOPPERID_P,
      </if>
      <if test="shortname != null" >
        SHORTNAME,
      </if>
      <if test="levels != null" >
        LEVELS,
      </if>
      <if test="muserid != null" >
        MUSERID,
      </if>
      <if test="mpassword != null" >
        MPASSWORD,
      </if>
      <if test="ifvalid != null" >
        IFVALID,
      </if>
      <if test="accountBankDictval != null" >
        ACCOUNT_BANK_DICTVAL,
      </if>
      <if test="accountBankName != null" >
        ACCOUNT_BANK_NAME,
      </if>
      <if test="accountBankProv != null" >
        ACCOUNT_BANK_PROV,
      </if>
      <if test="accountBankClientName != null" >
        ACCOUNT_BANK_CLIENT_NAME,
      </if>
      <if test="accountBankNo != null" >
        ACCOUNT_BANK_NO,
      </if>
      <if test="accountBankOther != null" >
        ACCOUNT_BANK_OTHER,
      </if>
      <if test="settleFrequency != null" >
        SETTLE_FREQUENCY,
      </if>
      <if test="isTopMerchant != null" >
        IS_TOP_MERCHANT,
      </if>
      <if test="topFee != null" >
        TOP_FEE,
      </if>
      <if test="minSettleMoney != null" >
        MIN_SETTLE_MONEY,
      </if>
      <if test="ysbscompany != null" >
        YSBSCOMPANY,
      </if>
      <if test="settlementtype != null" >
        SETTLEMENTTYPE,
      </if>
      <if test="ysbno != null" >
        YSBNO,
      </if>
      <if test="photoId != null" >
        PHOTO_ID,
      </if>
      <if test="merchantType != null" >
        MERCHANT_TYPE,
      </if>
      <if test="name != null" >
        NAME,
      </if>
      <if test="idNo != null" >
        ID_NO,
      </if>
      <if test="licenseNo != null" >
        LICENSE_NO,
      </if>
      <if test="industry != null" >
        INDUSTRY,
      </if>
      <if test="billProvince != null" >
        BILL_PROVINCE,
      </if>
      <if test="billProvinceCode != null" >
        BILL_PROVINCE_CODE,
      </if>
      <if test="billCity != null" >
        BILL_CITY,
      </if>
      <if test="billCityCode != null" >
        BILL_CITY_CODE,
      </if>
      <if test="billAddress != null" >
        BILL_ADDRESS,
      </if>
      <if test="billName != null" >
        BILL_NAME,
      </if>
      <if test="isSupportT0 != null" >
        IS_SUPPORT_T0,
      </if>
      <if test="isIcApplyT0 != null" >
        IS_IC_APPLY_T0,
      </if>
      <if test="t0Fee != null" >
        T0_FEE,
      </if>
      <if test="t0SingleDayLimit != null" >
        T0_SINGLE_DAY_LIMIT,
      </if>
      <if test="accountBankProvCode != null" >
        ACCOUNT_BANK_PROV_CODE,
      </if>
      <if test="accountBankCity != null" >
        ACCOUNT_BANK_CITY,
      </if>
      <if test="accountBankCityCode != null" >
        ACCOUNT_BANK_CITY_CODE,
      </if>
      <if test="reportResource != null" >
        REPORT_RESOURCE,
      </if>
      <if test="evicenumber != null" >
        EVICENUMBER,
      </if>
      <if test="shopperlimit != null" >
        SHOPPERLIMIT,
      </if>
      <if test="fee != null" >
        FEE,
      </if>
      <if test="orgNo != null" >
        ORG_NO,
      </if>
      <if test="parentId != null" >
        PARENT_ID,
      </if>
      <if test="factoringNo != null" >
        FACTORING_NO,
      </if>
      <if test="t1Fee != null" >
        T1_FEE,
      </if>
      <if test="t0type != null" >
        T0TYPE,
      </if>
      <if test="merchantKey != null" >
        MERCHANT_KEY,
      </if>
      <if test="cardtype != null" >
        CARDTYPE,
      </if>
      <if test="t1type != null" >
        T1TYPE,
      </if>
      <if test="t0fixedamount != null" >
        T0FIXEDAMOUNT,
      </if>
      <if test="t0topamount != null" >
        T0TOPAMOUNT,
      </if>
      <if test="t0additionfee != null" >
        T0ADDITIONFEE,
      </if>
      <if test="t0minamount != null" >
        T0MINAMOUNT,
      </if>
      <if test="t0maxamount != null" >
        T0MAXAMOUNT,
      </if>
      <if test="t1topamount != null" >
        T1TOPAMOUNT,
      </if>
      <if test="firstFeeCheck != null" >
        FIRST_FEE_CHECK,
      </if>
      <if test="firstFeeCheckResult != null" >
        FIRST_FEE_CHECK_RESULT,
      </if>
      <if test="feeRecheck != null" >
        FEE_RECHECK,
      </if>
      <if test="feeRecheckResult != null" >
        FEE_RECHECK_RESULT,
      </if>
      <if test="ifactivated != null" >
        IFACTIVATED,
      </if>
      <if test="currentLocation != null" >
        CURRENT_LOCATION,
      </if>
      <if test="longitude != null" >
        LONGITUDE,
      </if>
      <if test="latitude != null" >
        LATITUDE,
      </if>
      <if test="aiflag != null" >
        AIFLAG,
      </if>
      <if test="openMposCreateDate != null" >
        OPEN_MPOS_CREATE_DATE,
      </if>
      <if test="ifactivadate != null" >
        IFACTIVADATE,
      </if>
      <if test="qrpayno != null" >
        QRPAYNO,
      </if>
      <if test="qrpayMerchantKey != null" >
        QRPAY_MERCHANT_KEY,
      </if>
      <if test="hfFlag != null" >
        HF_FLAG,
      </if>
      <if test="hfPsam != null" >
        HF_PSAM,
      </if>
      <if test="fixedQrcodeUrl != null" >
        FIXED_QRCODE_URL,
      </if>
      <if test="fixedQrcodeFlag != null" >
        FIXED_QRCODE_FLAG,
      </if>
      <if test="hfPsamD0 != null" >
        HF_PSAM_D0,
      </if>
      <if test="fixQrcodeCustomerName != null" >
        FIX_QRCODE_CUSTOMER_NAME,
      </if>
      <if test="isExternalRevenue != null" >
        IS_EXTERNAL_REVENUE,
      </if>
      <if test="settleType != null" >
        SETTLE_TYPE,
      </if>
      <if test="creditlines != null" >
        CREDITLINES,
      </if>
      <if test="agentProfitRatio != null" >
        AGENT_PROFIT_RATIO,
      </if>
      <if test="merchProfitRatio1 != null" >
        MERCH_PROFIT_RATIO1,
      </if>
      <if test="merchProfitRatio2 != null" >
        MERCH_PROFIT_RATIO2,
      </if>
      <if test="merchProfitRatio3 != null" >
        MERCH_PROFIT_RATIO3,
      </if>
      <if test="profitowner != null" >
        PROFITOWNER,
      </if>
      <if test="inviteCode != null" >
        INVITE_CODE,
      </if>
      <if test="inviteCodeP != null" >
        INVITE_CODE_P,
      </if>
      <if test="blackflag != null" >
        BLACKFLAG,
      </if>
      <if test="sex != null" >
        SEX,
      </if>
      <if test="nation != null" >
        NATION,
      </if>
      <if test="signunit != null" >
        SIGNUNIT,
      </if>
      <if test="usefullife != null" >
        USEFULLIFE,
      </if>
      <if test="creditBankDictval != null" >
        CREDIT_BANK_DICTVAL,
      </if>
      <if test="creditBankNo != null" >
        CREDIT_BANK_NO,
      </if>
      <if test="creditBankUsefullife != null" >
        CREDIT_BANK_USEFULLIFE,
      </if>
      <if test="accountBankClientTel != null" >
        ACCOUNT_BANK_CLIENT_TEL,
      </if>
      <if test="creditBankClientTel != null" >
        CREDIT_BANK_CLIENT_TEL,
      </if>
      <if test="creditBankClientName != null" >
        CREDIT_BANK_CLIENT_NAME,
      </if>
      <if test="creditBankClientIdNo != null" >
        CREDIT_BANK_CLIENT_ID_NO,
      </if>
      <if test="checkstatus != null" >
        CHECKSTATUS,
      </if>
      <if test="toManualauditDate != null" >
        TO_MANUALAUDIT_DATE,
      </if>
      <if test="visualCheckStatus != null" >
        VISUAL_CHECK_STATUS,
      </if>
      <if test="notPassReason != null" >
        NOT_PASS_REASON,
      </if>
      <if test="notPassStep != null" >
        NOT_PASS_STEP,
      </if>
      <if test="birthday != null" >
        BIRTHDAY,
      </if>
      <if test="licensename != null" >
        LICENSENAME,
      </if>
      <if test="accountBankLineNumber != null" >
        ACCOUNT_BANK_LINE_NUMBER,
      </if>
      <if test="licenseaddress != null" >
        LICENSEADDRESS,
      </if>
    </trim>
    <trim prefix="values (" suffix=")" suffixOverrides="," >
      <if test="b2cShopperbiId != null" >
        #{b2cShopperbiId,jdbcType=DECIMAL},
      </if>
      <if test="scompany != null" >
        #{scompany,jdbcType=VARCHAR},
      </if>
      <if test="gateway != null" >
        #{gateway,jdbcType=VARCHAR},
      </if>
      <if test="sqcode != null" >
        #{sqcode,jdbcType=VARCHAR},
      </if>
      <if test="synum != null" >
        #{synum,jdbcType=VARCHAR},
      </if>
      <if test="sicp != null" >
        #{sicp,jdbcType=VARCHAR},
      </if>
      <if test="saddress != null" >
        #{saddress,jdbcType=VARCHAR},
      </if>
      <if test="szip != null" >
        #{szip,jdbcType=VARCHAR},
      </if>
      <if test="smanager != null" >
        #{smanager,jdbcType=VARCHAR},
      </if>
      <if test="srelation != null" >
        #{srelation,jdbcType=VARCHAR},
      </if>
      <if test="semail != null" >
        #{semail,jdbcType=VARCHAR},
      </if>
      <if test="stel != null" >
        #{stel,jdbcType=VARCHAR},
      </if>
      <if test="sfax != null" >
        #{sfax,jdbcType=VARCHAR},
      </if>
      <if test="shandset != null" >
        #{shandset,jdbcType=VARCHAR},
      </if>
      <if test="sqq != null" >
        #{sqq,jdbcType=VARCHAR},
      </if>
      <if test="smsn != null" >
        #{smsn,jdbcType=VARCHAR},
      </if>
      <if test="sshopertypeid != null" >
        #{sshopertypeid,jdbcType=DECIMAL},
      </if>
      <if test="sshopertype != null" >
        #{sshopertype,jdbcType=VARCHAR},
      </if>
      <if test="sdomain != null" >
        #{sdomain,jdbcType=VARCHAR},
      </if>
      <if test="sshoppertypeid != null" >
        #{sshoppertypeid,jdbcType=DECIMAL},
      </if>
      <if test="sshoppertype != null" >
        #{sshoppertype,jdbcType=VARCHAR},
      </if>
      <if test="scity != null" >
        #{scity,jdbcType=VARCHAR},
      </if>
      <if test="city != null" >
        #{city,jdbcType=VARCHAR},
      </if>
      <if test="sprovince != null" >
        #{sprovince,jdbcType=VARCHAR},
      </if>
      <if test="province != null" >
        #{province,jdbcType=VARCHAR},
      </if>
      <if test="transactid != null" >
        #{transactid,jdbcType=DECIMAL},
      </if>
      <if test="transactsub != null" >
        #{transactsub,jdbcType=VARCHAR},
      </if>
      <if test="transact != null" >
        #{transact,jdbcType=VARCHAR},
      </if>
      <if test="operid != null" >
        #{operid,jdbcType=VARCHAR},
      </if>
      <if test="oper != null" >
        #{oper,jdbcType=VARCHAR},
      </if>
      <if test="sifpactid != null" >
        #{sifpactid,jdbcType=DECIMAL},
      </if>
      <if test="sifpact != null" >
        #{sifpact,jdbcType=VARCHAR},
      </if>
      <if test="spactoperid != null" >
        #{spactoperid,jdbcType=VARCHAR},
      </if>
      <if test="spactoper != null" >
        #{spactoper,jdbcType=VARCHAR},
      </if>
      <if test="sisnew != null" >
        #{sisnew,jdbcType=DECIMAL},
      </if>
      <if test="shoppercallingid != null" >
        #{shoppercallingid,jdbcType=VARCHAR},
      </if>
      <if test="shoppercalling != null" >
        #{shoppercalling,jdbcType=VARCHAR},
      </if>
      <if test="created != null" >
        #{created,jdbcType=DATE},
      </if>
      <if test="shopperid != null" >
        #{shopperid,jdbcType=DECIMAL},
      </if>
      <if test="sagentid != null" >
        #{sagentid,jdbcType=DECIMAL},
      </if>
      <if test="battalion != null" >
        #{battalion,jdbcType=DECIMAL},
      </if>
      <if test="persentid != null" >
        #{persentid,jdbcType=DECIMAL},
      </if>
      <if test="ifattend != null" >
        #{ifattend,jdbcType=DECIMAL},
      </if>
      <if test="ifagent != null" >
        #{ifagent,jdbcType=DECIMAL},
      </if>
      <if test="shoppertypeid != null" >
        #{shoppertypeid,jdbcType=DECIMAL},
      </if>
      <if test="srelationcredno != null" >
        #{srelationcredno,jdbcType=VARCHAR},
      </if>
      <if test="legalentity != null" >
        #{legalentity,jdbcType=VARCHAR},
      </if>
      <if test="srelationcrededate != null" >
        #{srelationcrededate,jdbcType=VARCHAR},
      </if>
      <if test="legalecredno != null" >
        #{legalecredno,jdbcType=VARCHAR},
      </if>
      <if test="legalecrededate != null" >
        #{legalecrededate,jdbcType=VARCHAR},
      </if>
      <if test="synumedate != null" >
        #{synumedate,jdbcType=VARCHAR},
      </if>
      <if test="licenseno != null" >
        #{licenseno,jdbcType=VARCHAR},
      </if>
      <if test="taxregisterno != null" >
        #{taxregisterno,jdbcType=VARCHAR},
      </if>
      <if test="remark != null" >
        #{remark,jdbcType=VARCHAR},
      </if>
      <if test="upoperid != null" >
        #{upoperid,jdbcType=VARCHAR},
      </if>
      <if test="upoper != null" >
        #{upoper,jdbcType=VARCHAR},
      </if>
      <if test="updated != null" >
        #{updated,jdbcType=DATE},
      </if>
      <if test="grade != null" >
        #{grade,jdbcType=VARCHAR},
      </if>
      <if test="division != null" >
        #{division,jdbcType=VARCHAR},
      </if>
      <if test="shopperidP != null" >
        #{shopperidP,jdbcType=DECIMAL},
      </if>
      <if test="shortname != null" >
        #{shortname,jdbcType=VARCHAR},
      </if>
      <if test="levels != null" >
        #{levels,jdbcType=VARCHAR},
      </if>
      <if test="muserid != null" >
        #{muserid,jdbcType=VARCHAR},
      </if>
      <if test="mpassword != null" >
        #{mpassword,jdbcType=VARCHAR},
      </if>
      <if test="ifvalid != null" >
        #{ifvalid,jdbcType=DECIMAL},
      </if>
      <if test="accountBankDictval != null" >
        #{accountBankDictval,jdbcType=VARCHAR},
      </if>
      <if test="accountBankName != null" >
        #{accountBankName,jdbcType=VARCHAR},
      </if>
      <if test="accountBankProv != null" >
        #{accountBankProv,jdbcType=VARCHAR},
      </if>
      <if test="accountBankClientName != null" >
        #{accountBankClientName,jdbcType=VARCHAR},
      </if>
      <if test="accountBankNo != null" >
        #{accountBankNo,jdbcType=VARCHAR},
      </if>
      <if test="accountBankOther != null" >
        #{accountBankOther,jdbcType=VARCHAR},
      </if>
      <if test="settleFrequency != null" >
        #{settleFrequency,jdbcType=VARCHAR},
      </if>
      <if test="isTopMerchant != null" >
        #{isTopMerchant,jdbcType=VARCHAR},
      </if>
      <if test="topFee != null" >
        #{topFee,jdbcType=DECIMAL},
      </if>
      <if test="minSettleMoney != null" >
        #{minSettleMoney,jdbcType=DECIMAL},
      </if>
      <if test="ysbscompany != null" >
        #{ysbscompany,jdbcType=VARCHAR},
      </if>
      <if test="settlementtype != null" >
        #{settlementtype,jdbcType=VARCHAR},
      </if>
      <if test="ysbno != null" >
        #{ysbno,jdbcType=VARCHAR},
      </if>
      <if test="photoId != null" >
        #{photoId,jdbcType=DECIMAL},
      </if>
      <if test="merchantType != null" >
        #{merchantType,jdbcType=VARCHAR},
      </if>
      <if test="name != null" >
        #{name,jdbcType=VARCHAR},
      </if>
      <if test="idNo != null" >
        #{idNo,jdbcType=VARCHAR},
      </if>
      <if test="licenseNo != null" >
        #{licenseNo,jdbcType=VARCHAR},
      </if>
      <if test="industry != null" >
        #{industry,jdbcType=VARCHAR},
      </if>
      <if test="billProvince != null" >
        #{billProvince,jdbcType=VARCHAR},
      </if>
      <if test="billProvinceCode != null" >
        #{billProvinceCode,jdbcType=VARCHAR},
      </if>
      <if test="billCity != null" >
        #{billCity,jdbcType=VARCHAR},
      </if>
      <if test="billCityCode != null" >
        #{billCityCode,jdbcType=VARCHAR},
      </if>
      <if test="billAddress != null" >
        #{billAddress,jdbcType=VARCHAR},
      </if>
      <if test="billName != null" >
        #{billName,jdbcType=VARCHAR},
      </if>
      <if test="isSupportT0 != null" >
        #{isSupportT0,jdbcType=VARCHAR},
      </if>
      <if test="isIcApplyT0 != null" >
        #{isIcApplyT0,jdbcType=VARCHAR},
      </if>
      <if test="t0Fee != null" >
        #{t0Fee,jdbcType=DECIMAL},
      </if>
      <if test="t0SingleDayLimit != null" >
        #{t0SingleDayLimit,jdbcType=DECIMAL},
      </if>
      <if test="accountBankProvCode != null" >
        #{accountBankProvCode,jdbcType=VARCHAR},
      </if>
      <if test="accountBankCity != null" >
        #{accountBankCity,jdbcType=VARCHAR},
      </if>
      <if test="accountBankCityCode != null" >
        #{accountBankCityCode,jdbcType=VARCHAR},
      </if>
      <if test="reportResource != null" >
        #{reportResource,jdbcType=VARCHAR},
      </if>
      <if test="evicenumber != null" >
        #{evicenumber,jdbcType=VARCHAR},
      </if>
      <if test="shopperlimit != null" >
        #{shopperlimit,jdbcType=VARCHAR},
      </if>
      <if test="fee != null" >
        #{fee,jdbcType=VARCHAR},
      </if>
      <if test="orgNo != null" >
        #{orgNo,jdbcType=VARCHAR},
      </if>
      <if test="parentId != null" >
        #{parentId,jdbcType=VARCHAR},
      </if>
      <if test="factoringNo != null" >
        #{factoringNo,jdbcType=VARCHAR},
      </if>
      <if test="t1Fee != null" >
        #{t1Fee,jdbcType=DECIMAL},
      </if>
      <if test="t0type != null" >
        #{t0type,jdbcType=VARCHAR},
      </if>
      <if test="merchantKey != null" >
        #{merchantKey,jdbcType=VARCHAR},
      </if>
      <if test="cardtype != null" >
        #{cardtype,jdbcType=VARCHAR},
      </if>
      <if test="t1type != null" >
        #{t1type,jdbcType=VARCHAR},
      </if>
      <if test="t0fixedamount != null" >
        #{t0fixedamount,jdbcType=DECIMAL},
      </if>
      <if test="t0topamount != null" >
        #{t0topamount,jdbcType=DECIMAL},
      </if>
      <if test="t0additionfee != null" >
        #{t0additionfee,jdbcType=DECIMAL},
      </if>
      <if test="t0minamount != null" >
        #{t0minamount,jdbcType=DECIMAL},
      </if>
      <if test="t0maxamount != null" >
        #{t0maxamount,jdbcType=DECIMAL},
      </if>
      <if test="t1topamount != null" >
        #{t1topamount,jdbcType=DECIMAL},
      </if>
      <if test="firstFeeCheck != null" >
        #{firstFeeCheck,jdbcType=VARCHAR},
      </if>
      <if test="firstFeeCheckResult != null" >
        #{firstFeeCheckResult,jdbcType=VARCHAR},
      </if>
      <if test="feeRecheck != null" >
        #{feeRecheck,jdbcType=VARCHAR},
      </if>
      <if test="feeRecheckResult != null" >
        #{feeRecheckResult,jdbcType=VARCHAR},
      </if>
      <if test="ifactivated != null" >
        #{ifactivated,jdbcType=VARCHAR},
      </if>
      <if test="currentLocation != null" >
        #{currentLocation,jdbcType=VARCHAR},
      </if>
      <if test="longitude != null" >
        #{longitude,jdbcType=VARCHAR},
      </if>
      <if test="latitude != null" >
        #{latitude,jdbcType=VARCHAR},
      </if>
      <if test="aiflag != null" >
        #{aiflag,jdbcType=VARCHAR},
      </if>
      <if test="openMposCreateDate != null" >
        #{openMposCreateDate,jdbcType=DATE},
      </if>
      <if test="ifactivadate != null" >
        #{ifactivadate,jdbcType=DATE},
      </if>
      <if test="qrpayno != null" >
        #{qrpayno,jdbcType=VARCHAR},
      </if>
      <if test="qrpayMerchantKey != null" >
        #{qrpayMerchantKey,jdbcType=VARCHAR},
      </if>
      <if test="hfFlag != null" >
        #{hfFlag,jdbcType=VARCHAR},
      </if>
      <if test="hfPsam != null" >
        #{hfPsam,jdbcType=VARCHAR},
      </if>
      <if test="fixedQrcodeUrl != null" >
        #{fixedQrcodeUrl,jdbcType=VARCHAR},
      </if>
      <if test="fixedQrcodeFlag != null" >
        #{fixedQrcodeFlag,jdbcType=VARCHAR},
      </if>
      <if test="hfPsamD0 != null" >
        #{hfPsamD0,jdbcType=VARCHAR},
      </if>
      <if test="fixQrcodeCustomerName != null" >
        #{fixQrcodeCustomerName,jdbcType=VARCHAR},
      </if>
      <if test="isExternalRevenue != null" >
        #{isExternalRevenue,jdbcType=VARCHAR},
      </if>
      <if test="settleType != null" >
        #{settleType,jdbcType=VARCHAR},
      </if>
      <if test="creditlines != null" >
        #{creditlines,jdbcType=DECIMAL},
      </if>
      <if test="agentProfitRatio != null" >
        #{agentProfitRatio,jdbcType=VARCHAR},
      </if>
      <if test="merchProfitRatio1 != null" >
        #{merchProfitRatio1,jdbcType=VARCHAR},
      </if>
      <if test="merchProfitRatio2 != null" >
        #{merchProfitRatio2,jdbcType=VARCHAR},
      </if>
      <if test="merchProfitRatio3 != null" >
        #{merchProfitRatio3,jdbcType=VARCHAR},
      </if>
      <if test="profitowner != null" >
        #{profitowner,jdbcType=VARCHAR},
      </if>
      <if test="inviteCode != null" >
        #{inviteCode,jdbcType=VARCHAR},
      </if>
      <if test="inviteCodeP != null" >
        #{inviteCodeP,jdbcType=VARCHAR},
      </if>
      <if test="blackflag != null" >
        #{blackflag,jdbcType=VARCHAR},
      </if>
      <if test="sex != null" >
        #{sex,jdbcType=VARCHAR},
      </if>
      <if test="nation != null" >
        #{nation,jdbcType=VARCHAR},
      </if>
      <if test="signunit != null" >
        #{signunit,jdbcType=VARCHAR},
      </if>
      <if test="usefullife != null" >
        #{usefullife,jdbcType=VARCHAR},
      </if>
      <if test="creditBankDictval != null" >
        #{creditBankDictval,jdbcType=VARCHAR},
      </if>
      <if test="creditBankNo != null" >
        #{creditBankNo,jdbcType=VARCHAR},
      </if>
      <if test="creditBankUsefullife != null" >
        #{creditBankUsefullife,jdbcType=VARCHAR},
      </if>
      <if test="accountBankClientTel != null" >
        #{accountBankClientTel,jdbcType=VARCHAR},
      </if>
      <if test="creditBankClientTel != null" >
        #{creditBankClientTel,jdbcType=VARCHAR},
      </if>
      <if test="creditBankClientName != null" >
        #{creditBankClientName,jdbcType=VARCHAR},
      </if>
      <if test="creditBankClientIdNo != null" >
        #{creditBankClientIdNo,jdbcType=VARCHAR},
      </if>
      <if test="checkstatus != null" >
        #{checkstatus,jdbcType=VARCHAR},
      </if>
      <if test="toManualauditDate != null" >
        #{toManualauditDate,jdbcType=DATE},
      </if>
      <if test="visualCheckStatus != null" >
        #{visualCheckStatus,jdbcType=VARCHAR},
      </if>
      <if test="notPassReason != null" >
        #{notPassReason,jdbcType=VARCHAR},
      </if>
      <if test="notPassStep != null" >
        #{notPassStep,jdbcType=VARCHAR},
      </if>
      <if test="birthday != null" >
        #{birthday,jdbcType=DATE},
      </if>
      <if test="licensename != null" >
        #{licensename,jdbcType=VARCHAR},
      </if>
      <if test="accountBankLineNumber != null" >
        #{accountBankLineNumber,jdbcType=VARCHAR},
      </if>
      <if test="licenseaddress != null" >
        #{licenseaddress,jdbcType=VARCHAR},
      </if>
    </trim>
  </insert>
  <select id="findShopperByTel" resultMap="BaseResultMap">
    SELECT <include refid="Base_Column_List"/> FROM B2C_SHOPPERBI WHERE stel = #{tel} AND MERCHANT_TYPE = '2'
  </select>
  <select id="findShopperByIdP" resultMap="BaseResultMap">
    SELECT <include refid="Base_Column_List"/> FROM B2C_SHOPPERBI WHERE SHOPPERID = #{shopperidP}
  </select>
  <update id="updateByPrimaryKeySelective" parameterType="com.uns.entity.B2cShopperBi" >
    update B2C_SHOPPERBI
    <set >
      <if test="scompany != null" >
        SCOMPANY = #{scompany,jdbcType=VARCHAR},
      </if>
      <if test="gateway != null" >
        GATEWAY = #{gateway,jdbcType=VARCHAR},
      </if>
      <if test="sqcode != null" >
        SQCODE = #{sqcode,jdbcType=VARCHAR},
      </if>
      <if test="synum != null" >
        SYNUM = #{synum,jdbcType=VARCHAR},
      </if>
      <if test="sicp != null" >
        SICP = #{sicp,jdbcType=VARCHAR},
      </if>
      <if test="saddress != null" >
        SADDRESS = #{saddress,jdbcType=VARCHAR},
      </if>
      <if test="szip != null" >
        SZIP = #{szip,jdbcType=VARCHAR},
      </if>
      <if test="smanager != null" >
        SMANAGER = #{smanager,jdbcType=VARCHAR},
      </if>
      <if test="srelation != null" >
        SRELATION = #{srelation,jdbcType=VARCHAR},
      </if>
      <if test="semail != null" >
        SEMAIL = #{semail,jdbcType=VARCHAR},
      </if>
      <if test="stel != null" >
        STEL = #{stel,jdbcType=VARCHAR},
      </if>
      <if test="sfax != null" >
        SFAX = #{sfax,jdbcType=VARCHAR},
      </if>
      <if test="shandset != null" >
        SHANDSET = #{shandset,jdbcType=VARCHAR},
      </if>
      <if test="sqq != null" >
        SQQ = #{sqq,jdbcType=VARCHAR},
      </if>
      <if test="smsn != null" >
        SMSN = #{smsn,jdbcType=VARCHAR},
      </if>
      <if test="sshopertypeid != null" >
        SSHOPERTYPEID = #{sshopertypeid,jdbcType=DECIMAL},
      </if>
      <if test="sshopertype != null" >
        SSHOPERTYPE = #{sshopertype,jdbcType=VARCHAR},
      </if>
      <if test="sdomain != null" >
        SDOMAIN = #{sdomain,jdbcType=VARCHAR},
      </if>
      <if test="sshoppertypeid != null" >
        SSHOPPERTYPEID = #{sshoppertypeid,jdbcType=DECIMAL},
      </if>
      <if test="sshoppertype != null" >
        SSHOPPERTYPE = #{sshoppertype,jdbcType=VARCHAR},
      </if>
      <if test="scity != null" >
        SCITY = #{scity,jdbcType=VARCHAR},
      </if>
      <if test="city != null" >
        CITY = #{city,jdbcType=VARCHAR},
      </if>
      <if test="sprovince != null" >
        SPROVINCE = #{sprovince,jdbcType=VARCHAR},
      </if>
      <if test="province != null" >
        PROVINCE = #{province,jdbcType=VARCHAR},
      </if>
      <if test="transactid != null" >
        TRANSACTID = #{transactid,jdbcType=DECIMAL},
      </if>
      <if test="transactsub != null" >
        TRANSACTSUB = #{transactsub,jdbcType=VARCHAR},
      </if>
      <if test="transact != null" >
        TRANSACT = #{transact,jdbcType=VARCHAR},
      </if>
      <if test="operid != null" >
        OPERID = #{operid,jdbcType=VARCHAR},
      </if>
      <if test="oper != null" >
        OPER = #{oper,jdbcType=VARCHAR},
      </if>
      <if test="sifpactid != null" >
        SIFPACTID = #{sifpactid,jdbcType=DECIMAL},
      </if>
      <if test="sifpact != null" >
        SIFPACT = #{sifpact,jdbcType=VARCHAR},
      </if>
      <if test="spactoperid != null" >
        SPACTOPERID = #{spactoperid,jdbcType=VARCHAR},
      </if>
      <if test="spactoper != null" >
        SPACTOPER = #{spactoper,jdbcType=VARCHAR},
      </if>
      <if test="sisnew != null" >
        SISNEW = #{sisnew,jdbcType=DECIMAL},
      </if>
      <if test="shoppercallingid != null" >
        SHOPPERCALLINGID = #{shoppercallingid,jdbcType=VARCHAR},
      </if>
      <if test="shoppercalling != null" >
        SHOPPERCALLING = #{shoppercalling,jdbcType=VARCHAR},
      </if>
      <if test="created != null" >
        CREATED = #{created,jdbcType=DATE},
      </if>
      <if test="shopperid != null" >
        SHOPPERID = #{shopperid,jdbcType=DECIMAL},
      </if>
      <if test="sagentid != null" >
        SAGENTID = #{sagentid,jdbcType=DECIMAL},
      </if>
      <if test="battalion != null" >
        BATTALION = #{battalion,jdbcType=DECIMAL},
      </if>
      <if test="persentid != null" >
        PERSENTID = #{persentid,jdbcType=DECIMAL},
      </if>
      <if test="ifattend != null" >
        IFATTEND = #{ifattend,jdbcType=DECIMAL},
      </if>
      <if test="ifagent != null" >
        IFAGENT = #{ifagent,jdbcType=DECIMAL},
      </if>
      <if test="shoppertypeid != null" >
        SHOPPERTYPEID = #{shoppertypeid,jdbcType=DECIMAL},
      </if>
      <if test="srelationcredno != null" >
        SRELATIONCREDNO = #{srelationcredno,jdbcType=VARCHAR},
      </if>
      <if test="legalentity != null" >
        LEGALENTITY = #{legalentity,jdbcType=VARCHAR},
      </if>
      <if test="srelationcrededate != null" >
        SRELATIONCREDEDATE = #{srelationcrededate,jdbcType=VARCHAR},
      </if>
      <if test="legalecredno != null" >
        LEGALECREDNO = #{legalecredno,jdbcType=VARCHAR},
      </if>
      <if test="legalecrededate != null" >
        LEGALECREDEDATE = #{legalecrededate,jdbcType=VARCHAR},
      </if>
      <if test="synumedate != null" >
        SYNUMEDATE = #{synumedate,jdbcType=VARCHAR},
      </if>
      <if test="licenseno != null" >
        LICENSENO = #{licenseno,jdbcType=VARCHAR},
      </if>
      <if test="taxregisterno != null" >
        TAXREGISTERNO = #{taxregisterno,jdbcType=VARCHAR},
      </if>
      <if test="remark != null" >
        REMARK = #{remark,jdbcType=VARCHAR},
      </if>
      <if test="upoperid != null" >
        UPOPERID = #{upoperid,jdbcType=VARCHAR},
      </if>
      <if test="upoper != null" >
        UPOPER = #{upoper,jdbcType=VARCHAR},
      </if>
      <if test="updated != null" >
        UPDATED = #{updated,jdbcType=DATE},
      </if>
      <if test="grade != null" >
        GRADE = #{grade,jdbcType=VARCHAR},
      </if>
      <if test="division != null" >
        DIVISION = #{division,jdbcType=VARCHAR},
      </if>
      <if test="shopperidP != null" >
        SHOPPERID_P = #{shopperidP,jdbcType=DECIMAL},
      </if>
      <if test="shortname != null" >
        SHORTNAME = #{shortname,jdbcType=VARCHAR},
      </if>
      <if test="levels != null" >
        LEVELS = #{levels,jdbcType=VARCHAR},
      </if>
      <if test="muserid != null" >
        MUSERID = #{muserid,jdbcType=VARCHAR},
      </if>
      <if test="mpassword != null" >
        MPASSWORD = #{mpassword,jdbcType=VARCHAR},
      </if>
      <if test="ifvalid != null" >
        IFVALID = #{ifvalid,jdbcType=DECIMAL},
      </if>
      <if test="accountBankDictval != null" >
        ACCOUNT_BANK_DICTVAL = #{accountBankDictval,jdbcType=VARCHAR},
      </if>
      <if test="accountBankName != null" >
        ACCOUNT_BANK_NAME = #{accountBankName,jdbcType=VARCHAR},
      </if>
      <if test="accountBankProv != null" >
        ACCOUNT_BANK_PROV = #{accountBankProv,jdbcType=VARCHAR},
      </if>
      <if test="accountBankClientName != null" >
        ACCOUNT_BANK_CLIENT_NAME = #{accountBankClientName,jdbcType=VARCHAR},
      </if>
      <if test="accountBankNo != null" >
        ACCOUNT_BANK_NO = #{accountBankNo,jdbcType=VARCHAR},
      </if>
      <if test="accountBankOther != null" >
        ACCOUNT_BANK_OTHER = #{accountBankOther,jdbcType=VARCHAR},
      </if>
      <if test="settleFrequency != null" >
        SETTLE_FREQUENCY = #{settleFrequency,jdbcType=VARCHAR},
      </if>
      <if test="isTopMerchant != null" >
        IS_TOP_MERCHANT = #{isTopMerchant,jdbcType=VARCHAR},
      </if>
      <if test="topFee != null" >
        TOP_FEE = #{topFee,jdbcType=DECIMAL},
      </if>
      <if test="minSettleMoney != null" >
        MIN_SETTLE_MONEY = #{minSettleMoney,jdbcType=DECIMAL},
      </if>
      <if test="ysbscompany != null" >
        YSBSCOMPANY = #{ysbscompany,jdbcType=VARCHAR},
      </if>
      <if test="settlementtype != null" >
        SETTLEMENTTYPE = #{settlementtype,jdbcType=VARCHAR},
      </if>
      <if test="ysbno != null" >
        YSBNO = #{ysbno,jdbcType=VARCHAR},
      </if>
      <if test="photoId != null" >
        PHOTO_ID = #{photoId,jdbcType=DECIMAL},
      </if>
      <if test="merchantType != null" >
        MERCHANT_TYPE = #{merchantType,jdbcType=VARCHAR},
      </if>
      <if test="name != null" >
        NAME = #{name,jdbcType=VARCHAR},
      </if>
      <if test="idNo != null" >
        ID_NO = #{idNo,jdbcType=VARCHAR},
      </if>
      <if test="licenseNo != null" >
        LICENSE_NO = #{licenseNo,jdbcType=VARCHAR},
      </if>
      <if test="industry != null" >
        INDUSTRY = #{industry,jdbcType=VARCHAR},
      </if>
      <if test="billProvince != null" >
        BILL_PROVINCE = #{billProvince,jdbcType=VARCHAR},
      </if>
      <if test="billProvinceCode != null" >
        BILL_PROVINCE_CODE = #{billProvinceCode,jdbcType=VARCHAR},
      </if>
      <if test="billCity != null" >
        BILL_CITY = #{billCity,jdbcType=VARCHAR},
      </if>
      <if test="billCityCode != null" >
        BILL_CITY_CODE = #{billCityCode,jdbcType=VARCHAR},
      </if>
      <if test="billAddress != null" >
        BILL_ADDRESS = #{billAddress,jdbcType=VARCHAR},
      </if>
      <if test="billName != null" >
        BILL_NAME = #{billName,jdbcType=VARCHAR},
      </if>
      <if test="isSupportT0 != null" >
        IS_SUPPORT_T0 = #{isSupportT0,jdbcType=VARCHAR},
      </if>
      <if test="isIcApplyT0 != null" >
        IS_IC_APPLY_T0 = #{isIcApplyT0,jdbcType=VARCHAR},
      </if>
      <if test="t0Fee != null" >
        T0_FEE = #{t0Fee,jdbcType=DECIMAL},
      </if>
      <if test="t0SingleDayLimit != null" >
        T0_SINGLE_DAY_LIMIT = #{t0SingleDayLimit,jdbcType=DECIMAL},
      </if>
      <if test="accountBankProvCode != null" >
        ACCOUNT_BANK_PROV_CODE = #{accountBankProvCode,jdbcType=VARCHAR},
      </if>
      <if test="accountBankCity != null" >
        ACCOUNT_BANK_CITY = #{accountBankCity,jdbcType=VARCHAR},
      </if>
      <if test="accountBankCityCode != null" >
        ACCOUNT_BANK_CITY_CODE = #{accountBankCityCode,jdbcType=VARCHAR},
      </if>
      <if test="reportResource != null" >
        REPORT_RESOURCE = #{reportResource,jdbcType=VARCHAR},
      </if>
      <if test="evicenumber != null" >
        EVICENUMBER = #{evicenumber,jdbcType=VARCHAR},
      </if>
      <if test="shopperlimit != null" >
        SHOPPERLIMIT = #{shopperlimit,jdbcType=VARCHAR},
      </if>
      <if test="fee != null" >
        FEE = #{fee,jdbcType=VARCHAR},
      </if>
      <if test="orgNo != null" >
        ORG_NO = #{orgNo,jdbcType=VARCHAR},
      </if>
      <if test="parentId != null" >
        PARENT_ID = #{parentId,jdbcType=VARCHAR},
      </if>
      <if test="factoringNo != null" >
        FACTORING_NO = #{factoringNo,jdbcType=VARCHAR},
      </if>
      <if test="t1Fee != null" >
        T1_FEE = #{t1Fee,jdbcType=DECIMAL},
      </if>
      <if test="t0type != null" >
        T0TYPE = #{t0type,jdbcType=VARCHAR},
      </if>
      <if test="merchantKey != null" >
        MERCHANT_KEY = #{merchantKey,jdbcType=VARCHAR},
      </if>
      <if test="cardtype != null" >
        CARDTYPE = #{cardtype,jdbcType=VARCHAR},
      </if>
      <if test="t1type != null" >
        T1TYPE = #{t1type,jdbcType=VARCHAR},
      </if>
      <if test="t0fixedamount != null" >
        T0FIXEDAMOUNT = #{t0fixedamount,jdbcType=DECIMAL},
      </if>
      <if test="t0topamount != null" >
        T0TOPAMOUNT = #{t0topamount,jdbcType=DECIMAL},
      </if>
      <if test="t0additionfee != null" >
        T0ADDITIONFEE = #{t0additionfee,jdbcType=DECIMAL},
      </if>
      <if test="t0minamount != null" >
        T0MINAMOUNT = #{t0minamount,jdbcType=DECIMAL},
      </if>
      <if test="t0maxamount != null" >
        T0MAXAMOUNT = #{t0maxamount,jdbcType=DECIMAL},
      </if>
      <if test="t1topamount != null" >
        T1TOPAMOUNT = #{t1topamount,jdbcType=DECIMAL},
      </if>
      <if test="firstFeeCheck != null" >
        FIRST_FEE_CHECK = #{firstFeeCheck,jdbcType=VARCHAR},
      </if>
      <if test="firstFeeCheckResult != null" >
        FIRST_FEE_CHECK_RESULT = #{firstFeeCheckResult,jdbcType=VARCHAR},
      </if>
      <if test="feeRecheck != null" >
        FEE_RECHECK = #{feeRecheck,jdbcType=VARCHAR},
      </if>
      <if test="feeRecheckResult != null" >
        FEE_RECHECK_RESULT = #{feeRecheckResult,jdbcType=VARCHAR},
      </if>
      <if test="ifactivated != null" >
        IFACTIVATED = #{ifactivated,jdbcType=VARCHAR},
      </if>
      <if test="currentLocation != null" >
        CURRENT_LOCATION = #{currentLocation,jdbcType=VARCHAR},
      </if>
      <if test="longitude != null" >
        LONGITUDE = #{longitude,jdbcType=VARCHAR},
      </if>
      <if test="latitude != null" >
        LATITUDE = #{latitude,jdbcType=VARCHAR},
      </if>
      <if test="aiflag != null" >
        AIFLAG = #{aiflag,jdbcType=VARCHAR},
      </if>
      <if test="openMposCreateDate != null" >
        OPEN_MPOS_CREATE_DATE = #{openMposCreateDate,jdbcType=DATE},
      </if>
      <if test="ifactivadate != null" >
        IFACTIVADATE = #{ifactivadate,jdbcType=DATE},
      </if>
      <if test="qrpayno != null" >
        QRPAYNO = #{qrpayno,jdbcType=VARCHAR},
      </if>
      <if test="qrpayMerchantKey != null" >
        QRPAY_MERCHANT_KEY = #{qrpayMerchantKey,jdbcType=VARCHAR},
      </if>
      <if test="hfFlag != null" >
        HF_FLAG = #{hfFlag,jdbcType=VARCHAR},
      </if>
      <if test="hfPsam != null" >
        HF_PSAM = #{hfPsam,jdbcType=VARCHAR},
      </if>
      <if test="fixedQrcodeUrl != null" >
        FIXED_QRCODE_URL = #{fixedQrcodeUrl,jdbcType=VARCHAR},
      </if>
      <if test="fixedQrcodeFlag != null" >
        FIXED_QRCODE_FLAG = #{fixedQrcodeFlag,jdbcType=VARCHAR},
      </if>
      <if test="hfPsamD0 != null" >
        HF_PSAM_D0 = #{hfPsamD0,jdbcType=VARCHAR},
      </if>
      <if test="fixQrcodeCustomerName != null" >
        FIX_QRCODE_CUSTOMER_NAME = #{fixQrcodeCustomerName,jdbcType=VARCHAR},
      </if>
      <if test="isExternalRevenue != null" >
        IS_EXTERNAL_REVENUE = #{isExternalRevenue,jdbcType=VARCHAR},
      </if>
      <if test="settleType != null" >
        SETTLE_TYPE = #{settleType,jdbcType=VARCHAR},
      </if>
      <if test="creditlines != null" >
        CREDITLINES = #{creditlines,jdbcType=DECIMAL},
      </if>
      <if test="agentProfitRatio != null" >
        AGENT_PROFIT_RATIO = #{agentProfitRatio,jdbcType=VARCHAR},
      </if>
      <if test="merchProfitRatio1 != null" >
        MERCH_PROFIT_RATIO1 = #{merchProfitRatio1,jdbcType=VARCHAR},
      </if>
      <if test="merchProfitRatio2 != null" >
        MERCH_PROFIT_RATIO2 = #{merchProfitRatio2,jdbcType=VARCHAR},
      </if>
      <if test="merchProfitRatio3 != null" >
        MERCH_PROFIT_RATIO3 = #{merchProfitRatio3,jdbcType=VARCHAR},
      </if>
      <if test="profitowner != null" >
        PROFITOWNER = #{profitowner,jdbcType=VARCHAR},
      </if>
      <if test="inviteCode != null" >
        INVITE_CODE = #{inviteCode,jdbcType=VARCHAR},
      </if>
      <if test="inviteCodeP != null" >
        INVITE_CODE_P = #{inviteCodeP,jdbcType=VARCHAR},
      </if>
      <if test="blackflag != null" >
        BLACKFLAG = #{blackflag,jdbcType=VARCHAR},
      </if>
      <if test="sex != null" >
        SEX = #{sex,jdbcType=VARCHAR},
      </if>
      <if test="nation != null" >
        NATION = #{nation,jdbcType=VARCHAR},
      </if>
      <if test="signunit != null" >
        SIGNUNIT = #{signunit,jdbcType=VARCHAR},
      </if>
      <if test="usefullife != null" >
        USEFULLIFE = #{usefullife,jdbcType=VARCHAR},
      </if>
      <if test="creditBankDictval != null" >
        CREDIT_BANK_DICTVAL = #{creditBankDictval,jdbcType=VARCHAR},
      </if>
      <if test="creditBankNo != null" >
        CREDIT_BANK_NO = #{creditBankNo,jdbcType=VARCHAR},
      </if>
      <if test="creditBankUsefullife != null" >
        CREDIT_BANK_USEFULLIFE = #{creditBankUsefullife,jdbcType=VARCHAR},
      </if>
      <if test="accountBankClientTel != null" >
        ACCOUNT_BANK_CLIENT_TEL = #{accountBankClientTel,jdbcType=VARCHAR},
      </if>
      <if test="creditBankClientTel != null" >
        CREDIT_BANK_CLIENT_TEL = #{creditBankClientTel,jdbcType=VARCHAR},
      </if>
      <if test="creditBankClientName != null" >
        CREDIT_BANK_CLIENT_NAME = #{creditBankClientName,jdbcType=VARCHAR},
      </if>
      <if test="creditBankClientIdNo != null" >
        CREDIT_BANK_CLIENT_ID_NO = #{creditBankClientIdNo,jdbcType=VARCHAR},
      </if>
      <if test="checkstatus != null" >
        CHECKSTATUS = #{checkstatus,jdbcType=VARCHAR},
      </if>
      <if test="toManualauditDate != null" >
        TO_MANUALAUDIT_DATE = #{toManualauditDate,jdbcType=DATE},
      </if>
      <if test="visualCheckStatus != null" >
        VISUAL_CHECK_STATUS = #{visualCheckStatus,jdbcType=VARCHAR},
      </if>
      <if test="notPassReason != null" >
        NOT_PASS_REASON = #{notPassReason,jdbcType=VARCHAR},
      </if>
      <if test="notPassStep != null" >
        NOT_PASS_STEP = #{notPassStep,jdbcType=VARCHAR},
      </if>
      <if test="birthday != null" >
        BIRTHDAY = #{birthday,jdbcType=DATE},
      </if>
      <if test="licensename != null" >
        LICENSENAME = #{licensename,jdbcType=VARCHAR},
      </if>
      <if test="accountBankLineNumber != null" >
        ACCOUNT_BANK_LINE_NUMBER = #{accountBankLineNumber,jdbcType=VARCHAR},
      </if>
      <if test="licenseaddress != null" >
        LICENSEADDRESS = #{licenseaddress,jdbcType=VARCHAR},
      </if>
    </set>
    where B2C_SHOPPERBI_ID = #{b2cShopperbiId,jdbcType=DECIMAL}
  </update>
  <update id="updateByPrimaryKey" parameterType="com.uns.entity.B2cShopperBi" >
    update B2C_SHOPPERBI
    set SCOMPANY = #{scompany,jdbcType=VARCHAR},
      GATEWAY = #{gateway,jdbcType=VARCHAR},
      SQCODE = #{sqcode,jdbcType=VARCHAR},
      SYNUM = #{synum,jdbcType=VARCHAR},
      SICP = #{sicp,jdbcType=VARCHAR},
      SADDRESS = #{saddress,jdbcType=VARCHAR},
      SZIP = #{szip,jdbcType=VARCHAR},
      SMANAGER = #{smanager,jdbcType=VARCHAR},
      SRELATION = #{srelation,jdbcType=VARCHAR},
      SEMAIL = #{semail,jdbcType=VARCHAR},
      STEL = #{stel,jdbcType=VARCHAR},
      SFAX = #{sfax,jdbcType=VARCHAR},
      SHANDSET = #{shandset,jdbcType=VARCHAR},
      SQQ = #{sqq,jdbcType=VARCHAR},
      SMSN = #{smsn,jdbcType=VARCHAR},
      SSHOPERTYPEID = #{sshopertypeid,jdbcType=DECIMAL},
      SSHOPERTYPE = #{sshopertype,jdbcType=VARCHAR},
      SDOMAIN = #{sdomain,jdbcType=VARCHAR},
      SSHOPPERTYPEID = #{sshoppertypeid,jdbcType=DECIMAL},
      SSHOPPERTYPE = #{sshoppertype,jdbcType=VARCHAR},
      SCITY = #{scity,jdbcType=VARCHAR},
      CITY = #{city,jdbcType=VARCHAR},
      SPROVINCE = #{sprovince,jdbcType=VARCHAR},
      PROVINCE = #{province,jdbcType=VARCHAR},
      TRANSACTID = #{transactid,jdbcType=DECIMAL},
      TRANSACTSUB = #{transactsub,jdbcType=VARCHAR},
      TRANSACT = #{transact,jdbcType=VARCHAR},
      OPERID = #{operid,jdbcType=VARCHAR},
      OPER = #{oper,jdbcType=VARCHAR},
      SIFPACTID = #{sifpactid,jdbcType=DECIMAL},
      SIFPACT = #{sifpact,jdbcType=VARCHAR},
      SPACTOPERID = #{spactoperid,jdbcType=VARCHAR},
      SPACTOPER = #{spactoper,jdbcType=VARCHAR},
      SISNEW = #{sisnew,jdbcType=DECIMAL},
      SHOPPERCALLINGID = #{shoppercallingid,jdbcType=VARCHAR},
      SHOPPERCALLING = #{shoppercalling,jdbcType=VARCHAR},
      CREATED = #{created,jdbcType=DATE},
      SHOPPERID = #{shopperid,jdbcType=DECIMAL},
      SAGENTID = #{sagentid,jdbcType=DECIMAL},
      BATTALION = #{battalion,jdbcType=DECIMAL},
      PERSENTID = #{persentid,jdbcType=DECIMAL},
      IFATTEND = #{ifattend,jdbcType=DECIMAL},
      IFAGENT = #{ifagent,jdbcType=DECIMAL},
      SHOPPERTYPEID = #{shoppertypeid,jdbcType=DECIMAL},
      SRELATIONCREDNO = #{srelationcredno,jdbcType=VARCHAR},
      LEGALENTITY = #{legalentity,jdbcType=VARCHAR},
      SRELATIONCREDEDATE = #{srelationcrededate,jdbcType=VARCHAR},
      LEGALECREDNO = #{legalecredno,jdbcType=VARCHAR},
      LEGALECREDEDATE = #{legalecrededate,jdbcType=VARCHAR},
      SYNUMEDATE = #{synumedate,jdbcType=VARCHAR},
      LICENSENO = #{licenseno,jdbcType=VARCHAR},
      TAXREGISTERNO = #{taxregisterno,jdbcType=VARCHAR},
      REMARK = #{remark,jdbcType=VARCHAR},
      UPOPERID = #{upoperid,jdbcType=VARCHAR},
      UPOPER = #{upoper,jdbcType=VARCHAR},
      UPDATED = #{updated,jdbcType=DATE},
      GRADE = #{grade,jdbcType=VARCHAR},
      DIVISION = #{division,jdbcType=VARCHAR},
      SHOPPERID_P = #{shopperidP,jdbcType=DECIMAL},
      SHORTNAME = #{shortname,jdbcType=VARCHAR},
      LEVELS = #{levels,jdbcType=VARCHAR},
      MUSERID = #{muserid,jdbcType=VARCHAR},
      MPASSWORD = #{mpassword,jdbcType=VARCHAR},
      IFVALID = #{ifvalid,jdbcType=DECIMAL},
      ACCOUNT_BANK_DICTVAL = #{accountBankDictval,jdbcType=VARCHAR},
      ACCOUNT_BANK_NAME = #{accountBankName,jdbcType=VARCHAR},
      ACCOUNT_BANK_PROV = #{accountBankProv,jdbcType=VARCHAR},
      ACCOUNT_BANK_CLIENT_NAME = #{accountBankClientName,jdbcType=VARCHAR},
      ACCOUNT_BANK_NO = #{accountBankNo,jdbcType=VARCHAR},
      ACCOUNT_BANK_OTHER = #{accountBankOther,jdbcType=VARCHAR},
      SETTLE_FREQUENCY = #{settleFrequency,jdbcType=VARCHAR},
      IS_TOP_MERCHANT = #{isTopMerchant,jdbcType=VARCHAR},
      TOP_FEE = #{topFee,jdbcType=DECIMAL},
      MIN_SETTLE_MONEY = #{minSettleMoney,jdbcType=DECIMAL},
      YSBSCOMPANY = #{ysbscompany,jdbcType=VARCHAR},
      SETTLEMENTTYPE = #{settlementtype,jdbcType=VARCHAR},
      YSBNO = #{ysbno,jdbcType=VARCHAR},
      PHOTO_ID = #{photoId,jdbcType=DECIMAL},
      MERCHANT_TYPE = #{merchantType,jdbcType=VARCHAR},
      NAME = #{name,jdbcType=VARCHAR},
      ID_NO = #{idNo,jdbcType=VARCHAR},
      LICENSE_NO = #{licenseNo,jdbcType=VARCHAR},
      INDUSTRY = #{industry,jdbcType=VARCHAR},
      BILL_PROVINCE = #{billProvince,jdbcType=VARCHAR},
      BILL_PROVINCE_CODE = #{billProvinceCode,jdbcType=VARCHAR},
      BILL_CITY = #{billCity,jdbcType=VARCHAR},
      BILL_CITY_CODE = #{billCityCode,jdbcType=VARCHAR},
      BILL_ADDRESS = #{billAddress,jdbcType=VARCHAR},
      BILL_NAME = #{billName,jdbcType=VARCHAR},
      IS_SUPPORT_T0 = #{isSupportT0,jdbcType=VARCHAR},
      IS_IC_APPLY_T0 = #{isIcApplyT0,jdbcType=VARCHAR},
      T0_FEE = #{t0Fee,jdbcType=DECIMAL},
      T0_SINGLE_DAY_LIMIT = #{t0SingleDayLimit,jdbcType=DECIMAL},
      ACCOUNT_BANK_PROV_CODE = #{accountBankProvCode,jdbcType=VARCHAR},
      ACCOUNT_BANK_CITY = #{accountBankCity,jdbcType=VARCHAR},
      ACCOUNT_BANK_CITY_CODE = #{accountBankCityCode,jdbcType=VARCHAR},
      REPORT_RESOURCE = #{reportResource,jdbcType=VARCHAR},
      EVICENUMBER = #{evicenumber,jdbcType=VARCHAR},
      SHOPPERLIMIT = #{shopperlimit,jdbcType=VARCHAR},
      FEE = #{fee,jdbcType=VARCHAR},
      ORG_NO = #{orgNo,jdbcType=VARCHAR},
      PARENT_ID = #{parentId,jdbcType=VARCHAR},
      FACTORING_NO = #{factoringNo,jdbcType=VARCHAR},
      T1_FEE = #{t1Fee,jdbcType=DECIMAL},
      T0TYPE = #{t0type,jdbcType=VARCHAR},
      MERCHANT_KEY = #{merchantKey,jdbcType=VARCHAR},
      CARDTYPE = #{cardtype,jdbcType=VARCHAR},
      T1TYPE = #{t1type,jdbcType=VARCHAR},
      T0FIXEDAMOUNT = #{t0fixedamount,jdbcType=DECIMAL},
      T0TOPAMOUNT = #{t0topamount,jdbcType=DECIMAL},
      T0ADDITIONFEE = #{t0additionfee,jdbcType=DECIMAL},
      T0MINAMOUNT = #{t0minamount,jdbcType=DECIMAL},
      T0MAXAMOUNT = #{t0maxamount,jdbcType=DECIMAL},
      T1TOPAMOUNT = #{t1topamount,jdbcType=DECIMAL},
      FIRST_FEE_CHECK = #{firstFeeCheck,jdbcType=VARCHAR},
      FIRST_FEE_CHECK_RESULT = #{firstFeeCheckResult,jdbcType=VARCHAR},
      FEE_RECHECK = #{feeRecheck,jdbcType=VARCHAR},
      FEE_RECHECK_RESULT = #{feeRecheckResult,jdbcType=VARCHAR},
      IFACTIVATED = #{ifactivated,jdbcType=VARCHAR},
      CURRENT_LOCATION = #{currentLocation,jdbcType=VARCHAR},
      LONGITUDE = #{longitude,jdbcType=VARCHAR},
      LATITUDE = #{latitude,jdbcType=VARCHAR},
      AIFLAG = #{aiflag,jdbcType=VARCHAR},
      OPEN_MPOS_CREATE_DATE = #{openMposCreateDate,jdbcType=DATE},
      IFACTIVADATE = #{ifactivadate,jdbcType=DATE},
      QRPAYNO = #{qrpayno,jdbcType=VARCHAR},
      QRPAY_MERCHANT_KEY = #{qrpayMerchantKey,jdbcType=VARCHAR},
      HF_FLAG = #{hfFlag,jdbcType=VARCHAR},
      HF_PSAM = #{hfPsam,jdbcType=VARCHAR},
      FIXED_QRCODE_URL = #{fixedQrcodeUrl,jdbcType=VARCHAR},
      FIXED_QRCODE_FLAG = #{fixedQrcodeFlag,jdbcType=VARCHAR},
      HF_PSAM_D0 = #{hfPsamD0,jdbcType=VARCHAR},
      FIX_QRCODE_CUSTOMER_NAME = #{fixQrcodeCustomerName,jdbcType=VARCHAR},
      IS_EXTERNAL_REVENUE = #{isExternalRevenue,jdbcType=VARCHAR},
      SETTLE_TYPE = #{settleType,jdbcType=VARCHAR},
      CREDITLINES = #{creditlines,jdbcType=DECIMAL},
      AGENT_PROFIT_RATIO = #{agentProfitRatio,jdbcType=VARCHAR},
      MERCH_PROFIT_RATIO1 = #{merchProfitRatio1,jdbcType=VARCHAR},
      MERCH_PROFIT_RATIO2 = #{merchProfitRatio2,jdbcType=VARCHAR},
      MERCH_PROFIT_RATIO3 = #{merchProfitRatio3,jdbcType=VARCHAR},
      PROFITOWNER = #{profitowner,jdbcType=VARCHAR},
      INVITE_CODE = #{inviteCode,jdbcType=VARCHAR},
      INVITE_CODE_P = #{inviteCodeP,jdbcType=VARCHAR},
      BLACKFLAG = #{blackflag,jdbcType=VARCHAR},
      SEX = #{sex,jdbcType=VARCHAR},
      NATION = #{nation,jdbcType=VARCHAR},
      SIGNUNIT = #{signunit,jdbcType=VARCHAR},
      USEFULLIFE = #{usefullife,jdbcType=VARCHAR},
      CREDIT_BANK_DICTVAL = #{creditBankDictval,jdbcType=VARCHAR},
      CREDIT_BANK_NO = #{creditBankNo,jdbcType=VARCHAR},
      CREDIT_BANK_USEFULLIFE = #{creditBankUsefullife,jdbcType=VARCHAR},
      ACCOUNT_BANK_CLIENT_TEL = #{accountBankClientTel,jdbcType=VARCHAR},
      CREDIT_BANK_CLIENT_TEL = #{creditBankClientTel,jdbcType=VARCHAR},
      CREDIT_BANK_CLIENT_NAME = #{creditBankClientName,jdbcType=VARCHAR},
      CREDIT_BANK_CLIENT_ID_NO = #{creditBankClientIdNo,jdbcType=VARCHAR},
      CHECKSTATUS = #{checkstatus,jdbcType=VARCHAR},
      TO_MANUALAUDIT_DATE = #{toManualauditDate,jdbcType=DATE},
      VISUAL_CHECK_STATUS = #{visualCheckStatus,jdbcType=VARCHAR},
      NOT_PASS_REASON = #{notPassReason,jdbcType=VARCHAR},
      NOT_PASS_STEP = #{notPassStep,jdbcType=VARCHAR},
      BIRTHDAY = #{birthday,jdbcType=DATE},
      LICENSENAME = #{licensename,jdbcType=VARCHAR},
      ACCOUNT_BANK_LINE_NUMBER = #{accountBankLineNumber,jdbcType=VARCHAR},
      LICENSEADDRESS = #{licenseaddress,jdbcType=VARCHAR}
    where B2C_SHOPPERBI_ID = #{b2cShopperbiId,jdbcType=DECIMAL}
  </update>
</mapper>