<?xml version="1.0" encoding="UTF-8" ?>
<!DOCTYPE mapper PUBLIC "-//mybatis.org//DTD Mapper 3.0//EN" "http://mybatis.org/dtd/mybatis-3-mapper.dtd" >
<mapper namespace="com.uns.dao.small.UsersMapper" >
  <resultMap id="BaseResultMap" type="com.uns.entity.Users" >
    <id column="ID" property="id" jdbcType="DECIMAL" />
    <result column="MERCHANTID" property="merchantid" jdbcType="DECIMAL" />
    <result column="USERNAME" property="username" jdbcType="VARCHAR" />
    <result column="PASSWORD" property="password" jdbcType="VARCHAR" />
    <result column="ENABLED" property="enabled" jdbcType="DECIMAL" />
    <result column="CREATEDATE" property="createdate" jdbcType="TIMESTAMP" />
    <result column="LASTLOGINDATE" property="lastlogindate" jdbcType="TIMESTAMP" />
    <result column="RESULTS" property="results" jdbcType="DECIMAL" />
    <result column="ATTEMPTTIMES" property="attempttimes" jdbcType="DECIMAL" />
    <result column="LOCKED" property="locked" jdbcType="DECIMAL" />
    <result column="PERMITS" property="permits" jdbcType="VARCHAR" />
    <result column="ROLEDESC" property="roledesc" jdbcType="VARCHAR" />
    <result column="DEMO" property="demo" jdbcType="VARCHAR" />
    <result column="USERCODE" property="usercode" jdbcType="VARCHAR" />
    <result column="SUBSIDIARID" property="subsidiarid" jdbcType="DECIMAL" />
    <result column="IS_AGENT" property="isAgent" jdbcType="CHAR" />
    <result column="LOGINNAME" property="loginname" jdbcType="VARCHAR" />
    <result column="TEL" property="tel" jdbcType="VARCHAR" />
  </resultMap>
  <sql id="Base_Column_List" >
    ID, MERCHANTID, USERNAME, PASSWORD, ENABLED, CREATEDATE, LASTLOGINDATE, RESULTS, 
    ATTEMPTTIMES, LOCKED, PERMITS, ROLEDESC, DEMO, USERCODE, SUBSIDIARID, IS_AGENT, LOGINNAME, 
    TEL
  </sql>
  <select id="selectByPrimaryKey" resultMap="BaseResultMap" parameterType="java.math.BigDecimal" >
    select 
    <include refid="Base_Column_List" />
    from USERS
    where ID = #{id,jdbcType=DECIMAL}
  </select>
  <select id="findUsersByParam" resultMap="BaseResultMap">
    SELECT <include refid="Base_Column_List"/> FROM USERS
    WHERE 1 = 1
    <if test="tel != null and tel != ''">
      AND TEL = #{tel}
    </if>
  </select>
  <delete id="deleteByPrimaryKey" parameterType="java.math.BigDecimal" >
    delete from USERS
    where ID = #{id,jdbcType=DECIMAL}
  </delete>
  <insert id="insert" parameterType="com.uns.entity.Users" >
    insert into USERS (ID, MERCHANTID, USERNAME, 
      PASSWORD, ENABLED, CREATEDATE, 
      LASTLOGINDATE, RESULTS, ATTEMPTTIMES, 
      LOCKED, PERMITS, ROLEDESC, 
      DEMO, USERCODE, SUBSIDIARID, 
      IS_AGENT, LOGINNAME, TEL
      )
    values (#{id,jdbcType=DECIMAL}, #{merchantid,jdbcType=DECIMAL}, #{username,jdbcType=VARCHAR}, 
      #{password,jdbcType=VARCHAR}, #{enabled,jdbcType=DECIMAL}, #{createdate,jdbcType=TIMESTAMP},
      #{lastlogindate,jdbcType=TIMESTAMP}, #{results,jdbcType=DECIMAL}, #{attempttimes,jdbcType=DECIMAL},
      #{locked,jdbcType=DECIMAL}, #{permits,jdbcType=VARCHAR}, #{roledesc,jdbcType=VARCHAR}, 
      #{demo,jdbcType=VARCHAR}, #{usercode,jdbcType=VARCHAR}, #{subsidiarid,jdbcType=DECIMAL}, 
      #{isAgent,jdbcType=CHAR}, #{loginname,jdbcType=VARCHAR}, #{tel,jdbcType=VARCHAR}
      )
  </insert>
  <insert id="insertSelective" parameterType="com.uns.entity.Users" >
    insert into USERS
    <trim prefix="(" suffix=")" suffixOverrides="," >
      <if test="id != null" >
        ID,
      </if>
      <if test="merchantid != null" >
        MERCHANTID,
      </if>
      <if test="username != null" >
        USERNAME,
      </if>
      <if test="password != null" >
        PASSWORD,
      </if>
      <if test="enabled != null" >
        ENABLED,
      </if>
      <if test="createdate != null" >
        CREATEDATE,
      </if>
      <if test="lastlogindate != null" >
        LASTLOGINDATE,
      </if>
      <if test="results != null" >
        RESULTS,
      </if>
      <if test="attempttimes != null" >
        ATTEMPTTIMES,
      </if>
      <if test="locked != null" >
        LOCKED,
      </if>
      <if test="permits != null" >
        PERMITS,
      </if>
      <if test="roledesc != null" >
        ROLEDESC,
      </if>
      <if test="demo != null" >
        DEMO,
      </if>
      <if test="usercode != null" >
        USERCODE,
      </if>
      <if test="subsidiarid != null" >
        SUBSIDIARID,
      </if>
      <if test="isAgent != null" >
        IS_AGENT,
      </if>
      <if test="loginname != null" >
        LOGINNAME,
      </if>
      <if test="tel != null" >
        TEL,
      </if>
    </trim>
    <trim prefix="values (" suffix=")" suffixOverrides="," >
      <if test="id != null" >
        #{id,jdbcType=DECIMAL},
      </if>
      <if test="merchantid != null" >
        #{merchantid,jdbcType=DECIMAL},
      </if>
      <if test="username != null" >
        #{username,jdbcType=VARCHAR},
      </if>
      <if test="password != null" >
        #{password,jdbcType=VARCHAR},
      </if>
      <if test="enabled != null" >
        #{enabled,jdbcType=DECIMAL},
      </if>
      <if test="createdate != null" >
        #{createdate,jdbcType=TIMESTAMP},
      </if>
      <if test="lastlogindate != null" >
        #{lastlogindate,jdbcType=TIMESTAMP},
      </if>
      <if test="results != null" >
        #{results,jdbcType=DECIMAL},
      </if>
      <if test="attempttimes != null" >
        #{attempttimes,jdbcType=DECIMAL},
      </if>
      <if test="locked != null" >
        #{locked,jdbcType=DECIMAL},
      </if>
      <if test="permits != null" >
        #{permits,jdbcType=VARCHAR},
      </if>
      <if test="roledesc != null" >
        #{roledesc,jdbcType=VARCHAR},
      </if>
      <if test="demo != null" >
        #{demo,jdbcType=VARCHAR},
      </if>
      <if test="usercode != null" >
        #{usercode,jdbcType=VARCHAR},
      </if>
      <if test="subsidiarid != null" >
        #{subsidiarid,jdbcType=DECIMAL},
      </if>
      <if test="isAgent != null" >
        #{isAgent,jdbcType=CHAR},
      </if>
      <if test="loginname != null" >
        #{loginname,jdbcType=VARCHAR},
      </if>
      <if test="tel != null" >
        #{tel,jdbcType=VARCHAR},
      </if>
    </trim>
  </insert>
  <update id="updateByPrimaryKeySelective" parameterType="com.uns.entity.Users" >
    update USERS
    <set >
      <if test="merchantid != null" >
        MERCHANTID = #{merchantid,jdbcType=DECIMAL},
      </if>
      <if test="username != null" >
        USERNAME = #{username,jdbcType=VARCHAR},
      </if>
      <if test="password != null" >
        PASSWORD = #{password,jdbcType=VARCHAR},
      </if>
      <if test="enabled != null" >
        ENABLED = #{enabled,jdbcType=DECIMAL},
      </if>
      <if test="createdate != null" >
        CREATEDATE = #{createdate,jdbcType=TIMESTAMP},
      </if>
      <if test="lastlogindate != null" >
        LASTLOGINDATE = #{lastlogindate,jdbcType=TIMESTAMP},
      </if>
      <if test="results != null" >
        RESULTS = #{results,jdbcType=DECIMAL},
      </if>
      <if test="attempttimes != null" >
        ATTEMPTTIMES = #{attempttimes,jdbcType=DECIMAL},
      </if>
      <if test="locked != null" >
        LOCKED = #{locked,jdbcType=DECIMAL},
      </if>
      <if test="permits != null" >
        PERMITS = #{permits,jdbcType=VARCHAR},
      </if>
      <if test="roledesc != null" >
        ROLEDESC = #{roledesc,jdbcType=VARCHAR},
      </if>
      <if test="demo != null" >
        DEMO = #{demo,jdbcType=VARCHAR},
      </if>
      <if test="usercode != null" >
        USERCODE = #{usercode,jdbcType=VARCHAR},
      </if>
      <if test="subsidiarid != null" >
        SUBSIDIARID = #{subsidiarid,jdbcType=DECIMAL},
      </if>
      <if test="isAgent != null" >
        IS_AGENT = #{isAgent,jdbcType=CHAR},
      </if>
      <if test="loginname != null" >
        LOGINNAME = #{loginname,jdbcType=VARCHAR},
      </if>
      <if test="tel != null" >
        TEL = #{tel,jdbcType=VARCHAR},
      </if>
    </set>
    where ID = #{id,jdbcType=DECIMAL}
  </update>
  <update id="updateByPrimaryKey" parameterType="com.uns.entity.Users" >
    update USERS
    set MERCHANTID = #{merchantid,jdbcType=DECIMAL},
      USERNAME = #{username,jdbcType=VARCHAR},
      PASSWORD = #{password,jdbcType=VARCHAR},
      ENABLED = #{enabled,jdbcType=DECIMAL},
      CREATEDATE = #{createdate,jdbcType=TIMESTAMP},
      LASTLOGINDATE = #{lastlogindate,jdbcType=TIMESTAMP},
      RESULTS = #{results,jdbcType=DECIMAL},
      ATTEMPTTIMES = #{attempttimes,jdbcType=DECIMAL},
      LOCKED = #{locked,jdbcType=DECIMAL},
      PERMITS = #{permits,jdbcType=VARCHAR},
      ROLEDESC = #{roledesc,jdbcType=VARCHAR},
      DEMO = #{demo,jdbcType=VARCHAR},
      USERCODE = #{usercode,jdbcType=VARCHAR},
      SUBSIDIARID = #{subsidiarid,jdbcType=DECIMAL},
      IS_AGENT = #{isAgent,jdbcType=CHAR},
      LOGINNAME = #{loginname,jdbcType=VARCHAR},
      TEL = #{tel,jdbcType=VARCHAR}
    where ID = #{id,jdbcType=DECIMAL}
  </update>
</mapper>