<?xml version="1.0" encoding="UTF-8" ?>
<!DOCTYPE mapper PUBLIC "-//mybatis.org//DTD Mapper 3.0//EN" "http://mybatis.org/dtd/mybatis-3-mapper.dtd" >
<mapper namespace="com.uns.dao.AccountMapper">
  <resultMap id="BaseResultMap" type="com.uns.model.Account" >
    <id column="ID" property="id" jdbcType="DECIMAL" />
    <result column="ACCOUNT_ID" property="accountId" jdbcType="VARCHAR" />
    <result column="EMAIL" property="email" jdbcType="VARCHAR" />
    <result column="NAME" property="name" jdbcType="VARCHAR" />
    <result column="LOGIN_PASSWORD" property="loginPassword" jdbcType="VARCHAR" />
    <result column="PAY_PASSWORD" property="payPassword" jdbcType="VARCHAR" />
    <result column="QUESTION" property="question" jdbcType="VARCHAR" />
    <result column="ANSWER" property="answer" jdbcType="VARCHAR" />
    <result column="ID_TYPE" property="idType" jdbcType="VARCHAR" />
    <result column="ID_CODE" property="idCode" jdbcType="VARCHAR" />
    <result column="ACCOUNT_TYPE" property="accountType" jdbcType="VARCHAR" />
    <result column="ADDR" property="addr" jdbcType="VARCHAR" />
    <result column="TEL" property="tel" jdbcType="VARCHAR" />
    <result column="PROV_SEQ" property="provSeq" jdbcType="DECIMAL" />
    <result column="CITY_SEQ" property="citySeq" jdbcType="DECIMAL" />
    <result column="ZIP_CODE" property="zipCode" jdbcType="VARCHAR" />
    <result column="FLAG" property="flag" jdbcType="VARCHAR" />
    <result column="ACTIVE_CODE" property="activeCode" jdbcType="VARCHAR" />
    <result column="OFFER_PERSON" property="offerPerson" jdbcType="VARCHAR" />
    <result column="MOBILE" property="mobile" jdbcType="VARCHAR" />
    <result column="STATUS" property="status" jdbcType="VARCHAR" />
    <result column="REMARK" property="remark" jdbcType="VARCHAR" />
    <result column="DEFAULT_SUB_SEQ" property="defaultSubSeq" jdbcType="DECIMAL" />
    <result column="GENDER" property="gender" jdbcType="VARCHAR" />
    <result column="BIRTHDAY" property="birthday" jdbcType="DATE" />
    <result column="KEY" property="key" jdbcType="VARCHAR" />
    <result column="INFORM_MOBILE" property="informMobile" jdbcType="VARCHAR" />
    <result column="MOB_STATUS" property="mobStatus" jdbcType="VARCHAR" />
    <result column="MOB_ACTIVE_CODE" property="mobActiveCode" jdbcType="VARCHAR" />
    <result column="MOB_LOGIN_PASS" property="mobLoginPass" jdbcType="VARCHAR" />
    <result column="MOB_PAY_PASS" property="mobPayPass" jdbcType="VARCHAR" />
    <result column="AUDIT_STATUS" property="auditStatus" jdbcType="VARCHAR" />
    <result column="CHAIN_URL" property="chainUrl" jdbcType="VARCHAR" />
    <result column="CHAIN_REMARK" property="chainRemark" jdbcType="VARCHAR" />
    <result column="VERSION" property="version" jdbcType="DECIMAL" />
    <result column="CREATE_USER" property="createUser" jdbcType="VARCHAR" />
    <result column="CREATE_TIME" property="createTime" jdbcType="DATE" />
    <result column="UPDATE_USER" property="updateUser" jdbcType="VARCHAR" />
    <result column="UPDATE_TIME" property="updateTime" jdbcType="DATE" />
    <result column="UPDATE_USER_SYSTEM" property="updateUserSystem" jdbcType="VARCHAR" />
    <result column="IVR_STATUS" property="ivrStatus" jdbcType="VARCHAR" />
    <result column="IVR_LOGIN_PASSWORD" property="ivrLoginPassword" jdbcType="VARCHAR" />
    <result column="IVR_PAY_PASSWORD" property="ivrPayPassword" jdbcType="VARCHAR" />
    <result column="INTRODUCE_ACCOUNT_ID" property="introduceAccountId" jdbcType="DECIMAL" />
    <result column="ACTIVATE_STATUS" property="activateStatus" jdbcType="VARCHAR" />
    <result column="TOTAL_SCORES" property="totalScores" jdbcType="DECIMAL" />
    <result column="SUMAMOUNT" property="sumamount" jdbcType="DECIMAL" />
    <result column="AUTHENTICATION_STATUS" property="authenticationStatus" jdbcType="VARCHAR" />
    <result column="ENCRYPTCODE" property="encryptcode" jdbcType="VARCHAR" />
    <result column="TRAN_AMOUNT" property="tranAmount" jdbcType="DECIMAL" />
    <result column="AUTHENTICATION_NAME" property="authenticationName" jdbcType="VARCHAR" />
    <result column="AUTHENTICATION_ID_CODE" property="authenticationIdCode" jdbcType="VARCHAR" />
    <result column="EM_STATUS" property="emStatus" jdbcType="VARCHAR" />
    <result column="RESET_PWD_CODE" property="resetPwdCode" jdbcType="VARCHAR" />
    <result column="COMPANY_TYPE" property="companyType" jdbcType="VARCHAR" />
    <result column="AUTHENTICATION_REJECT" property="authenticationReject" jdbcType="OTHER" />
    <result column="UPDATE_PWD_TIME" property="updatePwdTime" jdbcType="DATE" />
    <result column="DYNAMIC_KEY" property="dynamicKey" jdbcType="DECIMAL" />
    <result column="ID_EXPIRED_DATE" property="idExpiredDate" jdbcType="DATE" />
    <result column="OCCUPATION" property="occupation" jdbcType="VARCHAR" />
    <result column="NATIONALITY" property="nationality" jdbcType="VARCHAR" />
    <result column="LEFT_MESSAGE" property="leftMessage" jdbcType="VARCHAR" />
  </resultMap>
  <sql id="Base_Column_List" >
    ID, ACCOUNT_ID, EMAIL, NAME, LOGIN_PASSWORD, PAY_PASSWORD, QUESTION, ANSWER, ID_TYPE,
    ID_CODE, ACCOUNT_TYPE, ADDR, TEL, PROV_SEQ, CITY_SEQ, ZIP_CODE, FLAG, ACTIVE_CODE,
    OFFER_PERSON, MOBILE, STATUS, REMARK, DEFAULT_SUB_SEQ, GENDER, BIRTHDAY, KEY, INFORM_MOBILE,
    MOB_STATUS, MOB_ACTIVE_CODE, MOB_LOGIN_PASS, MOB_PAY_PASS, AUDIT_STATUS, CHAIN_URL,
    CHAIN_REMARK, VERSION, CREATE_USER, CREATE_TIME, UPDATE_USER, UPDATE_TIME, UPDATE_USER_SYSTEM,
    IVR_STATUS, IVR_LOGIN_PASSWORD, IVR_PAY_PASSWORD, INTRODUCE_ACCOUNT_ID, ACTIVATE_STATUS,
    TOTAL_SCORES, SUMAMOUNT, AUTHENTICATION_STATUS, ENCRYPTCODE, TRAN_AMOUNT, AUTHENTICATION_NAME,
    AUTHENTICATION_ID_CODE, EM_STATUS, RESET_PWD_CODE, COMPANY_TYPE, AUTHENTICATION_REJECT,
    UPDATE_PWD_TIME, DYNAMIC_KEY, ID_EXPIRED_DATE, OCCUPATION, NATIONALITY, LEFT_MESSAGE
  </sql>

  <select id="selectByPrimaryKey" resultMap="BaseResultMap" parameterType="java.math.BigDecimal" >
    select 
    <include refid="Base_Column_List" />
    from ACCOUNT
    where ID = #{id,jdbcType=DECIMAL}
  </select>

  <select id="selectAllAccount" resultMap="BaseResultMap">
    select <include refid="Base_Column_List"/>
    from ACCOUNT WHERE account_type = 'B' OR ACCOUNT_TYPE = 'C'
  </select>
  <select id="queryAccountByDefaultSeq" resultMap="BaseResultMap">
    select <include refid="Base_Column_List"/>
    from ACCOUNT WHERE DEFAULT_SUB_SEQ = #{defaultSeq}
  </select>

</mapper>