<?xml version="1.0" encoding="UTF-8" ?>
<!DOCTYPE mapper PUBLIC "-//mybatis.org//DTD Mapper 3.0//EN" "http://mybatis.org/dtd/mybatis-3-mapper.dtd" >
<mapper namespace="com.uns.dao.ActionTypeMapper" >
  <resultMap id="BaseResultMap" type="com.uns.model.ActionType">
    <id column="ID" property="id" jdbcType="DECIMAL" />
    <result column="ACTION_ID" property="actionId" jdbcType="VARCHAR" />
    <result column="ACTION_NAME" property="actionName" jdbcType="VARCHAR" />
    <result column="FLAG" property="flag" jdbcType="DECIMAL" />
    <result column="VERSION" property="version" jdbcType="DECIMAL" />
    <result column="CREATE_USER" property="createUser" jdbcType="VARCHAR" />
    <result column="CREATE_TIME" property="createTime" jdbcType="TIMESTAMP" />
    <result column="UPDATE_USER" property="updateUser" jdbcType="VARCHAR" />
    <result column="UPDATE_TIME" property="updateTime" jdbcType="TIMESTAMP" />
    <result column="STATUS" property="status" jdbcType="VARCHAR" />
    <result column="ACCOUNT_FLAG" property="accountFlag" jdbcType="DECIMAL" />
  </resultMap>

  <sql id="Base_Column_List" >
    ID, ACTION_ID, ACTION_NAME, FLAG, VERSION, CREATE_USER, CREATE_TIME, UPDATE_USER, 
    UPDATE_TIME, STATUS, ACCOUNT_FLAG
  </sql>
  <select id="selectAllAction" resultMap="BaseResultMap">
    select
    <include refid="Base_Column_List" />
    from ACTION_TYPE
  </select>
  <select id="selectByPrimaryKey" resultMap="BaseResultMap" parameterType="java.math.BigDecimal" >
    select 
    <include refid="Base_Column_List" />
    from ACTION_TYPE
    where ID = #{id,jdbcType=DECIMAL}
  </select>
  <delete id="deleteByPrimaryKey" parameterType="java.math.BigDecimal" >
    delete from ACTION_TYPE
    where ID = #{id,jdbcType=DECIMAL}
  </delete>
  <insert id="insert" parameterType="com.uns.model.ActionType" >
    insert into ACTION_TYPE (ID, ACTION_ID, ACTION_NAME, 
      FLAG, VERSION, CREATE_USER, 
      CREATE_TIME, UPDATE_USER, UPDATE_TIME, 
      STATUS, ACCOUNT_FLAG)
    values (#{id,jdbcType=DECIMAL}, #{actionId,jdbcType=VARCHAR}, #{actionName,jdbcType=VARCHAR}, 
      #{flag,jdbcType=DECIMAL}, #{version,jdbcType=DECIMAL}, #{createUser,jdbcType=VARCHAR}, 
      #{createTime,jdbcType=TIMESTAMP}, #{updateUser,jdbcType=VARCHAR}, #{updateTime,jdbcType=TIMESTAMP},
      #{status,jdbcType=VARCHAR}, #{accountFlag,jdbcType=DECIMAL})
  </insert>
  <insert id="insertSelective" parameterType="com.uns.model.ActionType" >
    insert into ACTION_TYPE
    <trim prefix="(" suffix=")" suffixOverrides="," >
      <if test="id != null" >
        ID,
      </if>
      <if test="actionId != null" >
        ACTION_ID,
      </if>
      <if test="actionName != null" >
        ACTION_NAME,
      </if>
      <if test="flag != null" >
        FLAG,
      </if>
      <if test="version != null" >
        VERSION,
      </if>
      <if test="createUser != null" >
        CREATE_USER,
      </if>
      <if test="createTime != null" >
        CREATE_TIME,
      </if>
      <if test="updateUser != null" >
        UPDATE_USER,
      </if>
      <if test="updateTime != null" >
        UPDATE_TIME,
      </if>
      <if test="status != null" >
        STATUS,
      </if>
      <if test="accountFlag != null" >
        ACCOUNT_FLAG,
      </if>
    </trim>
    <trim prefix="values (" suffix=")" suffixOverrides="," >
      <if test="id != null" >
        #{id,jdbcType=DECIMAL},
      </if>
      <if test="actionId != null" >
        #{actionId,jdbcType=VARCHAR},
      </if>
      <if test="actionName != null" >
        #{actionName,jdbcType=VARCHAR},
      </if>
      <if test="flag != null" >
        #{flag,jdbcType=DECIMAL},
      </if>
      <if test="version != null" >
        #{version,jdbcType=DECIMAL},
      </if>
      <if test="createUser != null" >
        #{createUser,jdbcType=VARCHAR},
      </if>
      <if test="createTime != null" >
        #{createTime,jdbcType=TIMESTAMP},
      </if>
      <if test="updateUser != null" >
        #{updateUser,jdbcType=VARCHAR},
      </if>
      <if test="updateTime != null" >
        #{updateTime,jdbcType=TIMESTAMP},
      </if>
      <if test="status != null" >
        #{status,jdbcType=VARCHAR},
      </if>
      <if test="accountFlag != null" >
        #{accountFlag,jdbcType=DECIMAL},
      </if>
    </trim>
  </insert>

  <update id="updateByPrimaryKeySelective" parameterType="com.uns.model.ActionType" >
    update ACTION_TYPE
    <set >
      <if test="actionId != null" >
        ACTION_ID = #{actionId,jdbcType=VARCHAR},
      </if>
      <if test="actionName != null" >
        ACTION_NAME = #{actionName,jdbcType=VARCHAR},
      </if>
      <if test="flag != null" >
        FLAG = #{flag,jdbcType=DECIMAL},
      </if>
      <if test="version != null" >
        VERSION = #{version,jdbcType=DECIMAL},
      </if>
      <if test="createUser != null" >
        CREATE_USER = #{createUser,jdbcType=VARCHAR},
      </if>
      <if test="createTime != null" >
        CREATE_TIME = #{createTime,jdbcType=TIMESTAMP},
      </if>
      <if test="updateUser != null" >
        UPDATE_USER = #{updateUser,jdbcType=VARCHAR},
      </if>
      <if test="updateTime != null" >
        UPDATE_TIME = #{updateTime,jdbcType=TIMESTAMP},
      </if>
      <if test="status != null" >
        STATUS = #{status,jdbcType=VARCHAR},
      </if>
      <if test="accountFlag != null" >
        ACCOUNT_FLAG = #{accountFlag,jdbcType=DECIMAL},
      </if>
    </set>
    where ID = #{id,jdbcType=DECIMAL}
  </update>
  <update id="updateByPrimaryKey" parameterType="com.uns.model.ActionType" >
    update ACTION_TYPE
    set ACTION_ID = #{actionId,jdbcType=VARCHAR},
      ACTION_NAME = #{actionName,jdbcType=VARCHAR},
      FLAG = #{flag,jdbcType=DECIMAL},
      VERSION = #{version,jdbcType=DECIMAL},
      CREATE_USER = #{createUser,jdbcType=VARCHAR},
      CREATE_TIME = #{createTime,jdbcType=TIMESTAMP},
      UPDATE_USER = #{updateUser,jdbcType=VARCHAR},
      UPDATE_TIME = #{updateTime,jdbcType=TIMESTAMP},
      STATUS = #{status,jdbcType=VARCHAR},
      ACCOUNT_FLAG = #{accountFlag,jdbcType=DECIMAL}
    where ID = #{id,jdbcType=DECIMAL}
  </update>
</mapper>