<?xml version="1.0" encoding="UTF-8" ?>
<!DOCTYPE mapper PUBLIC "-//mybatis.org//DTD Mapper 3.0//EN" "http://mybatis.org/dtd/mybatis-3-mapper.dtd" >
<mapper namespace="com.uns.dao.AdjustThresholdMapper">
    <resultMap id="BaseResultMap" type="com.uns.model.AdjustThreshold">
        <result column="CHECK_DATE" property="checkDate" jdbcType="DATE"/>
        <result column="TRANS_DATE" property="transDate" jdbcType="DATE"/>
        <result column="CHANNEL" property="channel" jdbcType="VARCHAR"/>
        <result column="BANK_NAME" property="bankName" jdbcType="VARCHAR"/>
        <result column="ACTION_TYPE" property="actionType" jdbcType="VARCHAR"/>
        <result column="LOCAL_TRANS_ID" property="localTransId" jdbcType="VARCHAR"/>
        <result column="BANK_TRANS_ID" property="BankTransId" jdbcType="VARCHAR"/>
        <result column="BANK_AMOUNT" property="bankAmount" jdbcType="DECIMAL"/>
        <result column="FILE_NAME" property="fileName" jdbcType="VARCHAR"/>
        <result column="CHECK_STATUS" property="checkStatus" jdbcType="VARCHAR"/>
        <result column="ADJUST_STATUS" property="adjustStatus" jdbcType="VARCHAR"/>
        <result column="OPERATOR" property="operator" jdbcType="VARCHAR"/>
        <result column="OPERATION_TIME" property="operationTime" jdbcType="DATE"/>
    </resultMap>
    <resultMap id="ThresholdMap" type="com.uns.web.form.ThresholdsForm">
        <result column="ID" property="id" jdbcType="DECIMAL"/>
	    <result column="ACCOUNT_ID" property="accountId" jdbcType="VARCHAR"/>
        <result column="ACCOUNT_NAME" property="accountName" jdbcType="VARCHAR"/>
        <result column="ACTION_NAME" property="actionName" jdbcType="VARCHAR"/>
        <result column="COUNT" property="count" jdbcType="INTEGER"/>
        <result column="SUM_AMOUNT" property="sumAmount" jdbcType="DECIMAL"/>
        <result column="SUM_FEE" property="sumFee" jdbcType="DECIMAL"/>
        <result column="SUM_WAIT_AMOUNT" property="sumWaitAmount" jdbcType="DECIMAL"/>
        <result column="SUM_WAIT_AMOUNT_Y" property="sumWaitAmountY" jdbcType="DECIMAL"/>
        <result column="SUM_WAIT_AMOUNT_T" property="sumWaitAmountT" jdbcType="DECIMAL"/>
        <result column="CHECK_DATE" property="checkDate" jdbcType="VARCHAR"/>
        <result column="CREDIT_SEQ" property="creditSeq" jdbcType="DECIMAL"/>
        <result column="ACTION_SEQ" property="actionSeq" jdbcType="DECIMAL"/>
        <result column="COUNTPARAM" property="countParam" jdbcType="VARCHAR"/>
        <result column="CHECK_USER" property="checkUser" jdbcType="VARCHAR"/>
    </resultMap>
    <sql id="Base_Column_List">
		CHECK_DATE, TRANS_DATE, CHANNEL, BANK_NAME, ACTION_TYPE, LOCAL_TRANS_ID,BANK_TRANS_ID,
		BANK_AMOUNT,FILE_NAME,CHECK_STATUS,ADJUST_STATUS,OPERATOR,OPERATION_TIME
	</sql>

    <select id="getAdjustThresholdList" parameterType="com.uns.web.form.ThresholdForm"
            resultType="com.uns.model.AdjustThreshold">
        select
        cb.id,
        cb.check_date checkDate,
        cb.trans_date transDate,
        cb.channel channel,
        cb.bank_name bankName,
        cb.action_name actionType,
        cb.local_trans_id localTransId,
        cb.account_name accountName,
        cb.local_amount localAmount,
        cb.bank_trans_id bankTransId,
        cb.bank_amount bankAmount,
        cb.file_name fileName,
        decode(cb.check_trans_status,1,'正常对账',2,'银行有我方无',3,'银行无我方有',4,'金额不对') checkStatus,
        cb.operation_time operationTime,
        cb.operator,
        decode(cb.fee_value_status,'','未调整',1,'已调整') adjustStatus
        from check_bill_trans_detail cb
        where 1=1
        <if test="channel != null and channel !=''">
            and channel=#{channel,jdbcType=VARCHAR}
        </if>
        <if test="checkStatus !=null and checkStatus!=''">
            and check_trans_status=#{checkStatus,jdbcType=VARCHAR}
        </if>
        <if test="checkStart !=null and checkStart!=''">
            and check_date >=#{checkStart,jdbcType=DATE}
        </if>
        <if test="checkEnd !=null and checkEnd!=''">
            and check_date <![CDATA[<= ]]>#{checkEnd,jdbcType=DATE}
        </if>
        <if test="localTransId !=null and localTransId !=''">
            and local_trans_id=#{localTransId,jdbcType=DATE}
        </if>
        <if test="bankTransId !=null and bankTransId !=''">
            and bank_trans_id=#{bankTransId,jdbcType=DATE}
        </if>
        <if test="accountName !=null and accountName !=''">
            and account_name like '%'||#{accountName,jdbcType=DATE}||'%'
        </if>
        <if test="actionName !=null and actionName !=''">
            and action_name =#{actionName,jdbcType=DATE}
        </if>
        <if test="feeValueStatus ==null or feeValueStatus ==''">
            and fee_value_status is null
        </if>
        <if test="operationEnd !=null and operationEnd !=''">
            and operation_time <![CDATA[<= ]]>#{operationEnd,jdbcType=DATE}
        </if>
        <if test="operationStart !=null and operationStart !=''">
            and operation_time >=#{operationStart,jdbcType=DATE}
        </if>
        <if test="operator !=null and operator !=''">
            and operator =#{operator,jdbcType=DATE}
        </if>
    </select>

    <select id="getActionName" resultType="String">
		 select distinct action_name from action_type
	</select>
    <select id="queryThresholdList" resultMap="ThresholdMap">
        SELECT T.COUNTPARAM,
               T.ACCOUNT_NAME,
               SUM(T.COUNT) COUNT,
               SUM(T.SUM_AMOUNT) SUM_AMOUNT,
               SUM(T.SUM_FEE) SUM_FEE,
               SUM(T.SUM_WAIT_AMOUNT) SUM_WAIT_AMOUNT,
               SUM(T.SUM_WAIT_AMOUNT_Y) SUM_WAIT_AMOUNT_Y,
               SUM(T.SUM_WAIT_AMOUNT_T) SUM_WAIT_AMOUNT_T,
               T.CHECK_DATE,
               T.ACCOUNT_ID
          FROM (SELECT ACC.ID || '|' || TA.CREDIT_SEQ || '|' ||
                       TO_CHAR(CB.CHECK_DATE, 'yyyy-MM-dd') COUNTPARAM,
                       ACC.NAME ACCOUNT_NAME,
                       COUNT(CB.ID) COUNT,
                       SUM(CB.LOCAL_AMOUNT) SUM_AMOUNT,
                       SUM(TA.CREDIT_FEE) SUM_FEE,
                       SUM(DECODE(AF.CHARGE_WAY,
                                  NULL,
                                  CB.LOCAL_AMOUNT - TA.CREDIT_FEE,
                                  '',
                                  CB.LOCAL_AMOUNT - TA.CREDIT_FEE,
                                  '2',
                                  CB.LOCAL_AMOUNT)) SUM_WAIT_AMOUNT,
                       SUM(DECODE(AF.CHARGE_WAY,
                                  NULL,
                                  CB.LOCAL_AMOUNT - TA.CREDIT_FEE,
                                  '',
                                  CB.LOCAL_AMOUNT - TA.CREDIT_FEE,
                                  '2',
                                  CB.LOCAL_AMOUNT)) SUM_WAIT_AMOUNT_Y,
                       TO_NUMBER(0) SUM_WAIT_AMOUNT_T,
                       TO_CHAR(CB.CHECK_DATE, 'yyyy-MM-dd') CHECK_DATE,
                       ACC.ACCOUNT_ID
                  FROM CHECK_BILL_TRANS_DETAIL CB
                  LEFT JOIN CHECK_BILL BILL
                    ON CB.CHECK_BILL_ID = BILL.ID
                  LEFT JOIN TRANSACTION TA
                    ON CB.LOCAL_TRANS_ID = TA.TRANS_ID
                  LEFT JOIN ACCOUNT ACC
                    ON TA.CREDIT_SEQ = ACC.DEFAULT_SUB_SEQ
                  LEFT JOIN ACCOUNT_FEE_DEDUCTED AF
                    ON ACC.ID = AF.ACCOUNT_SEQ
                   AND TA.ACTION_SEQ = AF.ACTION_TYPE_SEQ
                   AND AF.STATUS = 1
                 WHERE CB.CHECK_TRANS_STATUS = 1
                   AND (CB.FEE_VALUE_STATUS = 0 OR CB.FEE_VALUE_STATUS IS NULL)
                   AND TA.CREDIT_SEQ || '|' || TA.ACTION_SEQ IN
                       (SELECT WA.ACCOUNT_SUB_SEQ || '|' || WA.ACTION_SEQ
                          FROM WHITE_ACCOUNT WA
                         WHERE WA.STATUS = 1)
                <if test="accountId != null and accountId != ''">
                    AND ACC.ACCOUNT_ID = #{accountId}
                </if>
                <if test="accountName != null and accountName != ''">
                    AND ACC.NAME = #{accountName}
                </if>
                <if test="actionName != null and actionName != ''">
                    AND AT.ACTION_NAME = #{actionName}
                </if>
                <if test="beginCheckDate != null and beginCheckDate != ''">
                    <![CDATA[
                    AND TO_CHAR(CB.CHECK_DATE, 'yyyy-MM-dd') >= #{beginCheckDate}
                    ]]>
                </if>
                <if test="endCheckDate != null and endCheckDate != ''">
                    <![CDATA[
                    AND TO_CHAR(CB.CHECK_DATE, 'yyyy-MM-dd') <= #{endCheckDate}
                    ]]>
                </if>
                 GROUP BY ACC.NAME,
                          CB.CHECK_DATE,
                          CB.CHECK_TRANS_STATUS,
                          TA.CREDIT_SEQ,
                          ACC.ACCOUNT_ID,
                          CB.FEE_VALUE_STATUS,
                          ACC.ID || '|' || TA.CREDIT_SEQ || '|' ||
                          TO_CHAR(CB.CHECK_DATE, 'yyyy-MM-dd')
                UNION
                SELECT ACC.ID || '|' || TA.CREDIT_SEQ || '|' ||
                       TO_CHAR(CB.CHECK_DATE, 'yyyy-MM-dd') COUNTPARAM,
                       ACC.NAME ACCOUNT_NAME,
                       COUNT(CB.ID) COUNT,
                       SUM(CB.LOCAL_AMOUNT) SUM_AMOUNT,
                       SUM(TA.CREDIT_FEE) SUM_FEE,
                       SUM(DECODE(AF.CHARGE_WAY,
                                  NULL,
                                  CB.LOCAL_AMOUNT - TA.CREDIT_FEE,
                                  '',
                                  CB.LOCAL_AMOUNT - TA.CREDIT_FEE,
                                  '2',
                                  CB.LOCAL_AMOUNT)) SUM_WAIT_AMOUNT,
                       TO_NUMBER(0) SUM_WAIT_AMOUNT_Y,
                       SUM(DECODE(AF.CHARGE_WAY,
                                  NULL,
                                  CB.LOCAL_AMOUNT - TA.CREDIT_FEE,
                                  '',
                                  CB.LOCAL_AMOUNT - TA.CREDIT_FEE,
                                  '2',
                                  CB.LOCAL_AMOUNT)) SUM_WAIT_AMOUNT_T,
                       TO_CHAR(CB.CHECK_DATE, 'yyyy-MM-dd') CHECK_DATE,
                       ACC.ACCOUNT_ID
                  FROM CHECK_BILL_TRANS_DETAIL CB
                  LEFT JOIN CHECK_BILL BILL
                    ON CB.CHECK_BILL_ID = BILL.ID
                  LEFT JOIN ORDER_DELEGATE_COLLECT_NEW TA
                    ON CB.LOCAL_TRANS_ID = TA.TRANS_ID
                  LEFT JOIN ACCOUNT ACC
                    ON TA.CREDIT_SEQ = ACC.DEFAULT_SUB_SEQ
                  LEFT JOIN ACCOUNT_FEE_DEDUCTED AF
                    ON ACC.ID = AF.ACCOUNT_SEQ
                   AND TA.ACTION_TYPE = AF.ACTION_TYPE_SEQ
                   AND AF.STATUS = 1
                 WHERE CB.CHECK_TRANS_STATUS = 1
                   AND (CB.FEE_VALUE_STATUS = 0 OR CB.FEE_VALUE_STATUS IS NULL)
                   AND TA.CREDIT_SEQ || '|' || TA.ACTION_TYPE IN
                       (SELECT WA.ACCOUNT_SUB_SEQ || '|' || WA.ACTION_SEQ
                          FROM WHITE_ACCOUNT WA
                         WHERE WA.STATUS = 1)
                <if test="accountId != null and accountId != ''">
                    AND ACC.ACCOUNT_ID = #{accountId}
                </if>
                <if test="accountName != null and accountName != ''">
                    AND ACC.NAME = #{accountName}
                </if>
                <if test="actionName != null and actionName != ''">
                    AND AT.ACTION_NAME = #{actionName}
                </if>
                <if test="beginCheckDate != null and beginCheckDate != ''">
                    <![CDATA[
                    AND TO_CHAR(CB.CHECK_DATE, 'yyyy-MM-dd') >= #{beginCheckDate}
                    ]]>
                </if>
                <if test="endCheckDate != null and endCheckDate != ''">
                    <![CDATA[
                    AND TO_CHAR(CB.CHECK_DATE, 'yyyy-MM-dd') <= #{endCheckDate}
                    ]]>
                </if>
                 GROUP BY ACC.NAME,
                          CB.CHECK_DATE,
                          CB.CHECK_TRANS_STATUS,
                          TA.CREDIT_SEQ,
                          ACC.ACCOUNT_ID,
                          CB.FEE_VALUE_STATUS,
                          ACC.ID || '|' || TA.CREDIT_SEQ || '|' ||
                          TO_CHAR(CB.CHECK_DATE, 'yyyy-MM-dd')) T
         GROUP BY T.COUNTPARAM, T.ACCOUNT_NAME, T.CHECK_DATE, T.ACCOUNT_ID
         ORDER BY T.CHECK_DATE DESC
    </select>
    <select id="queryPreThreshold" parameterType="java.util.List" resultMap="ThresholdMap">
        SELECT T.COUNTPARAM,
               T.ACCOUNT_NAME,
               SUM(T.COUNT) COUNT,
               SUM(T.SUM_AMOUNT) SUM_AMOUNT,
               SUM(T.SUM_FEE) SUM_FEE,
               SUM(T.SUM_WAIT_AMOUNT_Y + T.SUM_WAIT_AMOUNT_T) SUM_WAIT_AMOUNT,
               SUM(T.SUM_WAIT_AMOUNT_Y) SUM_WAIT_AMOUNT_Y,
               SUM(T.SUM_WAIT_AMOUNT_T) SUM_WAIT_AMOUNT_T,
               T.CHECK_DATE,
               T.ACCOUNT_ID
          FROM (SELECT ACC.ID || '|' || TA.CREDIT_SEQ || '|' ||
                       TO_CHAR(CB.CHECK_DATE, 'yyyy-MM-dd') COUNTPARAM,
                       ACC.NAME ACCOUNT_NAME,
                       COUNT(CB.ID) COUNT,
                       SUM(CB.LOCAL_AMOUNT) SUM_AMOUNT,
                       SUM(TA.CREDIT_FEE) SUM_FEE,
                       SUM(DECODE(AF.CHARGE_WAY,
                                  NULL,
                                  CB.LOCAL_AMOUNT - TA.CREDIT_FEE,
                                  '',
                                  CB.LOCAL_AMOUNT - TA.CREDIT_FEE,
                                  '2',
                                  CB.LOCAL_AMOUNT)) SUM_WAIT_AMOUNT_Y,
                       TO_NUMBER(0) SUM_WAIT_AMOUNT_T,
                       TO_CHAR(CB.CHECK_DATE, 'yyyy-MM-dd') CHECK_DATE,
                       ACC.ACCOUNT_ID
                  FROM CHECK_BILL_TRANS_DETAIL CB
                  LEFT JOIN TRANSACTION TA
                    ON CB.LOCAL_TRANS_ID = TA.TRANS_ID
                  LEFT JOIN ACTION_TYPE AT
                    ON TA.ACTION_SEQ = AT.ID
                  LEFT JOIN ACCOUNT ACC
                    ON TA.CREDIT_SEQ = ACC.DEFAULT_SUB_SEQ
                  LEFT JOIN ACCOUNT_FEE_DEDUCTED AF
                    ON ACC.ID = AF.ACCOUNT_SEQ
                   AND TA.ACTION_SEQ = AF.ACTION_TYPE_SEQ
                   AND AF.STATUS = 1
                 WHERE CB.CHECK_TRANS_STATUS = 1
                <if test="transType == 4">
                    AND CB.TRANS_TYPE = #{transType}
                </if>
                   AND (CB.FEE_VALUE_STATUS = 0 OR CB.FEE_VALUE_STATUS IS NULL)
                   AND ACC.ID || '|' || TA.CREDIT_SEQ || '|' ||
                       TO_CHAR(CB.CHECK_DATE, 'yyyy-MM-dd') IN
                <foreach collection="list" item="item" index="index" open="(" close=")" separator="," >
                    #{item}
                </foreach>
                   AND TA.CREDIT_SEQ || '|' || TA.ACTION_SEQ IN
                       (SELECT WA.ACCOUNT_SUB_SEQ || '|' || WA.ACTION_SEQ
                          FROM WHITE_ACCOUNT WA
                         WHERE WA.STATUS = 1)
                 GROUP BY ACC.NAME,
                          CB.CHECK_DATE,
                          CB.CHECK_TRANS_STATUS,
                          TA.CREDIT_SEQ,
                          ACC.ACCOUNT_ID,
                          CB.FEE_VALUE_STATUS,
                          ACC.ID || '|' || TA.CREDIT_SEQ || '|' ||
                          TO_CHAR(CB.CHECK_DATE, 'yyyy-MM-dd')
                UNION ALL
                SELECT ACC.ID || '|' || TA.CREDIT_SEQ || '|' ||
                       TO_CHAR(CB.CHECK_DATE, 'yyyy-MM-dd') COUNTPARAM,
                       ACC.NAME ACCOUNT_NAME,
                       COUNT(CB.ID) COUNT,
                       SUM(CB.LOCAL_AMOUNT) SUM_AMOUNT,
                       SUM(TA.CREDIT_FEE) SUM_FEE,
                       TO_NUMBER(0) SUM_WAIT_AMOUNT_Y,
                       SUM(DECODE(AF.CHARGE_WAY,
                                  NULL,
                                  CB.LOCAL_AMOUNT - TA.CREDIT_FEE,
                                  '',
                                  CB.LOCAL_AMOUNT - TA.CREDIT_FEE,
                                  '2',
                                  CB.LOCAL_AMOUNT)) SUM_WAIT_AMOUNT_T,
                       TO_CHAR(CB.CHECK_DATE, 'yyyy-MM-dd') CHECK_DATE,
                       ACC.ACCOUNT_ID
                  FROM CHECK_BILL_TRANS_DETAIL CB
                  LEFT JOIN ORDER_DELEGATE_COLLECT_NEW TA
                    ON CB.LOCAL_TRANS_ID = TA.TRANS_ID
                  LEFT JOIN ACTION_TYPE AT
                    ON TA.ACTION_TYPE = AT.ID
                  LEFT JOIN ACCOUNT ACC
                    ON TA.CREDIT_SEQ = ACC.DEFAULT_SUB_SEQ
                  LEFT JOIN ACCOUNT_FEE_DEDUCTED AF
                    ON ACC.ID = AF.ACCOUNT_SEQ
                   AND TA.ACTION_TYPE = AF.ACTION_TYPE_SEQ
                   AND AF.STATUS = 1
                 WHERE CB.CHECK_TRANS_STATUS = 1
                <if test="transType == 4">
                    AND CB.TRANS_TYPE = #{transType}
                </if>
                   AND (CB.FEE_VALUE_STATUS = 0 OR CB.FEE_VALUE_STATUS IS NULL)
                   AND ACC.ID || '|' || TA.CREDIT_SEQ || '|' ||
                       TO_CHAR(CB.CHECK_DATE, 'yyyy-MM-dd') IN
                <foreach collection="list" item="item" index="index" open="(" close=")" separator="," >
                    #{item}
                </foreach>
                   AND TA.CREDIT_SEQ || '|' || TA.ACTION_TYPE IN
                       (SELECT WA.ACCOUNT_SUB_SEQ || '|' || WA.ACTION_SEQ
                          FROM WHITE_ACCOUNT WA
                         WHERE WA.STATUS = 1)
                 GROUP BY ACC.NAME,
                          CB.CHECK_DATE,
                          CB.CHECK_TRANS_STATUS,
                          TA.CREDIT_SEQ,
                          ACC.ACCOUNT_ID,
                          CB.FEE_VALUE_STATUS,
                          ACC.ID || '|' || TA.CREDIT_SEQ || '|' ||
                          TO_CHAR(CB.CHECK_DATE, 'yyyy-MM-dd')) T
         GROUP BY T.COUNTPARAM, T.ACCOUNT_NAME, T.CHECK_DATE, T.ACCOUNT_ID
         ORDER BY T.CHECK_DATE DESC
    </select>
    <!--<select id="queryPreThreshold" parameterType="java.util.List" resultMap="ThresholdMap">
        SELECT ACC.ID || '|' || TA.CREDIT_SEQ || '|' || TO_CHAR(CB.CHECK_DATE, 'yyyy-MM-dd') COUNTPARAM,
               ACC.NAME ACCOUNT_NAME,
               COUNT(CB.ID) COUNT,
               SUM(CB.LOCAL_AMOUNT) SUM_AMOUNT,
               SUM(TA.CREDIT_FEE) SUM_FEE,
               SUM(DECODE(AF.CHARGE_WAY,
                          NULL ,
                          CB.LOCAL_AMOUNT - TA.CREDIT_FEE,
                          '',
                          CB.LOCAL_AMOUNT - TA.CREDIT_FEE,
                          '2',
                          CB.LOCAL_AMOUNT)) SUM_WAIT_AMOUNT,
               TO_CHAR(CB.CHECK_DATE, 'yyyy-MM-dd') CHECK_DATE,
               ACC.ACCOUNT_ID
          FROM CHECK_BILL_TRANS_DETAIL CB
          LEFT JOIN TRANSACTION TA
            ON CB.LOCAL_TRANS_ID = TA.TRANS_ID
          LEFT JOIN ACTION_TYPE AT
            ON TA.ACTION_SEQ = AT.ID
          LEFT JOIN ACCOUNT ACC
            ON TA.CREDIT_SEQ = ACC.DEFAULT_SUB_SEQ
          LEFT JOIN ACCOUNT_FEE_DEDUCTED AF
            ON ACC.ID = AF.ACCOUNT_SEQ
           AND TA.ACTION_SEQ = AF.ACTION_TYPE_SEQ
           AND AF.STATUS = 1
           WHERE CB.CHECK_TRANS_STATUS = 1
        AND (CB.FEE_VALUE_STATUS = 0 OR CB.FEE_VALUE_STATUS IS NULL)
        AND ACC.ID || '|' || TA.CREDIT_SEQ || '|' || TO_CHAR(CB.CHECK_DATE, 'yyyy-MM-dd') IN
        <foreach collection="list" item="item" index="index" open="(" close=")" separator="," >
            #{item}
        </foreach>
        AND TA.CREDIT_SEQ || '|' || TA.ACTION_SEQ IN (
        SELECT WA.ACCOUNT_SUB_SEQ || '|' || WA.ACTION_SEQ FROM WHITE_ACCOUNT WA WHERE WA.STATUS = 1
        )
         GROUP BY ACC.NAME,
                  CB.CHECK_DATE,
                  CB.CHECK_TRANS_STATUS,
                  TA.CREDIT_SEQ,
                  ACC.ACCOUNT_ID,
                  CB.FEE_VALUE_STATUS,
                  ACC.ID || '|' || TA.CREDIT_SEQ || '|' || TO_CHAR(CB.CHECK_DATE, 'yyyy-MM-dd')
        ORDER BY CB.CHECK_DATE DESC
    </select>-->
    <select id="sumPreAmountFee" parameterType="java.util.List" resultType="java.util.Map" >
        SELECT SUM(T.SUM_AMOUNT) SUM_AMOUNT,
               SUM(T.SUM_WAIT_AMOUNT_Y) + SUM(T.SUM_WAIT_AMOUNT_T) SUM_WAIT_AMOUNT,
               SUM(T.SUM_WAIT_AMOUNT_Y) SUM_WAIT_AMOUNT_Y,
               SUM(T.SUM_WAIT_AMOUNT_T) SUM_WAIT_AMOUNT_T
          FROM (SELECT SUM(CB.LOCAL_AMOUNT) SUM_AMOUNT,
                       SUM(DECODE(AF.CHARGE_WAY,
                                  NULL,
                                  CB.LOCAL_AMOUNT - TA.CREDIT_FEE,
                                  '',
                                  CB.LOCAL_AMOUNT - TA.CREDIT_FEE,
                                  '2',
                                  CB.LOCAL_AMOUNT)) SUM_WAIT_AMOUNT_Y,
                       TO_NUMBER(0) SUM_WAIT_AMOUNT_T
                  FROM CHECK_BILL_TRANS_DETAIL CB
                  LEFT JOIN TRANSACTION TA
                    ON CB.LOCAL_TRANS_ID = TA.TRANS_ID
                  LEFT JOIN ACTION_TYPE AT
                    ON TA.ACTION_SEQ = AT.ID
                  LEFT JOIN ACCOUNT ACC
                    ON TA.CREDIT_SEQ = ACC.DEFAULT_SUB_SEQ
                  LEFT JOIN ACCOUNT_FEE_DEDUCTED AF
                    ON ACC.ID = AF.ACCOUNT_SEQ
                   AND TA.ACTION_SEQ = AF.ACTION_TYPE_SEQ
                   AND AF.STATUS = 1
                 WHERE CB.CHECK_TRANS_STATUS = 1
                   AND (CB.FEE_VALUE_STATUS = 0 OR CB.FEE_VALUE_STATUS IS NULL)
                   AND ACC.ID || '|' || TA.CREDIT_SEQ || '|' ||
                       TO_CHAR(CB.CHECK_DATE, 'yyyy-MM-dd') IN
                <foreach collection="list" item="item" index="index" open="(" close=")" separator="," >
                    #{item}
                </foreach>
                   AND TA.CREDIT_SEQ || '|' || TA.ACTION_SEQ IN
                       (SELECT WA.ACCOUNT_SUB_SEQ || '|' || WA.ACTION_SEQ
                          FROM WHITE_ACCOUNT WA
                         WHERE WA.STATUS = 1)
                UNION ALL
                SELECT SUM(CB.LOCAL_AMOUNT) SUM_AMOUNT,
                       TO_NUMBER(0) SUM_WAIT_AMOUNT_Y,
                       SUM(DECODE(AF.CHARGE_WAY,
                                  NULL,
                                  CB.LOCAL_AMOUNT - TA.CREDIT_FEE,
                                  '',
                                  CB.LOCAL_AMOUNT - TA.CREDIT_FEE,
                                  '2',
                                  CB.LOCAL_AMOUNT)) SUM_WAIT_AMOUNT_T
                  FROM CHECK_BILL_TRANS_DETAIL CB
                  LEFT JOIN ORDER_DELEGATE_COLLECT_NEW TA
                    ON CB.LOCAL_TRANS_ID = TA.TRANS_ID
                  LEFT JOIN ACTION_TYPE AT
                    ON TA.ACTION_TYPE = AT.ID
                  LEFT JOIN ACCOUNT ACC
                    ON TA.CREDIT_SEQ = ACC.DEFAULT_SUB_SEQ
                  LEFT JOIN ACCOUNT_FEE_DEDUCTED AF
                    ON ACC.ID = AF.ACCOUNT_SEQ
                   AND TA.ACTION_TYPE = AF.ACTION_TYPE_SEQ
                   AND AF.STATUS = 1
                 WHERE CB.CHECK_TRANS_STATUS = 1
                   AND (CB.FEE_VALUE_STATUS = 0 OR CB.FEE_VALUE_STATUS IS NULL)
                   AND ACC.ID || '|' || TA.CREDIT_SEQ || '|' ||
                       TO_CHAR(CB.CHECK_DATE, 'yyyy-MM-dd') IN
                <foreach collection="list" item="item" index="index" open="(" close=")" separator="," >
                    #{item}
                </foreach>
                   AND TA.CREDIT_SEQ || '|' || TA.ACTION_TYPE IN
                       (SELECT WA.ACCOUNT_SUB_SEQ || '|' || WA.ACTION_SEQ
                          FROM WHITE_ACCOUNT WA
                         WHERE WA.STATUS = 1)) T
    </select>
    <!--<select id="sumPreAmountFee" parameterType="java.util.List" resultType="java.util.Map" >
        SELECT SUM(CB.LOCAL_AMOUNT) SUM_AMOUNT,
               SUM(DECODE(AF.CHARGE_WAY,
                          NULL,
                          CB.LOCAL_AMOUNT - TA.CREDIT_FEE,
                          '',
                          CB.LOCAL_AMOUNT - TA.CREDIT_FEE,
                          '2',
                          CB.LOCAL_AMOUNT)) SUM_WAIT_AMOUNT
          FROM CHECK_BILL_TRANS_DETAIL CB
          LEFT JOIN TRANSACTION TA
            ON CB.LOCAL_TRANS_ID = TA.TRANS_ID
          LEFT JOIN ACTION_TYPE AT
            ON TA.ACTION_SEQ = AT.ID
          LEFT JOIN ACCOUNT ACC
            ON TA.CREDIT_SEQ = ACC.DEFAULT_SUB_SEQ
          LEFT JOIN ACCOUNT_FEE_DEDUCTED AF
            ON ACC.ID = AF.ACCOUNT_SEQ
           AND TA.ACTION_SEQ = AF.ACTION_TYPE_SEQ
           AND AF.STATUS = 1
       WHERE CB.CHECK_TRANS_STATUS = 1
        AND (CB.FEE_VALUE_STATUS = 0 OR CB.FEE_VALUE_STATUS IS NULL)
        AND ACC.ID || '|' || TA.CREDIT_SEQ || '|' || TO_CHAR(CB.CHECK_DATE, 'yyyy-MM-dd') IN
        <foreach collection="list" item="item" index="index" open="(" close=")" separator="," >
            #{item}
        </foreach>
        AND TA.CREDIT_SEQ || '|' || TA.ACTION_SEQ IN (
        SELECT WA.ACCOUNT_SUB_SEQ || '|' || WA.ACTION_SEQ FROM WHITE_ACCOUNT WA WHERE WA.STATUS = 1
        )
    </select>-->

	<select id="getAccounts" resultType="java.util.Map" parameterType="java.util.Map">
		select cb.account_name from check_bill_trans_detail cb
		where 1=1
		and cb.id in
	    <foreach collection="list" item="item" index="index"
            open="(" close=")" separator=",">
            #{item,jdbcType=VARCHAR}
        </foreach>
	</select>
</mapper>