<?xml version="1.0" encoding="UTF-8" ?>
<!DOCTYPE mapper PUBLIC "-//mybatis.org//DTD Mapper 3.0//EN" "http://mybatis.org/dtd/mybatis-3-mapper.dtd" >
<mapper namespace="com.uns.dao.AuditGroupMapper" >
  <resultMap id="BaseResultMap" type="com.uns.model.AuditGroup" >
    <id column="ID" property="id" jdbcType="DECIMAL" />
    <result column="ACCOUNT_ID" property="accountId" jdbcType="DECIMAL" />
    <result column="NAME" property="name" jdbcType="VARCHAR" />
    <result column="REMARK" property="remark" jdbcType="VARCHAR" />
    <result column="USED" property="used" jdbcType="DECIMAL" />
    <result column="VERSION" property="version" jdbcType="DECIMAL" />
    <result column="CREATE_USER" property="createUser" jdbcType="VARCHAR" />
    <result column="CREATE_TIME" property="createTime" jdbcType="DATE" />
    <result column="UPDATE_USER" property="updateUser" jdbcType="VARCHAR" />
    <result column="UPDATE_TIME" property="updateTime" jdbcType="DATE" />
    <result column="SYSTEM_GROUP" property="systemGroup" jdbcType="DECIMAL" />
    <result column="UPDATABLE" property="updatable" jdbcType="DECIMAL" />
  </resultMap>


  <sql id="Base_Column_List" >
    ID, ACCOUNT_ID, NAME, REMARK, USED, VERSION, CREATE_USER, CREATE_TIME, UPDATE_USER, 
    UPDATE_TIME, SYSTEM_GROUP, UPDATABLE
  </sql>

  <select id="selectByPrimaryKey" resultMap="BaseResultMap" parameterType="java.math.BigDecimal" >
    select 
    <include refid="Base_Column_List" />
    from AUDIT_GROUP
    where ID = #{id,jdbcType=DECIMAL}
  </select>
  <delete id="deleteByPrimaryKey" parameterType="java.math.BigDecimal" >
    delete from AUDIT_GROUP
    where ID = #{id,jdbcType=DECIMAL}
  </delete>

  <insert id="insert" parameterType="com.uns.model.AuditGroup" >
    insert into AUDIT_GROUP (ID, ACCOUNT_ID, NAME, 
      REMARK, USED, VERSION, 
      CREATE_USER, CREATE_TIME, UPDATE_USER, 
      UPDATE_TIME, SYSTEM_GROUP, UPDATABLE
      )
    values (#{id,jdbcType=DECIMAL}, #{accountId,jdbcType=DECIMAL}, #{name,jdbcType=VARCHAR}, 
      #{remark,jdbcType=VARCHAR}, #{used,jdbcType=DECIMAL}, #{version,jdbcType=DECIMAL}, 
      #{createUser,jdbcType=VARCHAR}, #{createTime,jdbcType=DATE}, #{updateUser,jdbcType=VARCHAR}, 
      #{updateTime,jdbcType=DATE}, #{systemGroup,jdbcType=DECIMAL}, #{updatable,jdbcType=DECIMAL}
      )
  </insert>
  <insert id="insertSelective" parameterType="com.uns.model.AuditGroup" >
    insert into AUDIT_GROUP
    <trim prefix="(" suffix=")" suffixOverrides="," >
      <if test="id != null" >
        ID,
      </if>
      <if test="accountId != null" >
        ACCOUNT_ID,
      </if>
      <if test="name != null" >
        NAME,
      </if>
      <if test="remark != null" >
        REMARK,
      </if>
      <if test="used != null" >
        USED,
      </if>
      <if test="version != null" >
        VERSION,
      </if>
      <if test="createUser != null" >
        CREATE_USER,
      </if>
      <if test="createTime != null" >
        CREATE_TIME,
      </if>
      <if test="updateUser != null" >
        UPDATE_USER,
      </if>
      <if test="updateTime != null" >
        UPDATE_TIME,
      </if>
      <if test="systemGroup != null" >
        SYSTEM_GROUP,
      </if>
      <if test="updatable != null" >
        UPDATABLE,
      </if>
    </trim>
    <trim prefix="values (" suffix=")" suffixOverrides="," >
      <if test="id != null" >
        #{id,jdbcType=DECIMAL},
      </if>
      <if test="accountId != null" >
        #{accountId,jdbcType=DECIMAL},
      </if>
      <if test="name != null" >
        #{name,jdbcType=VARCHAR},
      </if>
      <if test="remark != null" >
        #{remark,jdbcType=VARCHAR},
      </if>
      <if test="used != null" >
        #{used,jdbcType=DECIMAL},
      </if>
      <if test="version != null" >
        #{version,jdbcType=DECIMAL},
      </if>
      <if test="createUser != null" >
        #{createUser,jdbcType=VARCHAR},
      </if>
      <if test="createTime != null" >
        #{createTime,jdbcType=DATE},
      </if>
      <if test="updateUser != null" >
        #{updateUser,jdbcType=VARCHAR},
      </if>
      <if test="updateTime != null" >
        #{updateTime,jdbcType=DATE},
      </if>
      <if test="systemGroup != null" >
        #{systemGroup,jdbcType=DECIMAL},
      </if>
      <if test="updatable != null" >
        #{updatable,jdbcType=DECIMAL},
      </if>
    </trim>
  </insert>

  <update id="updateByPrimaryKeySelective" parameterType="com.uns.model.AuditGroup" >
    update AUDIT_GROUP
    <set >
      <if test="accountId != null" >
        ACCOUNT_ID = #{accountId,jdbcType=DECIMAL},
      </if>
      <if test="name != null" >
        NAME = #{name,jdbcType=VARCHAR},
      </if>
      <if test="remark != null" >
        REMARK = #{remark,jdbcType=VARCHAR},
      </if>
      <if test="used != null" >
        USED = #{used,jdbcType=DECIMAL},
      </if>
      <if test="version != null" >
        VERSION = #{version,jdbcType=DECIMAL},
      </if>
      <if test="createUser != null" >
        CREATE_USER = #{createUser,jdbcType=VARCHAR},
      </if>
      <if test="createTime != null" >
        CREATE_TIME = #{createTime,jdbcType=DATE},
      </if>
      <if test="updateUser != null" >
        UPDATE_USER = #{updateUser,jdbcType=VARCHAR},
      </if>
      <if test="updateTime != null" >
        UPDATE_TIME = #{updateTime,jdbcType=DATE},
      </if>
      <if test="systemGroup != null" >
        SYSTEM_GROUP = #{systemGroup,jdbcType=DECIMAL},
      </if>
      <if test="updatable != null" >
        UPDATABLE = #{updatable,jdbcType=DECIMAL},
      </if>
    </set>
    where ID = #{id,jdbcType=DECIMAL}
  </update>
  <update id="updateByPrimaryKey" parameterType="com.uns.model.AuditGroup" >
    update AUDIT_GROUP
    set ACCOUNT_ID = #{accountId,jdbcType=DECIMAL},
      NAME = #{name,jdbcType=VARCHAR},
      REMARK = #{remark,jdbcType=VARCHAR},
      USED = #{used,jdbcType=DECIMAL},
      VERSION = #{version,jdbcType=DECIMAL},
      CREATE_USER = #{createUser,jdbcType=VARCHAR},
      CREATE_TIME = #{createTime,jdbcType=DATE},
      UPDATE_USER = #{updateUser,jdbcType=VARCHAR},
      UPDATE_TIME = #{updateTime,jdbcType=DATE},
      SYSTEM_GROUP = #{systemGroup,jdbcType=DECIMAL},
      UPDATABLE = #{updatable,jdbcType=DECIMAL}
    where ID = #{id,jdbcType=DECIMAL}
  </update>
</mapper>