<?xml version="1.0" encoding="UTF-8" ?>
<!DOCTYPE mapper PUBLIC "-//mybatis.org//DTD Mapper 3.0//EN" "http://mybatis.org/dtd/mybatis-3-mapper.dtd" >
<mapper namespace="com.uns.dao.AuditStepMapper" >
  <resultMap id="BaseResultMap" type="com.uns.model.AuditStep" >
    <id column="ID" property="id" jdbcType="DECIMAL" />
    <result column="AUDIT_RULE_ID" property="auditRuleId" jdbcType="DECIMAL" />
    <result column="AUDIT_GROUP_ID" property="auditGroupId" jdbcType="DECIMAL" />
    <result column="NAME" property="name" jdbcType="VARCHAR" />
    <result column="AUDIT_LEVEL" property="auditLevel" jdbcType="VARCHAR" />
    <result column="VERSION" property="version" jdbcType="DECIMAL" />
    <result column="CREATE_USER" property="createUser" jdbcType="VARCHAR" />
    <result column="CREATE_TIME" property="createTime" jdbcType="DATE" />
    <result column="UPDATE_USER" property="updateUser" jdbcType="VARCHAR" />
    <result column="UPDATE_TIME" property="updateTime" jdbcType="DATE" />
  </resultMap>

  <sql id="Base_Column_List" >
    ID, AUDIT_RULE_ID, AUDIT_GROUP_ID, NAME, AUDIT_LEVEL, VERSION, CREATE_USER, CREATE_TIME, 
    UPDATE_USER, UPDATE_TIME
  </sql>

  <select id="selectByPrimaryKey" resultMap="BaseResultMap" parameterType="java.math.BigDecimal" >
    select 
    <include refid="Base_Column_List" />
    from AUDIT_STEP
    where ID = #{id,jdbcType=DECIMAL}
  </select>
  <delete id="deleteByPrimaryKey" parameterType="java.math.BigDecimal" >
    delete from AUDIT_STEP
    where ID = #{id,jdbcType=DECIMAL}
  </delete>

  <insert id="insert" parameterType="com.uns.model.AuditStep" >
    insert into AUDIT_STEP (ID, AUDIT_RULE_ID, AUDIT_GROUP_ID, 
      NAME, AUDIT_LEVEL, VERSION, 
      CREATE_USER, CREATE_TIME, UPDATE_USER, 
      UPDATE_TIME)
    values (#{id,jdbcType=DECIMAL}, #{auditRuleId,jdbcType=DECIMAL}, #{auditGroupId,jdbcType=DECIMAL}, 
      #{name,jdbcType=VARCHAR}, #{auditLevel,jdbcType=VARCHAR}, #{version,jdbcType=DECIMAL}, 
      #{createUser,jdbcType=VARCHAR}, #{createTime,jdbcType=DATE}, #{updateUser,jdbcType=VARCHAR}, 
      #{updateTime,jdbcType=DATE})
  </insert>
  <insert id="insertSelective" parameterType="com.uns.model.AuditStep" >
    insert into AUDIT_STEP
    <trim prefix="(" suffix=")" suffixOverrides="," >
      <if test="id != null" >
        ID,
      </if>
      <if test="auditRuleId != null" >
        AUDIT_RULE_ID,
      </if>
      <if test="auditGroupId != null" >
        AUDIT_GROUP_ID,
      </if>
      <if test="name != null" >
        NAME,
      </if>
      <if test="auditLevel != null" >
        AUDIT_LEVEL,
      </if>
      <if test="version != null" >
        VERSION,
      </if>
      <if test="createUser != null" >
        CREATE_USER,
      </if>
      <if test="createTime != null" >
        CREATE_TIME,
      </if>
      <if test="updateUser != null" >
        UPDATE_USER,
      </if>
      <if test="updateTime != null" >
        UPDATE_TIME,
      </if>
    </trim>
    <trim prefix="values (" suffix=")" suffixOverrides="," >
      <if test="id != null" >
        #{id,jdbcType=DECIMAL},
      </if>
      <if test="auditRuleId != null" >
        #{auditRuleId,jdbcType=DECIMAL},
      </if>
      <if test="auditGroupId != null" >
        #{auditGroupId,jdbcType=DECIMAL},
      </if>
      <if test="name != null" >
        #{name,jdbcType=VARCHAR},
      </if>
      <if test="auditLevel != null" >
        #{auditLevel,jdbcType=VARCHAR},
      </if>
      <if test="version != null" >
        #{version,jdbcType=DECIMAL},
      </if>
      <if test="createUser != null" >
        #{createUser,jdbcType=VARCHAR},
      </if>
      <if test="createTime != null" >
        #{createTime,jdbcType=DATE},
      </if>
      <if test="updateUser != null" >
        #{updateUser,jdbcType=VARCHAR},
      </if>
      <if test="updateTime != null" >
        #{updateTime,jdbcType=DATE},
      </if>
    </trim>
  </insert>


  <update id="updateByPrimaryKeySelective" parameterType="com.uns.model.AuditStep" >
    update AUDIT_STEP
    <set >
      <if test="auditRuleId != null" >
        AUDIT_RULE_ID = #{auditRuleId,jdbcType=DECIMAL},
      </if>
      <if test="auditGroupId != null" >
        AUDIT_GROUP_ID = #{auditGroupId,jdbcType=DECIMAL},
      </if>
      <if test="name != null" >
        NAME = #{name,jdbcType=VARCHAR},
      </if>
      <if test="auditLevel != null" >
        AUDIT_LEVEL = #{auditLevel,jdbcType=VARCHAR},
      </if>
      <if test="version != null" >
        VERSION = #{version,jdbcType=DECIMAL},
      </if>
      <if test="createUser != null" >
        CREATE_USER = #{createUser,jdbcType=VARCHAR},
      </if>
      <if test="createTime != null" >
        CREATE_TIME = #{createTime,jdbcType=DATE},
      </if>
      <if test="updateUser != null" >
        UPDATE_USER = #{updateUser,jdbcType=VARCHAR},
      </if>
      <if test="updateTime != null" >
        UPDATE_TIME = #{updateTime,jdbcType=DATE},
      </if>
    </set>
    where ID = #{id,jdbcType=DECIMAL}
  </update>
  <update id="updateByPrimaryKey" parameterType="com.uns.model.AuditStep" >
    update AUDIT_STEP
    set AUDIT_RULE_ID = #{auditRuleId,jdbcType=DECIMAL},
      AUDIT_GROUP_ID = #{auditGroupId,jdbcType=DECIMAL},
      NAME = #{name,jdbcType=VARCHAR},
      AUDIT_LEVEL = #{auditLevel,jdbcType=VARCHAR},
      VERSION = #{version,jdbcType=DECIMAL},
      CREATE_USER = #{createUser,jdbcType=VARCHAR},
      CREATE_TIME = #{createTime,jdbcType=DATE},
      UPDATE_USER = #{updateUser,jdbcType=VARCHAR},
      UPDATE_TIME = #{updateTime,jdbcType=DATE}
    where ID = #{id,jdbcType=DECIMAL}
  </update>
  
  <select id="getAuditStep" resultMap="BaseResultMap" parameterType="java.math.BigDecimal" >
    select 
    <include refid="Base_Column_List" />
    from AUDIT_STEP
    where audit_rule_id = #{auditRuleId,jdbcType=DECIMAL}
    order by audit_level
  </select>
  
  
  
</mapper>