<?xml version="1.0" encoding="UTF-8" ?>
<!DOCTYPE mapper PUBLIC "-//mybatis.org//DTD Mapper 3.0//EN" "http://mybatis.org/dtd/mybatis-3-mapper.dtd" >
<mapper namespace="com.uns.dao.AuditOperationMapper" >
  <resultMap id="BaseResultMap" type="com.uns.model.AuditOperation" >
    <id column="ID" property="id" jdbcType="DECIMAL" />
    <result column="AUDIT_OPERAND_ID" property="auditOperandId" jdbcType="DECIMAL" />
    <result column="AUDIT_RULE_ID" property="auditRuleId" jdbcType="DECIMAL" />
    <result column="AUDIT_GROUP_ID" property="auditGroupId" jdbcType="DECIMAL" />
    <result column="PREVIOUS_STATUS" property="previousStatus" jdbcType="DECIMAL" />
    <result column="POST_STATUS" property="postStatus" jdbcType="DECIMAL" />
    <result column="ATTITUDE" property="attitude" jdbcType="VARCHAR" />
    <result column="VERSION" property="version" jdbcType="DECIMAL" />
    <result column="CREATE_USER" property="createUser" jdbcType="VARCHAR" />
    <result column="CREATE_TIME" property="createTime" jdbcType="TIMESTAMP" />
    <result column="UPDATE_USER" property="updateUser" jdbcType="VARCHAR" />
    <result column="UPDATE_TIME" property="updateTime" jdbcType="TIMESTAMP" />
  </resultMap>


  <sql id="Base_Column_List" >
    ID, AUDIT_OPERAND_ID, AUDIT_RULE_ID, AUDIT_GROUP_ID, PREVIOUS_STATUS, POST_STATUS, 
    ATTITUDE, VERSION, CREATE_USER, CREATE_TIME, UPDATE_USER, UPDATE_TIME
  </sql>
  
  <sql id="Base_Column_List_Ao" >
    ao.ID, ao.AUDIT_OPERAND_ID, ao.AUDIT_RULE_ID, ao.AUDIT_GROUP_ID, ao.PREVIOUS_STATUS, ao.POST_STATUS, 
    ao.ATTITUDE, ao.VERSION, ao.CREATE_USER, ao.CREATE_TIME, ao.UPDATE_USER, ao.UPDATE_TIME
  </sql>


  <select id="selectByPrimaryKey" resultMap="BaseResultMap" parameterType="java.math.BigDecimal" >
    select 
    <include refid="Base_Column_List" />
    from AUDIT_OPERATION
    where ID = #{id,jdbcType=DECIMAL}
  </select>
  <delete id="deleteByPrimaryKey" parameterType="java.math.BigDecimal" >
    delete from AUDIT_OPERATION
    where ID = #{id,jdbcType=DECIMAL}
  </delete>


  <insert id="insert" parameterType="com.uns.model.AuditOperation" >
    insert into AUDIT_OPERATION (ID, AUDIT_OPERAND_ID, AUDIT_RULE_ID, 
      AUDIT_GROUP_ID, PREVIOUS_STATUS, POST_STATUS, 
      ATTITUDE, VERSION, CREATE_USER, 
      CREATE_TIME, UPDATE_USER, UPDATE_TIME
      )
    values (#{id,jdbcType=DECIMAL}, #{auditOperandId,jdbcType=DECIMAL}, #{auditRuleId,jdbcType=DECIMAL}, 
      #{auditGroupId,jdbcType=DECIMAL}, #{previousStatus,jdbcType=DECIMAL}, #{postStatus,jdbcType=DECIMAL}, 
      #{attitude,jdbcType=VARCHAR}, #{version,jdbcType=DECIMAL}, #{createUser,jdbcType=VARCHAR}, 
      #{createTime,jdbcType=DATE}, #{updateUser,jdbcType=VARCHAR}, #{updateTime,jdbcType=DATE}
      )
  </insert>
  <insert id="insertSelective" parameterType="com.uns.model.AuditOperation" useGeneratedKeys="true" keyProperty="id">
     <selectKey resultType="BigDecimal" keyProperty="id" order="BEFORE">
      select AUDIT_OPERATION_SEQUENCE.NEXTVAL from dual
     </selectKey>
    insert into AUDIT_OPERATION
    <trim prefix="(" suffix=")" suffixOverrides="," >
      <if test="id != null" >
        ID,
      </if>
      <if test="auditOperandId != null" >
        AUDIT_OPERAND_ID,
      </if>
      <if test="auditRuleId != null" >
        AUDIT_RULE_ID,
      </if>
      <if test="auditGroupId != null" >
        AUDIT_GROUP_ID,
      </if>
      <if test="previousStatus != null" >
        PREVIOUS_STATUS,
      </if>
      <if test="postStatus != null" >
        POST_STATUS,
      </if>
      <if test="attitude != null" >
        ATTITUDE,
      </if>
      <if test="version != null" >
        VERSION,
      </if>
      <if test="createUser != null" >
        CREATE_USER,
      </if>
      <if test="createTime != null" >
        CREATE_TIME,
      </if>
      <if test="updateUser != null" >
        UPDATE_USER,
      </if>
      <if test="updateTime != null" >
        UPDATE_TIME,
      </if>
    </trim>
    <trim prefix="values (" suffix=")" suffixOverrides="," >
      <if test="id != null" >
        #{id,jdbcType=DECIMAL},
      </if>
      <if test="auditOperandId != null" >
        #{auditOperandId,jdbcType=DECIMAL},
      </if>
      <if test="auditRuleId != null" >
        #{auditRuleId,jdbcType=DECIMAL},
      </if>
      <if test="auditGroupId != null" >
        #{auditGroupId,jdbcType=DECIMAL},
      </if>
      <if test="previousStatus != null" >
        #{previousStatus,jdbcType=DECIMAL},
      </if>
      <if test="postStatus != null" >
        #{postStatus,jdbcType=DECIMAL},
      </if>
      <if test="attitude != null" >
        #{attitude,jdbcType=VARCHAR},
      </if>
      <if test="version != null" >
        #{version,jdbcType=DECIMAL},
      </if>
      <if test="createUser != null" >
        #{createUser,jdbcType=VARCHAR},
      </if>
      <if test="createTime != null" >
        #{createTime,jdbcType=DATE},
      </if>
      <if test="updateUser != null" >
        #{updateUser,jdbcType=VARCHAR},
      </if>
      <if test="updateTime != null" >
        #{updateTime,jdbcType=DATE},
      </if>
    </trim>
  </insert>

  <update id="updateByPrimaryKeySelective" parameterType="com.uns.model.AuditOperation" >
    update AUDIT_OPERATION
    <set >
      <if test="auditOperandId != null" >
        AUDIT_OPERAND_ID = #{auditOperandId,jdbcType=DECIMAL},
      </if>
      <if test="auditRuleId != null" >
        AUDIT_RULE_ID = #{auditRuleId,jdbcType=DECIMAL},
      </if>
      <if test="auditGroupId != null" >
        AUDIT_GROUP_ID = #{auditGroupId,jdbcType=DECIMAL},
      </if>
      <if test="previousStatus != null" >
        PREVIOUS_STATUS = #{previousStatus,jdbcType=DECIMAL},
      </if>
      <if test="postStatus != null" >
        POST_STATUS = #{postStatus,jdbcType=DECIMAL},
      </if>
      <if test="attitude != null" >
        ATTITUDE = #{attitude,jdbcType=VARCHAR},
      </if>
      <if test="version != null" >
        VERSION = #{version,jdbcType=DECIMAL},
      </if>
      <if test="createUser != null" >
        CREATE_USER = #{createUser,jdbcType=VARCHAR},
      </if>
      <if test="createTime != null" >
        CREATE_TIME = #{createTime,jdbcType=DATE},
      </if>
      <if test="updateUser != null" >
        UPDATE_USER = #{updateUser,jdbcType=VARCHAR},
      </if>
      <if test="updateTime != null" >
        UPDATE_TIME = #{updateTime,jdbcType=DATE},
      </if>
    </set>
    where ID = #{id,jdbcType=DECIMAL}
  </update>
  <update id="updateByPrimaryKey" parameterType="com.uns.model.AuditOperation" >
    update AUDIT_OPERATION
    set AUDIT_OPERAND_ID = #{auditOperandId,jdbcType=DECIMAL},
      AUDIT_RULE_ID = #{auditRuleId,jdbcType=DECIMAL},
      AUDIT_GROUP_ID = #{auditGroupId,jdbcType=DECIMAL},
      PREVIOUS_STATUS = #{previousStatus,jdbcType=DECIMAL},
      POST_STATUS = #{postStatus,jdbcType=DECIMAL},
      ATTITUDE = #{attitude,jdbcType=VARCHAR},
      VERSION = #{version,jdbcType=DECIMAL},
      CREATE_USER = #{createUser,jdbcType=VARCHAR},
      CREATE_TIME = #{createTime,jdbcType=DATE},
      UPDATE_USER = #{updateUser,jdbcType=VARCHAR},
      UPDATE_TIME = #{updateTime,jdbcType=DATE}
    where ID = #{id,jdbcType=DECIMAL}
  </update>
  
  
  

  <select id="getAuditOperation" resultMap="BaseResultMap" parameterType="java.math.BigDecimal" >
    select 
    <include refid="Base_Column_List_Ao" />
    from AUDIT_OPERATION ao, AUDIT_RULE ar
    where ao.AUDIT_RULE_ID = ar.ID
    and ar.AUDIT_OPERAND_TYPE_ID = #{auditOperandTypeId}
    and ao.AUDIT_OPERAND_ID = #{auditOperandId}
  </select>
  
  <!-- 删除审核记录 -->
  <delete id = "deleteByAuditOperandId" parameterType="java.util.List">
  	delete from AUDIT_OPERATION 
  	where AUDIT_OPERAND_ID IN
  	    	<foreach collection="list" item="item" index="index"
            open="(" close=")" separator=",">
            #{item}
    		</foreach>
  </delete>

</mapper>