<?xml version="1.0" encoding="UTF-8" ?>
<!DOCTYPE mapper PUBLIC "-//mybatis.org//DTD Mapper 3.0//EN" "http://mybatis.org/dtd/mybatis-3-mapper.dtd" >
<mapper namespace="com.uns.dao.AuditRuleMapper" >
  <resultMap id="BaseResultMap" type="com.uns.model.AuditRule" >
    <id column="ID" property="id" jdbcType="DECIMAL" />
    <result column="ACCOUNT_ID" property="accountId" jdbcType="DECIMAL" />
    <result column="AUDIT_OPERAND_TYPE_ID" property="auditOperandTypeId" jdbcType="DECIMAL" />
    <result column="NAME" property="name" jdbcType="VARCHAR" />
    <result column="VALID" property="valid" jdbcType="VARCHAR" />
    <result column="USED" property="used" jdbcType="DECIMAL" />
    <result column="VERSION" property="version" jdbcType="DECIMAL" />
    <result column="CREATE_USER" property="createUser" jdbcType="VARCHAR" />
    <result column="CREATE_TIME" property="createTime" jdbcType="DATE" />
    <result column="UPDATE_USER" property="updateUser" jdbcType="VARCHAR" />
    <result column="UPDATE_TIME" property="updateTime" jdbcType="DATE" />
  </resultMap>

  <sql id="Base_Column_List" >
    ID, ACCOUNT_ID, AUDIT_OPERAND_TYPE_ID, NAME, VALID, USED, VERSION, CREATE_USER, CREATE_TIME, 
    UPDATE_USER, UPDATE_TIME
  </sql>

  <select id="selectByPrimaryKey" resultMap="BaseResultMap" parameterType="java.math.BigDecimal" >
    select 
    <include refid="Base_Column_List" />
    from AUDIT_RULE
    where ID = #{id,jdbcType=DECIMAL}
  </select>
  <delete id="deleteByPrimaryKey" parameterType="java.math.BigDecimal" >
    delete from AUDIT_RULE
    where ID = #{id,jdbcType=DECIMAL}
  </delete>

  <insert id="insert" parameterType="com.uns.model.AuditRule" >
    insert into AUDIT_RULE (ID, ACCOUNT_ID, AUDIT_OPERAND_TYPE_ID, 
      NAME, VALID, USED, 
      VERSION, CREATE_USER, CREATE_TIME, 
      UPDATE_USER, UPDATE_TIME)
    values (#{id,jdbcType=DECIMAL}, #{accountId,jdbcType=DECIMAL}, #{auditOperandTypeId,jdbcType=DECIMAL}, 
      #{name,jdbcType=VARCHAR}, #{valid,jdbcType=VARCHAR}, #{used,jdbcType=DECIMAL}, 
      #{version,jdbcType=DECIMAL}, #{createUser,jdbcType=VARCHAR}, #{createTime,jdbcType=DATE}, 
      #{updateUser,jdbcType=VARCHAR}, #{updateTime,jdbcType=DATE})
  </insert>
  <insert id="insertSelective" parameterType="com.uns.model.AuditRule" >
    insert into AUDIT_RULE
    <trim prefix="(" suffix=")" suffixOverrides="," >
      <if test="id != null" >
        ID,
      </if>
      <if test="accountId != null" >
        ACCOUNT_ID,
      </if>
      <if test="auditOperandTypeId != null" >
        AUDIT_OPERAND_TYPE_ID,
      </if>
      <if test="name != null" >
        NAME,
      </if>
      <if test="valid != null" >
        VALID,
      </if>
      <if test="used != null" >
        USED,
      </if>
      <if test="version != null" >
        VERSION,
      </if>
      <if test="createUser != null" >
        CREATE_USER,
      </if>
      <if test="createTime != null" >
        CREATE_TIME,
      </if>
      <if test="updateUser != null" >
        UPDATE_USER,
      </if>
      <if test="updateTime != null" >
        UPDATE_TIME,
      </if>
    </trim>
    <trim prefix="values (" suffix=")" suffixOverrides="," >
      <if test="id != null" >
        #{id,jdbcType=DECIMAL},
      </if>
      <if test="accountId != null" >
        #{accountId,jdbcType=DECIMAL},
      </if>
      <if test="auditOperandTypeId != null" >
        #{auditOperandTypeId,jdbcType=DECIMAL},
      </if>
      <if test="name != null" >
        #{name,jdbcType=VARCHAR},
      </if>
      <if test="valid != null" >
        #{valid,jdbcType=VARCHAR},
      </if>
      <if test="used != null" >
        #{used,jdbcType=DECIMAL},
      </if>
      <if test="version != null" >
        #{version,jdbcType=DECIMAL},
      </if>
      <if test="createUser != null" >
        #{createUser,jdbcType=VARCHAR},
      </if>
      <if test="createTime != null" >
        #{createTime,jdbcType=DATE},
      </if>
      <if test="updateUser != null" >
        #{updateUser,jdbcType=VARCHAR},
      </if>
      <if test="updateTime != null" >
        #{updateTime,jdbcType=DATE},
      </if>
    </trim>
  </insert>

  <update id="updateByPrimaryKeySelective" parameterType="com.uns.model.AuditRule" >
    update AUDIT_RULE
    <set >
      <if test="accountId != null" >
        ACCOUNT_ID = #{accountId,jdbcType=DECIMAL},
      </if>
      <if test="auditOperandTypeId != null" >
        AUDIT_OPERAND_TYPE_ID = #{auditOperandTypeId,jdbcType=DECIMAL},
      </if>
      <if test="name != null" >
        NAME = #{name,jdbcType=VARCHAR},
      </if>
      <if test="valid != null" >
        VALID = #{valid,jdbcType=VARCHAR},
      </if>
      <if test="used != null" >
        USED = #{used,jdbcType=DECIMAL},
      </if>
      <if test="version != null" >
        VERSION = #{version,jdbcType=DECIMAL},
      </if>
      <if test="createUser != null" >
        CREATE_USER = #{createUser,jdbcType=VARCHAR},
      </if>
      <if test="createTime != null" >
        CREATE_TIME = #{createTime,jdbcType=DATE},
      </if>
      <if test="updateUser != null" >
        UPDATE_USER = #{updateUser,jdbcType=VARCHAR},
      </if>
      <if test="updateTime != null" >
        UPDATE_TIME = #{updateTime,jdbcType=DATE},
      </if>
    </set>
    where ID = #{id,jdbcType=DECIMAL}
  </update>
  <update id="updateByPrimaryKey" parameterType="com.uns.model.AuditRule" >
    update AUDIT_RULE
    set ACCOUNT_ID = #{accountId,jdbcType=DECIMAL},
      AUDIT_OPERAND_TYPE_ID = #{auditOperandTypeId,jdbcType=DECIMAL},
      NAME = #{name,jdbcType=VARCHAR},
      VALID = #{valid,jdbcType=VARCHAR},
      USED = #{used,jdbcType=DECIMAL},
      VERSION = #{version,jdbcType=DECIMAL},
      CREATE_USER = #{createUser,jdbcType=VARCHAR},
      CREATE_TIME = #{createTime,jdbcType=DATE},
      UPDATE_USER = #{updateUser,jdbcType=VARCHAR},
      UPDATE_TIME = #{updateTime,jdbcType=DATE}
    where ID = #{id,jdbcType=DECIMAL}
  </update>
  
  

  <select id="getAuditRule" resultMap="BaseResultMap" parameterType="java.math.BigDecimal" >
    select 
    <include refid="Base_Column_List" />
    from AUDIT_RULE
    where audit_operand_type_id = #{auditOperandTypeId}
    and valid = #{valid}
  </select>
</mapper>