<?xml version="1.0" encoding="UTF-8" ?>
<!DOCTYPE mapper PUBLIC "-//mybatis.org//DTD Mapper 3.0//EN" "http://mybatis.org/dtd/mybatis-3-mapper.dtd" >
<mapper namespace="com.uns.dao.AuditHistoryMapper" >
  <resultMap id="BaseResultMap" type="com.uns.model.AuditHistory" >
    <id column="ID" property="id" jdbcType="DECIMAL" />
    <result column="SEQUENCE_NO" property="sequenceNo" jdbcType="DECIMAL" />
    <result column="AUDIT_OPERAND_ID" property="auditOperandId" jdbcType="DECIMAL" />
    <result column="AUDIT_RULE_ID" property="auditRuleId" jdbcType="DECIMAL" />
    <result column="AUDIT_GROUP_ID" property="auditGroupId" jdbcType="DECIMAL" />
    <result column="PREVIOUS_STATUS" property="previousStatus" jdbcType="DECIMAL" />
    <result column="POST_STATUS" property="postStatus" jdbcType="DECIMAL" />
    <result column="ATTITUDE" property="attitude" jdbcType="VARCHAR" />
    <result column="VERSION" property="version" jdbcType="DECIMAL" />
    <result column="CREATE_USER" property="createUser" jdbcType="VARCHAR" />
    <result column="CREATE_TIME" property="createTime" jdbcType="TIMESTAMP" />
    <result column="UPDATE_USER" property="updateUser" jdbcType="VARCHAR" />
    <result column="UPDATE_TIME" property="updateTime" jdbcType="TIMESTAMP" />
  </resultMap>

  <sql id="Base_Column_List" >
    ID, SEQUENCE_NO, AUDIT_OPERAND_ID, AUDIT_RULE_ID, AUDIT_GROUP_ID, PREVIOUS_STATUS, 
    POST_STATUS, ATTITUDE, VERSION, CREATE_USER, CREATE_TIME, UPDATE_USER, UPDATE_TIME
  </sql>

  <select id="selectByPrimaryKey" resultMap="BaseResultMap" parameterType="java.math.BigDecimal" >
    select 
    <include refid="Base_Column_List" />
    from HISTORY_AUDIT
    where ID = #{id,jdbcType=DECIMAL}
  </select>
  <delete id="deleteByPrimaryKey" parameterType="java.math.BigDecimal" >
    delete from HISTORY_AUDIT
    where ID = #{id,jdbcType=DECIMAL}
  </delete>

  <insert id="insert" parameterType="com.uns.model.AuditHistory" >
    insert into HISTORY_AUDIT (ID, SEQUENCE_NO, AUDIT_OPERAND_ID, 
      AUDIT_RULE_ID, AUDIT_GROUP_ID, PREVIOUS_STATUS, 
      POST_STATUS, ATTITUDE, VERSION, 
      CREATE_USER, CREATE_TIME, UPDATE_USER, 
      UPDATE_TIME)
    values (#{id,jdbcType=DECIMAL}, #{sequenceNo,jdbcType=DECIMAL}, #{auditOperandId,jdbcType=DECIMAL}, 
      #{auditRuleId,jdbcType=DECIMAL}, #{auditGroupId,jdbcType=DECIMAL}, #{previousStatus,jdbcType=DECIMAL}, 
      #{postStatus,jdbcType=DECIMAL}, #{attitude,jdbcType=VARCHAR}, #{version,jdbcType=DECIMAL}, 
      #{createUser,jdbcType=VARCHAR}, #{createTime,jdbcType=TIMESTAMP}, #{updateUser,jdbcType=VARCHAR}, 
      #{updateTime,jdbcType=TIMESTAMP})
  </insert>
  <insert id="insertSelective" parameterType="com.uns.model.AuditHistory" useGeneratedKeys="true" keyProperty="id">
     <selectKey resultType="BigDecimal" keyProperty="id" order="BEFORE">
      select HISTORY_AUDIT_SEQUENCE.NEXTVAL from dual
     </selectKey>
    insert into HISTORY_AUDIT
    <trim prefix="(" suffix=")" suffixOverrides="," >
      <if test="id != null" >
        ID,
      </if>
      <if test="sequenceNo != null" >
        SEQUENCE_NO,
      </if>
      <if test="auditOperandId != null" >
        AUDIT_OPERAND_ID,
      </if>
      <if test="auditRuleId != null" >
        AUDIT_RULE_ID,
      </if>
      <if test="auditGroupId != null" >
        AUDIT_GROUP_ID,
      </if>
      <if test="previousStatus != null" >
        PREVIOUS_STATUS,
      </if>
      <if test="postStatus != null" >
        POST_STATUS,
      </if>
      <if test="attitude != null" >
        ATTITUDE,
      </if>
      <if test="version != null" >
        VERSION,
      </if>
      <if test="createUser != null" >
        CREATE_USER,
      </if>
      <if test="createTime != null" >
        CREATE_TIME,
      </if>
      <if test="updateUser != null" >
        UPDATE_USER,
      </if>
      <if test="updateTime != null" >
        UPDATE_TIME,
      </if>
    </trim>
    <trim prefix="values (" suffix=")" suffixOverrides="," >
      <if test="id != null" >
        #{id,jdbcType=DECIMAL},
      </if>
      <if test="sequenceNo != null" >
        (select nvl(max(sequence_no)+1,0) from HISTORY_AUDIT where audit_operand_id =#{auditOperandId} and audit_rule_id =#{auditRuleId}),
      </if>
      <if test="auditOperandId != null" >
        #{auditOperandId,jdbcType=DECIMAL},
      </if>
      <if test="auditRuleId != null" >
        #{auditRuleId,jdbcType=DECIMAL},
      </if>
      <if test="auditGroupId != null" >
        #{auditGroupId,jdbcType=DECIMAL},
      </if>
      <if test="previousStatus != null" >
        #{previousStatus,jdbcType=DECIMAL},
      </if>
      <if test="postStatus != null" >
        #{postStatus,jdbcType=DECIMAL},
      </if>
      <if test="attitude != null" >
        #{attitude,jdbcType=VARCHAR},
      </if>
      <if test="version != null" >
        #{version,jdbcType=DECIMAL},
      </if>
      <if test="createUser != null" >
        #{createUser,jdbcType=VARCHAR},
      </if>
      <if test="createTime != null" >
        #{createTime,jdbcType=TIMESTAMP},
      </if>
      <if test="updateUser != null" >
        #{updateUser,jdbcType=VARCHAR},
      </if>
      <if test="updateTime != null" >
        #{updateTime,jdbcType=TIMESTAMP},
      </if>
    </trim>
  </insert>


  <update id="updateByPrimaryKeySelective" parameterType="com.uns.model.AuditHistory" >
    update HISTORY_AUDIT
    <set >
      <if test="sequenceNo != null" >
        SEQUENCE_NO = #{sequenceNo,jdbcType=DECIMAL},
      </if>
      <if test="auditOperandId != null" >
        AUDIT_OPERAND_ID = #{auditOperandId,jdbcType=DECIMAL},
      </if>
      <if test="auditRuleId != null" >
        AUDIT_RULE_ID = #{auditRuleId,jdbcType=DECIMAL},
      </if>
      <if test="auditGroupId != null" >
        AUDIT_GROUP_ID = #{auditGroupId,jdbcType=DECIMAL},
      </if>
      <if test="previousStatus != null" >
        PREVIOUS_STATUS = #{previousStatus,jdbcType=DECIMAL},
      </if>
      <if test="postStatus != null" >
        POST_STATUS = #{postStatus,jdbcType=DECIMAL},
      </if>
      <if test="attitude != null" >
        ATTITUDE = #{attitude,jdbcType=VARCHAR},
      </if>
      <if test="version != null" >
        VERSION = #{version,jdbcType=DECIMAL},
      </if>
      <if test="createUser != null" >
        CREATE_USER = #{createUser,jdbcType=VARCHAR},
      </if>
      <if test="createTime != null" >
        CREATE_TIME = #{createTime,jdbcType=TIMESTAMP},
      </if>
      <if test="updateUser != null" >
        UPDATE_USER = #{updateUser,jdbcType=VARCHAR},
      </if>
      <if test="updateTime != null" >
        UPDATE_TIME = #{updateTime,jdbcType=TIMESTAMP},
      </if>
    </set>
    where ID = #{id,jdbcType=DECIMAL}
  </update>
  <update id="updateByPrimaryKey" parameterType="com.uns.model.AuditHistory" >
    update HISTORY_AUDIT
    set SEQUENCE_NO = #{sequenceNo,jdbcType=DECIMAL},
      AUDIT_OPERAND_ID = #{auditOperandId,jdbcType=DECIMAL},
      AUDIT_RULE_ID = #{auditRuleId,jdbcType=DECIMAL},
      AUDIT_GROUP_ID = #{auditGroupId,jdbcType=DECIMAL},
      PREVIOUS_STATUS = #{previousStatus,jdbcType=DECIMAL},
      POST_STATUS = #{postStatus,jdbcType=DECIMAL},
      ATTITUDE = #{attitude,jdbcType=VARCHAR},
      VERSION = #{version,jdbcType=DECIMAL},
      CREATE_USER = #{createUser,jdbcType=VARCHAR},
      CREATE_TIME = #{createTime,jdbcType=TIMESTAMP},
      UPDATE_USER = #{updateUser,jdbcType=VARCHAR},
      UPDATE_TIME = #{updateTime,jdbcType=TIMESTAMP}
    where ID = #{id,jdbcType=DECIMAL}
  </update>
  
   <select id="getAuditHis" resultType="java.util.Map" parameterType="java.util.Map" >
		select
				ah.CREATE_TIME,
				ui.USER_NAME,
				ah.PREVIOUS_STATUS,
				ah.POST_STATUS,
				ah.ATTITUDE
		  from 
		  	   HISTORY_AUDIT ah, 
		       AUDIT_RULE ar,
		       APPLY_UPADJUST ua,
		       USER_INFO ui
		 where ah.AUDIT_RULE_ID = ar.ID
		   and ui.id = ah.CREATE_USER
		   and ar.AUDIT_OPERAND_TYPE_ID = #{auditObjectId,jdbcType=VARCHAR}
		   and ah.AUDIT_OPERAND_ID = ua.id
		   and ua.APPLY_NO=#{applyNo,jdbcType=VARCHAR}
		 order by ah.SEQUENCE_NO
  </select>
   
   <delete id="deleteAuditHistory" parameterType="java.util.List">
   		delete from HISTORY_AUDIT
   			where AUDIT_OPERAND_ID in
   			  	    	<foreach collection="list" item="item" index="index"
			            open="(" close=")" separator=",">
			            #{item}
			    		</foreach>
   </delete>
</mapper>