<?xml version="1.0" encoding="UTF-8" ?>
<!DOCTYPE mapper PUBLIC "-//mybatis.org//DTD Mapper 3.0//EN" "http://mybatis.org/dtd/mybatis-3-mapper.dtd" >
<mapper namespace="com.uns.dao.AuditOperandTypeMapper" >
  <resultMap id="BaseResultMap" type="com.uns.model.AuditOperandType" >
    <id column="ID" property="id" jdbcType="DECIMAL" />
    <result column="OPERAND_CLASS" property="operandClass" jdbcType="VARCHAR" />
    <result column="ACTION_FLAG" property="actionFlag" jdbcType="VARCHAR" />
    <result column="NAME" property="name" jdbcType="VARCHAR" />
    <result column="VERSION" property="version" jdbcType="DECIMAL" />
    <result column="CREATE_USER" property="createUser" jdbcType="VARCHAR" />
    <result column="CREATE_TIME" property="createTime" jdbcType="DATE" />
    <result column="UPDATE_USER" property="updateUser" jdbcType="VARCHAR" />
    <result column="UPDATE_TIME" property="updateTime" jdbcType="DATE" />
    <result column="SYSTEM_TYPE" property="systemType" jdbcType="DECIMAL" />
    <result column="RULE_UPDATABLE" property="ruleUpdatable" jdbcType="DECIMAL" />
  </resultMap>

  <sql id="Base_Column_List" >
    ID, OPERAND_CLASS, ACTION_FLAG, NAME, VERSION, CREATE_USER, CREATE_TIME, UPDATE_USER, 
    UPDATE_TIME, SYSTEM_TYPE, RULE_UPDATABLE
  </sql>

  <select id="selectByPrimaryKey" resultMap="BaseResultMap" parameterType="java.math.BigDecimal" >
    select 
    <include refid="Base_Column_List" />
    from AUDIT_OPERAND_TYPE
    where ID = #{id,jdbcType=DECIMAL}
  </select>
  <delete id="deleteByPrimaryKey" parameterType="java.math.BigDecimal" >
    delete from AUDIT_OPERAND_TYPE
    where ID = #{id,jdbcType=DECIMAL}
  </delete>

  <insert id="insert" parameterType="com.uns.model.AuditOperandType" >
    insert into AUDIT_OPERAND_TYPE (ID, OPERAND_CLASS, ACTION_FLAG, 
      NAME, VERSION, CREATE_USER, 
      CREATE_TIME, UPDATE_USER, UPDATE_TIME, 
      SYSTEM_TYPE, RULE_UPDATABLE)
    values (#{id,jdbcType=DECIMAL}, #{operandClass,jdbcType=VARCHAR}, #{actionFlag,jdbcType=VARCHAR}, 
      #{name,jdbcType=VARCHAR}, #{version,jdbcType=DECIMAL}, #{createUser,jdbcType=VARCHAR}, 
      #{createTime,jdbcType=DATE}, #{updateUser,jdbcType=VARCHAR}, #{updateTime,jdbcType=DATE}, 
      #{systemType,jdbcType=DECIMAL}, #{ruleUpdatable,jdbcType=DECIMAL})
  </insert>
  <insert id="insertSelective" parameterType="com.uns.model.AuditOperandType" >
    insert into AUDIT_OPERAND_TYPE
    <trim prefix="(" suffix=")" suffixOverrides="," >
      <if test="id != null" >
        ID,
      </if>
      <if test="operandClass != null" >
        OPERAND_CLASS,
      </if>
      <if test="actionFlag != null" >
        ACTION_FLAG,
      </if>
      <if test="name != null" >
        NAME,
      </if>
      <if test="version != null" >
        VERSION,
      </if>
      <if test="createUser != null" >
        CREATE_USER,
      </if>
      <if test="createTime != null" >
        CREATE_TIME,
      </if>
      <if test="updateUser != null" >
        UPDATE_USER,
      </if>
      <if test="updateTime != null" >
        UPDATE_TIME,
      </if>
      <if test="systemType != null" >
        SYSTEM_TYPE,
      </if>
      <if test="ruleUpdatable != null" >
        RULE_UPDATABLE,
      </if>
    </trim>
    <trim prefix="values (" suffix=")" suffixOverrides="," >
      <if test="id != null" >
        #{id,jdbcType=DECIMAL},
      </if>
      <if test="operandClass != null" >
        #{operandClass,jdbcType=VARCHAR},
      </if>
      <if test="actionFlag != null" >
        #{actionFlag,jdbcType=VARCHAR},
      </if>
      <if test="name != null" >
        #{name,jdbcType=VARCHAR},
      </if>
      <if test="version != null" >
        #{version,jdbcType=DECIMAL},
      </if>
      <if test="createUser != null" >
        #{createUser,jdbcType=VARCHAR},
      </if>
      <if test="createTime != null" >
        #{createTime,jdbcType=DATE},
      </if>
      <if test="updateUser != null" >
        #{updateUser,jdbcType=VARCHAR},
      </if>
      <if test="updateTime != null" >
        #{updateTime,jdbcType=DATE},
      </if>
      <if test="systemType != null" >
        #{systemType,jdbcType=DECIMAL},
      </if>
      <if test="ruleUpdatable != null" >
        #{ruleUpdatable,jdbcType=DECIMAL},
      </if>
    </trim>
  </insert>

  <update id="updateByPrimaryKeySelective" parameterType="com.uns.model.AuditOperandType" >
    update AUDIT_OPERAND_TYPE
    <set >
      <if test="operandClass != null" >
        OPERAND_CLASS = #{operandClass,jdbcType=VARCHAR},
      </if>
      <if test="actionFlag != null" >
        ACTION_FLAG = #{actionFlag,jdbcType=VARCHAR},
      </if>
      <if test="name != null" >
        NAME = #{name,jdbcType=VARCHAR},
      </if>
      <if test="version != null" >
        VERSION = #{version,jdbcType=DECIMAL},
      </if>
      <if test="createUser != null" >
        CREATE_USER = #{createUser,jdbcType=VARCHAR},
      </if>
      <if test="createTime != null" >
        CREATE_TIME = #{createTime,jdbcType=DATE},
      </if>
      <if test="updateUser != null" >
        UPDATE_USER = #{updateUser,jdbcType=VARCHAR},
      </if>
      <if test="updateTime != null" >
        UPDATE_TIME = #{updateTime,jdbcType=DATE},
      </if>
      <if test="systemType != null" >
        SYSTEM_TYPE = #{systemType,jdbcType=DECIMAL},
      </if>
      <if test="ruleUpdatable != null" >
        RULE_UPDATABLE = #{ruleUpdatable,jdbcType=DECIMAL},
      </if>
    </set>
    where ID = #{id,jdbcType=DECIMAL}
  </update>
  <update id="updateByPrimaryKey" parameterType="com.uns.model.AuditOperandType" >
    update AUDIT_OPERAND_TYPE
    set OPERAND_CLASS = #{operandClass,jdbcType=VARCHAR},
      ACTION_FLAG = #{actionFlag,jdbcType=VARCHAR},
      NAME = #{name,jdbcType=VARCHAR},
      VERSION = #{version,jdbcType=DECIMAL},
      CREATE_USER = #{createUser,jdbcType=VARCHAR},
      CREATE_TIME = #{createTime,jdbcType=DATE},
      UPDATE_USER = #{updateUser,jdbcType=VARCHAR},
      UPDATE_TIME = #{updateTime,jdbcType=DATE},
      SYSTEM_TYPE = #{systemType,jdbcType=DECIMAL},
      RULE_UPDATABLE = #{ruleUpdatable,jdbcType=DECIMAL}
    where ID = #{id,jdbcType=DECIMAL}
  </update>
  
  

  <select id="getAuditOperandType" resultMap="BaseResultMap" parameterType="java.util.Map" >
    select 
    <include refid="Base_Column_List" />
    from AUDIT_OPERAND_TYPE
    where system_type = #{systemType}
    and operand_class = #{operandClass}
    and action_flag = #{actionFlag}
  </select>
</mapper>