<?xml version="1.0" encoding="UTF-8" ?>
<!DOCTYPE mapper PUBLIC "-//mybatis.org//DTD Mapper 3.0//EN" "http://mybatis.org/dtd/mybatis-3-mapper.dtd" >
<mapper namespace="com.uns.dao.BankTransMapper">
	<resultMap id="BaseResultMap" type="com.uns.model.BankTrans">
		<id column="ID" property="id" jdbcType="DECIMAL" />
		<result column="TRANS_ID" property="transId" jdbcType="VARCHAR" />
		<result column="TRANS_DATE" property="transDate" jdbcType="TIMESTAMP" />
		<result column="CHANNEL" property="channel" jdbcType="VARCHAR" />
		<result column="TRANS_TIME" property="transTime" jdbcType="TIMESTAMP" />
		<result column="AMOUNT" property="amount" jdbcType="DECIMAL" />
		<result column="UPLOAD_ID" property="uploadId" jdbcType="DECIMAL" />
		<result column="BANK_BUSI_TYPE" property="bankBusiType" jdbcType="VARCHAR" />
		<result column="BANK_BUSI_STATUS" property="bankBusiStatus" jdbcType="VARCHAR" />
		<result column="PAY_ORG_ID_SEQ" property="payOrgIdSeq" jdbcType="VARCHAR" />
		<result column="DEST_ORG_ID_SEQ" property="destOrgIdSeq" jdbcType="VARCHAR" />
		<result column="BATCH_ID" property="batchId" jdbcType="VARCHAR" />
		<result column="FILE_NAME" property="fileName" jdbcType="VARCHAR" />
		<result column="BANK_TRANS_ID" property="bankTransId" jdbcType="VARCHAR" />
	</resultMap>
	<sql id="Base_Column_List">
		ID, TRANS_ID, TRANS_DATE, CHANNEL, TRANS_TIME, AMOUNT,
		UPLOAD_ID, BANK_BUSI_TYPE, BANK_BUSI_STATUS, PAY_ORG_ID_SEQ, DEST_ORG_ID_SEQ, BATCH_ID
	</sql>
	<sql id="Base_Column_List_Bt">
		bt.ID, bt.TRANS_ID, bt.TRANS_DATE, bt.CHANNEL,
		bt.TRANS_TIME, bt.AMOUNT,
		bt.UPLOAD_ID
	</sql>

	<select id="selectByPrimaryKey" resultMap="BaseResultMap"
		parameterType="java.math.BigDecimal">
		select
		<include refid="Base_Column_List" />
		from BANK_TRANS
		where upload_id = #{id}
	</select>

	<select id="selectbyuploadId" resultMap="BaseResultMap"
		parameterType="java.lang.Integer">
		select
		<include refid="Base_Column_List" />
		from BANK_TRANS
		where ID = #{id,jdbcType=DECIMAL}
	</select>

	<delete id="deleteByPrimaryKey" parameterType="java.math.BigDecimal">
		delete from
		BANK_TRANS
		where ID = #{id,jdbcType=DECIMAL}
	</delete>
	<insert id="insert" parameterType="com.uns.model.BankTrans">
		insert into BANK_TRANS (ID,
		TRANS_ID, TRANS_DATE,
		CHANNEL, TRANS_TIME, AMOUNT, UPLOAD_ID
		)
		values
		(#{id,jdbcType=DECIMAL}, #{transId,jdbcType=VARCHAR},
		#{transDate,jdbcType=DATE},
		#{channel,jdbcType=VARCHAR},
		#{transTime,jdbcType=DATE}, #{amount,jdbcType=DECIMAL},
		#{uploadId,jdbcType=DECIMAL}
		)
	</insert>
	<insert id="insertSelective" parameterType="com.uns.model.BankTrans">
		insert into BANK_TRANS
		<trim prefix="(" suffix=")" suffixOverrides=",">
			<if test="id != null">
				ID,
			</if>
			<if test="transId != null">
				TRANS_ID,
			</if>
			<if test="transDate != null">
				TRANS_DATE,
			</if>
			<if test="channel != null">
				CHANNEL,
			</if>
			<if test="transTime != null">
				TRANS_TIME,
			</if>
			<if test="amount != null">
				AMOUNT,
			</if>
			<if test="uploadId != null">
				UPLOAD_ID,
			</if>
		</trim>
		<trim prefix="values (" suffix=")" suffixOverrides=",">
			<if test="id != null">
				#{id,jdbcType=DECIMAL},
			</if>
			<if test="transId != null">
				#{transId,jdbcType=VARCHAR},
			</if>
			<if test="transDate != null">
				#{transDate,jdbcType=DATE},
			</if>
			<if test="channel != null">
				#{channel,jdbcType=VARCHAR},
			</if>
			<if test="transTime != null">
				#{transTime,jdbcType=DATE},
			</if>
			<if test="amount != null">
				#{amount,jdbcType=DECIMAL},
			</if>
			<if test="uploadId != null">
				#{uploadId,jdbcType=DECIMAL},
			</if>
		</trim>
	</insert>
	<update id="updateByPrimaryKeySelective" parameterType="com.uns.model.BankTrans">
		update BANK_TRANS
		<set>
			<if test="transId != null">
				TRANS_ID = #{transId,jdbcType=VARCHAR},
			</if>
			<if test="transDate != null">
				TRANS_DATE = #{transDate,jdbcType=DATE},
			</if>
			<if test="channel != null">
				CHANNEL = #{channel,jdbcType=VARCHAR},
			</if>
			<if test="transTime != null">
				TRANS_TIME = #{transTime,jdbcType=DATE},
			</if>
			<if test="amount != null">
				AMOUNT = #{amount,jdbcType=DECIMAL},
			</if>
			<if test="uploadId != null">
				UPLOAD_ID = #{uploadId,jdbcType=DECIMAL},
			</if>
		</set>
		where ID = #{id,jdbcType=DECIMAL}
	</update>
	<update id="updateByPrimaryKey" parameterType="com.uns.model.BankTrans">
		update BANK_TRANS
		set TRANS_ID = #{transId,jdbcType=VARCHAR},
		TRANS_DATE =
		#{transDate,jdbcType=DATE},
		CHANNEL = #{channel,jdbcType=VARCHAR},
		TRANS_TIME = #{transTime,jdbcType=DATE},
		AMOUNT =
		#{amount,jdbcType=DECIMAL}
		where ID = #{id,jdbcType=DECIMAL}
	</update>


	<insert id="insertList" parameterType="java.util.List">
		insert into bank_trans(id,trans_id, trans_date, channel, trans_time,
		amount,upload_id,merchant_code,bank_busi_type,bank_busi_status,pay_org_id_seq,dest_org_id_seq,batch_id)
		select bank_trans_seq.nextval,A.* from(
		<foreach collection="list" item="item" index="index"
			separator="union all">
			select
			#{item.transId,jdbcType=DECIMAL},
			#{item.transDate,jdbcType=TIMESTAMP},
			#{item.channel,jdbcType=DECIMAL},
			#{item.transTime,jdbcType=TIMESTAMP},
			#{item.amount,jdbcType=DECIMAL},
			#{item.uploadId,jdbcType=DECIMAL},
			#{item.merchantCode,jdbcType=VARCHAR},
			#{item.bankBusiType,jdbcType=VARCHAR},
			#{item.bankBusiStatus,jdbcType=VARCHAR},
			#{item.payOrgIdSeq,jdbcType=VARCHAR},
			#{item.destOrgIdSeq,jdbcType=VARCHAR},
			#{item.batchId,jdbcType=VARCHAR}
			from dual
		</foreach>
		)A
	</insert>

	<delete id="deleteBankTrans">
		delete from
		BANK_TRANS
		where upload_id = #{id}
	</delete>


	<select id="getBankTrans" resultMap="BaseResultMap"
		parameterType="java.lang.Integer">
		select
		bt.ID,
		decode(bt.CHANNEL,'cncb_b2c',substr(bt.TRANS_ID,15,20),bt.TRANS_ID) TRANS_ID,
	    bt.TRANS_DATE,
		bt.CHANNEL,
		bt.TRANS_TIME, bt.AMOUNT,
		bt.UPLOAD_ID
		from BANK_TRANS bt
		where
		bt.upload_id=(
		select rec.id from
		file_upload_record rec,check_bill cb
		where cb.check_date =
		rec.check_date
		and rec.channel = cb.channel
		and cb.id =
		#{id,jdbcType=INTEGER}
		)
		<!-- bt.trans_date = (select check_date from CHECK_BILL where id = #{id,jdbcType=INTEGER}) 
			and bt.channel = (select channel from CHECK_BILL where id = #{id,jdbcType=INTEGER}) -->
	</select>
	<select id="getBankTransInActTypes" resultMap="BaseResultMap"
		parameterType="map">
		select
		<include refid="Base_Column_List_Bt" />
		from BANK_TRANS bt
		left join transaction t on bt.trans_id=t.trans_id
		and t.action_seq in (102,39,206,212)
		where
		bt.upload_id=(
		select rec.id from file_upload_record
		rec,check_bill cb
		where cb.check_date = rec.check_date
		and rec.channel =
		cb.channel
		and cb.id = #{id,jdbcType=INTEGER}
		)
	</select>

	<select id="getBankTransInActListVal" resultMap="BaseResultMap"
		parameterType="map">
	select
		<include refid="Base_Column_List_Bt" />
	from BANK_TRANS bt
		left join transaction t on bt.trans_id=t.trans_id
		<if test="actionTypes!=null">
			and t.action_seq in
			<foreach collection="actionTypes" item="actionType" index="index"
				open="(" close=")" separator=",">
				#{actionType}
			</foreach>
		</if>
	where
		bt.upload_id=(
		select rec.id from file_upload_record rec,check_bill cb
		where cb.check_date = rec.check_date
		and rec.channel = cb.channel
		and cb.id = #{id,jdbcType=INTEGER})
	</select>
	<select id="getTransDetail" resultType="java.util.Map"
		parameterType="string">
		select
		trans_id,
		trans_time end_date,
		amount
		from
		bank_trans
		where trans_id = #{transId,jdbcType=VARCHAR}
	</select>

	<!-- 查询银行交易总金额 -->
	<select id="getTotalBankInfo" resultType="java.util.Map"
		parameterType="java.util.List">
		select
		NVL(sum(amount),0) amount
		from
		bank_trans
		where trans_id in
		<foreach collection="bankTransId" item="item" open="("
			separator="," close=")">
			#{item}
		</foreach>
	</select>

	<!-- 查询银生宝交易总金额 -->
	<select id="getTotalLocalInfo" resultType="java.util.Map"
		parameterType="java.util.List">
		select
		NVL(sum(amount),0) amount
		from
		transaction
		where trans_id in
		<foreach collection="localTransId" item="item" open="("
			separator="," close=")">
			#{item}
		</foreach>
	</select>
	<select id="getUnionpayXmDpTrans" resultMap="BaseResultMap"
			parameterType="java.lang.Integer">
		SELECT DISTINCT BT.ID,
			   decode(OS.TRANS_ID, null, bt.trans_id, os.trans_id) TRANS_ID,
			   BT.TRANS_DATE,
			   BT.CHANNEL,
			   BT.TRANS_TIME,
			   BT.AMOUNT,
			   BT.UPLOAD_ID
		  FROM BANK_TRANS BT
		  LEFT JOIN XM_BANK OS
			ON BT.TRANS_ID = OS.BATCH_NO
		 WHERE BT.UPLOAD_ID = (SELECT REC.ID
								 FROM FILE_UPLOAD_RECORD REC, CHECK_BILL CB
								WHERE CB.CHECK_DATE = REC.CHECK_DATE
								  AND REC.CHANNEL = CB.CHANNEL
								  AND CB.ID = #{id,jdbcType=INTEGER})
	</select>
	<select id="getCnbcB2cBankTrans" resultMap="BaseResultMap"
			parameterType="java.lang.Integer">
		SELECT DISTINCT BT.ID,
			   OS.TRANS_ID,
			   BT.TRANS_DATE,
			   BT.CHANNEL,
			   BT.TRANS_TIME,
			   BT.AMOUNT,
			   BT.UPLOAD_ID
		  FROM BANK_TRANS BT
		  LEFT JOIN ORDER_SWITCH OS
			ON BT.TRANS_ID = OS.BANK_ORDER_ID
		 WHERE BT.UPLOAD_ID = (SELECT REC.ID
								 FROM FILE_UPLOAD_RECORD REC, CHECK_BILL CB
								WHERE CB.CHECK_DATE = REC.CHECK_DATE
								  AND REC.CHANNEL = CB.CHANNEL
								  AND CB.ID = #{id,jdbcType=INTEGER})
	</select>

	<!--获取网联对账单交易-->
	<select id="getNetsUnionBankTrans" resultMap="BaseResultMap" parameterType="java.util.Map">
		select
		distinct bt.id,
		bt.batch_id,
		decode(tr.trans_id,null,bt.trans_id,tr.trans_id) trans_id,
		bt.pay_org_id_seq,
		bt.dest_org_id_seq,
		bt.bank_busi_type,
		bt.bank_busi_status,
		bt.trans_date,
		bt.channel,
		bt.trans_time,
		bt.amount,
		bt.upload_id,
		bt.trans_id bank_trans_id
		from bank_trans bt
		left join trans_ref tr
		on bt.trans_id = tr.epcc_trans_id
		where bt.batch_id = #{batchId, jdbcType=VARCHAR}
		<if test="uploadId != null and uploadId != ''">
			and bt.upload_id = #{uploadId, jdbcType=DECIMAL}
		</if>
		and to_char(bt.trans_time,'yyyyMMdd') = substr(bt.batch_id,2,8)
	</select>

	<!--获取网联挂起对账单交易-->
	<select id="getNetsUnionHungUpBankTrans" resultMap="BaseResultMap" parameterType="java.lang.String">
		select
		distinct bt.id,
		bt.batch_id,
		decode(tr.trans_id,null,bt.trans_id,tr.trans_id) trans_id,
		bt.pay_org_id_seq,
		bt.dest_org_id_seq,
		bt.bank_busi_type,
		bt.bank_busi_status,
		bt.trans_date,
		bt.channel,
		bt.trans_time,
		bt.amount,
		bt.upload_id,
		fur.file_name,
		bt.trans_id bank_trans_id
		from bank_trans bt
		left join file_upload_record fur
		on bt.upload_id = fur.id,
		trans_ref tr
		where
		 bt.trans_id = tr.epcc_trans_id
		 and bt.trans_date = to_date(#{checkdate, jdbcType=VARCHAR},'yyyy-MM-dd')
		 and bt.trans_time = to_date(#{checkdate, jdbcType=VARCHAR},'yyyy-MM-dd') - 1
	</select>

</mapper>