<?xml version="1.0" encoding="UTF-8" ?>
<!DOCTYPE mapper PUBLIC "-//mybatis.org//DTD Mapper 3.0//EN" "http://mybatis.org/dtd/mybatis-3-mapper.dtd" >
<mapper namespace="com.uns.dao.BankInfoMapper" >
  <resultMap id="BaseResultMap" type="com.uns.model.BankInfo" >
    <id column="ID" property="id" jdbcType="DECIMAL" />
    <result column="BANK_ID" property="bankId" jdbcType="VARCHAR" />
    <result column="BANK_NAME" property="bankName" jdbcType="VARCHAR" />
    <result column="BANK_DESC" property="bankDesc" jdbcType="VARCHAR" />
    <result column="BANK_ADDRESS" property="bankAddress" jdbcType="VARCHAR" />
    <result column="NET_BANK_URL" property="netBankUrl" jdbcType="VARCHAR" />
    <result column="VALID_FLAG" property="validFlag" jdbcType="VARCHAR" />
    <result column="REMARK" property="remark" jdbcType="VARCHAR" />
    <result column="VERSION" property="version" jdbcType="DECIMAL" />
    <result column="CREATE_USER" property="createUser" jdbcType="VARCHAR" />
    <result column="CREATE_TIME" property="createTime" jdbcType="DATE" />
    <result column="UPDATE_USER" property="updateUser" jdbcType="VARCHAR" />
    <result column="UPDATE_TIME" property="updateTime" jdbcType="DATE" />
    <result column="BANK_CODE" property="bankCode" jdbcType="VARCHAR" />
    <result column="TEL_BANK_URL" property="telBankUrl" jdbcType="VARCHAR" />
    <result column="TEL_BANK_NO" property="telBankNo" jdbcType="VARCHAR" />
    <result column="MOBILE_BANK_URL" property="mobileBankUrl" jdbcType="VARCHAR" />
    <result column="SUPPORTED" property="supported" jdbcType="DECIMAL" />
    <result column="EXCEPTIONAL" property="exceptional" jdbcType="DECIMAL" />
    <result column="BANK_GROUP" property="bankGroup" jdbcType="DECIMAL" />
    <result column="PRI" property="pri" jdbcType="DECIMAL" />
    <result column="LINK_CODE" property="linkCode" jdbcType="VARCHAR" />
    <result column="DRAW_BANK" property="drawBank" jdbcType="VARCHAR" />
    <result column="SETTLEMENT_TIME" property="settlementTime" jdbcType="VARCHAR" />
    <result column="CARD_TYPE" property="cardType" jdbcType="VARCHAR" />
  </resultMap>


  <sql id="Base_Column_List" >
    ID, BANK_ID, BANK_NAME, BANK_DESC, BANK_ADDRESS, NET_BANK_URL, VALID_FLAG, REMARK, 
    VERSION, CREATE_USER, CREATE_TIME, UPDATE_USER, UPDATE_TIME, BANK_CODE, TEL_BANK_URL, 
    TEL_BANK_NO, MOBILE_BANK_URL, SUPPORTED, EXCEPTIONAL, BANK_GROUP, PRI, LINK_CODE, 
    DRAW_BANK, SETTLEMENT_TIME, CARD_TYPE
  </sql>

  <select id="selectByPrimaryKey" resultMap="BaseResultMap" parameterType="java.math.BigDecimal" >
    select 
    <include refid="Base_Column_List" />
    from BANK_INFO
    where ID = #{id,jdbcType=DECIMAL}
  </select>
    <select id="getBankCodeAll" resultType="java.lang.String">
      SELECT M.BANK_CODE
        FROM BANK_INFO M
       WHERE
      <foreach collection="channelType" item="channelType" index="index"
               open="(" close=")" separator="OR">
        M.BANK_CODE LIKE '%'||#{channelType}||'%'
      </foreach>
    </select>
  <select id="getBankCodeLeft" resultType="java.lang.String">
    SELECT M.BANK_CODE
    FROM BANK_INFO M
    WHERE
    <foreach collection="channelType" item="channelType" index="index"
             open="(" close=")" separator="OR">
      M.BANK_CODE LIKE '%'||#{channelType}
    </foreach>
  </select>
  <select id="getBankCodeRight" resultType="java.lang.String">
    SELECT M.BANK_CODE
    FROM BANK_INFO M
    WHERE
    <foreach collection="channelType" item="channelType" index="index"
             open="(" close=")" separator="OR">
      M.BANK_CODE LIKE #{channelType}||'%'
    </foreach>
  </select>
  <delete id="deleteByPrimaryKey" parameterType="java.math.BigDecimal" >
    delete from BANK_INFO
    where ID = #{id,jdbcType=DECIMAL}
  </delete>

  <insert id="insert" parameterType="com.uns.model.BankInfo" >
    insert into BANK_INFO (ID, BANK_ID, BANK_NAME, 
      BANK_DESC, BANK_ADDRESS, NET_BANK_URL, 
      VALID_FLAG, REMARK, VERSION, 
      CREATE_USER, CREATE_TIME, UPDATE_USER, 
      UPDATE_TIME, BANK_CODE, TEL_BANK_URL, 
      TEL_BANK_NO, MOBILE_BANK_URL, SUPPORTED, 
      EXCEPTIONAL, BANK_GROUP, PRI, 
      LINK_CODE, DRAW_BANK, SETTLEMENT_TIME, 
      CARD_TYPE)
    values (#{id,jdbcType=DECIMAL}, #{bankId,jdbcType=VARCHAR}, #{bankName,jdbcType=VARCHAR}, 
      #{bankDesc,jdbcType=VARCHAR}, #{bankAddress,jdbcType=VARCHAR}, #{netBankUrl,jdbcType=VARCHAR}, 
      #{validFlag,jdbcType=VARCHAR}, #{remark,jdbcType=VARCHAR}, #{version,jdbcType=DECIMAL}, 
      #{createUser,jdbcType=VARCHAR}, #{createTime,jdbcType=DATE}, #{updateUser,jdbcType=VARCHAR}, 
      #{updateTime,jdbcType=DATE}, #{bankCode,jdbcType=VARCHAR}, #{telBankUrl,jdbcType=VARCHAR}, 
      #{telBankNo,jdbcType=VARCHAR}, #{mobileBankUrl,jdbcType=VARCHAR}, #{supported,jdbcType=DECIMAL}, 
      #{exceptional,jdbcType=DECIMAL}, #{bankGroup,jdbcType=DECIMAL}, #{pri,jdbcType=DECIMAL}, 
      #{linkCode,jdbcType=VARCHAR}, #{drawBank,jdbcType=VARCHAR}, #{settlementTime,jdbcType=VARCHAR}, 
      #{cardType,jdbcType=VARCHAR})
  </insert>
  <insert id="insertSelective" parameterType="com.uns.model.BankInfo" >
    insert into BANK_INFO
    <trim prefix="(" suffix=")" suffixOverrides="," >
      <if test="id != null" >
        ID,
      </if>
      <if test="bankId != null" >
        BANK_ID,
      </if>
      <if test="bankName != null" >
        BANK_NAME,
      </if>
      <if test="bankDesc != null" >
        BANK_DESC,
      </if>
      <if test="bankAddress != null" >
        BANK_ADDRESS,
      </if>
      <if test="netBankUrl != null" >
        NET_BANK_URL,
      </if>
      <if test="validFlag != null" >
        VALID_FLAG,
      </if>
      <if test="remark != null" >
        REMARK,
      </if>
      <if test="version != null" >
        VERSION,
      </if>
      <if test="createUser != null" >
        CREATE_USER,
      </if>
      <if test="createTime != null" >
        CREATE_TIME,
      </if>
      <if test="updateUser != null" >
        UPDATE_USER,
      </if>
      <if test="updateTime != null" >
        UPDATE_TIME,
      </if>
      <if test="bankCode != null" >
        BANK_CODE,
      </if>
      <if test="telBankUrl != null" >
        TEL_BANK_URL,
      </if>
      <if test="telBankNo != null" >
        TEL_BANK_NO,
      </if>
      <if test="mobileBankUrl != null" >
        MOBILE_BANK_URL,
      </if>
      <if test="supported != null" >
        SUPPORTED,
      </if>
      <if test="exceptional != null" >
        EXCEPTIONAL,
      </if>
      <if test="bankGroup != null" >
        BANK_GROUP,
      </if>
      <if test="pri != null" >
        PRI,
      </if>
      <if test="linkCode != null" >
        LINK_CODE,
      </if>
      <if test="drawBank != null" >
        DRAW_BANK,
      </if>
      <if test="settlementTime != null" >
        SETTLEMENT_TIME,
      </if>
      <if test="cardType != null" >
        CARD_TYPE,
      </if>
    </trim>
    <trim prefix="values (" suffix=")" suffixOverrides="," >
      <if test="id != null" >
        #{id,jdbcType=DECIMAL},
      </if>
      <if test="bankId != null" >
        #{bankId,jdbcType=VARCHAR},
      </if>
      <if test="bankName != null" >
        #{bankName,jdbcType=VARCHAR},
      </if>
      <if test="bankDesc != null" >
        #{bankDesc,jdbcType=VARCHAR},
      </if>
      <if test="bankAddress != null" >
        #{bankAddress,jdbcType=VARCHAR},
      </if>
      <if test="netBankUrl != null" >
        #{netBankUrl,jdbcType=VARCHAR},
      </if>
      <if test="validFlag != null" >
        #{validFlag,jdbcType=VARCHAR},
      </if>
      <if test="remark != null" >
        #{remark,jdbcType=VARCHAR},
      </if>
      <if test="version != null" >
        #{version,jdbcType=DECIMAL},
      </if>
      <if test="createUser != null" >
        #{createUser,jdbcType=VARCHAR},
      </if>
      <if test="createTime != null" >
        #{createTime,jdbcType=DATE},
      </if>
      <if test="updateUser != null" >
        #{updateUser,jdbcType=VARCHAR},
      </if>
      <if test="updateTime != null" >
        #{updateTime,jdbcType=DATE},
      </if>
      <if test="bankCode != null" >
        #{bankCode,jdbcType=VARCHAR},
      </if>
      <if test="telBankUrl != null" >
        #{telBankUrl,jdbcType=VARCHAR},
      </if>
      <if test="telBankNo != null" >
        #{telBankNo,jdbcType=VARCHAR},
      </if>
      <if test="mobileBankUrl != null" >
        #{mobileBankUrl,jdbcType=VARCHAR},
      </if>
      <if test="supported != null" >
        #{supported,jdbcType=DECIMAL},
      </if>
      <if test="exceptional != null" >
        #{exceptional,jdbcType=DECIMAL},
      </if>
      <if test="bankGroup != null" >
        #{bankGroup,jdbcType=DECIMAL},
      </if>
      <if test="pri != null" >
        #{pri,jdbcType=DECIMAL},
      </if>
      <if test="linkCode != null" >
        #{linkCode,jdbcType=VARCHAR},
      </if>
      <if test="drawBank != null" >
        #{drawBank,jdbcType=VARCHAR},
      </if>
      <if test="settlementTime != null" >
        #{settlementTime,jdbcType=VARCHAR},
      </if>
      <if test="cardType != null" >
        #{cardType,jdbcType=VARCHAR},
      </if>
    </trim>
  </insert>

  <update id="updateByPrimaryKeySelective" parameterType="com.uns.model.BankInfo" >
    update BANK_INFO
    <set >
      <if test="bankId != null" >
        BANK_ID = #{bankId,jdbcType=VARCHAR},
      </if>
      <if test="bankName != null" >
        BANK_NAME = #{bankName,jdbcType=VARCHAR},
      </if>
      <if test="bankDesc != null" >
        BANK_DESC = #{bankDesc,jdbcType=VARCHAR},
      </if>
      <if test="bankAddress != null" >
        BANK_ADDRESS = #{bankAddress,jdbcType=VARCHAR},
      </if>
      <if test="netBankUrl != null" >
        NET_BANK_URL = #{netBankUrl,jdbcType=VARCHAR},
      </if>
      <if test="validFlag != null" >
        VALID_FLAG = #{validFlag,jdbcType=VARCHAR},
      </if>
      <if test="remark != null" >
        REMARK = #{remark,jdbcType=VARCHAR},
      </if>
      <if test="version != null" >
        VERSION = #{version,jdbcType=DECIMAL},
      </if>
      <if test="createUser != null" >
        CREATE_USER = #{createUser,jdbcType=VARCHAR},
      </if>
      <if test="createTime != null" >
        CREATE_TIME = #{createTime,jdbcType=DATE},
      </if>
      <if test="updateUser != null" >
        UPDATE_USER = #{updateUser,jdbcType=VARCHAR},
      </if>
      <if test="updateTime != null" >
        UPDATE_TIME = #{updateTime,jdbcType=DATE},
      </if>
      <if test="bankCode != null" >
        BANK_CODE = #{bankCode,jdbcType=VARCHAR},
      </if>
      <if test="telBankUrl != null" >
        TEL_BANK_URL = #{telBankUrl,jdbcType=VARCHAR},
      </if>
      <if test="telBankNo != null" >
        TEL_BANK_NO = #{telBankNo,jdbcType=VARCHAR},
      </if>
      <if test="mobileBankUrl != null" >
        MOBILE_BANK_URL = #{mobileBankUrl,jdbcType=VARCHAR},
      </if>
      <if test="supported != null" >
        SUPPORTED = #{supported,jdbcType=DECIMAL},
      </if>
      <if test="exceptional != null" >
        EXCEPTIONAL = #{exceptional,jdbcType=DECIMAL},
      </if>
      <if test="bankGroup != null" >
        BANK_GROUP = #{bankGroup,jdbcType=DECIMAL},
      </if>
      <if test="pri != null" >
        PRI = #{pri,jdbcType=DECIMAL},
      </if>
      <if test="linkCode != null" >
        LINK_CODE = #{linkCode,jdbcType=VARCHAR},
      </if>
      <if test="drawBank != null" >
        DRAW_BANK = #{drawBank,jdbcType=VARCHAR},
      </if>
      <if test="settlementTime != null" >
        SETTLEMENT_TIME = #{settlementTime,jdbcType=VARCHAR},
      </if>
      <if test="cardType != null" >
        CARD_TYPE = #{cardType,jdbcType=VARCHAR},
      </if>
    </set>
    where ID = #{id,jdbcType=DECIMAL}
  </update>
  <update id="updateByPrimaryKey" parameterType="com.uns.model.BankInfo" >
    update BANK_INFO
    set BANK_ID = #{bankId,jdbcType=VARCHAR},
      BANK_NAME = #{bankName,jdbcType=VARCHAR},
      BANK_DESC = #{bankDesc,jdbcType=VARCHAR},
      BANK_ADDRESS = #{bankAddress,jdbcType=VARCHAR},
      NET_BANK_URL = #{netBankUrl,jdbcType=VARCHAR},
      VALID_FLAG = #{validFlag,jdbcType=VARCHAR},
      REMARK = #{remark,jdbcType=VARCHAR},
      VERSION = #{version,jdbcType=DECIMAL},
      CREATE_USER = #{createUser,jdbcType=VARCHAR},
      CREATE_TIME = #{createTime,jdbcType=DATE},
      UPDATE_USER = #{updateUser,jdbcType=VARCHAR},
      UPDATE_TIME = #{updateTime,jdbcType=DATE},
      BANK_CODE = #{bankCode,jdbcType=VARCHAR},
      TEL_BANK_URL = #{telBankUrl,jdbcType=VARCHAR},
      TEL_BANK_NO = #{telBankNo,jdbcType=VARCHAR},
      MOBILE_BANK_URL = #{mobileBankUrl,jdbcType=VARCHAR},
      SUPPORTED = #{supported,jdbcType=DECIMAL},
      EXCEPTIONAL = #{exceptional,jdbcType=DECIMAL},
      BANK_GROUP = #{bankGroup,jdbcType=DECIMAL},
      PRI = #{pri,jdbcType=DECIMAL},
      LINK_CODE = #{linkCode,jdbcType=VARCHAR},
      DRAW_BANK = #{drawBank,jdbcType=VARCHAR},
      SETTLEMENT_TIME = #{settlementTime,jdbcType=VARCHAR},
      CARD_TYPE = #{cardType,jdbcType=VARCHAR}
    where ID = #{id,jdbcType=DECIMAL}
  </update>
</mapper>