<?xml version="1.0" encoding="UTF-8"?>
<!DOCTYPE mapper PUBLIC "-//mybatis.org//DTD Mapper 3.0//EN" "http://mybatis.org/dtd/mybatis-3-mapper.dtd" >
<mapper namespace="com.uns.dao.CheckBillAmountMapper">
	<!-- 根据对账时间和通道查询对账记录 -->
	<select id="getBychannel" parameterType="java.util.Map" resultType="Integer">
  		select check_status from check_bill cb
  		where cb.check_date = to_date(#{checkDate,jdbcType=VARCHAR},'yyyy-MM-dd')
        and cb.channel =  #{channel,jdbcType=VARCHAR}
    </select>

	<select id="getByEpccChannel" parameterType="java.util.Map" resultType="java.util.Map">
  		select a.batch_id, cb.check_status
  		from (
  		select distinct tr.batch_id from trans_ref tr
  		where to_date(substr(tr.trans_time,1,10),'yyyy-MM-dd') = to_date(#{checkDate,jdbcType=VARCHAR},'yyyy-MM-dd')
  		and tr.trans_status in ('00','03')
        group by tr.batch_id) a
        left join check_bill cb
        on a.batch_id = cb.batch_id
    </select>

     <!-- 删除当前时间的数据 -->
    <delete id="deleterBySysTime" parameterType="java.util.Map">
   		delete from CHECK_BILL
   		 where to_char(check_date,'YYYY-MM-DD')=#{dealDate,jdbcType=VARCHAR}   
   		 and channel=#{channel,jdbcType=VARCHAR}
    </delete>

	<!-- 删除当前时间的数据 -->
	<delete id="deleterBySysTimeBatch" parameterType="java.util.Map">
   		delete from CHECK_BILL
   		 where to_char(check_date,'YYYY-MM-DD')=#{dealDate,jdbcType=VARCHAR}
   		 and batch_id=#{batchId,jdbcType=VARCHAR}
    </delete>

	<select id="getChannelCountNew" parameterType="java.util.Map"
		resultType="java.util.Map">
		select nvl(sum(t.amount),0) amount,
		count(t.trans_id) countNum
		from bank_info bi ,
		transaction t ,
		action_type at
		where t.bank_seq = bi.id
		and t.action_seq = at.id
		<if test="actionTypes!=null">
			and t.action_seq in
			<foreach collection="actionTypes" item="actionType" index="index"
				open="(" close=")" separator=",">
				#{actionType}
			</foreach>
		</if>
		and t.trans_status=3
		and at.flag = 1
		and to_char(t.begin_date,'yyyy-MM-dd') = #{dealDate,jdbcType=VARCHAR}
		<if test="channelTypes!=null">
			and
			<foreach collection="channelTypes" item="channelType" index="index"
				open="(" close=")" separator="OR">
				bi.bank_code like #{channelType}
			</foreach>
		</if>
	</select>
	
	<!-- 获取代扣交易记录 -->
  	<select id="getAllDkByChannel" parameterType="java.util.Map" resultType="java.util.Map">
    	select nvl(sum(t.amount),0) amount,
          count(t.trans_id) countNum
		from transaction t,
		bank_info bi,
		action_type at,
		account a,
		order_delegate_collect odc
		where t.bank_seq = bi.id
		and odc.trans_id = t.trans_id
		and t.action_seq = at.id
		and t.credit_seq = a.default_sub_seq 
		and at.flag = 1
		and t.action_seq != 20
	    and to_char(t.begin_date,'yyyy-MM-dd') = #{dealDate,jdbcType=VARCHAR}
		and	
		<foreach collection="channelType" item="channelType" index="index"
				open="(" close=")" separator="OR">
				odc.bank_code like '%'||#{channelType} ||'%'
		</foreach>
	    and t.trans_status=3
  	</select>
  
  	<select id="getAllAuthDkByChannel" parameterType="java.util.Map" resultType="java.util.Map">
        select nvl(sum(t.amount),0) amount,
        count(t.trans_id) countNum
        from transaction t,
        bank_info bi,
        action_type at,
        account a,
        order_auth_pay odc
        where t.bank_seq = bi.id
        and odc.trans_id = t.trans_id
        and t.action_seq = at.id
        and t.credit_seq = a.default_sub_seq
        and at.flag = 1
        and t.action_seq != 20
        and to_char(t.begin_date,'yyyy-MM-dd') = #{dealDate,jdbcType=VARCHAR}
        and
        <foreach collection="channelType" item="channelType" index="index"
                 open="(" close=")" separator="OR">
            odc.bank_code like '%'||#{channelType} ||'%'
        </foreach>
        and t.trans_status=3
    </select>
	
	<select id="getDkByChannel" parameterType="java.util.Map" resultType="java.util.Map">
        select nvl(sum(t.amount),0) amount,
        count(t.trans_id) countNum
        from transaction t,
        bank_info bi,
        action_type at,
        account a,
        order_delegate_collect odc
        where t.bank_seq = bi.id
        and odc.trans_id = t.trans_id
        and t.action_seq = at.id
        and t.credit_seq = a.default_sub_seq
        and at.flag = 1
        and t.action_seq != 20
        and to_char(t.begin_date,'yyyy-MM-dd') = #{dealDate,jdbcType=VARCHAR}
        and
        <foreach collection="channelType" item="channelType" index="index"
                 open="(" close=")" separator="OR">
            odc.bank_code like '%'||#{channelType}
        </foreach>
        and t.trans_status=3
   </select>
    
   <!-- 获取实名认证代扣交易记录 -->
   <select id="getAuthDkByChannel" parameterType="java.util.Map" resultType="java.util.Map">
    	select nvl(sum(t.amount),0) amount,
          count(t.trans_id) countNum
		from transaction t,
		bank_info bi,
		action_type at,
		account a,
		order_auth_pay odc
		where t.bank_seq = bi.id
		and odc.trans_id = t.trans_id
		and t.action_seq = at.id
		and t.credit_seq = a.default_sub_seq 
		and at.flag = 1
		and t.action_seq != 20
	    and to_char(t.begin_date,'yyyy-MM-dd') = #{dealDate,jdbcType=VARCHAR}
		and	
		<foreach collection="channelType" item="channelType" index="index"
				open="(" close=")" separator="OR">
				odc.bank_code like '%'||#{channelType}
		</foreach>
	    and t.trans_status=3
    </select>
	
	<!-- 获取新代扣交易记录 -->
    <select id="getNewDkByChannel" parameterType="java.util.Map" resultType="java.util.Map">
		select 
		  nvl(sum(orde.amount),0) amount,
        count(orde.trans_id) countNum
		from order_delegate_collect_new orde,
		account a ,
		action_type at 
		where 
		at.id=orde.action_type
		and a.default_sub_seq=orde.credit_seq
		and orde.action_type != 20
		and to_char(orde.update_time,'yyyy-MM-dd') = #{dealDate,jdbcType=VARCHAR}
		and
		<foreach collection="channelType" item="channelType" index="index"
				open="(" close=")" separator="OR">
				orde.channel_code like '%'||#{channelType} ||'%'
		</foreach>
        and orde.order_status=2
    </select>
    
    <select id="getAllKjChannel" parameterType="java.util.Map" resultType="java.util.Map">
       select nvl(sum(t.amount),0) amount,
          count(distinct t.trans_id) countNum
		from bank_info bi ,
		transaction t ,
		action_type at,
		account a
		where bi.bank_code in (${channel})
		and t.bank_seq = bi.id
		and t.action_seq = at.id
		and at.id in(${actionType})
		and t.credit_seq = a.default_sub_seq
        and to_char(t.begin_date,'yyyy-MM-dd') = #{dealDate,jdbcType=VARCHAR}   
		and at.flag = 1
		and t.action_seq != 20
        and t.trans_status=3
  </select>
  
  <select id="getB2cTrans" parameterType="java.util.Map" resultType="java.util.Map">
	   select  nvl(sum(t.amount),0) amount,
          count(t.trans_id) countNum
		from transaction t,
		bank_info bi,
		action_type at
		where t.bank_seq = bi.id
        and t.action_seq = at.id
        and at.id  in (${actionType})
        and at.flag = 1
        and t.action_seq != 20
        and to_char(t.begin_date,'yyyy-MM-dd') = #{dealDate,jdbcType=VARCHAR}
		and	
		<foreach collection="channel" item="channel" index="index"
				open="(" close=")" separator="OR">
				bi.bank_code like '%'||#{channel}
		</foreach>
	    and t.trans_status=3
  </select>
  
  <select id="getSmTrans2" parameterType="java.util.Map" resultType="java.util.Map">
	   select  nvl(sum(t.amount),0) amount,
          count(t.trans_id) countNum
		from transaction t,
		bank_info bi,
		action_type at
		where t.bank_seq = bi.id
        and t.action_seq = at.id
        and at.id  in (227,220,246,248,251,241,244,247)
        and at.flag = 1
        and t.action_seq != 20
        and to_char(t.begin_date,'yyyy-MM-dd') = #{dealDate,jdbcType=VARCHAR}
		and	
		<foreach collection="channel" item="channel" index="index"
				open="(" close=")" separator="OR">
				bi.bank_code like #{channel}||'%'
		</foreach>
	    and t.trans_status=3
    </select>
  
  	<!-- 银联快捷交易 -->
    <select id="getUnionpayKjChannel" parameterType="java.util.Map" resultType="java.util.Map">
       select nvl(sum(t.amount),0) amount,
          count(distinct t.trans_id) countNum
		from bank_info bi ,
		transaction t ,
		action_type at,
		account a
		where t.bank_seq = bi.id
		and t.action_seq = at.id
		and at.id in(${actionType})
		and t.credit_seq = a.default_sub_seq
        and to_char(t.begin_date,'yyyy-MM-dd') = #{dealDate,jdbcType=VARCHAR}   
        and	
		<foreach collection="channel" item="channel" index="index"
				open="(" close=")" separator="OR">
				bi.bank_code like '%'||#{channel}
		</foreach>
		and at.flag = 1
		and t.action_seq != 20
        and t.trans_status=3
  </select>
  <!--银联全渠道交易金额  -->
    <select id="getChinaPayChannel" parameterType="java.util.Map" resultType="java.util.Map">
       select nvl(sum(t.amount),0) amount,
          count(distinct t.trans_id) countNum
		from bank_info bi ,
		transaction t ,
		action_type at,
		account a
		where t.bank_seq = bi.id
		and t.action_seq = at.id
		and at.id in(${actionType})
		and t.credit_seq = a.default_sub_seq
        and to_char(t.begin_date,'yyyy-MM-dd') = #{dealDate,jdbcType=VARCHAR}   
        and	
		<foreach collection="channel" item="channel" index="index"
				open="(" close=")" separator="OR">
				bi.bank_code like '%'||#{channel}||'%'
		</foreach>
		and at.flag = 1
		and t.action_seq != 20
        and t.trans_status=3
  </select>
  
  <select id="getcmbcAmount" resultType="java.util.Map" parameterType="java.util.Map">		
		select 
		nvl(sum(t.amount),0) amount,
          count(t.trans_id) countNum
		from transaction t,
		action_type at,
		account a,
		(select *
		from bank_info
		where bank_group in (select bank_id
		from bank_info
		where bank_code like '%cmbc%'
		and bank_group is null)) bi
		where t.action_seq in (${actionType})
		and t.credit_seq = a.default_sub_seq
		and t.bank_seq = bi.id
		and to_char(t.begin_date,'yyyy-MM-dd') = #{dealDate,jdbcType=VARCHAR}
		and at.flag = 1
		and t.action_seq != 20
		and t.action_seq = at.id
		and t.trans_status=3
  </select>
  
  <!-- 获取cncb_b2c交易记录 -->
  <select id="getCncbB2cAmount" parameterType="java.util.Map" resultType="java.util.Map">
  	  select nvl(sum(t.amount),0) amount,
          count(t.trans_id) countNum
      from transaction t,
           bank_info bi,
           action_type at
      where t.bank_seq = bi.id
      and t.action_seq = at.id
      and at.id  in (${actionType})
      and t.trans_status=3
      and at.flag = 1
      and t.action_seq != 20
      and to_char(t.begin_date,'yyyy-MM-dd') = #{dealDate,jdbcType=VARCHAR}       
      and bi.bank_code in (${bankCodeList})
  </select>

  <!-- 获取cncb_b2c交易记录 -->
  <select id="getBocB2cCreditAmount" parameterType="java.util.Map" resultType="java.util.Map">
  	  select nvl(sum(t.amount),0) amount,
          count(t.trans_id) countNum
      from transaction t,
           bank_info bi,
           action_type at
      where t.bank_seq = bi.id
      and t.action_seq = at.id
      and at.id  in (${actionType})
      and t.trans_status=3
      and at.flag = 1
      and t.action_seq != 20
      and to_char(t.begin_date,'yyyy-MM-dd') = #{dealDate,jdbcType=VARCHAR}    
      and bi.bank_code in ('boc','boc_d')
  </select>
  
  <select id="getB2BAmount" parameterType="java.util.Map" resultType="java.util.Map">
  	  select nvl(sum(t.amount),0) amount,
          count(t.trans_id) countNum
      from transaction t,
           bank_info bi,
           action_type at
      where t.bank_seq = bi.id
      and t.action_seq = at.id
      and at.id  in (17)
      and t.trans_status=3
      and at.flag = 1
      and t.action_seq != 20
      and to_char(t.begin_date,'yyyy-MM-dd') = #{dealDate,jdbcType=VARCHAR}         
      and bi.bank_code like #{channel}||'%'
  </select>
  
  <!-- 获取cmbc_b2c交易记录 -->
  <select id="getCmbcB2cAmount" parameterType="java.util.Map" resultType="java.util.Map">
  	  select nvl(sum(t.amount),0) amount,
          count(t.trans_id) countNum
      from transaction t,
           bank_info bi,
           action_type at
      where t.bank_seq = bi.id
      and t.action_seq = at.id
      and at.id  in (${actionType})
      and t.trans_status=3
      and at.flag = 1
      and t.action_seq != 20
      and to_char(t.begin_date,'yyyy-MM-dd') = #{dealDate,jdbcType=VARCHAR}         
      and bi.bank_code = #{channel,jdbcType=VARCHAR}
  </select>
  
  <select id="getkjAmount" parameterType="java.util.Map" resultType="java.util.Map">
	   select  nvl(sum(t.amount),0) amount,
          count(t.trans_id) countNum
		from transaction t,
		bank_info bi,
		action_type at
		where t.bank_seq = bi.id
        and t.action_seq = at.id
        and at.id  in (${actionType})
        and at.flag = 1
        and t.action_seq != 20
        and to_char(t.begin_date,'yyyy-MM-dd') = #{dealDate,jdbcType=VARCHAR}
		and	
		<foreach collection="channel" item="channel" index="index"
				open="(" close=")" separator="OR">
				bi.bank_code like '%'||#{channel}
		</foreach>
	    and t.trans_status=3
  </select>
  <!-- 中国银行快捷金额 -->
  <select id="getBocKjAmount" parameterType="java.util.Map" resultType="java.util.Map">
		select nvl(sum(t.amount),0) amount,
		count(distinct t.trans_id) countNum
		from bank_info bi ,
		transaction t ,
		action_type at,
		account a
		where bi.bank_code = 'boc_q_d'
		and t.bank_seq = bi.id
		and t.action_seq = at.id
		and at.id in(${actionType})
		and t.credit_seq = a.default_sub_seq
		and t.action_seq != 20
		and to_char(t.begin_date,'yyyy-MM-dd') = #{dealDate,jdbcType=VARCHAR}
		and at.flag = 1
		and t.trans_status=3
  </select>

	<!-- pingan_kj金额 -->
	<select id="getPinganKjAmount" parameterType="java.util.Map" resultType="java.util.Map">
		select nvl(sum(t.amount),0) amount,
		count(distinct t.trans_id) countNum
		from bank_info bi ,
		transaction t ,
		action_type at,
		account a
		where bi.bank_code = #{channel}
		and t.bank_seq = bi.id
		and t.action_seq = at.id
		and at.id in(217,36,37,38,212,235,242,243,23,240)
		and t.credit_seq = a.default_sub_seq
		and t.action_seq != 20
		and to_char(t.begin_date,'yyyy-MM-dd') = #{dealDate,jdbcType=VARCHAR}
		and at.flag = 1
		and t.trans_status=3
  </select>


  <!-- 出金银生宝总金额 -->
	<select id="getOutAmount" resultType="java.util.Map" parameterType="java.util.Map">
		select nvl(sum(TRANS.Amount),0) amount,
		count(trans.trans_id) countnum
		FROM T_BANK_TRANS TB
		LEFT JOIN TRANSACTION TRANS
		ON TB.TRANS_ID = TRANS.TRANS_ID
		LEFT JOIN ACTION_TYPE AT
		ON TRANS.ACTION_SEQ = AT.ID
		AND AT.FLAG = -1
		WHERE TB.TRANS_TYPE = 'interBankPay'
		AND to_char(TRANS.Begin_Date,'yyyy-mm-dd') = #{dealDate,jdbcType=VARCHAR}
		AND TRANS.TRANS_STATUS = '3'
		AND TRANS.AUDIT_TRANS = '3'
		AND TB.BANK_CODE = #{channel,jdbcType=VARCHAR}
	</select>

  <!-- 出金新代付总金额 -->
  <select id="getOutNewDfAmount" resultType="java.util.Map" parameterType="java.util.Map">
	SELECT nvl(sum(TRANS.Amount),0) amount,
	  count(trans.trans_id) countnum
	  FROM T_BANK_TRANS TB
	  LEFT JOIN DELEGATE_PAY_ORDER TRANS
	    ON TB.TRANS_ID = TRANS.TRANS_ID
	  LEFT JOIN ACTION_TYPE AT
	    ON TRANS.ACTION_SEQ = AT.ID
	   AND AT.FLAG = -1
	 WHERE TB.TRANS_TYPE = 'interBankPay'
	   AND to_char(tb.trans_date,'yyyy-mm-dd') = #{dealDate,jdbcType=VARCHAR}
	   AND TB.BANK_CODE = #{channel,jdbcType=VARCHAR}
	   AND TRANS.ORDER_STATUS = '3'
  </select>
  <!--获取出金新体现交易金额  -->
  <select id="getOutNewTXAmount" resultType="java.util.Map" parameterType="java.util.Map">
  	SELECT nvl(sum(TRANS.Amount),0) amount,
	  count(trans.trans_id) countnum
	  FROM 
	  WITHDRAW_ORDER TRANS
	   where
	   to_char(TRANS.CREATE_TIME,'yyyy-mm-dd') = #{dealDate,jdbcType=VARCHAR}
	   AND TRANS.channel_code = #{channel,jdbcType=VARCHAR}
	   AND TRANS.ORDER_STATUS = '3'
  </select>
  <!-- 出金青岛银联新代付金额 -->
  <select id="getOutHfqdNewDfAmount" resultType="java.util.Map" parameterType="java.util.Map">
  	SELECT nvl(sum(TRANS.Amount),0) amount,
	 	  count(trans.trans_id) countnum
		  FROM T_BANK_TRANS TB
		  LEFT JOIN DELEGATE_PAY_ORDER TRANS
		    ON TB.TRANS_ID = TRANS.TRANS_ID
		 WHERE TB.TRANS_TYPE = 'interBankPay'
		   AND to_char(tb.trans_date,'yyyy-mm-dd') = #{dealDate,jdbcType=VARCHAR}
		   AND TB.BANK_CODE like #{channel}||'%'
		   AND TRANS.ORDER_STATUS = '3'
  </select>

  <select id="getOutHfqdAmount" resultType="java.util.Map" parameterType="java.util.Map">
  	select nvl(sum(TRANS.Amount),0) amount,
	  count(trans.trans_id) countnum
	  FROM T_BANK_TRANS TB
	  LEFT JOIN TRANSACTION TRANS
	    ON TB.TRANS_ID = TRANS.TRANS_ID
	 WHERE TB.TRANS_TYPE = 'interBankPay'
	   AND to_char(TRANS.Begin_Date,'yyyy-mm-dd') = #{dealDate,jdbcType=VARCHAR}
	   AND TRANS.TRANS_STATUS = '3'
	   AND TRANS.AUDIT_TRANS = '3'
	   AND TB.BANK_CODE like #{channel}||'%'
  </select>

	<!-- 银联无卡快捷金额 -->
	<select id="getYinlianKjAmount" parameterType="java.util.Map" resultType="java.util.Map">
		select nvl(sum(t.amount),0) amount,
		count(distinct t.trans_id) countNum
		from bank_info bi ,
		transaction t ,
		action_type at,
		account a
		where bi.bank_code like '%'||#{channel}||'%'
		and t.bank_seq = bi.id
		and t.action_seq = at.id
		and at.id in(${actionType})
		and t.credit_seq = a.default_sub_seq
		and t.action_seq != 20
		and to_char(t.begin_date,'yyyy-MM-dd') = #{dealDate,jdbcType=VARCHAR}
		and at.flag = 1
		and t.trans_status=3
  </select>

	<!-- 邮储快捷金额 -->
	<select id="getPsbcDKjAmount" parameterType="java.util.Map" resultType="java.util.Map">
		select nvl(sum(t.amount),0) amount,
		count(distinct t.trans_id) countNum
		from bank_info bi ,
		transaction t ,
		action_type at,
		account a
		where bi.bank_code = #{channel}
		and t.bank_seq = bi.id
		and t.action_seq = at.id
		and at.id in(${actionType})
		and t.credit_seq = a.default_sub_seq
		and t.action_seq != 20
		and to_char(t.begin_date,'yyyy-MM-dd') = #{dealDate,jdbcType=VARCHAR}
		and at.flag = 1
		and t.trans_status=3
  </select>

	<!--统计网联交易金额-->
	<select id="getNetsUnionAmount" resultType="java.util.Map">
		select tr.batch_id, nvl(sum(tr.trans_amount), 0) amount
		from trans_ref tr
		where to_date(substr(tr.trans_time, 1, 10),'yyyy-MM-dd') = to_date(#{checkdate,jdbcType=VARCHAR},'yyyy-MM-dd')
		and tr.trans_status in ('00', '03')
		<if test="list != null and list.size > 0">
			and batch_id in(
			<foreach collection="list" item="item" separator="," index="index">
				#{item.BATCH_ID,jdbcType=VARCHAR}
			</foreach>
			)
		</if>
		group by tr.batch_id
	</select>
	<select id="getUnionpayWgAmount" resultType="java.util.Map">
		select nvl(sum(t.amount),0) amount,
		count(distinct t.trans_id) countNum
		from bank_info bi ,
		transaction t ,
		action_type at,
		account a
		where t.bank_seq = bi.id
		and t.action_seq = at.id
		and at.id in(${actionType})
		and t.credit_seq = a.default_sub_seq
		and to_char(t.begin_date,'yyyy-MM-dd') = #{dealDate,jdbcType=VARCHAR}
		and
		<foreach collection="channel" item="channel" index="index"
				 open="(" close=")" separator="OR">
			bi.bank_code like #{channel}||'%'
		</foreach>
		and at.flag = 1
		and t.action_seq != 20
		and t.trans_status=3
	</select>
	<select id="getUnionpayXmDpAmount" resultType="java.util.Map">
		SELECT NVL(SUM(TRANS.AMOUNT), 0) AMOUNT, COUNT(TRANS.TRANS_ID) COUNTNUM
		  FROM XM_BANK TB
		  LEFT JOIN TRANSACTION TRANS
			ON TB.TRANS_ID = TRANS.TRANS_ID
		  LEFT JOIN ACTION_TYPE AT
			ON TRANS.ACTION_SEQ = AT.ID
		   AND AT.FLAG = -1
		 WHERE TO_CHAR(TRANS.BEGIN_DATE, 'yyyy-mm-dd') = #{dealDate,jdbcType=VARCHAR}
		   AND TRANS.TRANS_STATUS = '3'
		   AND TRANS.AUDIT_TRANS = '3'
	</select>

	<select id="getUnionpayAtSmAmount" resultType="java.util.Map" parameterType="java.util.Map">
		select
		nvl(sum(t.amount),0) amount,
          count(t.trans_id) countNum
		from transaction t,
		action_type at,
		account a,
		bank_info bi
		where t.action_seq in (${actionType})
		and t.credit_seq = a.default_sub_seq
		and t.bank_seq = bi.id
		and to_char(t.begin_date,'yyyy-MM-dd') = #{dealDate,jdbcType=VARCHAR}
		and at.flag = 1
		and t.action_seq != 20
		and t.action_seq = at.id
		and t.trans_status=3
		and bi.bank_code like '%unionpay_at%'
  </select>


</mapper>