<?xml version="1.0" encoding="UTF-8" ?>
<!DOCTYPE mapper PUBLIC "-//mybatis.org//DTD Mapper 3.0//EN" "http://mybatis.org/dtd/mybatis-3-mapper.dtd" >
<mapper namespace="com.uns.dao.CheckBillTransDetailMapper" >
  <resultMap id="BaseResultMap" type="com.uns.model.CheckBillTransDetail" >
    <id column="ID" property="id" jdbcType="INTEGER" />
    <result column="CHECK_DATE" property="checkDate" jdbcType="DATE" />
    <result column="CHANNEL" property="channel" jdbcType="VARCHAR" />
    <result column="BANK_NAME" property="bankName" jdbcType="VARCHAR" />
    <result column="ACTION_NAME" property="actionName" jdbcType="VARCHAR" />
    <result column="CHANNEL_NO" property="channelNo" jdbcType="VARCHAR" />
    <result column="LOCAL_TRANS_ID" property="localTransId" jdbcType="VARCHAR" />
    <result column="BANK_TRANS_ID" property="bankTransId" jdbcType="VARCHAR" />
    <result column="ACCOUNT_NAME" property="accountName" jdbcType="VARCHAR" />
    <result column="CHECK_BILL_ID" property="checkBillId" jdbcType="DECIMAL" />
    <result column="LOCAL_AMOUNT" property="localAmount" jdbcType="DECIMAL" />
    <result column="BANK_AMOUNT" property="bankAmount" jdbcType="DECIMAL" />
    <result column="FILE_NAME" property="fileName" jdbcType="VARCHAR" />
    <result column="TRANS_DATE" property="transDate" jdbcType="VARCHAR" />  
    <result column="DEAL_FLAG" property="dealFlag" jdbcType="VARCHAR" />  
    <result column="FEE_VALUE_STATUS" property="feeValueStatus" jdbcType="VARCHAR" />
    <result column="NAME" property="name" jdbcType="VARCHAR"/>
    <result column="CREDIT_FEE" property="creditFee" jdbcType="DECIMAL"/>
    <result column="CHECK_TRANS_STATUS" property="checkTransStatus" jdbcType="VARCHAR"/>
    <result column="OPER_STATUS" property="operStatus" jdbcType="VARCHAR"/>
    <result column="CHECK_USER" property="checkUser" jdbcType="VARCHAR"/>
    <result column="TRANS_TYPE" property="transType" jdbcType="DECIMAL"/>
    <result column="MERCHANT_CODE" property="merchantCode" jdbcType="VARCHAR"/>
    <result column="BILL_TYPE" property="billType" jdbcType="VARCHAR"/>
    <result column="BATCH_ID" property="batchId" jdbcType="VARCHAR"/>
    <result column="BANK_BUSI_TYPE" property="bankBusiType" jdbcType="VARCHAR"/>
    <result column="PAY_ORG_ID_SEQ" property="payOrgIdSeq" jdbcType="VARCHAR"/>
    <result column="DEST_ORG_ID_SEQ" property="destOrgIdSeq" jdbcType="VARCHAR"/>
    <result column="BANK_BUSI_STATUS" property="bankBusiStatus" jdbcType="VARCHAR"/>
  </resultMap>
  <sql id="Base_Column_List" >
    ID, CHECK_DATE, TRANS_DATE ,CHANNEL, BANK_NAME, ACTION_NAME, CHANNEL_NO, LOCAL_TRANS_ID, BANK_TRANS_ID, 
    ACCOUNT_NAME, CHECK_BILL_ID, LOCAL_AMOUNT, BANK_AMOUNT, FILE_NAME, CHECK_TRANS_STATUS, DEAL_FLAG, TRANS_TYPE
  </sql>

  <select id="selectByPrimaryKey" resultMap="BaseResultMap" parameterType="java.math.BigDecimal" >
    select 
    <include refid="Base_Column_List" />
    from CHECK_BILL_TRANS_DETAIL
    where ID = #{id,jdbcType=INTEGER}
  </select>
  <select id="queryThresholdInfoList" resultMap="BaseResultMap" >
    SELECT T.*
      FROM (SELECT CB.CHANNEL,
                   CB.BANK_NAME,
                   CB.ACTION_NAME,
                   CB.LOCAL_TRANS_ID,
                   ACC.NAME,
                   CB.LOCAL_AMOUNT,
                   TA.CREDIT_FEE,
                   CB.BANK_TRANS_ID,
                   CB.BANK_AMOUNT,
                   CB.FILE_NAME,
                   DECODE(CB.CHECK_TRANS_STATUS,
                          '1',
                          '正常对账',
                          '2',
                          '银行有我方无',
                          '3',
                          '银行无我方有',
                          '4',
                          '金额不对') CHECK_TRANS_STATUS,
                   '待调整' OPER_STATUS,
                   BILL.CHECK_USER,
                   CB.CHECK_DATE
              FROM CHECK_BILL_TRANS_DETAIL CB
              LEFT JOIN CHECK_BILL BILL
                ON CB.CHECK_BILL_ID = BILL.ID
              LEFT JOIN TRANSACTION TA
                ON CB.LOCAL_TRANS_ID = TA.TRANS_ID
              LEFT JOIN ACTION_TYPE AT
                ON TA.ACTION_SEQ = AT.ID
              LEFT JOIN ACCOUNT ACC
                ON TA.CREDIT_SEQ = ACC.DEFAULT_SUB_SEQ
             WHERE 1 = 1
               AND TA.CREDIT_SEQ = #{creditSeq}
               AND CB.CHECK_DATE = TO_DATE(#{checkDate}, 'yyyy-MM-dd')
               AND CB.CHECK_TRANS_STATUS = 1
            UNION ALL
            SELECT CB.CHANNEL,
                   CB.BANK_NAME,
                   CB.ACTION_NAME,
                   CB.LOCAL_TRANS_ID,
                   ACC.NAME,
                   CB.LOCAL_AMOUNT,
                   TA.CREDIT_FEE,
                   CB.BANK_TRANS_ID,
                   CB.BANK_AMOUNT,
                   CB.FILE_NAME,
                   DECODE(CB.CHECK_TRANS_STATUS,
                          '1',
                          '正常对账',
                          '2',
                          '银行有我方无',
                          '3',
                          '银行无我方有',
                          '4',
                          '金额不对') CHECK_TRANS_STATUS,
                   '待调整' OPER_STATUS,
                   BILL.CHECK_USER,
                   CB.CHECK_DATE
              FROM CHECK_BILL_TRANS_DETAIL CB
              LEFT JOIN CHECK_BILL BILL
                ON CB.CHECK_BILL_ID = BILL.ID
              LEFT JOIN ORDER_DELEGATE_COLLECT_NEW TA
                ON CB.LOCAL_TRANS_ID = TA.TRANS_ID
              LEFT JOIN ACTION_TYPE AT
                ON TA.ACTION_TYPE = AT.ID
              LEFT JOIN ACCOUNT ACC
                ON TA.CREDIT_SEQ = ACC.DEFAULT_SUB_SEQ
             WHERE 1 = 1
               AND TA.CREDIT_SEQ = #{creditSeq}
               AND CB.CHECK_DATE = TO_DATE(#{checkDate}, 'yyyy-MM-dd')
               AND CB.CHECK_TRANS_STATUS = 1) T
     ORDER BY T.CHECK_DATE DESC
  </select>
  <!--<select id="queryThresholdInfoList" resultMap="BaseResultMap" >
    SELECT CB.CHANNEL,
           CB.BANK_NAME,
           CB.ACTION_NAME,
           CB.LOCAL_TRANS_ID,
           ACC.NAME,
           CB.LOCAL_AMOUNT,
           TA.CREDIT_FEE,
           CB.BANK_TRANS_ID,
           CB.BANK_AMOUNT,
           CB.FILE_NAME,
           DECODE(CB.CHECK_TRANS_STATUS,
                  '1',
                  '正常对账',
                  '2',
                  '银行有我方无',
                  '3',
                  '银行无我方有',
                  '4',
                  '金额不对') CHECK_TRANS_STATUS,
           '待调整'  oper_status,
           bill.check_user,
           bill.check_date
      FROM CHECK_BILL_TRANS_DETAIL CB
      LEFT JOIN CHECK_BILL BILL
        ON CB.CHECK_BILL_ID = BILL.ID
      LEFT JOIN TRANSACTION TA
        ON CB.LOCAL_TRANS_ID = TA.TRANS_ID
      LEFT JOIN ACTION_TYPE AT
        ON TA.ACTION_SEQ = AT.ID
      LEFT JOIN ACCOUNT ACC
        ON TA.CREDIT_SEQ = ACC.DEFAULT_SUB_SEQ
     WHERE 1 = 1
       AND TA.CREDIT_SEQ = #{creditSeq}
       AND TO_CHAR(CB.CHECK_DATE, 'yyyy-MM-dd') = #{checkDate}
       AND CB.CHECK_TRANS_STATUS = 1
       ORDER BY CB.CHECK_DATE DESC
  </select>-->
  <delete id="deleteByPrimaryKey" parameterType="java.math.BigDecimal" >
    delete from CHECK_BILL_TRANS_DETAIL
    where ID = #{id,jdbcType=INTEGER}
  </delete>
  
  <delete id ="delettransdetaile" parameterType="java.lang.Integer">
  	delete from CHECK_BILL_TRANS_DETAIL
  	where bank_trans_id in
  	(select trans_id from bank_trans where 
  		upload_id = #{id}
      )
    or local_trans_id in 
      	(select trans_id from bank_trans where 
  		upload_id = #{id}
      )
  </delete>
<!-- 删除银行无我方有的交易详情 -->  
  
  <delete id ="deletlocaltrans" parameterType="com.uns.model.CheckBillTransDetail">
  	delete from CHECK_BILL_TRANS_DETAIL
  	where 1=1
    and channel = #{channel,jdbcType=VARCHAR}
    and  CHECK_DATE = #{checkDate,jdbcType=DATE}
  </delete>

    <!--删除网联对账详情-->
    <delete id ="deletlocaltransNetsUnion" parameterType="com.uns.web.form.CheckBillForm">
  	delete from check_bill_trans_detail cbtd
  	where cbtd.channel = #{channel,jdbcType=VARCHAR}
    and cbtd.check_date = to_date(#{checkdate,jdbcType=TIMESTAMP},'yyyy-MM-dd')
    and cbtd.check_bill_id = #{fileName, jdbcType=DECIMAL}
  </delete>

  <insert id="insert" parameterType="com.uns.model.CheckBillTransDetail" >
    insert into CHECK_BILL_TRANS_DETAIL (ID, CHECK_DATE,TRANS_DATE CHANNEL, 
      BANK_NAME, ACTION_NAME, CHANNEL_NO, 
      LOCAL_TRANS_ID, BANK_TRANS_ID, ACCOUNT_NAME, 
      CHECK_BILL_ID, LOCAL_AMOUNT, BANK_AMOUNT, 
      FILE_NAME, CHECK_TRANS_STATUS,DEAL_FLAG,TRANS_TYPE)
    values (#{id,jdbcType=INTEGER}, #{checkDate,jdbcType=DATE}, #{transDate,jdbcType=VARCHAR},#{channel,jdbcType=VARCHAR}, 
      #{bankName,jdbcType=DECIMAL}, #{actionName,jdbcType=DECIMAL}, #{channelNo,jdbcType=VARCHAR}, 
      #{localTransId,jdbcType=VARCHAR}, #{bankTransId,jdbcType=VARCHAR}, #{accountName,jdbcType=VARCHAR}, 
      #{checkBillId,jdbcType=DECIMAL}, #{localAmount,jdbcType=DECIMAL}, #{bankAmount,jdbcType=DECIMAL}, 
      #{fileName,jdbcType=VARCHAR}, #{checkTransStatus,jdbcType=VARCHAR},#{dealFlag,jdbcType=VARCHAR},#{transType,jdbcType=DECIMAL})
  </insert>
  <insert id="insertSelective" parameterType="com.uns.model.CheckBillTransDetail" >
    insert into CHECK_BILL_TRANS_DETAIL
    <trim prefix="(" suffix=")" suffixOverrides="," >
      <if test="id != null" >
        ID,
      </if>
      <if test="checkDate != null" >
        CHECK_DATE,
      </if>
      <if test="channel != null" >
        CHANNEL,
      </if>
      <if test="bankName != null" >
        BANK_NAME,
      </if>
      <if test="actionName != null" >
        ACTION_NAME,
      </if>
      <if test="channelNo != null" >
        CHANNEL_NO,
      </if>
      <if test="localTransId != null" >
        LOCAL_TRANS_ID,
      </if>
      <if test="bankTransId != null" >
        BANK_TRANS_ID,
      </if>
      <if test="merchantName != null" >
        MERCHANT_NAME,
      </if>
      <if test="checkBillId != null" >
        CHECK_BILL_ID,
      </if>
      <if test="localAmount != null" >
        LOCAL_AMOUNT,
      </if>
      <if test="bankAmount != null" >
        BANK_AMOUNT,
      </if>
      <if test="fileName != null" >
        FILE_NAME,
      </if>
      <if test="checkTransStatus != null" >
        CHECK_TRANS_STATUS,
      </if>
      <if test="dealFlag != null" >
        DEAL_FLAG,
      </if>
      <if test="transType != null">
        TRANS_TYPE,
      </if>
    </trim>
    <trim prefix="values (" suffix=")" suffixOverrides="," >
      <if test="id != null" >
        #{id,jdbcType=INTEGER},
      </if>
      <if test="checkDate != null" >
        #{checkDate,jdbcType=DATE},
      </if>
      <if test="channel != null" >
        #{channel,jdbcType=VARCHAR},
      </if>
      <if test="bankName != null" >
        #{bankName,jdbcType=VARCHAR},
      </if>
      <if test="actionName != null" >
        #{actionName,jdbcType=VARCHAR},
      </if>
      <if test="channelNo != null" >
        #{channelNo,jdbcType=VARCHAR},
      </if>
      <if test="localTransId != null" >
        #{localTransId,jdbcType=VARCHAR},
      </if>
      <if test="bankTransId != null" >
        #{bankTransId,jdbcType=VARCHAR},
      </if>
      <if test="accountName != null" >
        #{accountName,jdbcType=VARCHAR},
      </if>
      <if test="checkBillId != null" >
        #{checkBillId,jdbcType=DECIMAL},
      </if>
      <if test="localAmount != null" >
        #{localAmount,jdbcType=DECIMAL},
      </if>
      <if test="bankAmount != null" >
        #{bankAmount,jdbcType=DECIMAL},
      </if>
      <if test="fileName != null" >
        #{fileName,jdbcType=VARCHAR},
      </if>
      <if test="checkTransStatus != null" >
        #{checkTransStatus,jdbcType=VARCHAR},
      </if>
      <if test="dealFlag != null" >
        #{dealFlag,jdbcType=VARCHAR},
      </if>
      <if test="transType != null">
        #{transType,jdbcType=DECIMAL},
      </if>
    </trim>
  </insert>

  <update id="updateByPrimaryKeySelective" parameterType="com.uns.model.CheckBillTransDetail" >
    update CHECK_BILL_TRANS_DETAIL
    <set >
      <if test="checkDate != null" >
        CHECK_DATE = #{checkDate,jdbcType=DATE},
      </if>
      <if test="channel != null" >
        CHANNEL = #{channel,jdbcType=VARCHAR},
      </if>
      <if test="bankName != null" >
        BANK_NAME = #{bankName,jdbcType=VARCHAR},
      </if>
      <if test="actionName != null" >
        ACTION_NAME = #{actionName,jdbcType=VARCHAR},
      </if>
      <if test="channelNo != null" >
        CHANNEL_NO = #{channelNo,jdbcType=VARCHAR},
      </if>
      <if test="localTransId != null" >
        LOCAL_TRANS_ID = #{localTransId,jdbcType=VARCHAR},
      </if>
      <if test="bankTransId != null" >
        BANK_TRANS_ID = #{bankTransId,jdbcType=VARCHAR},
      </if>
      <if test="accountName != null" >
        ACCOUNT_NAME = #{accountName,jdbcType=VARCHAR},
      </if>
      <if test="checkBillId != null" >
        CHECK_BILL_ID = #{checkBillId,jdbcType=DECIMAL},
      </if>
      <if test="localAmount != null" >
        LOCAL_AMOUNT = #{localAmount,jdbcType=DECIMAL},
      </if>
      <if test="bankAmount != null" >
        BANK_AMOUNT = #{bankAmount,jdbcType=DECIMAL},
      </if>
      <if test="fileName != null" >
        FILE_NAME = #{fileName,jdbcType=VARCHAR},
      </if>
      <if test="checkTransStatus != null" >
        CHECK_TRANS_STATUS = #{checkTransStatus,jdbcType=VARCHAR},
      </if>
      <if test="dealFlag != null" >
        DEAL_FLAG = #{dealFlag,jdbcType=VARCHAR},
      </if>
      <if test="transType != null">
        TRANS_TYPE = #{transType,jdbcType=DECIMAL},
      </if>
    </set>
    where ID = #{id,jdbcType=INTEGER}
  </update>
  <update id="updateByPrimaryKey" parameterType="com.uns.model.CheckBillTransDetail" >
    update CHECK_BILL_TRANS_DETAIL
    set CHECK_DATE = #{checkDate,jdbcType=DATE},
      CHANNEL = #{channel,jdbcType=VARCHAR},
      BANK_SEQ = #{bankSeq,jdbcType=DECIMAL},
      ACTION_SEQ = #{actionSeq,jdbcType=DECIMAL},
      MERCHANT_NO = #{merchantNo,jdbcType=VARCHAR},
      LOCAL_TRANS_ID = #{localTransId,jdbcType=VARCHAR},
      BANK_TRANS_ID = #{bankTransId,jdbcType=VARCHAR},
      MERCHANT_NAME = #{merchantName,jdbcType=VARCHAR},
      CHECK_BILL_ID = #{checkBillId,jdbcType=DECIMAL},
      LOCAL_AMOUNT = #{localAmount,jdbcType=DECIMAL},
      BANK_AMOUNT = #{bankAmount,jdbcType=DECIMAL},
      FILE_NAME = #{fileName,jdbcType=VARCHAR},
      CHECK_TRANS_STATUS = #{checkTransStatus,jdbcType=VARCHAR},
      DEAL_FLAG=#{dealFlag,jdbcType=VARCHAR},
      TRANS_TYPE = #{transType,jdbcType=DECIMAL}
    where ID = #{id,jdbcType=INTEGER}
  </update>
  <update id="updateByParam">
    UPDATE CHECK_BILL_TRANS_DETAIL M
       SET M.FEE_VALUE_STATUS = '1'
     WHERE M.ID IN (SELECT CB.ID
                      FROM CHECK_BILL_TRANS_DETAIL CB
                      LEFT JOIN TRANSACTION TA
                        ON CB.LOCAL_TRANS_ID = TA.TRANS_ID
                     WHERE TA.CREDIT_SEQ = #{creditSeq}
                       AND TA.ACTION_SEQ IN
                        <foreach collection="actionSeq" item="actionType" index="index"
                                 open="(" close=")" separator=",">
                          #{actionType}
                        </foreach>
                       AND CB.CHECK_DATE = TO_DATE(#{checkDate},'yyyy/MM/dd'))
  </update>

  <insert id="insertList"  parameterType="java.util.List">
    	insert into check_bill_trans_detail(
    id,
    check_date,
    trans_date,
    channel,
    bank_name,
    action_name,
    channel_no,
    local_trans_id,
    bank_trans_id,
    account_name,
    check_bill_id,
    local_amount,
    bank_amount,
    file_name,
    check_trans_status,
    deal_flag,
    trans_type,
    batch_id,
    bank_busi_type,
    bank_busi_status,
    pay_org_id_seq,
    dest_org_id_seq
    )
		    select check_bill_trans_detail_seq.nextval,A.* from(
		<foreach collection="list" item="item" index="index" separator="union all">
			select          
				#{item.checkDate,jdbcType=DATE},
				#{item.transDate,jdbcType=VARCHAR},
		        #{item.channel,jdbcType=VARCHAR},
		        #{item.bankName,jdbcType=VARCHAR},
		        #{item.actionName,jdbcType=VARCHAR},
		        #{item.channelNo,jdbcType=VARCHAR},
		        #{item.localTransId,jdbcType=VARCHAR},
		        #{item.bankTransId,jdbcType=VARCHAR},
		        #{item.accountName,jdbcType=VARCHAR},
		        #{item.checkBillId,jdbcType=INTEGER},
		        #{item.localAmount,jdbcType=DECIMAL},
		        #{item.bankAmount,jdbcType=DECIMAL},
		        #{item.fileName,jdbcType=VARCHAR},
		        #{item.checkTransStatus,jdbcType=VARCHAR},
		        #{item.dealFlag,jdbcType=VARCHAR},
                #{item.transType,jdbcType=DECIMAL},
                #{item.batchId,jdbcType=VARCHAR},
                #{item.bankBusiType,jdbcType=VARCHAR},
                #{item.bankBusiStatus,jdbcType=VARCHAR},
                #{item.payOrgIdSeq,jdbcType=VARCHAR},
                #{item.destOrgIdSeq,jdbcType=VARCHAR}
		     from dual 
		</foreach>
		)A
  </insert>  
  
       <insert id="insertListSingle"  parameterType="java.util.List">
    	insert into check_bill_trans_detail(id,check_date, trans_date, channel, bank_name, action_name, channel_no,local_trans_id,
    	bank_trans_id,account_name,check_bill_id,local_amount,bank_amount,file_name,check_trans_status,deal_flag,trans_type)
		    select check_bill_trans_detail_seq.nextval,A.* from(
			select          
				#{checkDate,jdbcType=DATE},
				#{transDate,jdbcType=VARCHAR},
		        #{channel,jdbcType=VARCHAR},
		        #{bankName,jdbcType=VARCHAR},
		        #{actionName,jdbcType=VARCHAR},
		        #{channelNo,jdbcType=VARCHAR},
		        #{localTransId,jdbcType=VARCHAR},
		        #{bankTransId,jdbcType=VARCHAR},
		        #{accountName,jdbcType=VARCHAR},
		        #{checkBillId,jdbcType=INTEGER},
		        #{localAmount,jdbcType=DECIMAL},
		        #{bankAmount,jdbcType=DECIMAL},
		        #{fileName,jdbcType=VARCHAR},
		        #{checkTransStatus,jdbcType=VARCHAR},
		        #{dealFlag,jdbcType=VARCHAR},
		        #{transType,jdbcType=DECIMAL}
		     from dual 
		)A
 </insert>   



 <!-- 默认不显示正常交易 -->
  <select id="getDefaultDetailList" resultMap="BaseResultMap"  parameterType="com.uns.web.form.TransDetailForm" >
    select 
    dt.CHECK_DATE checkDate,
    dt.TRANS_DATE transDate,
    dt.CHANNEL channel,
    dt.BANK_NAME bankName,
    dt.ACTION_NAME actionName,
    dt.CHANNEL_NO channelNo,
    dt.LOCAL_TRANS_ID localTransId,
    dt.BANK_TRANS_ID bankTransId,
    dt.ACCOUNT_NAME accountName,
    dt.CHECK_BILL_ID checkBillId,
    dt.LOCAL_AMOUNT localAmount,
    dt.BANK_AMOUNT bankAmount,
    dt.FILE_NAME fileName,
	dt.CHECK_TRANS_STATUS checkTransStatus,
      BT.MERCHANT_CODE      MERCHANTCODE
    from   check_bill_trans_detail dt
      LEFT JOIN BANK_TRANS BT
      ON (DT.LOCAL_TRANS_ID = BT.TRANS_ID OR DT.BANK_TRANS_ID = BT.TRANS_ID)
      LEFT JOIN CHECK_BILL cb
      ON (DT.CHECK_BILL_ID = CB.ID)
     where 1 = 1
    <if test="channel != null and channel!=''" >
      and dt.channel = #{channel,jdbcType=VARCHAR}
    </if>
    <if test="startDate != null and startDate!=''" >
      and to_char(dt.check_date,'yyyy-MM-dd') >= #{startDate,jdbcType=VARCHAR}
    </if>
    <if test="endDate != null and endDate!=''" >
      and #{endDate,jdbcType=VARCHAR} >= to_char(dt.check_date,'yyyy-MM-dd')
    </if>
    <if test="checkTransStatus != null and checkTransStatus!=''" >
      and dt.check_trans_status = #{checkTransStatus,jdbcType=VARCHAR}
    </if>
    <if test="checkTransStatus == null or checkTransStatus==''" >
      and dt.check_trans_status != 1
    </if>
    <if test="localTransId != null and localTransId!=''">
      and dt.local_trans_id = #{localTransId,jdbcType=VARCHAR}
    </if>
    <if test="bankTransId != null and bankTransId!=''">
      and dt.bank_trans_id = #{bankTransId,jdbcType=VARCHAR}
    </if>
    <if test="accountName !=null and accountName != ''">
      and dt.account_name like '%'||#{accountName,jdbcType=VARCHAR}||'%'
    </if>
    and dt.deal_flag not in (2,3,4,5)
    and cb.bill_type = 0
    order by dt.check_date desc,dt.CHECK_TRANS_STATUS desc,dt.TRANS_DATE desc
  </select>

  

  
  <!-- 获取总金额 -->
  <select id="getNumAmount" resultType="String"   parameterType="com.uns.web.form.TransDetailForm" >
    select sum(nvl(dt.bank_amount, dt.local_amount)) allAmount
    from check_bill_trans_detail  dt
	where 1 = 1
     <if test="channel != null and channel!=''" >
      and dt.channel = #{channel,jdbcType=VARCHAR}
    </if>
    <if test="startDate != null and startDate!=''" >
      and to_char(dt.check_date,'yyyy-MM-dd') >= #{startDate,jdbcType=VARCHAR}
    </if>
    <if test="endDate != null and endDate!=''" >
      and #{endDate,jdbcType=VARCHAR} >= to_char(dt.check_date,'yyyy-MM-dd')
    </if>
    <if test="checkTransStatus != null and checkTransStatus!=''" >
      and dt.check_trans_status = #{checkTransStatus,jdbcType=VARCHAR}
    </if>
    <if test="checkTransStatus == null or checkTransStatus==''" >
      and dt.check_trans_status !=1 
    </if>
    <if test="localTransId != null and localTransId!=''">
      and dt.local_trans_id = #{localTransId,jdbcType=VARCHAR}
    </if>
    <if test="bankTransId != null and bankTransId!=''">
      and dt.bank_trans_id = #{bankTransId,jdbcType=VARCHAR}
    </if>
    <if test="accountName !=null and accountName != ''">
      and dt.account_name like '%'||#{accountName,jdbcType=VARCHAR}||'%'
    </if>
    and dt.deal_flag not in(2,3)
  </select>

  <select id="getAmount" resultType="DOUBLE"  parameterType="string" >
    SELECT SUM(M.amount) FROM (
  select
    NVL(t.amount,0) amount
    from
    		transaction t
   where t.id = #{id,jdbcType=VARCHAR}
   union all
   select
    NVL(t.amount,0) amount
    from
    		order_delegate_collect_new t
   where t.id = #{id,jdbcType=VARCHAR}
   union all
   select
    NVL(t.amount,0) amount
    from
    		delegate_pay_order t
   where t.id = #{id,jdbcType=VARCHAR}
   union all
   select
    NVL(t.amount,0) amount
    from
    WITHDRAW_ORDER t
   where t.id = #{id,jdbcType=VARCHAR}
   ) M
  </select>

  <select id="getNetsUnionAmount" resultType="java.lang.String"  parameterType="string" >
      select nvl(t.trans_amount,0) amount
      from trans_ref t
      where t.id = #{id,jdbcType=VARCHAR}
  </select>

  <select id="getDetailByLocalTransId" resultMap="BaseResultMap"  parameterType="string" >
    select 
    <include refid="Base_Column_List" />
    from check_bill_trans_detail 
    where local_trans_id = #{transId,jdbcType=VARCHAR}
    and check_trans_status !=1
  </select>
    <select id="getDetailByLocalOrderId" resultMap="BaseResultMap"  parameterType="string" >
        select
        <include refid="Base_Column_List" />
        from check_bill_trans_detail
        where local_order_id = #{transId,jdbcType=VARCHAR}
        and check_trans_status !=1
    </select>
  
  
  <select id="getCheckStatus" resultType="string"  parameterType="string" >
	select (        
	        case when(ua.trans_seq='99')  then (select check_trans_status from check_bill_trans_detail tail where ua.bank_trans_id = tail.bank_trans_id)
	        else (select check_trans_status from check_bill_trans_detail tail,transaction t where t.id = ua.trans_seq and t.trans_id = tail.local_trans_id)
	        end
	          )status
	    from apply_upadjust ua
	    where ua.id= #{id,jdbcType=VARCHAR}
  </select>
  
  <!-- 获取对账文件交易id -->
  <select id="getTransId" resultType="String" parameterType="com.uns.model.CheckBillTransDetail">
  select 
    decode(bank_trans_id,null,local_trans_id,bank_trans_id) bank_trans_id
    from check_bill_trans_detail
  where 
       channel = #{channel,jdbcType=VARCHAR}
       and  CHECK_DATE = #{checkDate,jdbcType=DATE}
  </select>

    <!-- 获取网联对账文件交易id -->
    <select id="getNetsUnionTransIds" resultType="String" parameterType="com.uns.web.form.CheckBillForm">
  select
    decode(cbtd.bank_trans_id,null,cbtd.local_trans_id,cbtd.bank_trans_id) bank_trans_id
    from check_bill_trans_detail cbtd
  where
       cbtd.channel = #{channel,jdbcType=VARCHAR}
       and  cbtd.check_date = to_date(#{checkdate,jdbcType=DATE}, 'yyyy-MM-dd')
       and  cbtd.batch_id = #{batchId, jdbcType=VARCHAR}
  </select>

  <!-- 获取所有交易类型 -->
  <select id="getActionName" resultType="java.util.Map">
  	select action_name,id
  	 from action_type
  		where flag=1
  		and status=1
  	 order by action_name
  </select>
  
  <!-- 获取商户编号 -->
  <select id="getMerchantId" resultType="String" parameterType="String">
  	select id
  	from account
  	where
  	name =#{accountName,jdbcType=VARCHAR}
  </select>
  
    <!-- 获取user_id-->
  <select id="getUserId" resultType="String" parameterType="String">
  	select user_id
  	from user_info
  	where
  	user_name =#{accountName,jdbcType=VARCHAR}
  </select>
  
  <!-- 根据商户名称获取总金额 -->
  <select id="getamountById" resultType="DOUBLE" parameterType="java.util.Map">
  	select nvl(sum(cb.LOCAL_AMOUNT),0.00)from check_bill_trans_detail cb,action_type at
  	where cb.action_name= at.action_name
  	and cb.account_name=#{accountName,jdbcType=VARCHAR}
  	and cb.check_trans_status=1
  	and at.id in
  	<foreach collection="list" item="item" index="index"
            open="(" close=")" separator=",">
            #{item,jdbcType=VARCHAR}
    </foreach>
    <if test="startDate != null and startDate!=''" >
      and to_date(substr( cb.trans_date,0,11),'yyyy-MM-dd') >= to_date(#{startDate,jdbcType=VARCHAR},'yyyy-MM-dd')
    </if>
    <if test="endDate != null and endDate!=''" >
      and to_date(#{endDate,jdbcType=VARCHAR},'yyyy-MM-dd') >= to_date(substr( cb.trans_date,0,11),'yyyy-MM-dd')
    </if>
    <if test="channel != null and channel!=''" >
      and cb.channel = #{channel,jdbcType=VARCHAR}
    </if>
  </select>
  
  <!-- 获取下载明细 -->
  <select id="getExportDetail" resultType="java.util.Map"  parameterType="com.uns.web.form.TransDetailForm"  >
  	select 
    dt.CHECK_DATE checkDate,
    dt.TRANS_DATE transDate,
    dt.CHANNEL channel,
    dt.BANK_NAME bankName,
    dt.ACTION_NAME actionName,
    dt.CHANNEL_NO channelNo,
    dt.LOCAL_TRANS_ID localTransId,
    dt.BANK_TRANS_ID bankTransId,
    dt.ACCOUNT_NAME accountName,
    dt.CHECK_BILL_ID checkBillId,
    dt.LOCAL_AMOUNT localAmount,
    dt.BANK_AMOUNT bankAmount,
    dt.FILE_NAME fileName,
	dt.CHECK_TRANS_STATUS checkTransStatus
    from  (select td.*from check_bill_trans_detail td
     where 1 = 1
     and td.check_trans_status != 1
     <if test="dealFlag != null and dealFlag!=''">
      and td.deal_flag = #{dealFlag,jdbcType=VARCHAR}
    </if>                 
      minus (
     select * from check_bill_trans_detail cb
     where cb.local_trans_id in
     (select t.trans_id from transaction t, apply_upadjust au
     where t.id = au.trans_seq)
     or  cb.bank_trans_id in (select t.trans_id from transaction t, apply_upadjust au
     where t.id = au.trans_seq))) dt 
     where 1=1  
    <if test="channel != null and channel!=''" >
      and dt.channel = #{channel,jdbcType=VARCHAR}
    </if>
    <if test="startDate != null and startDate!=''" >
      and to_char(dt.check_date,'yyyy-MM-dd') >= #{startDate,jdbcType=VARCHAR}
    </if>
    <if test="endDate != null and endDate!=''" >
      and #{endDate,jdbcType=VARCHAR} >= to_char(dt.check_date,'yyyy-MM-dd')
    </if>
    <if test="checkTransStatus != null and checkTransStatus!=''" >
      and dt.check_trans_status = #{checkTransStatus,jdbcType=VARCHAR}
    </if>
    <if test="localTransId != null and localTransId!=''">
      and dt.local_trans_id = #{localTransId,jdbcType=VARCHAR}
    </if>
    <if test="bankTransId != null and bankTransId!=''">
      and dt.bank_trans_id = #{bankTransId,jdbcType=VARCHAR}
    </if>
    <if test="dealFlag != null and dealFlag!=''">
      and dt.deal_flag = #{dealFlag,jdbcType=VARCHAR}
    </if>
   <if test="accountName !=null and accountName != ''">
      and dt.account_name like '%'||#{accountName,jdbcType=VARCHAR}||'%'
    </if>
    order by dt.check_date desc,dt.CHECK_TRANS_STATUS desc,dt.TRANS_DATE desc
  </select> 	
  
  <select id="getDifferTransList" resultMap="BaseResultMap"  parameterType="com.uns.web.form.TransDetailForm"  >
    	select 
    dt.CHECK_DATE checkDate,
    dt.TRANS_DATE transDate,
    dt.CHANNEL channel,
    dt.BANK_NAME bankName,
    dt.ACTION_NAME actionName,
    dt.CHANNEL_NO channelNo,
    dt.LOCAL_TRANS_ID localTransId,
    dt.BANK_TRANS_ID bankTransId,
    dt.ACCOUNT_NAME accountName,
    dt.CHECK_BILL_ID checkBillId,
    dt.LOCAL_AMOUNT localAmount,
    dt.BANK_AMOUNT bankAmount,
    dt.FILE_NAME fileName,
	dt.CHECK_TRANS_STATUS checkTransStatus
    from   check_bill_trans_detail dt
     where 1=1
     <if test="channel != null and channel!=''" >
      and dt.channel = #{channel,jdbcType=VARCHAR}
    </if>
    <if test="startDate != null and startDate!=''" >
      and to_char(dt.check_date,'yyyy-MM-dd') >= #{startDate,jdbcType=VARCHAR}
    </if>
    <if test="endDate != null and endDate!=''" >
      and #{endDate,jdbcType=VARCHAR} >= to_char(dt.check_date,'yyyy-MM-dd')
    </if>
    <if test="checkTransStatus != null and checkTransStatus!=''" >
      and dt.check_trans_status = #{checkTransStatus,jdbcType=VARCHAR}
    </if>
    <if test="localTransId != null and localTransId!=''">
      and dt.local_trans_id = #{localTransId,jdbcType=VARCHAR}
    </if>
    <if test="bankTransId != null and bankTransId!=''">
      and dt.bank_trans_id = #{bankTransId,jdbcType=VARCHAR}
    </if>
    <if test="accountName !=null and accountName != ''">
      and dt.account_name like '%'||#{accountName,jdbcType=VARCHAR}||'%'
    </if>
    <if test="dealFlag != null and dealFlag!=''">
      and dt.deal_flag = #{dealFlag,jdbcType=VARCHAR}
    </if>
    <if test="dealFlag == '1' ">
      and dt.check_trans_status!=1
    </if>
    order by dt.check_date desc,dt.CHECK_TRANS_STATUS desc,dt.TRANS_DATE desc
  </select>

  <select id="getNetsUnionDifferTransList" resultMap="BaseResultMap"  parameterType="com.uns.web.form.TransDetailForm"  >
    select
    cbtd.check_date checkdate,
    cbtd.trans_date transdate,
    cbtd.channel channel,
    cbtd.bank_name bankname,
    cbtd.action_name actionname,
    cbtd.channel_no channelno,
    cbtd.local_trans_id localtransid,
    cbtd.bank_trans_id banktransid,
    cbtd.account_name accountname,
    cbtd.check_bill_id checkbillid,
    cbtd.local_amount localamount,
    cbtd.bank_amount bankamount,
    cbtd.file_name filename,
    cbtd.check_trans_status checktransstatus,
    cbtd.batch_id,
    ob1.bank_name pay_org_id_seq,
    ob2.bank_name dest_org_id_seq,
    decode(cbtd.bank_busi_type,'0110','协议支付','0112','网关支付','0113','认证支付','0114','委托支付','0120','付款代付','0121','退款-协议支付','0122','退款-网关支付','0123','退款-验证支付','0124','退款-认证支付','0125','退款-委托支付','0126','退款-签约支付','') bank_busi_type,
    decode(cbtd.bank_busi_status,'00','交易成功','01','交易失败','02','交易处理中','03','交易推定成功','04','交易推定失败','') bank_busi_status
    from
    check_bill_trans_detail cbtd
    left join
    org_bank ob1
    on ob1.org_id = cbtd.pay_org_id_seq
    left join
    org_bank ob2
    on ob2.org_id = cbtd.dest_org_id_seq
    where 1=1
    <if test="channel != null and channel!=''" >
      and cbtd.channel = #{channel,jdbcType=VARCHAR}
    </if>
    <if test="startDate != null and startDate!=''" >
      and to_char(cbtd.check_date,'yyyy-MM-dd') >= #{startDate,jdbcType=VARCHAR}
    </if>
    <if test="endDate != null and endDate!=''" >
      and #{endDate,jdbcType=VARCHAR} >= to_char(cbtd.check_date,'yyyy-MM-dd')
    </if>
    <if test="checkTransStatus != null and checkTransStatus!=''" >
      and cbtd.check_trans_status = #{checkTransStatus,jdbcType=VARCHAR}
    </if>
    <if test="localTransId != null and localTransId!=''">
      and cbtd.local_trans_id = #{localTransId,jdbcType=VARCHAR}
    </if>
    <if test="bankTransId != null and bankTransId!=''">
      and cbtd.bank_trans_id = #{bankTransId,jdbcType=VARCHAR}
    </if>
    <if test="accountName !=null and accountName != ''">
      and cbtd.account_name like '%'||#{accountName,jdbcType=VARCHAR}||'%'
    </if>
    <if test="dealFlag != null and dealFlag!=''">
      and cbtd.deal_flag = #{dealFlag,jdbcType=VARCHAR}
    </if>
    <if test="dealFlag == '1' ">
      and cbtd.check_trans_status!=1
    </if>
    <if test="batchId != null and batchId!=''" >
        and cbtd.batch_id = #{batchId,jdbcType=VARCHAR}
    </if>
    order by cbtd.check_date desc,cbtd.check_trans_status desc,cbtd.trans_date desc
  </select>

  <select id="gethungupTrans" parameterType="java.util.Map" resultType="java.lang.Integer">
  	select count(*) from check_bill_trans_detail 
  	where channel= #{channel,jdbcType=VARCHAR}
  	and  to_char(check_date+1,'yyyy-MM-dd')=  #{checkDate,jdbcType=VARCHAR}
  	and  deal_flag=2
  	and check_trans_status=1
  </select>

  <select id="getNetsUnionhungupTrans" parameterType="com.uns.web.form.CheckBillForm" resultType="java.lang.Integer">
  	select count(*)
    from check_bill_trans_detail cbtd, check_bill cb
    where cbtd.channel = 'epcc'
   and to_char(cbtd.check_date + 1, 'yyyy-MM-dd') = #{checkdate,jdbcType=VARCHAR}
   and cbtd.deal_flag = 3
   and cbtd.check_trans_status = 3
   and cbtd.check_bill_id = cb.id
  </select>

    <select id="getDealTrans" resultType="java.lang.String">
        SELECT M.LOCAL_TRANS_ID
          FROM CHECK_BILL_TRANS_DETAIL M
         WHERE M.CHECK_TRANS_STATUS = '3'
           AND M.DEAL_FLAG = '1'
           AND M.CHANNEL = #{channel,jdbcType=VARCHAR}
           AND M.CHECK_DATE = TO_DATE(#{startDate,jdbcType=VARCHAR}, 'yyyy/MM/dd')
    </select>

  <select id="getNetsUnionDealTrans" resultType="java.lang.String">
        SELECT M.LOCAL_TRANS_ID
          FROM CHECK_BILL_TRANS_DETAIL M
         WHERE M.CHECK_TRANS_STATUS = '3'
           AND M.DEAL_FLAG = '1'
           AND M.CHANNEL = #{channel,jdbcType=VARCHAR}
           AND M.CHECK_DATE = TO_DATE(#{startDate,jdbcType=VARCHAR}, 'yyyy-MM-dd')
           <if test="batchId != null and batchId != ''">
             and M.batch_id = #{batchId, jdbcType=VARCHAR}
           </if>
    </select>

    <update id="updateHungupTrans" parameterType="java.util.Map" >
  	update check_bill_trans_detail 
  	set check_trans_status=3,
  	deal_flag=3
  	where channel= #{channel,jdbcType=VARCHAR}
  	and  to_char(check_date+1,'yyyy-MM-dd')=  #{checkDate,jdbcType=VARCHAR}
  	and  deal_flag=2
  	and check_trans_status=1
  </update>

  <update id="updateNetsUnionHungupTrans" parameterType="com.uns.web.form.CheckBillForm" >
  	update check_bill_trans_detail cbtd
  	set cbtd.check_trans_status=3,
  	cbtd.deal_flag=3
  	where cbtd.channel= #{channel,jdbcType=VARCHAR}
  	and  to_char(cbtd.check_date+1,'yyyy-MM-dd')=  #{checkdate,jdbcType=VARCHAR}
  	and  cbtd.deal_flag=2
  	and cbtd.check_trans_status=1
  	and cbtd.check_bill_id =
  	(select id
  	from check_bill
  	where to_char(check_date+1,'yyyy-MM-dd')=  #{checkdate,jdbcType=VARCHAR}
    and channel = 'epcc'
  	<if test="batchId != null and batchId != ''">
      and batch_id = #{batchId, jdbcType=VARCHAR}
    </if>
    <if test="batchId == null and batchId == ''">
      and batch_id is null
    </if>
  	)
  </update>

  <!-- 出金默认不显示正常交易 -->
  <select id="getOutDetailList" resultMap="BaseResultMap"  parameterType="com.uns.web.form.TransDetailForm" >
  	SELECT 
  	DISTINCT DT.BANK_TRANS_ID,
    DT.CHECK_DATE CHECKDATE,
    DT.TRANS_DATE TRANSDATE,
    DT.CHANNEL CHANNEL,
    DT.BANK_NAME BANKNAME,
    DT.ACTION_NAME ACTIONNAME,
    DT.CHANNEL_NO CHANNELNO,
    DT.LOCAL_TRANS_ID LOCALTRANSID,
    DT.BANK_TRANS_ID BANKTRANSID,
    DT.ACCOUNT_NAME ACCOUNTNAME,
    DT.CHECK_BILL_ID CHECKBILLID,
    DT.LOCAL_AMOUNT LOCALAMOUNT,
    DT.BANK_AMOUNT BANKAMOUNT,
    DT.FILE_NAME FILENAME,
	DT.CHECK_TRANS_STATUS CHECKTRANSSTATUS,
    BT.MERCHANT_CODE      MERCHANTCODE
    FROM   CHECK_BILL_TRANS_DETAIL DT
      LEFT JOIN BANK_TRANS BT
      ON (DT.LOCAL_TRANS_ID = BT.TRANS_ID OR DT.BANK_TRANS_ID = BT.TRANS_ID)
      LEFT JOIN CHECK_BILL CB
      ON (DT.CHECK_BILL_ID = CB.ID)
     WHERE 1 = 1
    <if test="channel != null and channel!=''" >
      and dt.channel = #{channel,jdbcType=VARCHAR}
    </if>
    <if test="startDate != null and startDate!=''" >
      and to_char(dt.check_date,'yyyy-MM-dd') >= #{startDate,jdbcType=VARCHAR}
    </if>
    <if test="endDate != null and endDate!=''" >
      and #{endDate,jdbcType=VARCHAR} >= to_char(dt.check_date,'yyyy-MM-dd')
    </if>
    <if test="checkTransStatus != null and checkTransStatus!=''" >
      and dt.check_trans_status = #{checkTransStatus,jdbcType=VARCHAR}
    </if>
    <if test="checkTransStatus == null or checkTransStatus==''" >
      and dt.check_trans_status != 1
    </if>
    <if test="localTransId != null and localTransId!=''">
      and dt.local_trans_id = #{localTransId,jdbcType=VARCHAR}
    </if>
    <if test="bankTransId != null and bankTransId!=''">
      and dt.bank_trans_id = #{bankTransId,jdbcType=VARCHAR}
    </if>
    <if test="accountName !=null and accountName != ''">
      and dt.account_name like '%'||#{accountName,jdbcType=VARCHAR}||'%'
    </if>
    AND DT.DEAL_FLAG NOT IN (2,3,4,5)
    AND CB.BILL_TYPE = 1
    ORDER BY DT.CHECK_DATE DESC,DT.CHECK_TRANS_STATUS DESC,DT.TRANS_DATE DESC
  </select>

    <!-- 查询网联对账详情，不显示平账 -->
    <select id="getNetsUnionDetailList" resultMap="BaseResultMap"  parameterType="com.uns.web.form.TransDetailForm" >
        select
        distinct dt.bank_trans_id,
        dt.check_date checkdate,
        dt.trans_date transdate,
        dt.channel channel,
        dt.bank_name bankname,
        dt.action_name actionname,
        dt.channel_no channelno,
        dt.local_trans_id localtransid,
        dt.bank_trans_id banktransid,
        dt.account_name accountname,
        dt.check_bill_id checkbillid,
        dt.local_amount localamount,
        dt.bank_amount bankamount,
        dt.file_name filename,
        dt.check_trans_status checktransstatus,
        bt.merchant_code      merchantcode,
        dt.batch_id,
        ob1.bank_name pay_org_id_seq,
        ob2.bank_name dest_org_id_seq,
        decode(dt.bank_busi_type,'0110','协议支付','0112','网关支付','0113','认证支付','0114','委托支付','0120','付款代付','0121','退款-协议支付','0122','退款-网关支付','0123','退款-验证支付','0124','退款-认证支付','0125','退款-委托支付','0126','退款-签约支付','') bank_busi_type,    
        decode(dt.bank_busi_status,'00','交易成功','01','交易失败','02','交易处理中','03','交易推定成功','04','交易推定失败','') bank_busi_status
        from check_bill_trans_detail dt
        left join bank_trans bt
        on (DT.LOCAL_TRANS_ID = BT.TRANS_ID OR DT.BANK_TRANS_ID = BT.TRANS_ID)
        left join CHECK_BILL CB
        on (DT.CHECK_BILL_ID = CB.ID)
        left join
        org_bank ob1
        on ob1.org_id = dt.pay_org_id_seq
        left join
        org_bank ob2
        on ob2.org_id = dt.dest_org_id_seq
        where cb.bill_type = 2
        and dt.deal_flag not in (2,3,4,5)
        <if test="localTransId != null and localTransId!=''">
          and dt.local_trans_id = #{localTransId,jdbcType=VARCHAR}
        </if>
        <if test="bankTransId != null and bankTransId!=''">
          and dt.bank_trans_id = #{bankTransId,jdbcType=VARCHAR}
        </if>
        <if test="channel != null and channel!=''" >
            and dt.channel = #{channel,jdbcType=VARCHAR}
        </if>
        <if test="startDate != null and startDate!=''" >
            and to_char(dt.check_date,'yyyy-MM-dd') >= #{startDate,jdbcType=VARCHAR}
        </if>
        <if test="endDate != null and endDate!=''" >
            and #{endDate,jdbcType=VARCHAR} >= to_char(dt.check_date,'yyyy-MM-dd')
        </if>
        <if test="checkTransStatus != null and checkTransStatus!=''" >
            and dt.check_trans_status = #{checkTransStatus,jdbcType=VARCHAR}
        </if>
        <if test="checkTransStatus == null or checkTransStatus==''" >
            and dt.check_trans_status != 1
        </if>
        <if test="accountName !=null and accountName != ''">
            and dt.account_name like '%'||#{accountName,jdbcType=VARCHAR}||'%'
        </if>
        order by dt.check_date desc,dt.check_trans_status desc,dt.trans_date desc
    </select>

  <!-- 出金获取总金额 -->
  <select id="getOutNumAmount" resultType="String"   parameterType="com.uns.web.form.TransDetailForm" >
    SELECT SUM(NVL(DT.BANK_AMOUNT, DT.LOCAL_AMOUNT)) ALLAMOUNT
    FROM CHECK_BILL_TRANS_DETAIL  DT
    LEFT JOIN CHECK_BILL CB
    ON(DT.CHECK_BILL_ID = CB.ID)
	WHERE 1 = 1
     <if test="channel != null and channel!=''" >
      and dt.channel = #{channel,jdbcType=VARCHAR}
    </if>
    <if test="startDate != null and startDate!=''" >
      and to_char(dt.check_date,'yyyy-MM-dd') >= #{startDate,jdbcType=VARCHAR}
    </if>
    <if test="endDate != null and endDate!=''" >
      and #{endDate,jdbcType=VARCHAR} >= to_char(dt.check_date,'yyyy-MM-dd')
    </if>
    <if test="checkTransStatus != null and checkTransStatus!=''" >
      and dt.check_trans_status = #{checkTransStatus,jdbcType=VARCHAR}
    </if>
    <if test="checkTransStatus == null or checkTransStatus==''" >
      and dt.check_trans_status !=1 
    </if>
    <if test="localTransId != null and localTransId!=''">
      and dt.local_trans_id = #{localTransId,jdbcType=VARCHAR}
    </if>
    <if test="bankTransId != null and bankTransId!=''">
      and dt.bank_trans_id = #{bankTransId,jdbcType=VARCHAR}
    </if>
    <if test="accountName !=null and accountName != ''">
      and dt.account_name like '%'||#{accountName,jdbcType=VARCHAR}||'%'
    </if>
    AND DT.DEAL_FLAG NOT IN(2,3)
    AND CB.BILL_TYPE = 2
  </select>

    <!-- 获取网联总金额 -->
    <select id="getNetsUnionNumAmount" resultType="String"   parameterType="com.uns.web.form.TransDetailForm" >
        SELECT SUM(NVL(DT.BANK_AMOUNT, DT.LOCAL_AMOUNT)) ALLAMOUNT
        FROM CHECK_BILL_TRANS_DETAIL  DT
        LEFT JOIN CHECK_BILL CB
        ON(DT.CHECK_BILL_ID = CB.ID)
        WHERE 1 = 1
        <if test="channel != null and channel!=''" >
            and dt.channel = #{channel,jdbcType=VARCHAR}
        </if>
        <if test="startDate != null and startDate!=''" >
            and to_char(dt.check_date,'yyyy-MM-dd') >= #{startDate,jdbcType=VARCHAR}
        </if>
        <if test="endDate != null and endDate!=''" >
            and #{endDate,jdbcType=VARCHAR} >= to_char(dt.check_date,'yyyy-MM-dd')
        </if>
        <if test="checkTransStatus != null and checkTransStatus!=''" >
            and dt.check_trans_status = #{checkTransStatus,jdbcType=VARCHAR}
        </if>
        <if test="checkTransStatus == null or checkTransStatus==''" >
            and dt.check_trans_status !=1
        </if>
        <if test="localTransId != null and localTransId!=''">
            and dt.local_trans_id = #{localTransId,jdbcType=VARCHAR}
        </if>
        <if test="bankTransId != null and bankTransId!=''">
            and dt.bank_trans_id = #{bankTransId,jdbcType=VARCHAR}
        </if>
        <if test="accountName !=null and accountName != ''">
            and dt.account_name like '%'||#{accountName,jdbcType=VARCHAR}||'%'
        </if>
        AND DT.DEAL_FLAG NOT IN(2,3)
        AND CB.BILL_TYPE = 2
    </select>

  <update id="updateOldEpccDetail" parameterType="java.util.Map">
    update check_bill_trans_detail cbtd
    set
    cbtd.deal_flag = 2,
    cbtd.check_trans_status = 1,
    cbtd.bank_trans_id = #{bankTransId, jdbcType= VARCHAR},
    cbtd.bank_amount = #{bankTransAmount, jdbcType=DECIMAL},
    cbtd.pay_org_id_seq = #{payOrgIdSeq, jdbcType=VARCHAR},
    cbtd.dest_org_id_seq = #{destOrgIdSeq, jdbcType=VARCHAR}
    where cbtd.local_trans_id = #{transId, jdbcType=VARCHAR}
    and cbtd.check_date = #{checkdate, jdbcType=TIMESTAMP} - 1
  </update>

</mapper>