<?xml version="1.0" encoding="UTF-8" ?>
<!DOCTYPE mapper PUBLIC "-//mybatis.org//DTD Mapper 3.0//EN" "http://mybatis.org/dtd/mybatis-3-mapper.dtd" >
<mapper namespace="com.uns.dao.DealTransMapper" >
  <resultMap id="BaseResultMap" type="com.uns.model.CheckBillTransDetail" >
    <id column="ID" property="id" jdbcType="INTEGER" />
    <result column="CHECK_DATE" property="checkDate" jdbcType="DATE" />
    <result column="CHANNEL" property="channel" jdbcType="VARCHAR" />
    <result column="BANK_NAME" property="bankName" jdbcType="VARCHAR" />
    <result column="ACTION_NAME" property="actionName" jdbcType="VARCHAR" />
    <result column="CHANNEL_NO" property="channelNo" jdbcType="VARCHAR" />
    <result column="LOCAL_TRANS_ID" property="localTransId" jdbcType="VARCHAR" />
    <result column="BANK_TRANS_ID" property="bankTransId" jdbcType="VARCHAR" />
    <result column="ACCOUNT_NAME" property="accountName" jdbcType="VARCHAR" />
    <result column="CHECK_BILL_ID" property="checkBillId" jdbcType="DECIMAL" />
    <result column="LOCAL_AMOUNT" property="localAmount" jdbcType="DECIMAL" />
    <result column="BANK_AMOUNT" property="bankAmount" jdbcType="DECIMAL" />
    <result column="FILE_NAME" property="fileName" jdbcType="VARCHAR" />
    <result column="TRANS_DATE" property="transDate" jdbcType="VARCHAR" />  
  </resultMap>
  
  <sql id="Base_Column_List" >
    ID, CHECK_DATE, TRANS_DATE ,CHANNEL, BANK_NAME, ACTION_NAME, CHANNEL_NO, LOCAL_TRANS_ID, BANK_TRANS_ID, 
    ACCOUNT_NAME, CHECK_BILL_ID, LOCAL_AMOUNT, BANK_AMOUNT, FILE_NAME, CHECK_TRANS_STATUS
  </sql>

  
  
  <!-- 获取已经挂起申请交易 -->
  <select id="getDealLocalTransList" resultType="java.util.Map" parameterType="com.uns.web.form.TransDetailForm"  >
select T.* from (select
    dt.CHECK_DATE checkDate,
    dt.TRANS_DATE transDate,
    dt.CHANNEL channel,
    dt.BANK_NAME bankName,
    dt.ACTION_NAME actionName,
    dt.CHANNEL_NO channelNo,
    dt.LOCAL_TRANS_ID localTransId,
    dt.BANK_TRANS_ID bankTransId,
    dt.ACCOUNT_NAME accountName,
    dt.CHECK_BILL_ID checkBillId,
    dt.LOCAL_AMOUNT localAmount,
    dt.BANK_AMOUNT bankAmount,
    dt.FILE_NAME fileName,
	dt.CHECK_TRANS_STATUS checkTransStatus,
	decode(dt.deal_flag,3,'审核通过',5,'待审核',2,'审核中',4,'审核拒绝','待审核') operationStatus,
    '交易挂起' operationType
    from check_bill_trans_detail dt ,apply_upadjust au
     where dt.id = au.CHECK_BILL_TRANS_DETAIL_ID
      and dt.deal_flag != '0'
      <if test="checkTransStatus != null and checkTransStatus != ''">
          and check_trans_status = #{checkTransStatus}
      </if>
    <if test="channel != null and channel!=''" >
      and dt.channel = #{channel,jdbcType=VARCHAR}
    </if>
    <if test="startDate != null and startDate!=''" >
      and to_char(dt.check_date,'yyyy-MM-dd') >= #{startDate,jdbcType=VARCHAR}
    </if>
    <if test="endDate != null and endDate!=''" >
      and #{endDate,jdbcType=VARCHAR} >= to_char(dt.check_date,'yyyy-MM-dd')
    </if>
    <if test="localTransId != null and localTransId!=''">
      and dt.local_trans_id = #{localTransId,jdbcType=VARCHAR}
    </if>
    <if test="bankTransId != null and bankTransId!=''">
      and dt.bank_trans_id = #{bankTransId,jdbcType=VARCHAR}
    </if>
	<if test="auditStatus !=null and auditStatus !=''">
	  and dt.deal_flag=#{auditStatus,jdbcType=VARCHAR}
	</if>
    <if test="billType != null and billType != ''">
      and au.bill_type = #{billType,jdbcType=VARCHAR}
    </if>
    ) T
    order by T.checkDate DESC,T.transDate  DESC
  </select>
    <!-- 获取出金已经挂起申请交易 -->
  <select id="getOutDealLocalTransList" resultType="java.util.Map" parameterType="com.uns.web.form.TransDetailForm"  >
    select T.* from (select
    dt.CHECK_DATE checkDate,
    dt.TRANS_DATE transDate,
    dt.CHANNEL channel,
    dt.BANK_NAME bankName,
    dt.ACTION_NAME actionName,
    dt.CHANNEL_NO channelNo,
    dt.LOCAL_TRANS_ID localTransId,
    dt.BANK_TRANS_ID bankTransId,
    dt.ACCOUNT_NAME accountName,
    dt.CHECK_BILL_ID checkBillId,
    dt.LOCAL_AMOUNT localAmount,
    dt.BANK_AMOUNT bankAmount,
    dt.FILE_NAME fileName,
	dt.CHECK_TRANS_STATUS checkTransStatus,
	decode(dt.deal_flag,3,'审核通过',5,'待审核',2,'审核中',4,'审核拒绝','待审核') operationStatus,
    '交易挂起' operationType
     from check_bill_trans_detail dt ,apply_upadjust au,check_bill cb
     where 1=1
      and dt.id = au.CHECK_BILL_TRANS_DETAIL_ID
      and dt.check_bill_id=cb.id
      and dt.deal_flag != '0'
      and check_trans_status = '3'
      and cb.bill_type='1'
    <if test="channel != null and channel!=''" >
      and dt.channel = #{channel,jdbcType=VARCHAR}
    </if>
    <if test="startDate != null and startDate!=''" >
      and to_char(dt.check_date,'yyyy-MM-dd') >= #{startDate,jdbcType=VARCHAR}
    </if>
    <if test="endDate != null and endDate!=''" >
      and #{endDate,jdbcType=VARCHAR} >= to_char(dt.check_date,'yyyy-MM-dd')
    </if>
    <if test="localTransId != null and localTransId!=''">
      and dt.local_trans_id = #{localTransId,jdbcType=VARCHAR}
    </if>
    <if test="bankTransId != null and bankTransId!=''">
      and dt.bank_trans_id = #{bankTransId,jdbcType=VARCHAR}
    </if>
	<if test="auditStatus !=null and auditStatus !=''">
	  and dt.deal_flag=#{auditStatus,jdbcType=VARCHAR}
	</if>
    ) T
    order by T.checkDate DESC,T.transDate  DESC
  </select>
  
  <!-- 获取调帐申请交易 -->
    <select id="getDealApplyList" resultType="java.util.Map" parameterType="com.uns.web.form.TransDetailForm" >
  select 
    dt.CHECK_DATE checkDate,
    dt.TRANS_DATE transDate,
    dt.CHANNEL channel,
    dt.BANK_NAME bankName,
    dt.ACTION_NAME actionName,
    dt.CHANNEL_NO channelNo,
    dt.LOCAL_TRANS_ID localTransId,
    dt.BANK_TRANS_ID bankTransId,
    dt.ACCOUNT_NAME accountName,
    dt.CHECK_BILL_ID checkBillId,
    dt.LOCAL_AMOUNT localAmount,
    dt.BANK_AMOUNT bankAmount,
    dt.FILE_NAME fileName,
	dt.CHECK_TRANS_STATUS checkTransStatus,
	decode(dt.deal_flag,3,'审核通过',5,'待审核',2,'审核中',4,'审核拒绝','待审核') operationStatus,
    '调账' operationType
    from check_bill_trans_detail dt,apply_upadjust au
     where 1=1       
    <if test="channel != null and channel!=''" >
      and dt.channel = #{channel,jdbcType=VARCHAR}
    </if>
    <if test="startDate != null and startDate!=''" >
      and to_char(dt.check_date,'yyyy-MM-dd') >= #{startDate,jdbcType=VARCHAR}
    </if>
    <if test="endDate != null and endDate!=''" >
      and #{endDate,jdbcType=VARCHAR} >= to_char(dt.check_date,'yyyy-MM-dd')
    </if>
    <if test="localTransId != null and localTransId!=''">
      and dt.local_trans_id = #{localTransId,jdbcType=VARCHAR}
    </if>
    <if test="bankTransId != null and bankTransId!=''">
      and dt.bank_trans_id = #{bankTransId,jdbcType=VARCHAR}
    </if>
    <if test="auditStatus !=null and auditStatus !=''">
	  and dt.deal_flag=#{auditStatus,jdbcType=VARCHAR}
	</if>
	  and au.bank_trans_id=dt.bank_trans_id
	  and dt.deal_flag !=0
	  and dt.check_trans_status in (2,4)
    order by checkDate DESC,transDate DESC
  </select>


    <!-- 网联已经挂起申请交易 -->
    <select id="getNetsUnionDealLocalTransList" resultType="java.util.Map" parameterType="com.uns.web.form.TransDetailForm"  >
        select T.* from (select
        dt.CHECK_DATE checkDate,
        dt.TRANS_DATE transDate,
        dt.CHANNEL channel,
        dt.BANK_NAME bankName,
        dt.ACTION_NAME actionName,
        dt.CHANNEL_NO channelNo,
        dt.LOCAL_TRANS_ID localTransId,
        dt.BANK_TRANS_ID bankTransId,
        dt.ACCOUNT_NAME accountName,
        dt.CHECK_BILL_ID checkBillId,
        dt.LOCAL_AMOUNT localAmount,
        dt.BANK_AMOUNT bankAmount,
        dt.FILE_NAME fileName,
        dt.CHECK_TRANS_STATUS checkTransStatus,
        dt.batch_id,
        ob1.bank_name pay_org_id_seq,
        ob2.bank_name dest_org_id_seq,
        decode(dt.bank_busi_type,'0110','协议支付','0112','网关支付','0113','认证支付','0114','委托支付','0120','付款代付','') bank_busi_type,
        decode(dt.bank_busi_status,'00','交易成功','01','交易失败','02','交易处理中','03','交易推定成功','04','交易推定失败','') bank_busi_status,
        decode(dt.deal_flag,3,'审核通过',5,'待审核',2,'审核中',4,'审核拒绝','待审核') operationStatus,
        '交易挂起' operationType
        from check_bill_trans_detail dt
        left join
        org_bank ob1
        on ob1.org_id = dt.pay_org_id_seq
        left join
        org_bank ob2
        on ob2.org_id = dt.dest_org_id_seq
        ,apply_upadjust au,check_bill cb
        where 1=1
        and dt.id = au.CHECK_BILL_TRANS_DETAIL_ID
        and dt.check_bill_id=cb.id
        and dt.deal_flag != '0'
        and check_trans_status = '3'
        and cb.bill_type='2'
        <if test="channel != null and channel!=''" >
            and dt.channel = #{channel,jdbcType=VARCHAR}
        </if>
        <if test="startDate != null and startDate!=''" >
            and to_char(dt.check_date,'yyyy-MM-dd') >= #{startDate,jdbcType=VARCHAR}
        </if>
        <if test="endDate != null and endDate!=''" >
            and #{endDate,jdbcType=VARCHAR} >= to_char(dt.check_date,'yyyy-MM-dd')
        </if>
        <if test="localTransId != null and localTransId!=''">
            and dt.local_trans_id = #{localTransId,jdbcType=VARCHAR}
        </if>
        <if test="bankTransId != null and bankTransId!=''">
            and dt.bank_trans_id = #{bankTransId,jdbcType=VARCHAR}
        </if>
        <if test="auditStatus !=null and auditStatus !=''">
            and dt.deal_flag=#{auditStatus,jdbcType=VARCHAR}
        </if>
        ) T
        order by T.checkDate DESC,T.transDate  DESC
    </select>

    <!-- 网联已经挂起申请交易 -->
    <select id="getNetsUnionDealLocalTransListExport" resultType="java.util.Map" parameterType="com.uns.web.form.TransDetailForm"  >
        select T.* from (select
        dt.CHECK_DATE checkDate,
        dt.TRANS_DATE transDate,
        dt.CHANNEL channel,
        dt.BANK_NAME bankName,
        dt.ACTION_NAME actionName,
        dt.CHANNEL_NO channelNo,
        dt.LOCAL_TRANS_ID localTransId,
        dt.BANK_TRANS_ID bankTransId,
        dt.ACCOUNT_NAME accountName,
        dt.CHECK_BILL_ID checkBillId,
        dt.LOCAL_AMOUNT localAmount,
        dt.BANK_AMOUNT bankAmount,
        dt.FILE_NAME fileName,
        dt.CHECK_TRANS_STATUS checkTransStatus,
        dt.batch_id,
        ob1.bank_name pay_org_id_seq,
        ob2.bank_name dest_org_id_seq,
        decode(dt.bank_busi_type,'0110','协议支付','0112','网关支付','0113','认证支付','0114','委托支付','0120','付款代付','') bank_busi_type,
        decode(dt.bank_busi_status,'00','交易成功','01','交易失败','02','交易处理中','03','交易推定成功','04','交易推定失败','') bank_busi_status,
        decode(dt.deal_flag,3,'审核通过',5,'待审核',2,'审核中',4,'审核拒绝','待审核') operationStatus,
        '交易挂起' operationType
        from check_bill_trans_detail dt
        left join
        org_bank ob1
        on ob1.org_id = dt.pay_org_id_seq
        left join
        org_bank ob2
        on ob2.org_id = dt.dest_org_id_seq
        ,apply_upadjust au,check_bill cb
        where 1=1
        and dt.id = au.CHECK_BILL_TRANS_DETAIL_ID
        and dt.check_bill_id=cb.id
        and dt.deal_flag != '0'
        and check_trans_status = '3'
        and cb.bill_type='2'
        <if test="channel != null and channel!=''" >
            and dt.channel = #{channel,jdbcType=VARCHAR}
        </if>
        <if test="startDate != null and startDate!=''" >
            and to_char(dt.check_date,'yyyy-MM-dd') >= #{startDate,jdbcType=VARCHAR}
        </if>
        <if test="endDate != null and endDate!=''" >
            and #{endDate,jdbcType=VARCHAR} >= to_char(dt.check_date,'yyyy-MM-dd')
        </if>
        <if test="localTransId != null and localTransId!=''">
            and dt.local_trans_id = #{localTransId,jdbcType=VARCHAR}
        </if>
        <if test="bankTransId != null and bankTransId!=''">
            and dt.bank_trans_id = #{bankTransId,jdbcType=VARCHAR}
        </if>
        <if test="auditStatus !=null and auditStatus !=''">
            and dt.deal_flag=#{auditStatus,jdbcType=VARCHAR}
        </if>
        ) T
        order by T.checkDate DESC,T.transDate  DESC
    </select>
    
    <!-- 网联交易查询 -->
    <select  id="getNetsUnionTransList" resultType="java.util.Map" parameterType="com.uns.web.form.TransRefForm">
      select
      t.id, 
      t.trans_id,
      t.create_time,
      t.batch_id,
      t.epcc_trans_id,
      t.trans_amount,
      t.trans_type,
      t.trans_status,
      t.trans_time 
      from trans_ref t
      where 1=1
      <if test="transId != null and transId!=''" >
            and  t.trans_id = #{transId,jdbcType=VARCHAR}
        </if>
        <if test="startDate != null and startDate !=''" >
            and to_char(t.create_time,'yyyy-MM-dd') >= #{startDate,jdbcType=VARCHAR}
        </if>
        <if test="endDate != null and endDate!=''" >
            and #{endDate,jdbcType=VARCHAR} >= to_char(t.create_time,'yyyy-MM-dd')
        </if>
        <if test="epccTransId != null and epccTransId!=''">
            and  t.epcc_trans_id = #{epccTransId,jdbcType=VARCHAR}
        </if>
        <if test="transType != null and transType!=''">
            and t.trans_type = #{transType,jdbcType=VARCHAR}
        </if>
        <if test="transStatus !=null and transStatus !=''">
            and t.trans_status = #{transStatus,jdbcType=VARCHAR}
        </if>
        order by create_time desc
    </select>
     <!-- 网联交易查询 -->
    <select  id="getNetsUnionTransDateExport" resultType="java.util.Map" parameterType="com.uns.web.form.TransRefForm">
      select 
      t.trans_id,
      t.create_time,
      t.batch_id,
      t.epcc_trans_id,
      t.trans_amount,
      t.trans_type,
      t.trans_status,
      t.trans_time 
      from trans_ref t
      where 1=1
      <if test="transId != null and transId!=''" >
            and  t.trans_id = #{transId,jdbcType=VARCHAR}
        </if>
        <if test="startDate != null and startDate !=''" >
            and to_char(t.create_time,'yyyy-MM-dd') >= #{startDate,jdbcType=VARCHAR}
        </if>
        <if test="endDate != null and endDate!=''" >
            and #{endDate,jdbcType=VARCHAR} >= to_char(t.create_time,'yyyy-MM-dd')
        </if>
        <if test="epccTransId != null and epccTransId!=''">
            and  t.epcc_trans_id = #{epccTransId,jdbcType=VARCHAR}
        </if>
        <if test="transType != null and transType!=''">
            and t.trans_type = #{transType,jdbcType=VARCHAR}
        </if>
        <if test="transStatus !=null and transStatus !=''">
            and t.trans_status = #{transStatus,jdbcType=VARCHAR}
        </if>
        order by create_time desc
    </select>

</mapper>