<?xml version="1.0" encoding="UTF-8"?>
<!DOCTYPE mapper PUBLIC "-//mybatis.org//DTD Mapper 3.0//EN" "http://mybatis.org/dtd/mybatis-3-mapper.dtd">
<mapper namespace="com.uns.dao.EpccDpTransRefMapper">
  <resultMap id="BaseResultMap" type="com.uns.model.EpccDpTransRef">
    <id column="ID" jdbcType="DECIMAL" property="id" />
    <result column="TRANS_ID" jdbcType="VARCHAR" property="transId" />
    <result column="ORDER_ID" jdbcType="VARCHAR" property="orderId" />
    <result column="EPCC_TRANS_ID" jdbcType="VARCHAR" property="epccTransId" />
    <result column="CREATE_TIME" jdbcType="TIMESTAMP" property="createTime" />
    <result column="UPDATE_TIME" jdbcType="TIMESTAMP" property="updateTime" />
    <result column="ORI_TRX_DT_TM" jdbcType="VARCHAR" property="oriTrxDtTm" />
    <result column="SERVICE_TYPE" jdbcType="VARCHAR" property="serviceType" />
    <result column="DBTR_BANK_ID" jdbcType="VARCHAR" property="dbtrBankId" />
    <result column="TRANS_STATUS" jdbcType="VARCHAR" property="transStatus" />
    <result column="BATHCH_ID" jdbcType="VARCHAR" property="bathchId" />
    <result column="TRANS_AMOUNT" jdbcType="DECIMAL" property="transAmount" />
    <result column="TRANS_TYPE" jdbcType="VARCHAR" property="transType" />
    <result column="PYER_ACCT_ISSR_ID" jdbcType="VARCHAR" property="pyerAcctIssrId" />
    <result column="PYEE_ACCT_ISSR_ID" jdbcType="VARCHAR" property="pyeeAcctIssrId" />
  </resultMap>
  <sql id="Base_Column_List">
    ID, TRANS_ID, ORDER_ID, EPCC_TRANS_ID, CREATE_TIME, UPDATE_TIME, ORI_TRX_DT_TM, SERVICE_TYPE,
    DBTR_BANK_ID, TRANS_STATUS, BATHCH_ID, TRANS_AMOUNT, TRANS_TYPE, PYER_ACCT_ISSR_ID,
    PYEE_ACCT_ISSR_ID
  </sql>
  <select id="selectByPrimaryKey" parameterType="java.math.BigDecimal" resultMap="BaseResultMap">
    select
    <include refid="Base_Column_List" />
    from EPCC_DP_TRANS_REF
    where ID = #{id,jdbcType=DECIMAL}
  </select>
  <delete id="deleteByPrimaryKey" parameterType="java.math.BigDecimal">
    delete from EPCC_DP_TRANS_REF
    where ID = #{id,jdbcType=DECIMAL}
  </delete>

  <insert id="insert" parameterType="com.uns.model.EpccDpTransRef">
    insert into EPCC_DP_TRANS_REF (ID, TRANS_ID, ORDER_ID,
      EPCC_TRANS_ID, CREATE_TIME, UPDATE_TIME,
      ORI_TRX_DT_TM, SERVICE_TYPE, DBTR_BANK_ID,
      TRANS_STATUS, BATHCH_ID, TRANS_AMOUNT,
      TRANS_TYPE, PYER_ACCT_ISSR_ID, PYEE_ACCT_ISSR_ID
      )
    values (#{id,jdbcType=DECIMAL}, #{transId,jdbcType=VARCHAR}, #{orderId,jdbcType=VARCHAR},
      #{epccTransId,jdbcType=VARCHAR}, #{createTime,jdbcType=DATE}, #{updateTime,jdbcType=DATE},
      #{oriTrxDtTm,jdbcType=VARCHAR}, #{serviceType,jdbcType=VARCHAR}, #{dbtrBankId,jdbcType=VARCHAR},
      #{transStatus,jdbcType=VARCHAR}, #{bathchId,jdbcType=VARCHAR}, #{transAmount,jdbcType=DECIMAL},
      #{transType,jdbcType=VARCHAR}, #{pyerAcctIssrId,jdbcType=VARCHAR}, #{pyeeAcctIssrId,jdbcType=VARCHAR}
      )
  </insert>
  <insert id="insertSelective" parameterType="com.uns.model.EpccDpTransRef">
    insert into EPCC_DP_TRANS_REF
    <trim prefix="(" suffix=")" suffixOverrides=",">
      <if test="id != null">
        ID,
      </if>
      <if test="transId != null">
        TRANS_ID,
      </if>
      <if test="orderId != null">
        ORDER_ID,
      </if>
      <if test="epccTransId != null">
        EPCC_TRANS_ID,
      </if>
      <if test="createTime != null">
        CREATE_TIME,
      </if>
      <if test="updateTime != null">
        UPDATE_TIME,
      </if>
      <if test="oriTrxDtTm != null">
        ORI_TRX_DT_TM,
      </if>
      <if test="serviceType != null">
        SERVICE_TYPE,
      </if>
      <if test="dbtrBankId != null">
        DBTR_BANK_ID,
      </if>
      <if test="transStatus != null">
        TRANS_STATUS,
      </if>
      <if test="bathchId != null">
        BATHCH_ID,
      </if>
      <if test="transAmount != null">
        TRANS_AMOUNT,
      </if>
      <if test="transType != null">
        TRANS_TYPE,
      </if>
      <if test="pyerAcctIssrId != null">
        PYER_ACCT_ISSR_ID,
      </if>
      <if test="pyeeAcctIssrId != null">
        PYEE_ACCT_ISSR_ID,
      </if>
    </trim>
    <trim prefix="values (" suffix=")" suffixOverrides=",">
      <if test="id != null">
        #{id,jdbcType=DECIMAL},
      </if>
      <if test="transId != null">
        #{transId,jdbcType=VARCHAR},
      </if>
      <if test="orderId != null">
        #{orderId,jdbcType=VARCHAR},
      </if>
      <if test="epccTransId != null">
        #{epccTransId,jdbcType=VARCHAR},
      </if>
      <if test="createTime != null">
        #{createTime,jdbcType=DATE},
      </if>
      <if test="updateTime != null">
        #{updateTime,jdbcType=DATE},
      </if>
      <if test="oriTrxDtTm != null">
        #{oriTrxDtTm,jdbcType=VARCHAR},
      </if>
      <if test="serviceType != null">
        #{serviceType,jdbcType=VARCHAR},
      </if>
      <if test="dbtrBankId != null">
        #{dbtrBankId,jdbcType=VARCHAR},
      </if>
      <if test="transStatus != null">
        #{transStatus,jdbcType=VARCHAR},
      </if>
      <if test="bathchId != null">
        #{bathchId,jdbcType=VARCHAR},
      </if>
      <if test="transAmount != null">
        #{transAmount,jdbcType=DECIMAL},
      </if>
      <if test="transType != null">
        #{transType,jdbcType=VARCHAR},
      </if>
      <if test="pyerAcctIssrId != null">
        #{pyerAcctIssrId,jdbcType=VARCHAR},
      </if>
      <if test="pyeeAcctIssrId != null">
        #{pyeeAcctIssrId,jdbcType=VARCHAR},
      </if>
    </trim>
  </insert>
  <update id="updateByPrimaryKeySelective" parameterType="com.uns.model.EpccDpTransRef">
    update EPCC_DP_TRANS_REF
    <set>
      <if test="transId != null">
        TRANS_ID = #{transId,jdbcType=VARCHAR},
      </if>
      <if test="orderId != null">
        ORDER_ID = #{orderId,jdbcType=VARCHAR},
      </if>
      <if test="epccTransId != null">
        EPCC_TRANS_ID = #{epccTransId,jdbcType=VARCHAR},
      </if>
      <if test="createTime != null">
        CREATE_TIME = #{createTime,jdbcType=DATE},
      </if>
      <if test="updateTime != null">
        UPDATE_TIME = #{updateTime,jdbcType=DATE},
      </if>
      <if test="oriTrxDtTm != null">
        ORI_TRX_DT_TM = #{oriTrxDtTm,jdbcType=VARCHAR},
      </if>
      <if test="serviceType != null">
        SERVICE_TYPE = #{serviceType,jdbcType=VARCHAR},
      </if>
      <if test="dbtrBankId != null">
        DBTR_BANK_ID = #{dbtrBankId,jdbcType=VARCHAR},
      </if>
      <if test="transStatus != null">
        TRANS_STATUS = #{transStatus,jdbcType=VARCHAR},
      </if>
      <if test="bathchId != null">
        BATHCH_ID = #{bathchId,jdbcType=VARCHAR},
      </if>
      <if test="transAmount != null">
        TRANS_AMOUNT = #{transAmount,jdbcType=DECIMAL},
      </if>
      <if test="transType != null">
        TRANS_TYPE = #{transType,jdbcType=VARCHAR},
      </if>
      <if test="pyerAcctIssrId != null">
        PYER_ACCT_ISSR_ID = #{pyerAcctIssrId,jdbcType=VARCHAR},
      </if>
      <if test="pyeeAcctIssrId != null">
        PYEE_ACCT_ISSR_ID = #{pyeeAcctIssrId,jdbcType=VARCHAR},
      </if>
    </set>
    where ID = #{id,jdbcType=DECIMAL}
  </update>
  <update id="updateByPrimaryKey" parameterType="com.uns.model.EpccDpTransRef">
    update EPCC_DP_TRANS_REF
    set TRANS_ID = #{transId,jdbcType=VARCHAR},
      ORDER_ID = #{orderId,jdbcType=VARCHAR},
      EPCC_TRANS_ID = #{epccTransId,jdbcType=VARCHAR},
      CREATE_TIME = #{createTime,jdbcType=DATE},
      UPDATE_TIME = #{updateTime,jdbcType=DATE},
      ORI_TRX_DT_TM = #{oriTrxDtTm,jdbcType=VARCHAR},
      SERVICE_TYPE = #{serviceType,jdbcType=VARCHAR},
      DBTR_BANK_ID = #{dbtrBankId,jdbcType=VARCHAR},
      TRANS_STATUS = #{transStatus,jdbcType=VARCHAR},
      BATHCH_ID = #{bathchId,jdbcType=VARCHAR},
      TRANS_AMOUNT = #{transAmount,jdbcType=DECIMAL},
      TRANS_TYPE = #{transType,jdbcType=VARCHAR},
      PYER_ACCT_ISSR_ID = #{pyerAcctIssrId,jdbcType=VARCHAR},
      PYEE_ACCT_ISSR_ID = #{pyeeAcctIssrId,jdbcType=VARCHAR}
    where ID = #{id,jdbcType=DECIMAL}
  </update>

  <select id="getNetsUnionCheckTrans" parameterType="java.util.Map" resultMap="BaseResultMap">
    select a.* from(
        select
        <include refid="Base_Column_List"/>,rownum rn
        from epcc_dp_trans_ref
        where
        to_date(substr(ori_trx_dt_tm,0,10),'yyyy-MM-dd') = to_date(#{checkdate,jdbcType=VARCHAR},'yyyy-MM-dd')
        and service_type = 'interBankPay'
    ) a
    where
    a.rn<![CDATA[>=]]>#{pagenumStart,jdbcType=VARCHAR}
    and
    a.rn<![CDATA[<]]>#{pagenumEnd,jdbcType=VARCHAR}
  </select>

  <select id="getNetsUnionCheckTransCount" parameterType="java.lang.String" resultType="java.lang.String">
    select
    count(1)
    from epcc_dp_trans_ref
    where to_date(substr(ori_trx_dt_tm ,0 , 10), 'yyyy-MM-dd') = to_date(#{checkDate, jdbcType=VARCHAR}, 'yyyy-MM-dd')
    and service_type = 'interBankPay'
  </select>
  
   <select id="getNewTxCheckTransCount" parameterType="java.lang.String" resultType="java.lang.String">
    select
    count(1)
    from WITHDRAW_ORDER
    where create_time>=to_date(#{checkdate, jdbcType=VARCHAR}, 'yyyy-MM-dd')
	and create_time <![CDATA[< ]]> to_date(#{checkdate, jdbcType=VARCHAR}, 'yyyy-MM-dd')+1-1/86400
  </select>

</mapper>