<?xml version="1.0" encoding="UTF-8"?>
<!DOCTYPE mapper PUBLIC "-//mybatis.org//DTD Mapper 3.0//EN" "http://mybatis.org/dtd/mybatis-3-mapper.dtd">
<mapper namespace="com.uns.dao.EpccQpTransRefMapper">
  <resultMap id="BaseResultMap" type="com.uns.model.EpccQpTransRef">
    <id column="id" jdbcType="INTEGER" property="id" />
    <result column="trans_id" jdbcType="VARCHAR" property="transId" />
    <result column="epcc_trans_id" jdbcType="VARCHAR" property="epccTransId" />
    <result column="create_time" jdbcType="TIMESTAMP" property="createTime" />
    <result column="update_time" jdbcType="TIMESTAMP" property="updateTime" />
    <result column="dbtr_bank_id" jdbcType="VARCHAR" property="dbtrBankId" />
    <result column="service_type" jdbcType="VARCHAR" property="serviceType" />
    <result column="ori_trx_dt_tm" jdbcType="VARCHAR" property="oriTrxDtTm" />
    <result column="trans_status" jdbcType="VARCHAR" property="transStatus" />
    <result column="pyer_acct_issr_id" jdbcType="VARCHAR" property="pyerAcctIssrId" />
    <result column="pyee_acct_issr_id" jdbcType="VARCHAR" property="pyeeAcctIssrId" />
    <result column="trans_type" jdbcType="VARCHAR" property="transType" />
    <result column="trans_amount" jdbcType="DECIMAL" property="transAmount" />
    <result column="bathch_id" jdbcType="VARCHAR" property="bathchId" />
  </resultMap>
  <sql id="Base_Column_List">
    id, trans_id, epcc_trans_id, create_time, update_time, dbtr_bank_id, service_type,
    ori_trx_dt_tm, trans_status, pyer_acct_issr_id, pyee_acct_issr_id, trans_type, trans_amount,
    bathch_id
  </sql>
  <select id="selectByPrimaryKey" parameterType="java.lang.Integer" resultMap="BaseResultMap">
    select
    <include refid="Base_Column_List" />
    from epcc_qp_trans_ref
    where id = #{id,jdbcType=INTEGER}
  </select>
  <delete id="deleteByPrimaryKey" parameterType="java.lang.Integer">
    delete from epcc_qp_trans_ref
    where id = #{id,jdbcType=INTEGER}
  </delete>
  <insert id="insert" parameterType="com.uns.model.EpccQpTransRef">
    insert into epcc_qp_trans_ref (id, trans_id, epcc_trans_id,
      create_time, update_time, dbtr_bank_id,
      service_type, ori_trx_dt_tm, trans_status,
      pyer_acct_issr_id, pyee_acct_issr_id, trans_type,
      trans_amount, bathch_id)
    values (#{id,jdbcType=INTEGER}, #{transId,jdbcType=VARCHAR}, #{epccTransId,jdbcType=VARCHAR},
      #{createTime,jdbcType=TIMESTAMP}, #{updateTime,jdbcType=TIMESTAMP}, #{dbtrBankId,jdbcType=VARCHAR},
      #{serviceType,jdbcType=VARCHAR}, #{oriTrxDtTm,jdbcType=VARCHAR}, #{transStatus,jdbcType=VARCHAR},
      #{pyerAcctIssrId,jdbcType=VARCHAR}, #{pyeeAcctIssrId,jdbcType=VARCHAR}, #{transType,jdbcType=VARCHAR},
      #{transAmount,jdbcType=DECIMAL}, #{bathchId,jdbcType=VARCHAR})
  </insert>
  <insert id="insertSelective" parameterType="com.uns.model.EpccQpTransRef">
    insert into epcc_qp_trans_ref
    <trim prefix="(" suffix=")" suffixOverrides=",">
      <if test="id != null">
        id,
      </if>
      <if test="transId != null">
        trans_id,
      </if>
      <if test="epccTransId != null">
        epcc_trans_id,
      </if>
      <if test="createTime != null">
        create_time,
      </if>
      <if test="updateTime != null">
        update_time,
      </if>
      <if test="dbtrBankId != null">
        dbtr_bank_id,
      </if>
      <if test="serviceType != null">
        service_type,
      </if>
      <if test="oriTrxDtTm != null">
        ori_trx_dt_tm,
      </if>
      <if test="transStatus != null">
        trans_status,
      </if>
      <if test="pyerAcctIssrId != null">
        pyer_acct_issr_id,
      </if>
      <if test="pyeeAcctIssrId != null">
        pyee_acct_issr_id,
      </if>
      <if test="transType != null">
        trans_type,
      </if>
      <if test="transAmount != null">
        trans_amount,
      </if>
      <if test="bathchId != null">
        bathch_id,
      </if>
    </trim>
    <trim prefix="values (" suffix=")" suffixOverrides=",">
      <if test="id != null">
        #{id,jdbcType=INTEGER},
      </if>
      <if test="transId != null">
        #{transId,jdbcType=VARCHAR},
      </if>
      <if test="epccTransId != null">
        #{epccTransId,jdbcType=VARCHAR},
      </if>
      <if test="createTime != null">
        #{createTime,jdbcType=TIMESTAMP},
      </if>
      <if test="updateTime != null">
        #{updateTime,jdbcType=TIMESTAMP},
      </if>
      <if test="dbtrBankId != null">
        #{dbtrBankId,jdbcType=VARCHAR},
      </if>
      <if test="serviceType != null">
        #{serviceType,jdbcType=VARCHAR},
      </if>
      <if test="oriTrxDtTm != null">
        #{oriTrxDtTm,jdbcType=VARCHAR},
      </if>
      <if test="transStatus != null">
        #{transStatus,jdbcType=VARCHAR},
      </if>
      <if test="pyerAcctIssrId != null">
        #{pyerAcctIssrId,jdbcType=VARCHAR},
      </if>
      <if test="pyeeAcctIssrId != null">
        #{pyeeAcctIssrId,jdbcType=VARCHAR},
      </if>
      <if test="transType != null">
        #{transType,jdbcType=VARCHAR},
      </if>
      <if test="transAmount != null">
        #{transAmount,jdbcType=DECIMAL},
      </if>
      <if test="bathchId != null">
        #{bathchId,jdbcType=VARCHAR},
      </if>
    </trim>
  </insert>
  <update id="updateByPrimaryKeySelective" parameterType="com.uns.model.EpccQpTransRef">
    update epcc_qp_trans_ref
    <set>
      <if test="transId != null">
        trans_id = #{transId,jdbcType=VARCHAR},
      </if>
      <if test="epccTransId != null">
        epcc_trans_id = #{epccTransId,jdbcType=VARCHAR},
      </if>
      <if test="createTime != null">
        create_time = #{createTime,jdbcType=TIMESTAMP},
      </if>
      <if test="updateTime != null">
        update_time = #{updateTime,jdbcType=TIMESTAMP},
      </if>
      <if test="dbtrBankId != null">
        dbtr_bank_id = #{dbtrBankId,jdbcType=VARCHAR},
      </if>
      <if test="serviceType != null">
        service_type = #{serviceType,jdbcType=VARCHAR},
      </if>
      <if test="oriTrxDtTm != null">
        ori_trx_dt_tm = #{oriTrxDtTm,jdbcType=VARCHAR},
      </if>
      <if test="transStatus != null">
        trans_status = #{transStatus,jdbcType=VARCHAR},
      </if>
      <if test="pyerAcctIssrId != null">
        pyer_acct_issr_id = #{pyerAcctIssrId,jdbcType=VARCHAR},
      </if>
      <if test="pyeeAcctIssrId != null">
        pyee_acct_issr_id = #{pyeeAcctIssrId,jdbcType=VARCHAR},
      </if>
      <if test="transType != null">
        trans_type = #{transType,jdbcType=VARCHAR},
      </if>
      <if test="transAmount != null">
        trans_amount = #{transAmount,jdbcType=DECIMAL},
      </if>
      <if test="bathchId != null">
        bathch_id = #{bathchId,jdbcType=VARCHAR},
      </if>
    </set>
    where id = #{id,jdbcType=INTEGER}
  </update>
  <update id="updateByPrimaryKey" parameterType="com.uns.model.EpccQpTransRef">
    update epcc_qp_trans_ref
    set trans_id = #{transId,jdbcType=VARCHAR},
      epcc_trans_id = #{epccTransId,jdbcType=VARCHAR},
      create_time = #{createTime,jdbcType=TIMESTAMP},
      update_time = #{updateTime,jdbcType=TIMESTAMP},
      dbtr_bank_id = #{dbtrBankId,jdbcType=VARCHAR},
      service_type = #{serviceType,jdbcType=VARCHAR},
      ori_trx_dt_tm = #{oriTrxDtTm,jdbcType=VARCHAR},
      trans_status = #{transStatus,jdbcType=VARCHAR},
      pyer_acct_issr_id = #{pyerAcctIssrId,jdbcType=VARCHAR},
      pyee_acct_issr_id = #{pyeeAcctIssrId,jdbcType=VARCHAR},
      trans_type = #{transType,jdbcType=VARCHAR},
      trans_amount = #{transAmount,jdbcType=DECIMAL},
      bathch_id = #{bathchId,jdbcType=VARCHAR}
    where id = #{id,jdbcType=INTEGER}
  </update>

  <select id="getNetsUnionCheckTrans" parameterType="java.lang.String" resultMap="BaseResultMap">
    select
    <include refid="Base_Column_List"/>
    from epcc_qp_trans_ref
    where date_format(substring(ori_trx_dt_tm ,1 , 10), '%Y-%m-%d') = #{checkdate, jdbcType=VARCHAR}
    and service_type = 'pay'
    limit ${pagenumStart},${pagenumEnd-pagenumStart}
  </select>

  <select id="getNetsUnionCheckTransCount" parameterType="java.lang.String" resultType="java.lang.String">
    select
    count(1)
    from epcc_qp_trans_ref
    where date_format(substring(ori_trx_dt_tm ,1 , 10), '%Y-%m-%d') = #{checkdate, jdbcType=VARCHAR}
    and service_type = 'pay'
  </select>

</mapper>
