<?xml version="1.0" encoding="UTF-8" ?>
<!DOCTYPE mapper PUBLIC "-//mybatis.org//DTD Mapper 3.0//EN" "http://mybatis.org/dtd/mybatis-3-mapper.dtd" >
<mapper namespace="com.uns.dao.ExportDetailMapper" >
  <resultMap id="BaseResultMap" type="com.uns.model.TransDetail" >
    <result column="CHECK_DATE" property="checkDate" jdbcType="VARCHAR" />
    <result column="TRANS_DATE" property="transDate" jdbcType="VARCHAR" />  
    <result column="CHANNEL" property="channel" jdbcType="VARCHAR" />
    <result column="BANK_NAME" property="bankName" jdbcType="VARCHAR" />
    <result column="ACTION_NAME" property="actionName" jdbcType="VARCHAR" />
    <result column="LOCAL_TRANS_ID" property="localTransId" jdbcType="VARCHAR" />
    <result column="ACCOUNT_NAME" property="accountName" jdbcType="VARCHAR" />
    <result column="LOCAL_AMOUNT" property="localAmount" jdbcType="DECIMAL" />   
    <result column="BANK_TRANS_ID" property="bankTransId" jdbcType="VARCHAR" />
    <result column="BANK_AMOUNT" property="bankAmount" jdbcType="DECIMAL" />
    <result column="FILE_NAME" property="fileName" jdbcType="VARCHAR" />
    <result column="CHECK_TRANS_STATUS" property="checkTransStatus" jdbcType="VARCHAR" />
      <result column="BATCH_ID" property="batchId" jdbcType="VARCHAR" />
      <result column="BANK_BUSI_TYPE" property="bankBusiType" jdbcType="VARCHAR" />
      <result column="BANK_BUSI_STATUS" property="bankBusiStatus" jdbcType="VARCHAR" />
      <result column="PAY_ORG_ID_SEQ" property="payOrgIdSeq" jdbcType="VARCHAR" />
      <result column="DEST_ORG_ID_SEQ" property="destOrgIdSeq" jdbcType="VARCHAR" />
    
  </resultMap>
  
  
    <sql id="Base_Column_List" >
     CHECK_DATE, TRANS_DATE ,CHANNEL, BANK_NAME, ACTION_NAME,  LOCAL_TRANS_ID, ACCOUNT_NAME,LOCAL_AMOUNT,
     BANK_TRANS_ID, BANK_AMOUNT, FILE_NAME, CHECK_TRANS_STATUS
  </sql>

    <!-- 获取下载明细 -->
    <select id="getExportDetail" resultMap="BaseResultMap"  parameterType="com.uns.web.form.TransDetailForm"  >

        SELECT DISTINCT DT.BANK_TRANS_ID,
        DT.CHECK_DATE         CHECKDATE,
        DT.TRANS_DATE         TRANSDATE,
        DT.CHANNEL            CHANNEL,
        DT.BANK_NAME          BANKNAME,
        DT.ACTION_NAME        ACTIONNAME,
        DT.CHANNEL_NO         CHANNELNO,
        DT.LOCAL_TRANS_ID     LOCALTRANSID,
        DT.BANK_TRANS_ID      BANKTRANSID,
        DT.ACCOUNT_NAME       ACCOUNTNAME,
        DT.CHECK_BILL_ID      CHECKBILLID,
        DT.LOCAL_AMOUNT       LOCALAMOUNT,
        DT.BANK_AMOUNT        BANKAMOUNT,
        DT.FILE_NAME          FILENAME,
        decode(dt.CHECK_TRANS_STATUS,
        1,
        '正常',
        2,
        '银行有我方无',
        3,
        '银行无我方有',
        4,
        '金额不对') checkTransStatus
        FROM CHECK_BILL_TRANS_DETAIL DT
        LEFT JOIN BANK_TRANS BT
        ON (DT.LOCAL_TRANS_ID = BT.TRANS_ID OR
        DT.BANK_TRANS_ID = BT.TRANS_ID)
        LEFT JOIN CHECK_BILL CB
        ON (DT.CHECK_BILL_ID = CB.ID)
        WHERE 1 = 1
        <if test="dealFlag != null and dealFlag!=''">
            and td.deal_flag = #{dealFlag,jdbcType=VARCHAR}
        </if>
        <if test="checkTransStatus !=null and checkTransStatus != ''">
            and dt.check_trans_status = #{checkTransStatus}
        </if>
        and CB.BILL_TYPE = 0
      <if test="channel != null and channel!=''" >
      and dt.channel = #{channel,jdbcType=VARCHAR}
    </if>
    <if test="startDate != null and startDate!=''" >
      and to_char(dt.check_date,'yyyy-MM-dd') >= #{startDate,jdbcType=VARCHAR}
    </if>
    <if test="endDate != null and endDate!=''" >
      and #{endDate,jdbcType=VARCHAR} >= to_char(dt.check_date,'yyyy-MM-dd')
    </if>
    <if test="checkTransStatus != null and checkTransStatus!=''" >
      and dt.check_trans_status = #{checkTransStatus,jdbcType=VARCHAR}
    </if>
    <if test="localTransId != null and localTransId!=''">
      and dt.local_trans_id = #{localTransId,jdbcType=VARCHAR}
    </if>
    <if test="bankTransId != null and bankTransId!=''">
      and dt.bank_trans_id = #{bankTransId,jdbcType=VARCHAR}
    </if>
    <if test="dealFlag != null and dealFlag!=''">
      and dt.deal_flag = #{dealFlag,jdbcType=VARCHAR}
    </if>
   <if test="accountName !=null and accountName != ''">
      and dt.account_name like '%'||#{accountName,jdbcType=VARCHAR}||'%'
    </if>
     ORDER BY DT.CHECK_DATE         DESC
  </select>
    <!-- 获取出金下载明细 -->
    <select id="getOutExportDetail" resultMap="BaseResultMap"  parameterType="com.uns.web.form.TransDetailForm"  >
        SELECT DISTINCT DT.BANK_TRANS_ID,
        DT.CHECK_DATE         CHECKDATE,
        DT.TRANS_DATE         TRANSDATE,
        DT.CHANNEL            CHANNEL,
        DT.BANK_NAME          BANKNAME,
        DT.ACTION_NAME        ACTIONNAME,
        DT.CHANNEL_NO         CHANNELNO,
        DT.LOCAL_TRANS_ID     LOCALTRANSID,
        DT.BANK_TRANS_ID      BANKTRANSID,
        DT.ACCOUNT_NAME       ACCOUNTNAME,
        DT.CHECK_BILL_ID      CHECKBILLID,
        DT.LOCAL_AMOUNT       LOCALAMOUNT,
        DT.BANK_AMOUNT        BANKAMOUNT,
        DT.FILE_NAME          FILENAME,
        decode(dt.CHECK_TRANS_STATUS,
        1,
        '正常',
        2,
        '银行有我方无',
        3,
        '银行无我方有',
        4,
        '金额不对') checkTransStatus
        FROM CHECK_BILL_TRANS_DETAIL DT
        LEFT JOIN BANK_TRANS BT
        ON (DT.LOCAL_TRANS_ID = BT.TRANS_ID OR
        DT.BANK_TRANS_ID = BT.TRANS_ID)
        LEFT JOIN CHECK_BILL CB
        ON (DT.CHECK_BILL_ID = CB.ID)
        WHERE 1 = 1
        AND DT.DEAL_FLAG NOT IN (2, 3, 4, 5)
        AND CB.BILL_TYPE = 1
        <if test="channel != null and channel!=''" >
            and dt.channel = #{channel,jdbcType=VARCHAR}
        </if>
        <if test="startDate != null and startDate!=''" >
            and to_char(dt.check_date,'yyyy-MM-dd') >= #{startDate,jdbcType=VARCHAR}
        </if>
        <if test="endDate != null and endDate!=''" >
            and #{endDate,jdbcType=VARCHAR} >= to_char(dt.check_date,'yyyy-MM-dd')
        </if>
        <if test="checkTransStatus != null and checkTransStatus!=''" >
            and dt.check_trans_status = #{checkTransStatus,jdbcType=VARCHAR}
        </if>
        <if test="localTransId != null and localTransId!=''">
            and dt.local_trans_id = #{localTransId,jdbcType=VARCHAR}
        </if>
        <if test="bankTransId != null and bankTransId!=''">
            and dt.bank_trans_id = #{bankTransId,jdbcType=VARCHAR}
        </if>
        <if test="dealFlag != null and dealFlag!=''">
            and dt.deal_flag = #{dealFlag,jdbcType=VARCHAR}
        </if>
        <if test="accountName !=null and accountName != ''">
            and dt.account_name like '%'||#{accountName,jdbcType=VARCHAR}||'%'
        </if>
        ORDER BY DT.CHECK_DATE         DESC
    </select>

    <!-- 获取网联下载明细 -->
    <select id="getNetsUnionExportDetail" resultMap="BaseResultMap"  parameterType="com.uns.web.form.TransDetailForm"  >

        select
        distinct dt.bank_trans_id,
        dt.check_date checkdate,
        dt.trans_date transdate,
        dt.channel channel,
        dt.bank_name bankname,
        dt.action_name actionname,
        dt.channel_no channelno,
        dt.local_trans_id localtransid,
        dt.bank_trans_id banktransid,
        dt.account_name accountname,
        dt.check_bill_id checkbillid,
        dt.local_amount localamount,
        dt.bank_amount bankamount,
        dt.file_name filename,
        decode(dt.check_trans_status,
        1,
        '正常',
        2,
        '银行有我方无',
        3,
        '银行无我方有',
        4,
        '金额不对') checkTransStatus,
        dt.batch_id,
        ob1.bank_name pay_org_id_seq,
        ob2.bank_name dest_org_id_seq,
        decode(dt.bank_busi_type,'0110','协议支付','0112','网关支付','0113','认证支付','0114','委托支付','0120','付款代付','0121','退款-协议支付','0122','退款-网关支付','0123','退款-验证支付','0124','退款-认证支付','0125','退款-委托支付','0126','退款-签约支付','') bank_busi_type,
        decode(dt.bank_busi_status,'00','交易成功','01','交易失败','02','交易处理中','03','交易推定成功','04','交易推定失败','') bank_busi_status
        from check_bill_trans_detail dt
        left join bank_trans bt
        on (DT.LOCAL_TRANS_ID = BT.TRANS_ID OR DT.BANK_TRANS_ID = BT.TRANS_ID)
        left join CHECK_BILL CB
        on (DT.CHECK_BILL_ID = CB.ID)
        left join
        org_bank ob1
        on ob1.org_id = dt.pay_org_id_seq
        left join
        org_bank ob2
        on ob2.org_id = dt.dest_org_id_seq
        where cb.bill_type = 2
        and dt.deal_flag not in (2,3,4,5)
        <if test="localTransId != null and localTransId!=''">
            and dt.local_trans_id = #{localTransId,jdbcType=VARCHAR}
        </if>
        <if test="bankTransId != null and bankTransId!=''">
            and dt.bank_trans_id = #{bankTransId,jdbcType=VARCHAR}
        </if>
        <if test="channel != null and channel!=''" >
            and dt.channel = #{channel,jdbcType=VARCHAR}
        </if>
        <if test="startDate != null and startDate!=''" >
            and to_char(dt.check_date,'yyyy-MM-dd') >= #{startDate,jdbcType=VARCHAR}
        </if>
        <if test="endDate != null and endDate!=''" >
            and #{endDate,jdbcType=VARCHAR} >= to_char(dt.check_date,'yyyy-MM-dd')
        </if>
        <if test="checkTransStatus != null and checkTransStatus!=''" >
            and dt.check_trans_status = #{checkTransStatus,jdbcType=VARCHAR}
        </if>
        <if test="checkTransStatus == null or checkTransStatus==''" >
            and dt.check_trans_status != 1
        </if>
        <if test="accountName !=null and accountName != ''">
            and dt.account_name like '%'||#{accountName,jdbcType=VARCHAR}||'%'
        </if>
        order by dt.check_date desc
    </select>
</mapper>