<?xml version="1.0" encoding="UTF-8" ?>
<!DOCTYPE mapper PUBLIC "-//mybatis.org//DTD Mapper 3.0//EN" "http://mybatis.org/dtd/mybatis-3-mapper.dtd" >
<mapper namespace="com.uns.dao.FileUploadRecordMapper" >
  <resultMap id="BaseResultMap" type="com.uns.model.FileUploadRecord" >
    <id column="ID" property="id" jdbcType="DECIMAL" />
    <result column="CHECK_DATE" property="checkDate" jdbcType="DATE" />
    <result column="CHANNEL" property="channel" jdbcType="VARCHAR" />
    <result column="UPLOAD_TIME" property="uploadTime" jdbcType="TIMESTAMP" />
    <result column="FILE_NAME" property="fileName" jdbcType="VARCHAR" />
    <result column="UPLOADER" property="uploader" jdbcType="VARCHAR" />
    <result column="CHECK_STATUS" property="checkStatus" jdbcType="VARCHAR" />
    <result column="BATCH_ID" property="batchId" jdbcType="VARCHAR" />
  </resultMap>


  <sql id="Base_Column_List" >
    ID, CHECK_DATE, CHANNEL, UPLOAD_TIME, FILE_NAME, UPLOADER, CHECK_STATUS, BATCH_ID
  </sql>
  <select id="selectByPrimaryKey" resultMap="BaseResultMap" parameterType="java.math.BigDecimal" >
    select 
    <include refid="Base_Column_List" />
    from FILE_UPLOAD_RECORD
    where ID = #{id,jdbcType=DECIMAL}
  </select>
  <delete id="deleteByPrimaryKey" parameterType="long" >
    delete from FILE_UPLOAD_RECORD
    where ID = #{id,jdbcType=DECIMAL}
  </delete>

  <insert id="insert" parameterType="com.uns.model.FileUploadRecord" >
    insert into FILE_UPLOAD_RECORD (ID, CHECK_DATE, CHANNEL, 
      UPLOAD_TIME, FILE_NAME, UPLOADER, 
      CHECK_STATUS)
    values (#{id,jdbcType=DECIMAL}, #{checkDate,jdbcType=DATE}, #{channel,jdbcType=VARCHAR}, 
      #{uploadTime,jdbcType=TIMESTAMP}, #{fileName,jdbcType=VARCHAR}, #{uploader,jdbcType=VARCHAR}, 
      #{checkStatus,jdbcType=VARCHAR})
  </insert>
  <insert id="insertSelective" useGeneratedKeys="true" parameterType="com.uns.model.FileUploadRecord" >
  	  <selectKey resultType="decimal" order="BEFORE" keyProperty="id" >
		        SELECT file_upload_record_seq.NEXTVAL FROM DUAL
	  </selectKey>
    insert into FILE_UPLOAD_RECORD
    <trim prefix="(" suffix=")" suffixOverrides="," >
      <if test="id != null" >
        ID,
      </if>
      <if test="checkDate != null" >
        CHECK_DATE,
      </if>
      <if test="channel != null" >
        CHANNEL,
      </if>
      <if test="uploadTime != null" >
        UPLOAD_TIME,
      </if>
      <if test="fileName != null" >
        FILE_NAME,
      </if>
      <if test="uploader != null" >
        UPLOADER,
      </if>
      <if test="checkStatus != null" >
        CHECK_STATUS,
      </if>
      <if test="billType != null">
        BILL_TYPE,
      </if>
      <if test="batchId != null">
        BATCH_ID,
      </if>
    </trim>
    <trim prefix="values (" suffix=")" suffixOverrides="," >
      <if test="id != null" >
        #{id,jdbcType=DECIMAL},
      </if>
      <if test="checkDate != null" >
        #{checkDate,jdbcType=DATE},
      </if>
      <if test="channel != null" >
        #{channel,jdbcType=VARCHAR},
      </if>
      <if test="uploadTime != null" >
        #{uploadTime,jdbcType=TIMESTAMP},
      </if>
      <if test="fileName != null" >
        #{fileName,jdbcType=VARCHAR},
      </if>
      <if test="uploader != null" >
        #{uploader,jdbcType=VARCHAR},
      </if>
      <if test="checkStatus != null" >
        #{checkStatus,jdbcType=VARCHAR},
      </if>
      <if test="billType != null">
        #{billType,jdbcType=VARCHAR},
      </if>
      <if test="batchId != null">
        #{batchId, jdbcType=VARCHAR},
      </if>
    </trim>
  </insert>
  <update id="updateByPrimaryKeySelective" parameterType="com.uns.model.FileUploadRecord" >
    update FILE_UPLOAD_RECORD
    <set >
      <if test="checkDate != null" >
        CHECK_DATE = #{checkDate,jdbcType=DATE},
      </if>
      <if test="channel != null" >
        CHANNEL = #{channel,jdbcType=VARCHAR},
      </if>
      <if test="uploadTime != null" >
        UPLOAD_TIME = #{uploadTime,jdbcType=TIMESTAMP},
      </if>
      <if test="fileName != null" >
        FILE_NAME = #{fileName,jdbcType=VARCHAR},
      </if>
      <if test="uploader != null" >
        UPLOADER = #{uploader,jdbcType=VARCHAR},
      </if>
      <if test="checkStatus != null" >
        CHECK_STATUS = #{checkStatus,jdbcType=VARCHAR},
      </if>
    </set>
    where ID = #{id,jdbcType=DECIMAL}
  </update>
  <update id="updateByPrimaryKey" parameterType="com.uns.model.FileUploadRecord" >
    update FILE_UPLOAD_RECORD
    set CHECK_DATE = #{checkDate,jdbcType=DATE},
      CHANNEL = #{channel,jdbcType=VARCHAR},
      UPLOAD_TIME = #{uploadTime,jdbcType=TIMESTAMP},
      FILE_NAME = #{fileName,jdbcType=VARCHAR},
      UPLOADER = #{uploader,jdbcType=VARCHAR},
      CHECK_STATUS = #{checkStatus,jdbcType=VARCHAR}
    where ID = #{id,jdbcType=DECIMAL}
  </update>
  
  
  <insert id="insertList"  parameterType="java.util.List">
    	insert into file_upload_record(id,check_date, channel, upload_time, file_name, uploader,check_status)
		    select file_upload_record_seq.nextval,A.* from(
		<foreach collection="list" item="item" index="index" separator="union all">
			select          
				#{item.checkDate},
		        #{item.channel},
		        #{item.uploadTime},
		        #{item.fileName},
		        #{item.uploader},
		        #{item.checkStatus}
		     from dual 
		</foreach>
		)A
  </insert>  
  
  <select id="getOutUploadList" resultMap="BaseResultMap" parameterType="com.uns.web.form.CheckBillForm" >
    select 
    <include refid="Base_Column_List" />
    from FILE_UPLOAD_RECORD
    WHERE 1 = 1
    <choose>
      <when test="billType != null and billType != ''">
        AND BILL_TYPE = #{billType,jdbcType=VARCHAR}
      </when>
      <otherwise>
        AND BILL_TYPE = '1'
      </otherwise>
    </choose>
    order by upload_time desc
  </select>

  <select id="getNetsUnionUploadList" resultMap="BaseResultMap" parameterType="com.uns.web.form.CheckBillForm" >
    select
    fur.id,
    fur.check_date,
    fur.channel,
    fur.upload_time,
    fur.file_name,
    fur.uploader,
    fur.check_status,
    fur.batch_id
    from file_upload_record fur
    where fur.bill_type = '2'
    order by fur.upload_time desc
  </select>

  <select id="getUploadList" resultMap="BaseResultMap" >
    select
    <include refid="Base_Column_List" />
    from FILE_UPLOAD_RECORD
    where BILL_TYPE = '0'
    order by upload_time desc
  </select>

  <select id="getRecordByChannelCheckDate" parameterType="com.uns.model.FileUploadRecord" resultMap="BaseResultMap" >
	    select 
	    <include refid="Base_Column_List" />
	    from FILE_UPLOAD_RECORD 
	    where channel = #{channel,jdbcType=VARCHAR}
	    and check_date = #{checkDate,jdbcType=DATE}
    <if test="billType != null and billType != ''">
      and bill_type = #{billType,jdbcType=VARCHAR}
    </if>
  </select>

  <select id="getRecordByBatchId" parameterType="com.uns.model.FileUploadRecord" resultMap="BaseResultMap" >
    select
    <include refid="Base_Column_List" />
    from FILE_UPLOAD_RECORD
    where channel = #{channel,jdbcType=VARCHAR}
    and check_date = #{checkDate,jdbcType=TIMESTAMP}
    <if test="billType != null and billType != ''">
      and bill_type = #{billType,jdbcType=VARCHAR}
    </if>
    <if test="batchId != null and batchId != ''">
      and batch_id = #{batchId, jdbcType=VARCHAR}
    </if>
    <if test="batchId == null or batchId == ''">
      and batch_id is null
    </if>
  </select>

  <update id="updateCheckStatus" parameterType="com.uns.model.CheckBill" >
	    update FILE_UPLOAD_RECORD
	    set check_status = #{checkStatus,jdbcType=VARCHAR}
	    where check_date = #{checkDate,jdbcType=DECIMAL}
	    and channel = #{channel,jdbcType=DECIMAL}
  </update>

  <update id="updateNetsUnionCheckStatus" parameterType="com.uns.model.CheckBill" >
	    update FILE_UPLOAD_RECORD
	    set check_status = #{checkStatus,jdbcType=VARCHAR}
          where check_date = #{checkDate,jdbcType=TIMESTAMP}
	    and channel = #{channel,jdbcType=VARCHAR}
	    <if test="batchId != null and batchId != ''">
          and batch_id = #{batchId, jdbcType = VARCHAR}
        </if>
        <if test="batchId == null or batchId == ''">
          and batch_id is null
        </if>
  </update>

  <select id="getByCheckBill" parameterType="com.uns.model.CheckBill" resultMap="BaseResultMap" >
	    select 
	    <include refid="Base_Column_List" />
	    from FILE_UPLOAD_RECORD 
	    where channel = #{channel,jdbcType=VARCHAR}
	    and check_date = #{checkDate,jdbcType=DATE}
  </select>

  <select id="getByCheckBillBatch" parameterType="com.uns.model.CheckBill" resultMap="BaseResultMap" >
    select
    <include refid="Base_Column_List" />
    from FILE_UPLOAD_RECORD
    where channel = #{channel,jdbcType=VARCHAR}
    and check_date = #{checkDate,jdbcType=DATE}
    and batch_id = #{batchId, jdbcType=VARCHAR}
  </select>

</mapper>