<?xml version="1.0" encoding="UTF-8" ?>
<!DOCTYPE mapper PUBLIC "-//mybatis.org//DTD Mapper 3.0//EN" "http://mybatis.org/dtd/mybatis-3-mapper.dtd" >
<mapper namespace="com.uns.dao.RoleMapper" >
  <resultMap id="BaseResultMap" type="com.uns.model.Role" >
    <id column="ID" property="id" jdbcType="DECIMAL" />
    <result column="ROLE_ID" property="roleId" jdbcType="VARCHAR" />
    <result column="ROLE_NAME" property="roleName" jdbcType="VARCHAR" />
    <result column="REMARK" property="remark" jdbcType="VARCHAR" />
    <result column="FLAG" property="flag" jdbcType="VARCHAR" />
    <result column="VERSION" property="version" jdbcType="DECIMAL" />
    <result column="CREATE_USER" property="createUser" jdbcType="VARCHAR" />
    <result column="CREATE_TIME" property="createTime" jdbcType="DATE" />
    <result column="UPDATE_USER" property="updateUser" jdbcType="VARCHAR" />
    <result column="UPDATE_TIME" property="updateTime" jdbcType="DATE" />
    <result column="STATUS" property="status" jdbcType="VARCHAR" />
  </resultMap>

  <sql id="Base_Column_List" >
    ID, ROLE_ID, ROLE_NAME, REMARK, FLAG, VERSION, CREATE_USER, CREATE_TIME, UPDATE_USER, 
    UPDATE_TIME, STATUS
  </sql>

  <select id="selectByPrimaryKey" resultMap="BaseResultMap" parameterType="java.math.BigDecimal" >
    select 
    <include refid="Base_Column_List" />
    from ROLE
    where ID = #{id,jdbcType=DECIMAL}
  </select>
  <delete id="deleteByPrimaryKey" parameterType="java.math.BigDecimal" >
    delete from ROLE
    where ID = #{id,jdbcType=DECIMAL}
  </delete>


  <insert id="insert" parameterType="com.uns.model.Role" >
    insert into ROLE (ID, ROLE_ID, ROLE_NAME, 
      REMARK, FLAG, VERSION, 
      CREATE_USER, CREATE_TIME, UPDATE_USER, 
      UPDATE_TIME, STATUS)
    values (#{id,jdbcType=DECIMAL}, #{roleId,jdbcType=VARCHAR}, #{roleName,jdbcType=VARCHAR}, 
      #{remark,jdbcType=VARCHAR}, #{flag,jdbcType=VARCHAR}, #{version,jdbcType=DECIMAL}, 
      #{createUser,jdbcType=VARCHAR}, #{createTime,jdbcType=DATE}, #{updateUser,jdbcType=VARCHAR}, 
      #{updateTime,jdbcType=DATE}, #{status,jdbcType=VARCHAR})
  </insert>
  <insert id="insertSelective" parameterType="com.uns.model.Role" >
    insert into ROLE
    <trim prefix="(" suffix=")" suffixOverrides="," >
      <if test="id != null" >
        ID,
      </if>
      <if test="roleId != null" >
        ROLE_ID,
      </if>
      <if test="roleName != null" >
        ROLE_NAME,
      </if>
      <if test="remark != null" >
        REMARK,
      </if>
      <if test="flag != null" >
        FLAG,
      </if>
      <if test="version != null" >
        VERSION,
      </if>
      <if test="createUser != null" >
        CREATE_USER,
      </if>
      <if test="createTime != null" >
        CREATE_TIME,
      </if>
      <if test="updateUser != null" >
        UPDATE_USER,
      </if>
      <if test="updateTime != null" >
        UPDATE_TIME,
      </if>
      <if test="status != null" >
        STATUS,
      </if>
    </trim>
    <trim prefix="values (" suffix=")" suffixOverrides="," >
      <if test="id != null" >
        #{id,jdbcType=DECIMAL},
      </if>
      <if test="roleId != null" >
        #{roleId,jdbcType=VARCHAR},
      </if>
      <if test="roleName != null" >
        #{roleName,jdbcType=VARCHAR},
      </if>
      <if test="remark != null" >
        #{remark,jdbcType=VARCHAR},
      </if>
      <if test="flag != null" >
        #{flag,jdbcType=VARCHAR},
      </if>
      <if test="version != null" >
        #{version,jdbcType=DECIMAL},
      </if>
      <if test="createUser != null" >
        #{createUser,jdbcType=VARCHAR},
      </if>
      <if test="createTime != null" >
        #{createTime,jdbcType=DATE},
      </if>
      <if test="updateUser != null" >
        #{updateUser,jdbcType=VARCHAR},
      </if>
      <if test="updateTime != null" >
        #{updateTime,jdbcType=DATE},
      </if>
      <if test="status != null" >
        #{status,jdbcType=VARCHAR},
      </if>
    </trim>
  </insert>

  <update id="updateByPrimaryKeySelective" parameterType="com.uns.model.Role" >
    update ROLE
    <set >
      <if test="roleId != null" >
        ROLE_ID = #{roleId,jdbcType=VARCHAR},
      </if>
      <if test="roleName != null" >
        ROLE_NAME = #{roleName,jdbcType=VARCHAR},
      </if>
      <if test="remark != null" >
        REMARK = #{remark,jdbcType=VARCHAR},
      </if>
      <if test="flag != null" >
        FLAG = #{flag,jdbcType=VARCHAR},
      </if>
      <if test="version != null" >
        VERSION = #{version,jdbcType=DECIMAL},
      </if>
      <if test="createUser != null" >
        CREATE_USER = #{createUser,jdbcType=VARCHAR},
      </if>
      <if test="createTime != null" >
        CREATE_TIME = #{createTime,jdbcType=DATE},
      </if>
      <if test="updateUser != null" >
        UPDATE_USER = #{updateUser,jdbcType=VARCHAR},
      </if>
      <if test="updateTime != null" >
        UPDATE_TIME = #{updateTime,jdbcType=DATE},
      </if>
      <if test="status != null" >
        STATUS = #{status,jdbcType=VARCHAR},
      </if>
    </set>
    where ID = #{id,jdbcType=DECIMAL}
  </update>
  <update id="updateByPrimaryKey" parameterType="com.uns.model.Role" >
    update ROLE
    set ROLE_ID = #{roleId,jdbcType=VARCHAR},
      ROLE_NAME = #{roleName,jdbcType=VARCHAR},
      REMARK = #{remark,jdbcType=VARCHAR},
      FLAG = #{flag,jdbcType=VARCHAR},
      VERSION = #{version,jdbcType=DECIMAL},
      CREATE_USER = #{createUser,jdbcType=VARCHAR},
      CREATE_TIME = #{createTime,jdbcType=DATE},
      UPDATE_USER = #{updateUser,jdbcType=VARCHAR},
      UPDATE_TIME = #{updateTime,jdbcType=DATE},
      STATUS = #{status,jdbcType=VARCHAR}
    where ID = #{id,jdbcType=DECIMAL}
  </update>
  
</mapper>