<?xml version="1.0" encoding="UTF-8" ?>
<!DOCTYPE mapper PUBLIC "-//mybatis.org//DTD Mapper 3.0//EN" "http://mybatis.org/dtd/mybatis-3-mapper.dtd" >
<mapper namespace="com.uns.dao.SysFunctionMapper" >
  <resultMap id="BaseResultMap" type="com.uns.model.SysFunction" >
    <id column="ID" property="id" jdbcType="DECIMAL" />
    <result column="CODE" property="code" jdbcType="VARCHAR" />
    <result column="TEXT" property="text" jdbcType="VARCHAR" />
    <result column="PATH" property="path" jdbcType="VARCHAR" />
    <result column="PARENT_ID" property="parentId" jdbcType="DECIMAL" />
    <result column="PRI" property="pri" jdbcType="DECIMAL" />
    <result column="STATUS" property="status" jdbcType="DECIMAL" />
    <result column="REMARK" property="remark" jdbcType="VARCHAR" />
    <result column="VERSION" property="version" jdbcType="DECIMAL" />
  </resultMap>
  
  <sql id="Base_Column_List" >
    ID, CODE, TEXT, PATH, PARENT_ID, PRI, STATUS, REMARK, VERSION
  </sql>
  <select id="selectByPrimaryKey" resultMap="BaseResultMap" parameterType="java.math.BigDecimal" >
    select 
    <include refid="Base_Column_List" />
    from SYS_FUNCTION
    where ID = #{id,jdbcType=DECIMAL}
  </select>
  <delete id="deleteByPrimaryKey" parameterType="java.math.BigDecimal" >
    delete from SYS_FUNCTION
    where ID = #{id,jdbcType=DECIMAL}
  </delete>

  <insert id="insert" parameterType="com.uns.model.SysFunction" >
    insert into SYS_FUNCTION (ID, CODE, TEXT, 
      PATH, PARENT_ID, PRI, 
      STATUS, REMARK, VERSION
      )
    values (#{id,jdbcType=DECIMAL}, #{code,jdbcType=VARCHAR}, #{text,jdbcType=VARCHAR}, 
      #{path,jdbcType=VARCHAR}, #{parentId,jdbcType=DECIMAL}, #{pri,jdbcType=DECIMAL}, 
      #{status,jdbcType=DECIMAL}, #{remark,jdbcType=VARCHAR}, #{version,jdbcType=DECIMAL}
      )
  </insert>
  <insert id="insertSelective" parameterType="com.uns.model.SysFunction" >
    insert into SYS_FUNCTION
    <trim prefix="(" suffix=")" suffixOverrides="," >
      <if test="id != null" >
        ID,
      </if>
      <if test="code != null" >
        CODE,
      </if>
      <if test="text != null" >
        TEXT,
      </if>
      <if test="path != null" >
        PATH,
      </if>
      <if test="parentId != null" >
        PARENT_ID,
      </if>
      <if test="pri != null" >
        PRI,
      </if>
      <if test="status != null" >
        STATUS,
      </if>
      <if test="remark != null" >
        REMARK,
      </if>
      <if test="version != null" >
        VERSION,
      </if>
    </trim>
    <trim prefix="values (" suffix=")" suffixOverrides="," >
      <if test="id != null" >
        #{id,jdbcType=DECIMAL},
      </if>
      <if test="code != null" >
        #{code,jdbcType=VARCHAR},
      </if>
      <if test="text != null" >
        #{text,jdbcType=VARCHAR},
      </if>
      <if test="path != null" >
        #{path,jdbcType=VARCHAR},
      </if>
      <if test="parentId != null" >
        #{parentId,jdbcType=DECIMAL},
      </if>
      <if test="pri != null" >
        #{pri,jdbcType=DECIMAL},
      </if>
      <if test="status != null" >
        #{status,jdbcType=DECIMAL},
      </if>
      <if test="remark != null" >
        #{remark,jdbcType=VARCHAR},
      </if>
      <if test="version != null" >
        #{version,jdbcType=DECIMAL},
      </if>
    </trim>
  </insert>


  <update id="updateByPrimaryKeySelective" parameterType="com.uns.model.SysFunction" >
    update SYS_FUNCTION
    <set >
      <if test="code != null" >
        CODE = #{code,jdbcType=VARCHAR},
      </if>
      <if test="text != null" >
        TEXT = #{text,jdbcType=VARCHAR},
      </if>
      <if test="path != null" >
        PATH = #{path,jdbcType=VARCHAR},
      </if>
      <if test="parentId != null" >
        PARENT_ID = #{parentId,jdbcType=DECIMAL},
      </if>
      <if test="pri != null" >
        PRI = #{pri,jdbcType=DECIMAL},
      </if>
      <if test="status != null" >
        STATUS = #{status,jdbcType=DECIMAL},
      </if>
      <if test="remark != null" >
        REMARK = #{remark,jdbcType=VARCHAR},
      </if>
      <if test="version != null" >
        VERSION = #{version,jdbcType=DECIMAL},
      </if>
    </set>
    where ID = #{id,jdbcType=DECIMAL}
  </update>
  <update id="updateByPrimaryKey" parameterType="com.uns.model.SysFunction" >
    update SYS_FUNCTION
    set CODE = #{code,jdbcType=VARCHAR},
      TEXT = #{text,jdbcType=VARCHAR},
      PATH = #{path,jdbcType=VARCHAR},
      PARENT_ID = #{parentId,jdbcType=DECIMAL},
      PRI = #{pri,jdbcType=DECIMAL},
      STATUS = #{status,jdbcType=DECIMAL},
      REMARK = #{remark,jdbcType=VARCHAR},
      VERSION = #{version,jdbcType=DECIMAL}
    where ID = #{id,jdbcType=DECIMAL}
  </update>
  
    <select id="getUserMenu" resultMap="BaseResultMap" parameterType="java.lang.Long" >
	    select 
	    <include refid="Base_Column_List"/>
	    from sys_function
	    where id in(
	    	select function_id from role_function where role_id=#{id,jdbcType=DECIMAL}
	    )
  </select>
  
  
</mapper>