<?xml version="1.0" encoding="UTF-8" ?>
<!DOCTYPE mapper PUBLIC "-//mybatis.org//DTD Mapper 3.0//EN" "http://mybatis.org/dtd/mybatis-3-mapper.dtd" >
<mapper namespace="com.uns.dao.ThresholdAdjustHisMapper" >
  <resultMap id="BaseResultMap" type="com.uns.model.ThresholdAdjustHis" >
    <id column="ID" property="id" jdbcType="DECIMAL" />
    <result column="ACCOUNT_ID" property="accountId" jdbcType="VARCHAR" />
    <result column="ACCOUNT_NAME" property="accountName" jdbcType="VARCHAR" />
    <result column="ACTION_NAME" property="actionName" jdbcType="VARCHAR"/>
      <result column="CHECK_DATE" property="checkDate" jdbcType="VARCHAR"/>
    <result column="BILL_COUNT" property="billCount" jdbcType="DECIMAL" />
    <result column="BILL_AMOUNT" property="billAmount" jdbcType="DECIMAL" />
    <result column="BILL_FEE" property="billFee" jdbcType="DECIMAL" />
    <result column="THRESHOLD_AMOUNT" property="thresholdAmount" jdbcType="DECIMAL" />
    <result column="THRESHOLDED_AMOUNT" property="thresholdedAmount" jdbcType="DECIMAL" />
    <result column="OPERATOR" property="operator" jdbcType="DECIMAL" />
    <result column="USER_NAME" property="userName" jdbcType="VARCHAR"/>
    <result column="CREATE_TIME" property="createTime" jdbcType="TIMESTAMP" />
  </resultMap>

  <sql id="Base_Column_List" >
    ID, ACCOUNT_ID, ACCOUNT_NAME, BILL_COUNT, BILL_AMOUNT, BILL_FEE, THRESHOLD_AMOUNT, 
    THRESHOLDED_AMOUNT, OPERATOR, CREATE_TIME
  </sql>
  <select id="selectByPrimaryKey" resultMap="BaseResultMap" parameterType="java.math.BigDecimal" >
    select
    <include refid="Base_Column_List" />
    from THRESHOLD_ADJUST_HIS
    where ID = #{id,jdbcType=DECIMAL}
  </select>
  <select id="getThresholdHisList" resultMap="BaseResultMap">
    SELECT TA.ACCOUNT_ID,
           TA.ACCOUNT_NAME,
           TA.BILL_COUNT,
           TA.BILL_AMOUNT,
          TA.BILL_FEE,TA.THRESHOLD_AMOUNT,TA.THRESHOLDED_AMOUNT,
          TA.CREATE_TIME,TA.ACTION_NAME,TA.CHECK_DATE,UI.USER_NAME
      FROM THRESHOLD_ADJUST_HIS TA
      LEFT JOIN USER_INFO UI
        ON TA.OPERATOR = UI.ID
     WHERE 1 = 1
      <if test="accountId != null and accountId != ''">
          AND TA.ACCOUNT_ID = #{accountId}
      </if>
      <if test="accountName != null and accountName != ''">
          AND TA.ACCOUNT_NAME = #{accountName}
      </if>
      <if test="beginCreateTime != null and beginCreateTime != ''">
          <![CDATA[
          AND TO_CHAR(TA.CREATE_TIME, 'yyyy-MM-dd') >= #{beginCreateTime}
          ]]>
      </if>
      <if test="endCreateTime != null and endCreateTime != ''">
          <![CDATA[
          AND TO_CHAR(TA.CREATE_TIME, 'yyyy-MM-dd') <= #{beginCreateTime}
          ]]>
      </if>
    ORDER BY TA.CREATE_TIME DESC
  </select>
    <select id="sumThresholdHisAmountFee" resultType="java.util.Map">
        SELECT SUM(TA.BILL_AMOUNT) BILL_AMOUNT, SUM(TA.THRESHOLDED_AMOUNT) THRESHOLDED_AMOUNT
          FROM THRESHOLD_ADJUST_HIS TA
         WHERE 1 = 1
        <if test="accountId != null and accountId != ''">
            AND TA.ACCOUNT_ID = #{accountId}
        </if>
        <if test="accountName != null and accountName != ''">
            AND TA.ACCOUNT_NAME = #{accountName}
        </if>
        <if test="beginCreateTime != null and beginCreateTime != ''">
            <![CDATA[
          AND TO_CHAR(TA.CREATE_TIME, 'yyyy-MM-dd') >= #{beginCreateTime}
          ]]>
        </if>
        <if test="endCreateTime != null and endCreateTime != ''">
            <![CDATA[
          AND TO_CHAR(TA.CREATE_TIME, 'yyyy-MM-dd') <= #{beginCreateTime}
          ]]>
        </if>
    </select>
    <delete id="deleteByPrimaryKey" parameterType="java.math.BigDecimal" >
    delete from THRESHOLD_ADJUST_HIS
    where ID = #{id,jdbcType=DECIMAL}
  </delete>
  <insert id="insert" parameterType="com.uns.model.ThresholdAdjustHis" >
    insert into THRESHOLD_ADJUST_HIS (ID, ACCOUNT_ID, ACCOUNT_NAME, ACTION_NAME, CHECK_DATE,
      BILL_COUNT, BILL_AMOUNT, BILL_FEE, 
      THRESHOLD_AMOUNT, THRESHOLDED_AMOUNT, OPERATOR, 
      CREATE_TIME)
    values (#{id,jdbcType=DECIMAL}, #{accountId,jdbcType=VARCHAR}, #{accountName,jdbcType=VARCHAR}, #{actionName,jdbcType=VARCHAR}, #{checkDate,jdbcType=VARCHAR},
      #{billCount,jdbcType=DECIMAL}, #{billAmount,jdbcType=DECIMAL}, #{billFee,jdbcType=DECIMAL}, 
      #{thresholdAmount,jdbcType=DECIMAL}, #{thresholdedAmount,jdbcType=DECIMAL}, #{operator,jdbcType=DECIMAL}, 
      #{createTime,jdbcType=TIMESTAMP})
  </insert>
  <insert id="insertSelective" parameterType="com.uns.model.ThresholdAdjustHis" >
    <selectKey resultType="java.lang.Long" order="BEFORE"
               keyProperty="id">
      SELECT threshold_adjust_id.NEXTVAL FROM DUAL
    </selectKey>
    insert into THRESHOLD_ADJUST_HIS
    <trim prefix="(" suffix=")" suffixOverrides="," >
      <if test="id != null" >
        ID,
      </if>
      <if test="accountId != null" >
        ACCOUNT_ID,
      </if>
      <if test="accountName != null" >
        ACCOUNT_NAME,
      </if>
        <if test="actionName != null">
            ACTION_NAME,
        </if>
        <if test="checkDate != null">
            CHECK_DATE,
        </if>
      <if test="billCount != null" >
        BILL_COUNT,
      </if>
      <if test="billAmount != null" >
        BILL_AMOUNT,
      </if>
      <if test="billFee != null" >
        BILL_FEE,
      </if>
      <if test="thresholdAmount != null" >
        THRESHOLD_AMOUNT,
      </if>
      <if test="thresholdedAmount != null" >
        THRESHOLDED_AMOUNT,
      </if>
      <if test="operator != null" >
        OPERATOR,
      </if>
      <if test="createTime != null" >
        CREATE_TIME,
      </if>
    </trim>
    <trim prefix="values (" suffix=")" suffixOverrides="," >
      <if test="id != null" >
        #{id,jdbcType=DECIMAL},
      </if>
      <if test="accountId != null" >
        #{accountId,jdbcType=VARCHAR},
      </if>
      <if test="accountName != null" >
        #{accountName,jdbcType=VARCHAR},
      </if>
        <if test="actionName != null">
            #{actionName,jdbcType=VARCHAR},
        </if>
        <if test="checkDate != null">
            #{checkDate,jdbcType=VARCHAR},
        </if>
      <if test="billCount != null" >
        #{billCount,jdbcType=DECIMAL},
      </if>
      <if test="billAmount != null" >
        #{billAmount,jdbcType=DECIMAL},
      </if>
      <if test="billFee != null" >
        #{billFee,jdbcType=DECIMAL},
      </if>
      <if test="thresholdAmount != null" >
        #{thresholdAmount,jdbcType=DECIMAL},
      </if>
      <if test="thresholdedAmount != null" >
        #{thresholdedAmount,jdbcType=DECIMAL},
      </if>
      <if test="operator != null" >
        #{operator,jdbcType=DECIMAL},
      </if>
      <if test="createTime != null" >
        #{createTime,jdbcType=TIMESTAMP},
      </if>
    </trim>
  </insert>

  <update id="updateByPrimaryKeySelective" parameterType="com.uns.model.ThresholdAdjustHis" >
    update THRESHOLD_ADJUST_HIS
    <set >
      <if test="accountId != null" >
        ACCOUNT_ID = #{accountId,jdbcType=VARCHAR},
      </if>
      <if test="accountName != null" >
        ACCOUNT_NAME = #{accountName,jdbcType=VARCHAR},
      </if>
      <if test="billCount != null" >
        BILL_COUNT = #{billCount,jdbcType=DECIMAL},
      </if>
      <if test="billAmount != null" >
        BILL_AMOUNT = #{billAmount,jdbcType=DECIMAL},
      </if>
      <if test="billFee != null" >
        BILL_FEE = #{billFee,jdbcType=DECIMAL},
      </if>
      <if test="thresholdAmount != null" >
        THRESHOLD_AMOUNT = #{thresholdAmount,jdbcType=DECIMAL},
      </if>
      <if test="thresholdedAmount != null" >
        THRESHOLDED_AMOUNT = #{thresholdedAmount,jdbcType=DECIMAL},
      </if>
      <if test="operator != null" >
        OPERATOR = #{operator,jdbcType=DECIMAL},
      </if>
      <if test="createTime != null" >
        CREATE_TIME = #{createTime,jdbcType=TIMESTAMP},
      </if>
    </set>
    where ID = #{id,jdbcType=DECIMAL}
  </update>
  <update id="updateByPrimaryKey" parameterType="com.uns.model.ThresholdAdjustHis" >
    update THRESHOLD_ADJUST_HIS
    set ACCOUNT_ID = #{accountId,jdbcType=VARCHAR},
      ACCOUNT_NAME = #{accountName,jdbcType=VARCHAR},
      BILL_COUNT = #{billCount,jdbcType=DECIMAL},
      BILL_AMOUNT = #{billAmount,jdbcType=DECIMAL},
      BILL_FEE = #{billFee,jdbcType=DECIMAL},
      THRESHOLD_AMOUNT = #{thresholdAmount,jdbcType=DECIMAL},
      THRESHOLDED_AMOUNT = #{thresholdedAmount,jdbcType=DECIMAL},
      OPERATOR = #{operator,jdbcType=DECIMAL},
      CREATE_TIME = #{createTime,jdbcType=TIMESTAMP}
    where ID = #{id,jdbcType=DECIMAL}
  </update>
</mapper>