<?xml version="1.0" encoding="UTF-8"?>
<!DOCTYPE mapper PUBLIC "-//mybatis.org//DTD Mapper 3.0//EN" "http://mybatis.org/dtd/mybatis-3-mapper.dtd">
<mapper namespace="com.uns.dao.TransRefMapper">
  <resultMap id="BaseResultMap" type="com.uns.model.TransRef">
    <id column="ID" jdbcType="DECIMAL" property="id" />
    <id column="TRANS_ID" jdbcType="VARCHAR" property="transId" />
    <id column="EPCC_TRANS_ID" jdbcType="VARCHAR" property="epccTransId" />
    <result column="TRANS_TIME" jdbcType="VARCHAR" property="transTime" />
    <result column="TRANS_STATUS" jdbcType="VARCHAR" property="transStatus" />
    <result column="SERVICE_TYPE" jdbcType="VARCHAR" property="serviceType" />
    <result column="PAY_ORG_ID_SEQ" jdbcType="VARCHAR" property="payOrgIdSeq" />
    <result column="DEST_ORG_ID_SEQ" jdbcType="VARCHAR" property="destOrgIdSeq" />
    <result column="TRANS_TYPE" jdbcType="VARCHAR" property="transType" />
    <result column="TRANS_AMOUNT" jdbcType="DECIMAL" property="transAmount" />
    <result column="BATCH_ID" jdbcType="VARCHAR" property="batchId" />
    <result column="CREATE_TIME" jdbcType="TIMESTAMP" property="createTime" />
    <result column="CREATOR" jdbcType="VARCHAR" property="creator" />
    <result column="UPDATE_TIME" jdbcType="TIMESTAMP" property="updateTime" />
    <result column="UPDATOR" jdbcType="VARCHAR" property="updator" />
    <result column="SOURCE" jdbcType="VARCHAR" property="source" />
    <result column="CHECK_BILL_TRANS_DETAIL_ID" jdbcType="DECIMAL" property="checkBillTransDetailId" />
  </resultMap>
  <sql id="Base_Column_List">
    ID, TRANS_ID, EPCC_TRANS_ID, TRANS_TIME, TRANS_STATUS, SERVICE_TYPE, PAY_ORG_ID_SEQ,
    DEST_ORG_ID_SEQ, TRANS_TYPE, TRANS_AMOUNT, BATCH_ID, CREATE_TIME, CREATOR, UPDATE_TIME,
    UPDATOR, SOURCE
  </sql>

  <sql id="Base_Column_List_Alias">
    tr.id,tr.trans_id,tr.epcc_trans_id,tr.trans_time,tr.trans_status,tr.service_type,
    tr.pay_org_id_seq,tr.dest_org_id_seq,tr.trans_type,tr.trans_amount,tr.batch_id,
    tr.create_time,tr.creator,tr.update_time,tr.updator,tr.source
  </sql>

  <insert id="insertFromEpccDp" parameterType="java.util.List">
    insert into
    trans_ref(
    id, trans_id, epcc_trans_id, trans_time, trans_status, service_type, pay_org_id_seq,
    dest_org_id_seq, trans_type, trans_amount, batch_id, create_time, creator, source
    )
    select seq_trans_ref.nextval id, a.*
    from (
    <foreach collection="list" item="item" index="index" separator="union">
      select
      #{item.transId,jdbcType=VARCHAR} trans_id,
      #{item.epccTransId,jdbcType=VARCHAR} epcc_trans_id,
      #{item.oriTrxDtTm,jdbcType=VARCHAR} trans_time,
      #{item.transStatus,jdbcType=VARCHAR} trans_status,
      #{item.serviceType,jdbcType=VARCHAR} service_type,
      #{item.pyerAcctIssrId,jdbcType=VARCHAR} pay_org_id_seq,
      #{item.pyeeAcctIssrId,jdbcType=VARCHAR} dest_org_id_seq,
      '0120' trans_type,
      #{item.transAmount,jdbcType=DECIMAL} trans_amount,
      #{item.bathchId,jdbcType=VARCHAR} batch_id,
      #{item.createTime,jdbcType=TIMESTAMP} create_time,
      '自动同步' creator,
      'epcc_dp_trans_ref' source
      from dual
    </foreach>
    ) a
  </insert>

  <insert id="insertFromEpccAuthpay" parameterType="java.util.List">
    insert into
    trans_ref(
    id, trans_id, epcc_trans_id, trans_time, trans_status, service_type, pay_org_id_seq,
    dest_org_id_seq, trans_type, trans_amount, batch_id, create_time, creator, source
    )
    select seq_trans_ref.nextval id, a.*
    from (
    <foreach collection="list" item="item" index="index" separator="union">
      select
      #{item.transId,jdbcType=VARCHAR} trans_id,
      #{item.epccTransId,jdbcType=VARCHAR} epcc_trans_id,
      #{item.oriTrxDtTm,jdbcType=VARCHAR} trans_time,
      #{item.transStatus,jdbcType=VARCHAR} trans_status,
      #{item.serviceType,jdbcType=VARCHAR} service_type,
      #{item.pyerAcctIssrId,jdbcType=VARCHAR} pay_org_id_seq,
      #{item.pyeeAcctIssrId,jdbcType=VARCHAR} dest_org_id_seq,
      '0113' trans_type,
      #{item.transAmount,jdbcType=DECIMAL} trans_amount,
      #{item.bathchId,jdbcType=VARCHAR} batch_id,
      #{item.createTime,jdbcType=TIMESTAMP} create_time,
      '自动同步' creator,
      'epcc_authpay_trans_ref' source
      from dual
    </foreach>
    ) a
  </insert>

  <insert id="insertFromEpccDc" parameterType="java.util.List">
    insert into
    trans_ref(
    id, trans_id, epcc_trans_id, trans_time, trans_status, service_type, pay_org_id_seq,
    dest_org_id_seq, trans_type, trans_amount, batch_id, create_time, creator, source
    )
    select seq_trans_ref.nextval id, a.*
    from (
    <foreach collection="list" item="item" index="index" separator="union">
      select
      #{item.transId,jdbcType=VARCHAR} trans_id,
      #{item.epccTransId,jdbcType=VARCHAR} epcc_trans_id,
      #{item.oriTrxDtTm,jdbcType=VARCHAR} trans_time,
      #{item.transStatus,jdbcType=VARCHAR} trans_status,
      #{item.serviceType,jdbcType=VARCHAR} service_type,
      #{item.pyerAcctIssrId,jdbcType=VARCHAR} pay_org_id_seq,
      #{item.pyeeAcctIssrId,jdbcType=VARCHAR} dest_org_id_seq,
      '0114' trans_type,
      #{item.transAmount,jdbcType=DECIMAL} trans_amount,
      #{item.bathchId,jdbcType=VARCHAR} batch_id,
      #{item.createTime,jdbcType=TIMESTAMP} create_time,
      '自动同步' creator,
      'epcc_dc_trans_ref' source
      from dual
    </foreach>
    ) a
  </insert>

  <insert id="insertFromEpccGateway" parameterType="java.util.List">
    insert into
    trans_ref(
    id, trans_id, epcc_trans_id, trans_time, trans_status, service_type, pay_org_id_seq,
    dest_org_id_seq, trans_type, trans_amount, batch_id, create_time, creator, source
    )
    select seq_trans_ref.nextval id, a.*
    from (
    <foreach collection="list" item="item" index="index" separator="union">
      select
      #{item.transId,jdbcType=VARCHAR} trans_id,
      #{item.epccTransId,jdbcType=VARCHAR} epcc_trans_id,
      #{item.oriTrxDtTm,jdbcType=VARCHAR} trans_time,
      #{item.transStatus,jdbcType=VARCHAR} trans_status,
      #{item.serviceType,jdbcType=VARCHAR} service_type,
      #{item.pyerAcctIssrId,jdbcType=VARCHAR} pay_org_id_seq,
      #{item.pyeeAcctIssrId,jdbcType=VARCHAR} dest_org_id_seq,
      '0112' trans_type,
      #{item.transAmount,jdbcType=DECIMAL} trans_amount,
      #{item.bathchId,jdbcType=VARCHAR} batch_id,
      #{item.createTime,jdbcType=TIMESTAMP} create_time,
      '自动同步' creator,
      'epcc_gateway_trans_ref' source
      from dual
    </foreach>
    ) a
  </insert>

  <insert id="insertFromEpccQp" parameterType="java.util.List">
    insert into
    trans_ref(
    id, trans_id, epcc_trans_id, trans_time, trans_status, service_type, pay_org_id_seq,
    dest_org_id_seq, trans_type, trans_amount, batch_id, create_time, creator, source
    )
    select seq_trans_ref.nextval id, a.*
    from (
    <foreach collection="list" item="item" index="index" separator="union">
      select
      #{item.transId,jdbcType=VARCHAR} trans_id,
      #{item.epccTransId,jdbcType=VARCHAR} epcc_trans_id,
      #{item.oriTrxDtTm,jdbcType=VARCHAR} trans_time,
      #{item.transStatus,jdbcType=VARCHAR} trans_status,
      #{item.serviceType,jdbcType=VARCHAR} service_type,
      #{item.pyerAcctIssrId,jdbcType=VARCHAR} pay_org_id_seq,
      #{item.pyeeAcctIssrId,jdbcType=VARCHAR} dest_org_id_seq,
      '0110' trans_type,
      #{item.transAmount,jdbcType=DECIMAL} trans_amount,
      #{item.bathchId,jdbcType=VARCHAR} batch_id,
      #{item.createTime,jdbcType=TIMESTAMP} create_time,
      '自动同步' creator,
      'epcc_Qp_trans_ref' source
      from dual
    </foreach>
    ) a
  </insert>

   <!-- 网联获取本地交易 -->
  <select id="getNetsUnionTrans" resultType="java.util.Map" parameterType="java.lang.Integer">
    select
    <include refid="Base_Column_List_Alias"/>,
    cb.channel,
    cb.check_date,
    bi.bank_name,
    at.action_name,
    a.name
    from trans_ref tr, check_bill cb, transaction t
    left join bank_info bi
    on t.bank_seq = bi.id
    left join action_type at
    on t.action_seq = at.id
    left join account a
    on a.default_sub_seq = nvl(t.debit_seq, t.credit_seq)
    where cb.channel = 'epcc'
    and cb.id = #{id, jdbcType = DECIMAL}
    and tr.create_time <![CDATA[ <=]]> cb.check_date + 1
    and tr.create_time <![CDATA[ >]]> cb.check_date
    and tr.batch_id = cb.batch_id
    and tr.trans_id = t.trans_id
    union all
    select
    <include refid="Base_Column_List_Alias"/>,
    cb.channel,
    cb.check_date,
    t.bank_name,
    at.action_name,
    a.name
    from trans_ref                  tr,
    check_bill                 cb,
    order_delegate_collect_new t
    left join action_type at
    on t.action_type = at.id
    left join account a
    on a.default_sub_seq = nvl(t.debit_seq, t.credit_seq)
    where cb.channel = 'epcc'
    and cb.id = #{id, jdbcType = DECIMAL}
    and tr.create_time <![CDATA[ <=]]> cb.check_date + 1
    and tr.create_time <![CDATA[ >]]> cb.check_date
    and tr.batch_id = cb.batch_id
    and tr.trans_id = t.trans_id
    union all
    select
    <include refid="Base_Column_List_Alias"/>,
    cb.channel,
    cb.check_date,
    t.bank_name,
    at.action_name,
    a.name
    from trans_ref tr, check_bill cb, DELEGATE_PAY_ORDER t
    left join action_type at
    on t.action_seq = at.id
    left join account a
    on a.default_sub_seq = nvl(t.debit_seq, t.credit_seq)
    where cb.channel = 'epcc'
    and cb.id = #{id, jdbcType = DECIMAL}
    and tr.create_time <![CDATA[ <=]]> cb.check_date + 1
    and tr.create_time <![CDATA[ >]]> cb.check_date
    and tr.batch_id = cb.batch_id
    and tr.trans_id = t.trans_id
    union all
    select
    <include refid="Base_Column_List_Alias"/>,
    cb.channel,
    cb.check_date,
    t.bank_name,
    at.action_name,
    a.name
    from trans_ref tr, check_bill cb, WITHDRAW_ORDER t
    left join action_type at
    on t.action_seq = at.id
    left join account a
    on a.default_sub_seq = nvl(t.debit_seq, t.credit_seq)
    where cb.channel = 'epcc'
    and cb.id = #{id, jdbcType = DECIMAL}
    and tr.create_time <![CDATA[ <=]]> cb.check_date + 1
    and tr.create_time <![CDATA[ >]]> cb.check_date
    and tr.batch_id = cb.batch_id
    and tr.trans_id = t.trans_id

  </select>

  <delete id="delDataOfCheckdate" parameterType="java.lang.String">
    delete from trans_ref
    where to_date(substr(trans_time, 0, 10), 'yyyy-MM-dd') = to_date(#{checkdate, jdbcType=VARCHAR}, 'yyyy-MM-dd')
  </delete>
  <!--删除提现订单表已经同步的数据  -->
  <delete id="delTxDataOfCheckDate" parameterType="java.lang.String">
    delete from WITHDRAW_ORDER
    where create_time >= to_date(#{checkdate, jdbcType=VARCHAR}, 'yyyy-MM-dd')
	and create_time <![CDATA[< ]]> to_date(#{checkdate, jdbcType=VARCHAR}, 'yyyy-MM-dd')+1-1/86400
  </delete>

  <!--获取网联关联交易-->
  <select id="getTransRefByDetail" resultMap="BaseResultMap">
    select
    tr.trans_id,
    tr.id,
    cbtd.id check_bill_trans_detail_id
    from trans_ref tr, check_bill_trans_detail cbtd
    where
    tr.trans_id = cbtd.local_trans_id
    and tr.trans_id in
    <foreach collection="transIds" item="item" open="(" close=")" separator=",">
      #{item,jdbcType=VARCHAR}
    </foreach>
  </select>
</mapper>