<?xml version="1.0" encoding="UTF-8" ?>
<!DOCTYPE mapper PUBLIC "-//mybatis.org//DTD Mapper 3.0//EN" "http://mybatis.org/dtd/mybatis-3-mapper.dtd" >
<mapper namespace="com.uns.dao.TransactionMapper" >
  <resultMap id="BaseResultMap" type="com.uns.model.Transaction" >
    <id column="ID" property="id" jdbcType="DECIMAL" />
    <result column="ORDER_ID" property="orderId" jdbcType="VARCHAR" />
    <result column="TRANS_ID" property="transId" jdbcType="VARCHAR" />
    <result column="ACTION_SEQ" property="actionSeq" jdbcType="DECIMAL" />
    <result column="CREDIT_SEQ" property="creditSeq" jdbcType="DECIMAL" />
    <result column="DEBIT_SEQ" property="debitSeq" jdbcType="DECIMAL" />
    <result column="AMOUNT" property="amount" jdbcType="DECIMAL" />
    <result column="CURRENCY" property="currency" jdbcType="VARCHAR" />
    <result column="EXCHANGE_RATE" property="exchangeRate" jdbcType="DECIMAL" />
    <result column="TRADE_TYPE" property="tradeType" jdbcType="VARCHAR" />
    <result column="TRANS_STATUS" property="transStatus" jdbcType="VARCHAR" />
    <result column="INSIDE_STATUS" property="insideStatus" jdbcType="VARCHAR" />
    <result column="BANK_RESPONSE" property="bankResponse" jdbcType="VARCHAR" />
    <result column="BEGIN_DATE" property="beginDate" jdbcType="DATE" />
    <result column="END_DATE" property="endDate" jdbcType="DATE" />
    <result column="CREDIT_RATIO_SEQ" property="creditRatioSeq" jdbcType="DECIMAL" />
    <result column="DEBIT_RATIO_SEQ" property="debitRatioSeq" jdbcType="DECIMAL" />
    <result column="BANK_SEQ" property="bankSeq" jdbcType="DECIMAL" />
    <result column="DEBIT_FEE" property="debitFee" jdbcType="DECIMAL" />
    <result column="CREDIT_FEE" property="creditFee" jdbcType="DECIMAL" />
    <result column="ACCOUNT_BANK_SEQ" property="accountBankSeq" jdbcType="DECIMAL" />
    <result column="CARD_NO" property="cardNo" jdbcType="VARCHAR" />
    <result column="BANK_NAME" property="bankName" jdbcType="VARCHAR" />
    <result column="BANK_PROV_SEQ" property="bankProvSeq" jdbcType="DECIMAL" />
    <result column="BANK_CITY_SEQ" property="bankCitySeq" jdbcType="DECIMAL" />
    <result column="PERSON_NAME" property="personName" jdbcType="VARCHAR" />
    <result column="PERSON_MAIL" property="personMail" jdbcType="VARCHAR" />
    <result column="PERSON_PHONE" property="personPhone" jdbcType="VARCHAR" />
    <result column="PERSON_MOBILE" property="personMobile" jdbcType="VARCHAR" />
    <result column="REMARK" property="remark" jdbcType="VARCHAR" />
    <result column="VERIFY_CODE" property="verifyCode" jdbcType="VARCHAR" />
    <result column="SELLER_URL" property="sellerUrl" jdbcType="VARCHAR" />
    <result column="COMMODITY_INFO" property="commodityInfo" jdbcType="VARCHAR" />
    <result column="SELLER_PARAM" property="sellerParam" jdbcType="VARCHAR" />
    <result column="DES_FLAG" property="desFlag" jdbcType="VARCHAR" />
    <result column="MAC" property="mac" jdbcType="VARCHAR" />
    <result column="REVERSE_FLAG" property="reverseFlag" jdbcType="VARCHAR" />
    <result column="RELATING_SEQ" property="relatingSeq" jdbcType="DECIMAL" />
    <result column="VNV_ACCOUNT_SEQ" property="vnvAccountSeq" jdbcType="DECIMAL" />
    <result column="SERVICE_FLAG" property="serviceFlag" jdbcType="VARCHAR" />
    <result column="SERVICE_DATE" property="serviceDate" jdbcType="DATE" />
    <result column="SERVICE_PERSON" property="servicePerson" jdbcType="VARCHAR" />
    <result column="BARCODE" property="barcode" jdbcType="VARCHAR" />
    <result column="OPER_SOURCE" property="operSource" jdbcType="VARCHAR" />
    <result column="VERSION" property="version" jdbcType="DECIMAL" />
    <result column="CREATE_USER" property="createUser" jdbcType="VARCHAR" />
    <result column="CREATE_TIME" property="createTime" jdbcType="DATE" />
    <result column="UPDATE_USER" property="updateUser" jdbcType="VARCHAR" />
    <result column="UPDATE_TIME" property="updateTime" jdbcType="DATE" />
    <result column="UPDATE_USER_SYSTEM" property="updateUserSystem" jdbcType="VARCHAR" />
    <result column="ENCRYPTCODE" property="encryptcode" jdbcType="VARCHAR" />
    <result column="AUDIT_TRANS" property="auditTrans" jdbcType="VARCHAR" />
    <result column="DOWNLOADSTATE" property="downloadstate" jdbcType="VARCHAR" />
    <result column="VNV_ACCOUNT_ID" property="vnvAccountId" jdbcType="DECIMAL" />
    <result column="VOUCHER_CODE" property="voucherCode" jdbcType="VARCHAR" />
    <result column="OPERATOR_SEQ" property="operatorSeq" jdbcType="VARCHAR" />
    <result column="BANK_INFO_SEQ" property="bankInfoSeq" jdbcType="DECIMAL" />
    <result column="PURPOSE" property="purpose" jdbcType="VARCHAR" />
    <result column="BATCH_NO" property="batchNo" jdbcType="VARCHAR" />
    <result column="ORDER_URL" property="orderUrl" jdbcType="VARCHAR" />
    <result column="RETURN_AMOUNT" property="returnAmount" jdbcType="DECIMAL" />
    <result column="IP" property="ip" jdbcType="VARCHAR" />
    <result column="PAY_TRANS_SEQ" property="payTransSeq" jdbcType="DECIMAL" />
    <result column="SETTLEMENT_DATE" property="settlementDate" jdbcType="DATE" />
    <result column="TRANS_TYPE" property="transType" jdbcType="INTEGER"/>
    <result column="CHECK_BILL_TRANS_DETAIL_ID" property="checkBillTransDetailId" jdbcType="DECIMAL"/>
  </resultMap>


  <sql id="Base_Column_List" >
    ID, ORDER_ID, TRANS_ID, ACTION_SEQ, CREDIT_SEQ, DEBIT_SEQ, AMOUNT, CURRENCY, EXCHANGE_RATE, 
    TRADE_TYPE, TRANS_STATUS, INSIDE_STATUS, BANK_RESPONSE, BEGIN_DATE, END_DATE, CREDIT_RATIO_SEQ, 
    DEBIT_RATIO_SEQ, BANK_SEQ, DEBIT_FEE, CREDIT_FEE, ACCOUNT_BANK_SEQ, CARD_NO, BANK_NAME, 
    BANK_PROV_SEQ, BANK_CITY_SEQ, PERSON_NAME, PERSON_MAIL, PERSON_PHONE, PERSON_MOBILE, 
    REMARK, VERIFY_CODE, SELLER_URL, COMMODITY_INFO, SELLER_PARAM, DES_FLAG, MAC, REVERSE_FLAG, 
    RELATING_SEQ, VNV_ACCOUNT_SEQ, SERVICE_FLAG, SERVICE_DATE, SERVICE_PERSON, BARCODE, 
    OPER_SOURCE, VERSION, CREATE_USER, CREATE_TIME, UPDATE_USER, UPDATE_TIME, UPDATE_USER_SYSTEM, 
    ENCRYPTCODE, AUDIT_TRANS, DOWNLOADSTATE, VNV_ACCOUNT_ID, VOUCHER_CODE, OPERATOR_SEQ, 
    BANK_INFO_SEQ, PURPOSE, BATCH_NO, ORDER_URL, RETURN_AMOUNT, IP, PAY_TRANS_SEQ, SETTLEMENT_DATE
  </sql>

  <sql id="Base_Column_List_T" >
    t.ID, t.ORDER_ID, t.TRANS_ID, t.ACTION_SEQ, t.CREDIT_SEQ, t.DEBIT_SEQ, t.AMOUNT, t.CURRENCY, t.EXCHANGE_RATE, t.
    TRADE_TYPE, t.TRANS_STATUS, t.INSIDE_STATUS, t.BANK_RESPONSE, t.BEGIN_DATE, t.END_DATE, t.CREDIT_RATIO_SEQ, t.
    DEBIT_RATIO_SEQ, t.BANK_SEQ, t.DEBIT_FEE, t.CREDIT_FEE, t.ACCOUNT_BANK_SEQ, t.CARD_NO, t.BANK_NAME, t.
    BANK_PROV_SEQ, t.BANK_CITY_SEQ, t.PERSON_NAME, t.PERSON_MAIL, t.PERSON_PHONE, t.PERSON_MOBILE, t.
    REMARK, t.VERIFY_CODE, t.SELLER_URL, t.COMMODITY_INFO, t.SELLER_PARAM, t.DES_FLAG, t.MAC, t.REVERSE_FLAG, t.
    RELATING_SEQ, t.VNV_ACCOUNT_SEQ, t.SERVICE_FLAG, t.SERVICE_DATE, t.SERVICE_PERSON, t.BARCODE, t.
    OPER_SOURCE, t.VERSION, t.CREATE_USER, t.CREATE_TIME, t.UPDATE_USER, t.UPDATE_TIME, t.UPDATE_USER_SYSTEM, t.
    ENCRYPTCODE, t.AUDIT_TRANS, t.DOWNLOADSTATE, t.VNV_ACCOUNT_ID, t.VOUCHER_CODE, t.OPERATOR_SEQ, t.
    BANK_INFO_SEQ, t.PURPOSE, t.BATCH_NO, t.ORDER_URL, t.RETURN_AMOUNT, t.IP, t.PAY_TRANS_SEQ, t.SETTLEMENT_DATE
  </sql>

  <select id="selectByPrimaryKey" resultMap="BaseResultMap" parameterType="java.math.BigDecimal" >
    select 
    <include refid="Base_Column_List" />
    from TRANSACTION
    where ID = #{id,jdbcType=DECIMAL}
  </select>
  <delete id="deleteByPrimaryKey" parameterType="java.math.BigDecimal" >
    delete from TRANSACTION
    where ID = #{id,jdbcType=DECIMAL}
  </delete>

  <insert id="insert" parameterType="com.uns.model.Transaction" >
    insert into TRANSACTION (ID, ORDER_ID, TRANS_ID, 
      ACTION_SEQ, CREDIT_SEQ, DEBIT_SEQ, 
      AMOUNT, CURRENCY, EXCHANGE_RATE, 
      TRADE_TYPE, TRANS_STATUS, INSIDE_STATUS, 
      BANK_RESPONSE, BEGIN_DATE, END_DATE, 
      CREDIT_RATIO_SEQ, DEBIT_RATIO_SEQ, BANK_SEQ, 
      DEBIT_FEE, CREDIT_FEE, ACCOUNT_BANK_SEQ, 
      CARD_NO, BANK_NAME, BANK_PROV_SEQ, 
      BANK_CITY_SEQ, PERSON_NAME, PERSON_MAIL, 
      PERSON_PHONE, PERSON_MOBILE, REMARK, 
      VERIFY_CODE, SELLER_URL, COMMODITY_INFO, 
      SELLER_PARAM, DES_FLAG, MAC, 
      REVERSE_FLAG, RELATING_SEQ, VNV_ACCOUNT_SEQ, 
      SERVICE_FLAG, SERVICE_DATE, SERVICE_PERSON, 
      BARCODE, OPER_SOURCE, VERSION, 
      CREATE_USER, CREATE_TIME, UPDATE_USER, 
      UPDATE_TIME, UPDATE_USER_SYSTEM, ENCRYPTCODE, 
      AUDIT_TRANS, DOWNLOADSTATE, VNV_ACCOUNT_ID, 
      VOUCHER_CODE, OPERATOR_SEQ, BANK_INFO_SEQ, 
      PURPOSE, BATCH_NO, ORDER_URL, 
      RETURN_AMOUNT, IP, PAY_TRANS_SEQ, 
      SETTLEMENT_DATE)
    values (#{id,jdbcType=DECIMAL}, #{orderId,jdbcType=VARCHAR}, #{transId,jdbcType=VARCHAR}, 
      #{actionSeq,jdbcType=DECIMAL}, #{creditSeq,jdbcType=DECIMAL}, #{debitSeq,jdbcType=DECIMAL}, 
      #{amount,jdbcType=DECIMAL}, #{currency,jdbcType=VARCHAR}, #{exchangeRate,jdbcType=DECIMAL}, 
      #{tradeType,jdbcType=VARCHAR}, #{transStatus,jdbcType=VARCHAR}, #{insideStatus,jdbcType=VARCHAR}, 
      #{bankResponse,jdbcType=VARCHAR}, #{beginDate,jdbcType=DATE}, #{endDate,jdbcType=DATE}, 
      #{creditRatioSeq,jdbcType=DECIMAL}, #{debitRatioSeq,jdbcType=DECIMAL}, #{bankSeq,jdbcType=DECIMAL}, 
      #{debitFee,jdbcType=DECIMAL}, #{creditFee,jdbcType=DECIMAL}, #{accountBankSeq,jdbcType=DECIMAL}, 
      #{cardNo,jdbcType=VARCHAR}, #{bankName,jdbcType=VARCHAR}, #{bankProvSeq,jdbcType=DECIMAL}, 
      #{bankCitySeq,jdbcType=DECIMAL}, #{personName,jdbcType=VARCHAR}, #{personMail,jdbcType=VARCHAR}, 
      #{personPhone,jdbcType=VARCHAR}, #{personMobile,jdbcType=VARCHAR}, #{remark,jdbcType=VARCHAR}, 
      #{verifyCode,jdbcType=VARCHAR}, #{sellerUrl,jdbcType=VARCHAR}, #{commodityInfo,jdbcType=VARCHAR}, 
      #{sellerParam,jdbcType=VARCHAR}, #{desFlag,jdbcType=VARCHAR}, #{mac,jdbcType=VARCHAR}, 
      #{reverseFlag,jdbcType=VARCHAR}, #{relatingSeq,jdbcType=DECIMAL}, #{vnvAccountSeq,jdbcType=DECIMAL}, 
      #{serviceFlag,jdbcType=VARCHAR}, #{serviceDate,jdbcType=DATE}, #{servicePerson,jdbcType=VARCHAR}, 
      #{barcode,jdbcType=VARCHAR}, #{operSource,jdbcType=VARCHAR}, #{version,jdbcType=DECIMAL}, 
      #{createUser,jdbcType=VARCHAR}, #{createTime,jdbcType=DATE}, #{updateUser,jdbcType=VARCHAR}, 
      #{updateTime,jdbcType=DATE}, #{updateUserSystem,jdbcType=VARCHAR}, #{encryptcode,jdbcType=VARCHAR}, 
      #{auditTrans,jdbcType=VARCHAR}, #{downloadstate,jdbcType=VARCHAR}, #{vnvAccountId,jdbcType=DECIMAL}, 
      #{voucherCode,jdbcType=VARCHAR}, #{operatorSeq,jdbcType=VARCHAR}, #{bankInfoSeq,jdbcType=DECIMAL}, 
      #{purpose,jdbcType=VARCHAR}, #{batchNo,jdbcType=VARCHAR}, #{orderUrl,jdbcType=VARCHAR}, 
      #{returnAmount,jdbcType=DECIMAL}, #{ip,jdbcType=VARCHAR}, #{payTransSeq,jdbcType=DECIMAL}, 
      #{settlementDate,jdbcType=DATE})
  </insert>
  <insert id="insertSelective" parameterType="com.uns.model.Transaction" >
    insert into TRANSACTION
    <trim prefix="(" suffix=")" suffixOverrides="," >
      <if test="id != null" >
        ID,
      </if>
      <if test="orderId != null" >
        ORDER_ID,
      </if>
      <if test="transId != null" >
        TRANS_ID,
      </if>
      <if test="actionSeq != null" >
        ACTION_SEQ,
      </if>
      <if test="creditSeq != null" >
        CREDIT_SEQ,
      </if>
      <if test="debitSeq != null" >
        DEBIT_SEQ,
      </if>
      <if test="amount != null" >
        AMOUNT,
      </if>
      <if test="currency != null" >
        CURRENCY,
      </if>
      <if test="exchangeRate != null" >
        EXCHANGE_RATE,
      </if>
      <if test="tradeType != null" >
        TRADE_TYPE,
      </if>
      <if test="transStatus != null" >
        TRANS_STATUS,
      </if>
      <if test="insideStatus != null" >
        INSIDE_STATUS,
      </if>
      <if test="bankResponse != null" >
        BANK_RESPONSE,
      </if>
      <if test="beginDate != null" >
        BEGIN_DATE,
      </if>
      <if test="endDate != null" >
        END_DATE,
      </if>
      <if test="creditRatioSeq != null" >
        CREDIT_RATIO_SEQ,
      </if>
      <if test="debitRatioSeq != null" >
        DEBIT_RATIO_SEQ,
      </if>
      <if test="bankSeq != null" >
        BANK_SEQ,
      </if>
      <if test="debitFee != null" >
        DEBIT_FEE,
      </if>
      <if test="creditFee != null" >
        CREDIT_FEE,
      </if>
      <if test="accountBankSeq != null" >
        ACCOUNT_BANK_SEQ,
      </if>
      <if test="cardNo != null" >
        CARD_NO,
      </if>
      <if test="bankName != null" >
        BANK_NAME,
      </if>
      <if test="bankProvSeq != null" >
        BANK_PROV_SEQ,
      </if>
      <if test="bankCitySeq != null" >
        BANK_CITY_SEQ,
      </if>
      <if test="personName != null" >
        PERSON_NAME,
      </if>
      <if test="personMail != null" >
        PERSON_MAIL,
      </if>
      <if test="personPhone != null" >
        PERSON_PHONE,
      </if>
      <if test="personMobile != null" >
        PERSON_MOBILE,
      </if>
      <if test="remark != null" >
        REMARK,
      </if>
      <if test="verifyCode != null" >
        VERIFY_CODE,
      </if>
      <if test="sellerUrl != null" >
        SELLER_URL,
      </if>
      <if test="commodityInfo != null" >
        COMMODITY_INFO,
      </if>
      <if test="sellerParam != null" >
        SELLER_PARAM,
      </if>
      <if test="desFlag != null" >
        DES_FLAG,
      </if>
      <if test="mac != null" >
        MAC,
      </if>
      <if test="reverseFlag != null" >
        REVERSE_FLAG,
      </if>
      <if test="relatingSeq != null" >
        RELATING_SEQ,
      </if>
      <if test="vnvAccountSeq != null" >
        VNV_ACCOUNT_SEQ,
      </if>
      <if test="serviceFlag != null" >
        SERVICE_FLAG,
      </if>
      <if test="serviceDate != null" >
        SERVICE_DATE,
      </if>
      <if test="servicePerson != null" >
        SERVICE_PERSON,
      </if>
      <if test="barcode != null" >
        BARCODE,
      </if>
      <if test="operSource != null" >
        OPER_SOURCE,
      </if>
      <if test="version != null" >
        VERSION,
      </if>
      <if test="createUser != null" >
        CREATE_USER,
      </if>
      <if test="createTime != null" >
        CREATE_TIME,
      </if>
      <if test="updateUser != null" >
        UPDATE_USER,
      </if>
      <if test="updateTime != null" >
        UPDATE_TIME,
      </if>
      <if test="updateUserSystem != null" >
        UPDATE_USER_SYSTEM,
      </if>
      <if test="encryptcode != null" >
        ENCRYPTCODE,
      </if>
      <if test="auditTrans != null" >
        AUDIT_TRANS,
      </if>
      <if test="downloadstate != null" >
        DOWNLOADSTATE,
      </if>
      <if test="vnvAccountId != null" >
        VNV_ACCOUNT_ID,
      </if>
      <if test="voucherCode != null" >
        VOUCHER_CODE,
      </if>
      <if test="operatorSeq != null" >
        OPERATOR_SEQ,
      </if>
      <if test="bankInfoSeq != null" >
        BANK_INFO_SEQ,
      </if>
      <if test="purpose != null" >
        PURPOSE,
      </if>
      <if test="batchNo != null" >
        BATCH_NO,
      </if>
      <if test="orderUrl != null" >
        ORDER_URL,
      </if>
      <if test="returnAmount != null" >
        RETURN_AMOUNT,
      </if>
      <if test="ip != null" >
        IP,
      </if>
      <if test="payTransSeq != null" >
        PAY_TRANS_SEQ,
      </if>
      <if test="settlementDate != null" >
        SETTLEMENT_DATE,
      </if>
    </trim>
    <trim prefix="values (" suffix=")" suffixOverrides="," >
      <if test="id != null" >
        #{id,jdbcType=DECIMAL},
      </if>
      <if test="orderId != null" >
        #{orderId,jdbcType=VARCHAR},
      </if>
      <if test="transId != null" >
        #{transId,jdbcType=VARCHAR},
      </if>
      <if test="actionSeq != null" >
        #{actionSeq,jdbcType=DECIMAL},
      </if>
      <if test="creditSeq != null" >
        #{creditSeq,jdbcType=DECIMAL},
      </if>
      <if test="debitSeq != null" >
        #{debitSeq,jdbcType=DECIMAL},
      </if>
      <if test="amount != null" >
        #{amount,jdbcType=DECIMAL},
      </if>
      <if test="currency != null" >
        #{currency,jdbcType=VARCHAR},
      </if>
      <if test="exchangeRate != null" >
        #{exchangeRate,jdbcType=DECIMAL},
      </if>
      <if test="tradeType != null" >
        #{tradeType,jdbcType=VARCHAR},
      </if>
      <if test="transStatus != null" >
        #{transStatus,jdbcType=VARCHAR},
      </if>
      <if test="insideStatus != null" >
        #{insideStatus,jdbcType=VARCHAR},
      </if>
      <if test="bankResponse != null" >
        #{bankResponse,jdbcType=VARCHAR},
      </if>
      <if test="beginDate != null" >
        #{beginDate,jdbcType=DATE},
      </if>
      <if test="endDate != null" >
        #{endDate,jdbcType=DATE},
      </if>
      <if test="creditRatioSeq != null" >
        #{creditRatioSeq,jdbcType=DECIMAL},
      </if>
      <if test="debitRatioSeq != null" >
        #{debitRatioSeq,jdbcType=DECIMAL},
      </if>
      <if test="bankSeq != null" >
        #{bankSeq,jdbcType=DECIMAL},
      </if>
      <if test="debitFee != null" >
        #{debitFee,jdbcType=DECIMAL},
      </if>
      <if test="creditFee != null" >
        #{creditFee,jdbcType=DECIMAL},
      </if>
      <if test="accountBankSeq != null" >
        #{accountBankSeq,jdbcType=DECIMAL},
      </if>
      <if test="cardNo != null" >
        #{cardNo,jdbcType=VARCHAR},
      </if>
      <if test="bankName != null" >
        #{bankName,jdbcType=VARCHAR},
      </if>
      <if test="bankProvSeq != null" >
        #{bankProvSeq,jdbcType=DECIMAL},
      </if>
      <if test="bankCitySeq != null" >
        #{bankCitySeq,jdbcType=DECIMAL},
      </if>
      <if test="personName != null" >
        #{personName,jdbcType=VARCHAR},
      </if>
      <if test="personMail != null" >
        #{personMail,jdbcType=VARCHAR},
      </if>
      <if test="personPhone != null" >
        #{personPhone,jdbcType=VARCHAR},
      </if>
      <if test="personMobile != null" >
        #{personMobile,jdbcType=VARCHAR},
      </if>
      <if test="remark != null" >
        #{remark,jdbcType=VARCHAR},
      </if>
      <if test="verifyCode != null" >
        #{verifyCode,jdbcType=VARCHAR},
      </if>
      <if test="sellerUrl != null" >
        #{sellerUrl,jdbcType=VARCHAR},
      </if>
      <if test="commodityInfo != null" >
        #{commodityInfo,jdbcType=VARCHAR},
      </if>
      <if test="sellerParam != null" >
        #{sellerParam,jdbcType=VARCHAR},
      </if>
      <if test="desFlag != null" >
        #{desFlag,jdbcType=VARCHAR},
      </if>
      <if test="mac != null" >
        #{mac,jdbcType=VARCHAR},
      </if>
      <if test="reverseFlag != null" >
        #{reverseFlag,jdbcType=VARCHAR},
      </if>
      <if test="relatingSeq != null" >
        #{relatingSeq,jdbcType=DECIMAL},
      </if>
      <if test="vnvAccountSeq != null" >
        #{vnvAccountSeq,jdbcType=DECIMAL},
      </if>
      <if test="serviceFlag != null" >
        #{serviceFlag,jdbcType=VARCHAR},
      </if>
      <if test="serviceDate != null" >
        #{serviceDate,jdbcType=DATE},
      </if>
      <if test="servicePerson != null" >
        #{servicePerson,jdbcType=VARCHAR},
      </if>
      <if test="barcode != null" >
        #{barcode,jdbcType=VARCHAR},
      </if>
      <if test="operSource != null" >
        #{operSource,jdbcType=VARCHAR},
      </if>
      <if test="version != null" >
        #{version,jdbcType=DECIMAL},
      </if>
      <if test="createUser != null" >
        #{createUser,jdbcType=VARCHAR},
      </if>
      <if test="createTime != null" >
        #{createTime,jdbcType=DATE},
      </if>
      <if test="updateUser != null" >
        #{updateUser,jdbcType=VARCHAR},
      </if>
      <if test="updateTime != null" >
        #{updateTime,jdbcType=DATE},
      </if>
      <if test="updateUserSystem != null" >
        #{updateUserSystem,jdbcType=VARCHAR},
      </if>
      <if test="encryptcode != null" >
        #{encryptcode,jdbcType=VARCHAR},
      </if>
      <if test="auditTrans != null" >
        #{auditTrans,jdbcType=VARCHAR},
      </if>
      <if test="downloadstate != null" >
        #{downloadstate,jdbcType=VARCHAR},
      </if>
      <if test="vnvAccountId != null" >
        #{vnvAccountId,jdbcType=DECIMAL},
      </if>
      <if test="voucherCode != null" >
        #{voucherCode,jdbcType=VARCHAR},
      </if>
      <if test="operatorSeq != null" >
        #{operatorSeq,jdbcType=VARCHAR},
      </if>
      <if test="bankInfoSeq != null" >
        #{bankInfoSeq,jdbcType=DECIMAL},
      </if>
      <if test="purpose != null" >
        #{purpose,jdbcType=VARCHAR},
      </if>
      <if test="batchNo != null" >
        #{batchNo,jdbcType=VARCHAR},
      </if>
      <if test="orderUrl != null" >
        #{orderUrl,jdbcType=VARCHAR},
      </if>
      <if test="returnAmount != null" >
        #{returnAmount,jdbcType=DECIMAL},
      </if>
      <if test="ip != null" >
        #{ip,jdbcType=VARCHAR},
      </if>
      <if test="payTransSeq != null" >
        #{payTransSeq,jdbcType=DECIMAL},
      </if>
      <if test="settlementDate != null" >
        #{settlementDate,jdbcType=DATE},
      </if>
    </trim>
  </insert>

  <update id="updateByPrimaryKeySelective" parameterType="com.uns.model.Transaction" >
    update TRANSACTION
    <set >
      <if test="orderId != null" >
        ORDER_ID = #{orderId,jdbcType=VARCHAR},
      </if>
      <if test="transId != null" >
        TRANS_ID = #{transId,jdbcType=VARCHAR},
      </if>
      <if test="actionSeq != null" >
        ACTION_SEQ = #{actionSeq,jdbcType=DECIMAL},
      </if>
      <if test="creditSeq != null" >
        CREDIT_SEQ = #{creditSeq,jdbcType=DECIMAL},
      </if>
      <if test="debitSeq != null" >
        DEBIT_SEQ = #{debitSeq,jdbcType=DECIMAL},
      </if>
      <if test="amount != null" >
        AMOUNT = #{amount,jdbcType=DECIMAL},
      </if>
      <if test="currency != null" >
        CURRENCY = #{currency,jdbcType=VARCHAR},
      </if>
      <if test="exchangeRate != null" >
        EXCHANGE_RATE = #{exchangeRate,jdbcType=DECIMAL},
      </if>
      <if test="tradeType != null" >
        TRADE_TYPE = #{tradeType,jdbcType=VARCHAR},
      </if>
      <if test="transStatus != null" >
        TRANS_STATUS = #{transStatus,jdbcType=VARCHAR},
      </if>
      <if test="insideStatus != null" >
        INSIDE_STATUS = #{insideStatus,jdbcType=VARCHAR},
      </if>
      <if test="bankResponse != null" >
        BANK_RESPONSE = #{bankResponse,jdbcType=VARCHAR},
      </if>
      <if test="beginDate != null" >
        BEGIN_DATE = #{beginDate,jdbcType=DATE},
      </if>
      <if test="endDate != null" >
        END_DATE = #{endDate,jdbcType=DATE},
      </if>
      <if test="creditRatioSeq != null" >
        CREDIT_RATIO_SEQ = #{creditRatioSeq,jdbcType=DECIMAL},
      </if>
      <if test="debitRatioSeq != null" >
        DEBIT_RATIO_SEQ = #{debitRatioSeq,jdbcType=DECIMAL},
      </if>
      <if test="bankSeq != null" >
        BANK_SEQ = #{bankSeq,jdbcType=DECIMAL},
      </if>
      <if test="debitFee != null" >
        DEBIT_FEE = #{debitFee,jdbcType=DECIMAL},
      </if>
      <if test="creditFee != null" >
        CREDIT_FEE = #{creditFee,jdbcType=DECIMAL},
      </if>
      <if test="accountBankSeq != null" >
        ACCOUNT_BANK_SEQ = #{accountBankSeq,jdbcType=DECIMAL},
      </if>
      <if test="cardNo != null" >
        CARD_NO = #{cardNo,jdbcType=VARCHAR},
      </if>
      <if test="bankName != null" >
        BANK_NAME = #{bankName,jdbcType=VARCHAR},
      </if>
      <if test="bankProvSeq != null" >
        BANK_PROV_SEQ = #{bankProvSeq,jdbcType=DECIMAL},
      </if>
      <if test="bankCitySeq != null" >
        BANK_CITY_SEQ = #{bankCitySeq,jdbcType=DECIMAL},
      </if>
      <if test="personName != null" >
        PERSON_NAME = #{personName,jdbcType=VARCHAR},
      </if>
      <if test="personMail != null" >
        PERSON_MAIL = #{personMail,jdbcType=VARCHAR},
      </if>
      <if test="personPhone != null" >
        PERSON_PHONE = #{personPhone,jdbcType=VARCHAR},
      </if>
      <if test="personMobile != null" >
        PERSON_MOBILE = #{personMobile,jdbcType=VARCHAR},
      </if>
      <if test="remark != null" >
        REMARK = #{remark,jdbcType=VARCHAR},
      </if>
      <if test="verifyCode != null" >
        VERIFY_CODE = #{verifyCode,jdbcType=VARCHAR},
      </if>
      <if test="sellerUrl != null" >
        SELLER_URL = #{sellerUrl,jdbcType=VARCHAR},
      </if>
      <if test="commodityInfo != null" >
        COMMODITY_INFO = #{commodityInfo,jdbcType=VARCHAR},
      </if>
      <if test="sellerParam != null" >
        SELLER_PARAM = #{sellerParam,jdbcType=VARCHAR},
      </if>
      <if test="desFlag != null" >
        DES_FLAG = #{desFlag,jdbcType=VARCHAR},
      </if>
      <if test="mac != null" >
        MAC = #{mac,jdbcType=VARCHAR},
      </if>
      <if test="reverseFlag != null" >
        REVERSE_FLAG = #{reverseFlag,jdbcType=VARCHAR},
      </if>
      <if test="relatingSeq != null" >
        RELATING_SEQ = #{relatingSeq,jdbcType=DECIMAL},
      </if>
      <if test="vnvAccountSeq != null" >
        VNV_ACCOUNT_SEQ = #{vnvAccountSeq,jdbcType=DECIMAL},
      </if>
      <if test="serviceFlag != null" >
        SERVICE_FLAG = #{serviceFlag,jdbcType=VARCHAR},
      </if>
      <if test="serviceDate != null" >
        SERVICE_DATE = #{serviceDate,jdbcType=DATE},
      </if>
      <if test="servicePerson != null" >
        SERVICE_PERSON = #{servicePerson,jdbcType=VARCHAR},
      </if>
      <if test="barcode != null" >
        BARCODE = #{barcode,jdbcType=VARCHAR},
      </if>
      <if test="operSource != null" >
        OPER_SOURCE = #{operSource,jdbcType=VARCHAR},
      </if>
      <if test="version != null" >
        VERSION = #{version,jdbcType=DECIMAL},
      </if>
      <if test="createUser != null" >
        CREATE_USER = #{createUser,jdbcType=VARCHAR},
      </if>
      <if test="createTime != null" >
        CREATE_TIME = #{createTime,jdbcType=DATE},
      </if>
      <if test="updateUser != null" >
        UPDATE_USER = #{updateUser,jdbcType=VARCHAR},
      </if>
      <if test="updateTime != null" >
        UPDATE_TIME = #{updateTime,jdbcType=DATE},
      </if>
      <if test="updateUserSystem != null" >
        UPDATE_USER_SYSTEM = #{updateUserSystem,jdbcType=VARCHAR},
      </if>
      <if test="encryptcode != null" >
        ENCRYPTCODE = #{encryptcode,jdbcType=VARCHAR},
      </if>
      <if test="auditTrans != null" >
        AUDIT_TRANS = #{auditTrans,jdbcType=VARCHAR},
      </if>
      <if test="downloadstate != null" >
        DOWNLOADSTATE = #{downloadstate,jdbcType=VARCHAR},
      </if>
      <if test="vnvAccountId != null" >
        VNV_ACCOUNT_ID = #{vnvAccountId,jdbcType=DECIMAL},
      </if>
      <if test="voucherCode != null" >
        VOUCHER_CODE = #{voucherCode,jdbcType=VARCHAR},
      </if>
      <if test="operatorSeq != null" >
        OPERATOR_SEQ = #{operatorSeq,jdbcType=VARCHAR},
      </if>
      <if test="bankInfoSeq != null" >
        BANK_INFO_SEQ = #{bankInfoSeq,jdbcType=DECIMAL},
      </if>
      <if test="purpose != null" >
        PURPOSE = #{purpose,jdbcType=VARCHAR},
      </if>
      <if test="batchNo != null" >
        BATCH_NO = #{batchNo,jdbcType=VARCHAR},
      </if>
      <if test="orderUrl != null" >
        ORDER_URL = #{orderUrl,jdbcType=VARCHAR},
      </if>
      <if test="returnAmount != null" >
        RETURN_AMOUNT = #{returnAmount,jdbcType=DECIMAL},
      </if>
      <if test="ip != null" >
        IP = #{ip,jdbcType=VARCHAR},
      </if>
      <if test="payTransSeq != null" >
        PAY_TRANS_SEQ = #{payTransSeq,jdbcType=DECIMAL},
      </if>
      <if test="settlementDate != null" >
        SETTLEMENT_DATE = #{settlementDate,jdbcType=DATE},
      </if>
    </set>
    where ID = #{id,jdbcType=DECIMAL}
  </update>
  <update id="updateByPrimaryKey" parameterType="com.uns.model.Transaction" >
    update TRANSACTION
    set ORDER_ID = #{orderId,jdbcType=VARCHAR},
      TRANS_ID = #{transId,jdbcType=VARCHAR},
      ACTION_SEQ = #{actionSeq,jdbcType=DECIMAL},
      CREDIT_SEQ = #{creditSeq,jdbcType=DECIMAL},
      DEBIT_SEQ = #{debitSeq,jdbcType=DECIMAL},
      AMOUNT = #{amount,jdbcType=DECIMAL},
      CURRENCY = #{currency,jdbcType=VARCHAR},
      EXCHANGE_RATE = #{exchangeRate,jdbcType=DECIMAL},
      TRADE_TYPE = #{tradeType,jdbcType=VARCHAR},
      TRANS_STATUS = #{transStatus,jdbcType=VARCHAR},
      INSIDE_STATUS = #{insideStatus,jdbcType=VARCHAR},
      BANK_RESPONSE = #{bankResponse,jdbcType=VARCHAR},
      BEGIN_DATE = #{beginDate,jdbcType=DATE},
      END_DATE = #{endDate,jdbcType=DATE},
      CREDIT_RATIO_SEQ = #{creditRatioSeq,jdbcType=DECIMAL},
      DEBIT_RATIO_SEQ = #{debitRatioSeq,jdbcType=DECIMAL},
      BANK_SEQ = #{bankSeq,jdbcType=DECIMAL},
      DEBIT_FEE = #{debitFee,jdbcType=DECIMAL},
      CREDIT_FEE = #{creditFee,jdbcType=DECIMAL},
      ACCOUNT_BANK_SEQ = #{accountBankSeq,jdbcType=DECIMAL},
      CARD_NO = #{cardNo,jdbcType=VARCHAR},
      BANK_NAME = #{bankName,jdbcType=VARCHAR},
      BANK_PROV_SEQ = #{bankProvSeq,jdbcType=DECIMAL},
      BANK_CITY_SEQ = #{bankCitySeq,jdbcType=DECIMAL},
      PERSON_NAME = #{personName,jdbcType=VARCHAR},
      PERSON_MAIL = #{personMail,jdbcType=VARCHAR},
      PERSON_PHONE = #{personPhone,jdbcType=VARCHAR},
      PERSON_MOBILE = #{personMobile,jdbcType=VARCHAR},
      REMARK = #{remark,jdbcType=VARCHAR},
      VERIFY_CODE = #{verifyCode,jdbcType=VARCHAR},
      SELLER_URL = #{sellerUrl,jdbcType=VARCHAR},
      COMMODITY_INFO = #{commodityInfo,jdbcType=VARCHAR},
      SELLER_PARAM = #{sellerParam,jdbcType=VARCHAR},
      DES_FLAG = #{desFlag,jdbcType=VARCHAR},
      MAC = #{mac,jdbcType=VARCHAR},
      REVERSE_FLAG = #{reverseFlag,jdbcType=VARCHAR},
      RELATING_SEQ = #{relatingSeq,jdbcType=DECIMAL},
      VNV_ACCOUNT_SEQ = #{vnvAccountSeq,jdbcType=DECIMAL},
      SERVICE_FLAG = #{serviceFlag,jdbcType=VARCHAR},
      SERVICE_DATE = #{serviceDate,jdbcType=DATE},
      SERVICE_PERSON = #{servicePerson,jdbcType=VARCHAR},
      BARCODE = #{barcode,jdbcType=VARCHAR},
      OPER_SOURCE = #{operSource,jdbcType=VARCHAR},
      VERSION = #{version,jdbcType=DECIMAL},
      CREATE_USER = #{createUser,jdbcType=VARCHAR},
      CREATE_TIME = #{createTime,jdbcType=DATE},
      UPDATE_USER = #{updateUser,jdbcType=VARCHAR},
      UPDATE_TIME = #{updateTime,jdbcType=DATE},
      UPDATE_USER_SYSTEM = #{updateUserSystem,jdbcType=VARCHAR},
      ENCRYPTCODE = #{encryptcode,jdbcType=VARCHAR},
      AUDIT_TRANS = #{auditTrans,jdbcType=VARCHAR},
      DOWNLOADSTATE = #{downloadstate,jdbcType=VARCHAR},
      VNV_ACCOUNT_ID = #{vnvAccountId,jdbcType=DECIMAL},
      VOUCHER_CODE = #{voucherCode,jdbcType=VARCHAR},
      OPERATOR_SEQ = #{operatorSeq,jdbcType=VARCHAR},
      BANK_INFO_SEQ = #{bankInfoSeq,jdbcType=DECIMAL},
      PURPOSE = #{purpose,jdbcType=VARCHAR},
      BATCH_NO = #{batchNo,jdbcType=VARCHAR},
      ORDER_URL = #{orderUrl,jdbcType=VARCHAR},
      RETURN_AMOUNT = #{returnAmount,jdbcType=DECIMAL},
      IP = #{ip,jdbcType=VARCHAR},
      PAY_TRANS_SEQ = #{payTransSeq,jdbcType=DECIMAL},
      SETTLEMENT_DATE = #{settlementDate,jdbcType=DATE}
    where ID = #{id,jdbcType=DECIMAL}
  </update>
  
  <select id="getIdByTransId" resultType="long" parameterType="string" >
    select 
    	id
    from TRANSACTION
    where trans_id = #{transId,jdbcType=VARCHAR}
    union all
    SELECT  ID
  FROM ORDER_DELEGATE_COLLECT_NEW
 WHERE TRANS_ID = #{transId,jdbcType=VARCHAR}
  </select>
  
  <select id="getTrans" resultMap="BaseResultMap" parameterType="string" >
    select 
    <include refid="Base_Column_List_T" />
    from TRANSACTION t,
    APPLY_UPADJUST ua
    where ua.trans_seq = t.id
    and apply_no = #{applyNo,jdbcType=VARCHAR}
  </select>
  <select id="getTransByTransId" resultMap="BaseResultMap">
    SELECT M.TRANS_ID, M.ID, 0 TRANS_TYPE, CB.ID CHECK_BILL_TRANS_DETAIL_ID
      FROM TRANSACTION M LEFT JOIN CHECK_BILL_TRANS_DETAIL CB
    ON M.TRANS_ID = CB.LOCAL_TRANS_ID
     WHERE M.TRANS_ID IN
    <foreach collection="transIds" item="item" open="(" close=")" separator=",">
      #{item,jdbcType=VARCHAR}
    </foreach>
    UNION ALL
    SELECT M.TRANS_ID, M.ID, 1 TRANS_TYPE, CB.ID CHECK_BILL_TRANS_DETAIL_ID
      FROM ORDER_DELEGATE_COLLECT_NEW M LEFT JOIN CHECK_BILL_TRANS_DETAIL CB
    ON M.TRANS_ID = CB.LOCAL_TRANS_ID
     WHERE M.TRANS_ID IN
    <foreach collection="transIds" item="item" open="(" close=")" separator=",">
      #{item,jdbcType=VARCHAR}
    </foreach>
  </select>
    <!-- 出金挂起-->
  <select id="getTransByNewTransId" resultMap="BaseResultMap">
    <!--SELECT M.TRANS_ID, M.ID, 0 TRANS_TYPE, CB.ID CHECK_BILL_TRANS_DETAIL_ID
    FROM TRANSACTION M LEFT JOIN CHECK_BILL_TRANS_DETAIL CB
    ON M.TRANS_ID = CB.LOCAL_TRANS_ID
    WHERE M.TRANS_ID IN
    <foreach collection="transIds" item="item" open="(" close=")" separator=",">
      #{item,jdbcType=VARCHAR}
    </foreach>
    UNION ALL-->
    SELECT M.TRANS_ID, M.ID, 1 TRANS_TYPE, CB.ID CHECK_BILL_TRANS_DETAIL_ID
    FROM DELEGATE_PAY_ORDER M LEFT JOIN CHECK_BILL_TRANS_DETAIL CB
    ON M.TRANS_ID = CB.LOCAL_TRANS_ID
    WHERE M.TRANS_ID IN
    <foreach collection="transIds" item="item" open="(" close=")" separator=",">
      #{item,jdbcType=VARCHAR}
    </foreach>
  </select>
  <!-- 新体现的出金挂起交易-->
  <select id="getNewTXtransByTransId" resultMap="BaseResultMap">
    SELECT M.TRANS_ID, M.ID, 1 TRANS_TYPE, CB.ID CHECK_BILL_TRANS_DETAIL_ID
    FROM WITHDRAW_ORDER M LEFT JOIN CHECK_BILL_TRANS_DETAIL CB
    ON M.TRANS_ID = CB.LOCAL_TRANS_ID
    WHERE M.TRANS_ID IN
    <foreach collection="transIds" item="item" open="(" close=")" separator=",">
      #{item,jdbcType=VARCHAR}
    </foreach>
  </select> 
</mapper>