<?xml version="1.0" encoding="UTF-8" ?>
<!DOCTYPE mapper PUBLIC "-//mybatis.org//DTD Mapper 3.0//EN" "http://mybatis.org/dtd/mybatis-3-mapper.dtd" >
<mapper namespace="com.uns.dao.TReconcileRecordMapper" >
  <resultMap id="BaseResultMap" type="com.uns.model.TReconcileRecord" >
    <id column="ID" property="id" jdbcType="DECIMAL" />
    <result column="RECONCILE_DATE" property="reconcileDate" jdbcType="DATE" />
    <result column="BANK_INFO_SEQ" property="bankInfoSeq" jdbcType="DECIMAL" />
    <result column="UNIFORM_COUNT" property="uniformCount" jdbcType="DECIMAL" />
    <result column="UNILATERAL_COUNT" property="unilateralCount" jdbcType="DECIMAL" />
    <result column="DUBIOUS_COUNT" property="dubiousCount" jdbcType="DECIMAL" />
    <result column="DUBIOUS_2_UNIFORM_COUNT" property="dubious2UniformCount" jdbcType="DECIMAL" />
    <result column="DUBIOUS_2_UNILATERAL_COUNT" property="dubious2UnilateralCount" jdbcType="DECIMAL" />
    <result column="DUBIOUS_REASON_CHANGE_COUNT" property="dubiousReasonChangeCount" jdbcType="DECIMAL" />
    <result column="VERSION" property="version" jdbcType="DECIMAL" />
    <result column="CREATE_USER" property="createUser" jdbcType="VARCHAR" />
    <result column="CREATE_TIME" property="createTime" jdbcType="DATE" />
    <result column="UPDATE_USER" property="updateUser" jdbcType="VARCHAR" />
    <result column="UPDATE_TIME" property="updateTime" jdbcType="DATE" />
    <result column="PROCESSED_COUNT" property="processedCount" jdbcType="DECIMAL" />
    <result column="CHANNEL_SEQ" property="channelSeq" jdbcType="DECIMAL" />
  </resultMap>
  <resultMap id="ResultMapWithBLOBs" type="com.uns.model.TReconcileRecord" extends="BaseResultMap" >
    <result column="BANK_FILE" property="bankFile" jdbcType="BLOB" />
  </resultMap>
		<!-- 对账记录表 -->
  <sql id="Base_Column_List" >
    ID, RECONCILE_DATE, BANK_INFO_SEQ, UNIFORM_COUNT, UNILATERAL_COUNT, DUBIOUS_COUNT, 
    DUBIOUS_2_UNIFORM_COUNT, DUBIOUS_2_UNILATERAL_COUNT, DUBIOUS_REASON_CHANGE_COUNT, 
    VERSION, CREATE_USER, CREATE_TIME, UPDATE_USER, UPDATE_TIME, PROCESSED_COUNT, CHANNEL_SEQ
  </sql>
  <sql id="Blob_Column_List" >
    BANK_FILE
  </sql>

  <select id="selectByPrimaryKey" resultMap="ResultMapWithBLOBs" parameterType="java.math.BigDecimal" >
    select 
    <include refid="Base_Column_List" />
    ,
    <include refid="Blob_Column_List" />
    from T_RECONCILE_RECORD
    where ID = #{id,jdbcType=DECIMAL}
  </select>
  <delete id="deleteByPrimaryKey" parameterType="java.math.BigDecimal" >
    delete from T_RECONCILE_RECORD
    where ID = #{id,jdbcType=DECIMAL}
  </delete>
  <insert id="insert" parameterType="com.uns.model.TReconcileRecord" >
    insert into T_RECONCILE_RECORD (ID, RECONCILE_DATE, BANK_INFO_SEQ, 
      UNIFORM_COUNT, UNILATERAL_COUNT, DUBIOUS_COUNT, 
      DUBIOUS_2_UNIFORM_COUNT, DUBIOUS_2_UNILATERAL_COUNT, 
      DUBIOUS_REASON_CHANGE_COUNT, VERSION, CREATE_USER, 
      CREATE_TIME, UPDATE_USER, UPDATE_TIME, 
      PROCESSED_COUNT, CHANNEL_SEQ, BANK_FILE
      )
    values (#{id,jdbcType=DECIMAL}, #{reconcileDate,jdbcType=DATE}, #{bankInfoSeq,jdbcType=DECIMAL}, 
      #{uniformCount,jdbcType=DECIMAL}, #{unilateralCount,jdbcType=DECIMAL}, #{dubiousCount,jdbcType=DECIMAL}, 
      #{dubious2UniformCount,jdbcType=DECIMAL}, #{dubious2UnilateralCount,jdbcType=DECIMAL}, 
      #{dubiousReasonChangeCount,jdbcType=DECIMAL}, #{version,jdbcType=DECIMAL}, #{createUser,jdbcType=VARCHAR}, 
      #{createTime,jdbcType=DATE}, #{updateUser,jdbcType=VARCHAR}, #{updateTime,jdbcType=DATE}, 
      #{processedCount,jdbcType=DECIMAL}, #{channelSeq,jdbcType=DECIMAL}, #{bankFile,jdbcType=BLOB}
      )
  </insert>
  <insert id="insertSelective" parameterType="com.uns.model.TReconcileRecord" >
    insert into T_RECONCILE_RECORD
    <trim prefix="(" suffix=")" suffixOverrides="," >
      <if test="id != null" >
        ID,
      </if>
      <if test="reconcileDate != null" >
        RECONCILE_DATE,
      </if>
      <if test="bankInfoSeq != null" >
        BANK_INFO_SEQ,
      </if>
      <if test="uniformCount != null" >
        UNIFORM_COUNT,
      </if>
      <if test="unilateralCount != null" >
        UNILATERAL_COUNT,
      </if>
      <if test="dubiousCount != null" >
        DUBIOUS_COUNT,
      </if>
      <if test="dubious2UniformCount != null" >
        DUBIOUS_2_UNIFORM_COUNT,
      </if>
      <if test="dubious2UnilateralCount != null" >
        DUBIOUS_2_UNILATERAL_COUNT,
      </if>
      <if test="dubiousReasonChangeCount != null" >
        DUBIOUS_REASON_CHANGE_COUNT,
      </if>
      <if test="version != null" >
        VERSION,
      </if>
      <if test="createUser != null" >
        CREATE_USER,
      </if>
      <if test="createTime != null" >
        CREATE_TIME,
      </if>
      <if test="updateUser != null" >
        UPDATE_USER,
      </if>
      <if test="updateTime != null" >
        UPDATE_TIME,
      </if>
      <if test="processedCount != null" >
        PROCESSED_COUNT,
      </if>
      <if test="channelSeq != null" >
        CHANNEL_SEQ,
      </if>
      <if test="bankFile != null" >
        BANK_FILE,
      </if>
    </trim>
    <trim prefix="values (" suffix=")" suffixOverrides="," >
      <if test="id != null" >
        #{id,jdbcType=DECIMAL},
      </if>
      <if test="reconcileDate != null" >
        #{reconcileDate,jdbcType=DATE},
      </if>
      <if test="bankInfoSeq != null" >
        #{bankInfoSeq,jdbcType=DECIMAL},
      </if>
      <if test="uniformCount != null" >
        #{uniformCount,jdbcType=DECIMAL},
      </if>
      <if test="unilateralCount != null" >
        #{unilateralCount,jdbcType=DECIMAL},
      </if>
      <if test="dubiousCount != null" >
        #{dubiousCount,jdbcType=DECIMAL},
      </if>
      <if test="dubious2UniformCount != null" >
        #{dubious2UniformCount,jdbcType=DECIMAL},
      </if>
      <if test="dubious2UnilateralCount != null" >
        #{dubious2UnilateralCount,jdbcType=DECIMAL},
      </if>
      <if test="dubiousReasonChangeCount != null" >
        #{dubiousReasonChangeCount,jdbcType=DECIMAL},
      </if>
      <if test="version != null" >
        #{version,jdbcType=DECIMAL},
      </if>
      <if test="createUser != null" >
        #{createUser,jdbcType=VARCHAR},
      </if>
      <if test="createTime != null" >
        #{createTime,jdbcType=DATE},
      </if>
      <if test="updateUser != null" >
        #{updateUser,jdbcType=VARCHAR},
      </if>
      <if test="updateTime != null" >
        #{updateTime,jdbcType=DATE},
      </if>
      <if test="processedCount != null" >
        #{processedCount,jdbcType=DECIMAL},
      </if>
      <if test="channelSeq != null" >
        #{channelSeq,jdbcType=DECIMAL},
      </if>
      <if test="bankFile != null" >
        #{bankFile,jdbcType=BLOB},
      </if>
    </trim>
  </insert>

  <update id="updateByPrimaryKeySelective" parameterType="com.uns.model.TReconcileRecord" >
    update T_RECONCILE_RECORD
    <set >
      <if test="reconcileDate != null" >
        RECONCILE_DATE = #{reconcileDate,jdbcType=DATE},
      </if>
      <if test="bankInfoSeq != null" >
        BANK_INFO_SEQ = #{bankInfoSeq,jdbcType=DECIMAL},
      </if>
      <if test="uniformCount != null" >
        UNIFORM_COUNT = #{uniformCount,jdbcType=DECIMAL},
      </if>
      <if test="unilateralCount != null" >
        UNILATERAL_COUNT = #{unilateralCount,jdbcType=DECIMAL},
      </if>
      <if test="dubiousCount != null" >
        DUBIOUS_COUNT = #{dubiousCount,jdbcType=DECIMAL},
      </if>
      <if test="dubious2UniformCount != null" >
        DUBIOUS_2_UNIFORM_COUNT = #{dubious2UniformCount,jdbcType=DECIMAL},
      </if>
      <if test="dubious2UnilateralCount != null" >
        DUBIOUS_2_UNILATERAL_COUNT = #{dubious2UnilateralCount,jdbcType=DECIMAL},
      </if>
      <if test="dubiousReasonChangeCount != null" >
        DUBIOUS_REASON_CHANGE_COUNT = #{dubiousReasonChangeCount,jdbcType=DECIMAL},
      </if>
      <if test="version != null" >
        VERSION = #{version,jdbcType=DECIMAL},
      </if>
      <if test="createUser != null" >
        CREATE_USER = #{createUser,jdbcType=VARCHAR},
      </if>
      <if test="createTime != null" >
        CREATE_TIME = #{createTime,jdbcType=DATE},
      </if>
      <if test="updateUser != null" >
        UPDATE_USER = #{updateUser,jdbcType=VARCHAR},
      </if>
      <if test="updateTime != null" >
        UPDATE_TIME = #{updateTime,jdbcType=DATE},
      </if>
      <if test="processedCount != null" >
        PROCESSED_COUNT = #{processedCount,jdbcType=DECIMAL},
      </if>
      <if test="channelSeq != null" >
        CHANNEL_SEQ = #{channelSeq,jdbcType=DECIMAL},
      </if>
      <if test="bankFile != null" >
        BANK_FILE = #{bankFile,jdbcType=BLOB},
      </if>
    </set>
    where ID = #{id,jdbcType=DECIMAL}
  </update>
  <update id="updateByPrimaryKeyWithBLOBs" parameterType="com.uns.model.TReconcileRecord" >
    update T_RECONCILE_RECORD
    set RECONCILE_DATE = #{reconcileDate,jdbcType=DATE},
      BANK_INFO_SEQ = #{bankInfoSeq,jdbcType=DECIMAL},
      UNIFORM_COUNT = #{uniformCount,jdbcType=DECIMAL},
      UNILATERAL_COUNT = #{unilateralCount,jdbcType=DECIMAL},
      DUBIOUS_COUNT = #{dubiousCount,jdbcType=DECIMAL},
      DUBIOUS_2_UNIFORM_COUNT = #{dubious2UniformCount,jdbcType=DECIMAL},
      DUBIOUS_2_UNILATERAL_COUNT = #{dubious2UnilateralCount,jdbcType=DECIMAL},
      DUBIOUS_REASON_CHANGE_COUNT = #{dubiousReasonChangeCount,jdbcType=DECIMAL},
      VERSION = #{version,jdbcType=DECIMAL},
      CREATE_USER = #{createUser,jdbcType=VARCHAR},
      CREATE_TIME = #{createTime,jdbcType=DATE},
      UPDATE_USER = #{updateUser,jdbcType=VARCHAR},
      UPDATE_TIME = #{updateTime,jdbcType=DATE},
      PROCESSED_COUNT = #{processedCount,jdbcType=DECIMAL},
      CHANNEL_SEQ = #{channelSeq,jdbcType=DECIMAL},
      BANK_FILE = #{bankFile,jdbcType=BLOB}
    where ID = #{id,jdbcType=DECIMAL}
  </update>
  <update id="updateByPrimaryKey" parameterType="com.uns.model.TReconcileRecord" >
    update T_RECONCILE_RECORD
    set RECONCILE_DATE = #{reconcileDate,jdbcType=DATE},
      BANK_INFO_SEQ = #{bankInfoSeq,jdbcType=DECIMAL},
      UNIFORM_COUNT = #{uniformCount,jdbcType=DECIMAL},
      UNILATERAL_COUNT = #{unilateralCount,jdbcType=DECIMAL},
      DUBIOUS_COUNT = #{dubiousCount,jdbcType=DECIMAL},
      DUBIOUS_2_UNIFORM_COUNT = #{dubious2UniformCount,jdbcType=DECIMAL},
      DUBIOUS_2_UNILATERAL_COUNT = #{dubious2UnilateralCount,jdbcType=DECIMAL},
      DUBIOUS_REASON_CHANGE_COUNT = #{dubiousReasonChangeCount,jdbcType=DECIMAL},
      VERSION = #{version,jdbcType=DECIMAL},
      CREATE_USER = #{createUser,jdbcType=VARCHAR},
      CREATE_TIME = #{createTime,jdbcType=DATE},
      UPDATE_USER = #{updateUser,jdbcType=VARCHAR},
      UPDATE_TIME = #{updateTime,jdbcType=DATE},
      PROCESSED_COUNT = #{processedCount,jdbcType=DECIMAL},
      CHANNEL_SEQ = #{channelSeq,jdbcType=DECIMAL}
    where ID = #{id,jdbcType=DECIMAL}
  </update>
</mapper>