<?xml version="1.0" encoding="UTF-8" ?>
<!DOCTYPE mapper PUBLIC "-//mybatis.org//DTD Mapper 3.0//EN" "http://mybatis.org/dtd/mybatis-3-mapper.dtd" >
<mapper namespace="com.uns.dao.UpadjustApplyMapper">
	<resultMap id="BaseResultMap" type="com.uns.model.UpadjustApply">
		<id column="ID" property="id" jdbcType="DECIMAL" />
		<result column="APPLY_NO" property="applyNo" jdbcType="VARCHAR" />
		<result column="TRANS_SEQ" property="transSeq" jdbcType="DECIMAL" />
		<result column="APPLY_USER_SEQ" property="applyUserSeq"
			jdbcType="DECIMAL" />
		<result column="APPLY_TIME" property="applyTime" jdbcType="TIMESTAMP" />
		<result column="AUDIT_STATUS" property="auditStatus" jdbcType="CHAR" />
		<result column="REASON" property="reason" jdbcType="VARCHAR" />
		<result column="CREATE_TIME" property="createTime" jdbcType="TIMESTAMP" />
		<result column="VERSION" property="version" jdbcType="DECIMAL" />
		<result column="CREATE_USER" property="createUser" jdbcType="VARCHAR" />
		<result column="UPDATE_USER" property="updateUser" jdbcType="VARCHAR" />
		<result column="UPDATE_TIME" property="updateTime" jdbcType="TIMESTAMP" />
		<result column="REMARK" property="remark" jdbcType="VARCHAR" />
		<result column="BANK_TRANS_ID" property="bankTransId" jdbcType="VARCHAR" />
		<result column="APPLY_FLAG" property="applyFlag" jdbcType="VARCHAR" />
		<result column="TRANS_TYPE" property="transType" jdbcType="INTEGER"/>
	</resultMap>

	<sql id="Base_Column_List">
		ID, APPLY_NO, TRANS_SEQ, APPLY_USER_SEQ, APPLY_TIME,
		AUDIT_STATUS,
		REASON, CREATE_TIME,
		VERSION, CREATE_USER, UPDATE_USER,
		UPDATE_TIME, REMARK,
		BANK_TRANS_ID,APPLY_FLAG,TRANS_TYPE
	</sql>

	<select id="selectByPrimaryKey" resultMap="BaseResultMap"
		parameterType="java.math.BigDecimal">
		select
		<include refid="Base_Column_List" />
		from APPLY_UPADJUST
		where ID = #{id,jdbcType=DECIMAL}
	</select>
	<delete id="deleteByPrimaryKey" parameterType="java.math.BigDecimal">
		delete from
		APPLY_UPADJUST
		where ID = #{id,jdbcType=DECIMAL}
	</delete>

	<insert id="insert" parameterType="com.uns.model.UpadjustApply">
		insert into APPLY_UPADJUST
		(ID, APPLY_NO, TRANS_SEQ,
		APPLY_USER_SEQ, APPLY_TIME, AUDIT_STATUS,
		REASON, CREATE_TIME, VERSION,
		CREATE_USER, UPDATE_USER, UPDATE_TIME,
		REMARK,APPLY_FLAG)
		values (#{id,jdbcType=DECIMAL},
		#{applyNo,jdbcType=VARCHAR},
		#{transSeq,jdbcType=DECIMAL},
		#{applyUserSeq,jdbcType=DECIMAL}, #{applyTime,jdbcType=TIMESTAMP},
		#{auditStatus,jdbcType=CHAR},
		#{reason,jdbcType=VARCHAR},
		#{createTime,jdbcType=TIMESTAMP},
		#{version,jdbcType=DECIMAL},
		#{createUser,jdbcType=VARCHAR}, #{updateUser,jdbcType=VARCHAR},
		#{updateTime,jdbcType=TIMESTAMP},
		#{remark,jdbcType=VARCHAR},#{applyFlag,jdbcType=VARCHAR})
	</insert>
	<insert id="insertSelective" parameterType="com.uns.model.UpadjustApply"
		useGeneratedKeys="true" keyProperty="id">
		<selectKey resultType="BigDecimal" keyProperty="id" order="BEFORE">
			select SEQ_APPLY__UPADJUST_ID.NEXTVAL from dual
		</selectKey>
		insert into APPLY_UPADJUST
		<trim prefix="(" suffix=")" suffixOverrides=",">
			<if test="id != null">
				ID,
			</if>
			<if test="applyNo != null">
				APPLY_NO,
			</if>
			<if test="transSeq != null">
				TRANS_SEQ,
			</if>
			<if test="applyUserSeq != null">
				APPLY_USER_SEQ,
			</if>
			<if test="applyTime != null">
				APPLY_TIME,
			</if>
			<if test="auditStatus != null">
				AUDIT_STATUS,
			</if>
			<if test="reason != null">
				REASON,
			</if>
			<if test="createTime != null">
				CREATE_TIME,
			</if>
			<if test="version != null">
				VERSION,
			</if>
			<if test="createUser != null">
				CREATE_USER,
			</if>
			<if test="updateUser != null">
				UPDATE_USER,
			</if>
			<if test="updateTime != null">
				UPDATE_TIME,
			</if>
			<if test="remark != null">
				REMARK,
			</if>
			<if test="bankTransId != null">
				BANK_TRANS_ID,
			</if>
			<if test="applyFlag != null">
				APPLY_FLAG,
			</if>
		</trim>
		<trim prefix="values (" suffix=")" suffixOverrides=",">
			<if test="id != null">
				#{id,jdbcType=DECIMAL},
			</if>
			<if test="applyNo != null">
				#{applyNo,jdbcType=VARCHAR},
			</if>
			<if test="transSeq != null">
				#{transSeq,jdbcType=DECIMAL},
			</if>
			<if test="applyUserSeq != null">
				#{applyUserSeq,jdbcType=DECIMAL},
			</if>
			<if test="applyTime != null">
				#{applyTime,jdbcType=TIMESTAMP},
			</if>
			<if test="auditStatus != null">
				#{auditStatus,jdbcType=CHAR},
			</if>
			<if test="reason != null">
				#{reason,jdbcType=VARCHAR},
			</if>
			<if test="createTime != null">
				#{createTime,jdbcType=TIMESTAMP},
			</if>
			<if test="version != null">
				#{version,jdbcType=DECIMAL},
			</if>
			<if test="createUser != null">
				#{createUser,jdbcType=VARCHAR},
			</if>
			<if test="updateUser != null">
				#{updateUser,jdbcType=VARCHAR},
			</if>
			<if test="updateTime != null">
				#{updateTime,jdbcType=TIMESTAMP},
			</if>
			<if test="remark != null">
				#{remark,jdbcType=VARCHAR},
			</if>
			<if test="bankTransId != null">
				#{bankTransId,jdbcType=VARCHAR},
			</if>
			<if test="applyFlag != null">
				#{applyFlag,jdbcType=VARCHAR},
			</if>
		</trim>
	</insert>
	<insert id="insertBatch" parameterType="java.util.List">
		INSERT INTO APPLY_UPADJUST
		  (ID,
		   APPLY_NO,
		   TRANS_SEQ,
		   APPLY_USER_SEQ,
		   APPLY_TIME,
		   AUDIT_STATUS,
		   REASON,
		   CREATE_TIME,
		   VERSION,
		   CREATE_USER,
		   UPDATE_USER,
		   UPDATE_TIME,
		   REMARK,
		   BANK_TRANS_ID,
		   APPLY_FLAG,
		   TRANS_TYPE,
		   CHECK_BILL_TRANS_DETAIL_ID,
           BILL_TYPE
		   )
		  SELECT SEQ_APPLY__UPADJUST_ID.NEXTVAL, A.*
			FROM (
			<foreach collection="list" item="item" index="index" separator="union all">
				SELECT
				#{item.applyNo,jdbcType=VARCHAR},
				#{item.transSeq,jdbcType=DECIMAL},
				#{item.applyUserSeq,jdbcType=DECIMAL},
				#{item.applyTime,jdbcType=TIMESTAMP},
				#{item.auditStatus,jdbcType=CHAR},
				#{item.reason,jdbcType=VARCHAR},
				#{item.createTime,jdbcType=TIMESTAMP},
				#{item.version,jdbcType=DECIMAL},
				#{item.createUser,jdbcType=VARCHAR},
				#{item.updateUser,jdbcType=VARCHAR},
				#{item.updateTime,jdbcType=TIMESTAMP},
				#{item.remark,jdbcType=VARCHAR},
				#{item.bankTransId,jdbcType=VARCHAR},
				#{item.applyFlag,jdbcType=VARCHAR},
				#{item.transType,jdbcType=INTEGER},
				#{item.checkBillTransDetailId,jdbcType=DECIMAL},
                #{item.billType,jdbcType=VARCHAR}
				FROM DUAL
			</foreach>
			) A
	</insert>

	<update id="updateByPrimaryKeySelective" parameterType="com.uns.model.UpadjustApply">
		update APPLY_UPADJUST
		<set>
			<if test="applyNo != null">
				APPLY_NO = #{applyNo,jdbcType=VARCHAR},
			</if>
			<if test="transSeq != null">
				TRANS_SEQ = #{transSeq,jdbcType=DECIMAL},
			</if>
			<if test="applyUserSeq != null">
				APPLY_USER_SEQ = #{applyUserSeq,jdbcType=DECIMAL},
			</if>
			<if test="applyTime != null">
				APPLY_TIME = #{applyTime,jdbcType=TIMESTAMP},
			</if>
			<if test="auditStatus != null">
				AUDIT_STATUS = #{auditStatus,jdbcType=CHAR},
			</if>
			<if test="reason != null">
				REASON = #{reason,jdbcType=VARCHAR},
			</if>
			<if test="createTime != null">
				CREATE_TIME = #{createTime,jdbcType=TIMESTAMP},
			</if>
			<if test="version != null">
				VERSION = #{version,jdbcType=DECIMAL},
			</if>
			<if test="createUser != null">
				CREATE_USER = #{createUser,jdbcType=VARCHAR},
			</if>
			<if test="updateUser != null">
				UPDATE_USER = #{updateUser,jdbcType=VARCHAR},
			</if>
			<if test="updateTime != null">
				UPDATE_TIME = #{updateTime,jdbcType=TIMESTAMP},
			</if>
			<if test="remark != null">
				REMARK = #{remark,jdbcType=VARCHAR},
			</if>
			<if test="bankTransId != null">
				BANK_TRANS_ID = #{bankTransId,jdbcType=VARCHAR},
			</if>
		</set>
		where ID = #{id,jdbcType=DECIMAL}
	</update>
	<update id="updateByPrimaryKey" parameterType="com.uns.model.UpadjustApply">
		update
		APPLY_UPADJUST
		set APPLY_NO = #{applyNo,jdbcType=VARCHAR},
		TRANS_SEQ =
		#{transSeq,jdbcType=DECIMAL},
		APPLY_USER_SEQ =
		#{applyUserSeq,jdbcType=DECIMAL},
		APPLY_TIME =
		#{applyTime,jdbcType=TIMESTAMP},
		AUDIT_STATUS =
		#{auditStatus,jdbcType=CHAR},
		REASON = #{reason,jdbcType=VARCHAR},
		CREATE_TIME = #{createTime,jdbcType=TIMESTAMP},
		VERSION =
		#{version,jdbcType=DECIMAL},
		CREATE_USER =
		#{createUser,jdbcType=VARCHAR},
		UPDATE_USER =
		#{updateUser,jdbcType=VARCHAR},
		UPDATE_TIME =
		#{updateTime,jdbcType=TIMESTAMP},
		REMARK = #{remark,jdbcType=VARCHAR}
		where ID = #{id,jdbcType=DECIMAL}
	</update>
	<select id="getAdjustApplyList" resultType="java.util.Map"
		parameterType="com.uns.web.form.AdjustApplyForm">
		select
		t.trans_id,
		a.name,
		a.email,
		a.mobile,
		t.begin_date,
		t.amount,
		t.credit_fee,
		at.action_name,
		bi.bank_name,
		t.trans_status
		from (select
		id,trans_id,amount,credit_seq,credit_fee,action_seq,trans_status,begin_date,bank_seq
		from transaction where trans_status in (0,11,12) and id>3612471) t,
		(select name,email,mobile,default_sub_seq from ACCOUNT where
		login_password != 'test' or pay_password != 'test' or remark !=
		'import') a,
		(select id,action_name from action_type where status = 1)
		at,
		bank_info bi
		where t.credit_seq = a.default_sub_seq
		and t.action_seq
		= at.id
		and t.bank_seq = bi.id
		and t.id not in(
		<!-- 审核中或已审核通过的无法发起申请 -->
		select trans_seq from APPLY_UPADJUST
		where audit_status != 3
		)
		<if test="transId != null and transId!=''">
			and t.trans_id = #{transId,jdbcType=VARCHAR}
		</if>
		<if test="nameEmailPhone != null and nameEmailPhone!=''">
			and (a.name like
			'%'||#{nameEmailPhone,jdbcType=VARCHAR}||'%'
			or a.email like
			'%'||#{nameEmailPhone,jdbcType=VARCHAR}||'%'
			or a.mobile like
			'%'||#{nameEmailPhone,jdbcType=VARCHAR}||'%')
		</if>
		<if test="bankSeq != null and bankSeq!=''">
			and t.bank_seq = #{bankSeq,jdbcType=VARCHAR}
		</if>
		<if test="actionSeq != null and actionSeq!=''">
			and t.action_seq = #{actionSeq,jdbcType=VARCHAR}
		</if>
		<if test="startDate != null and startDate!=''">
			and to_char(t.begin_date,'yyyy-MM-dd') >=
			#{startDate,jdbcType=VARCHAR}
		</if>
		<if test="endDate != null and endDate!=''">
			and #{endDate,jdbcType=VARCHAR} >=
			to_char(t.begin_date,'yyyy-MM-dd')
		</if>
		order by t.id desc
	</select>



	<select id="getTransDetail" resultType="java.util.Map"
		parameterType="java.util.Map">
		select
		t.trans_id,
		t.order_id,
		t.batch_no,
		at.action_name,
		t.trade_type,
		t.trans_status,
		t.begin_date,
		t.end_date,
		t.update_time,
		t.amount,
		da.name debit_name,
		da.email debit_email,
		da.mobile
		debit_mobile,
		t.debit_fee,
		ca.name credit_name,
		ca.email credit_email,
		ca.mobile credit_mobile,
		t.credit_fee
		from
		transaction t,
		(select id,action_name from action_type where status = 1) at,
		(select name,email,mobile,default_sub_seq from ACCOUNT 
		where login_password != 'test' or pay_password != 'test' or remark != 'import') ca,
		(select name,email,mobile,default_sub_seq from 
		ACCOUNT where login_password !='test' or pay_password != 'test' or remark != 'import') da
		where
		t.action_seq = at.id
		and t.credit_seq = ca.default_sub_seq
		and t.debit_seq = da.default_sub_seq
		and t.trans_id = #{transId,jdbcType=VARCHAR}
	</select>


	<select id="getAdjustAuditList" resultType="java.util.Map"
		parameterType="com.uns.web.form.AdjustAuditForm">
		select M.* from (
		select
		ua.apply_no,
		decode(ua.apply_flag,'1',bt.trans_id,t.trans_id)
		trans_id,
		decode(ua.apply_flag,'1','-',a.name)name,
		decode(ua.apply_flag,'1','-',a.email)email,
		decode(ua.apply_flag,'1','-',a.mobile)mobile,
		decode(ua.apply_flag,'1',bt.amount,t.amount)amount,
		decode(ua.apply_flag,'1','-',bi.bank_name)bank_name,
		ua.apply_time,
		ui.user_name,
		decode(ua.AUDIT_STATUS, 1, '待审核', 2, '审核通过', 3,'审核拒绝') operationStatus,
		decode(ua.reason,'我方有银行无(交易挂起)','交易挂起','调账') operationType,
		ua.UPDATE_TIME
		from
		APPLY_UPADJUST ua,
		USER_INFO  UI,
		transaction t,
		account a,
		bank_info bi,
		bank_trans bt
		where ua.bank_trans_id = bt.trans_id(+)
		and
		ua.remark is not null
		and ua.trans_seq = t.id
		and t.credit_seq =
		a.default_sub_seq
		and t.bank_seq = bi.id(+)
		and ua.apply_user_seq = ui.id
        and ua.bill_type != 1
		<if test="auditStatus != null and auditStatus != ''">
			AND UA.AUDIT_STATUS = #{auditStatus}
		</if>
		<if test="applyNo != null and applyNo!=''">
			and ua.apply_no=#{applyNo,jdbcType=VARCHAR}
		</if>
		<if test="transId != null and transId!=''">
			and t.trans_id=#{transId,jdbcType=VARCHAR}
		</if>
		<if test="startDate != null and startDate!=''">
			and to_char(ua.apply_time,'yyyy-MM-dd') >=
			#{startDate,jdbcType=VARCHAR}
		</if>
		<if test="endDate != null and endDate!=''">
			and #{endDate,jdbcType=VARCHAR} >=
			to_char(ua.apply_time,'yyyy-MM-dd')
		</if>
		<if test="operationType != null and operationType!='' and operationType==3">
			and ua.reason=#{reason,jdbcType=VARCHAR}
		</if>
		<if test="operationType != null and operationType!='' and operationType==2">
			and ua.reason !=#{reason,jdbcType=VARCHAR}
		</if>
		union all
		select
		ua.apply_no,
		decode(ua.apply_flag,'1',bt.trans_id,t.trans_id)
		trans_id,
		decode(ua.apply_flag,'1','-',a.name)name,
		decode(ua.apply_flag,'1','-',a.email)email,
		decode(ua.apply_flag,'1','-',a.mobile)mobile,
		decode(ua.apply_flag,'1',bt.amount,t.amount)amount,
		decode(ua.apply_flag,'1','-',t.bank_name)bank_name,
		ua.apply_time,
		ui.user_name,
		decode(ua.AUDIT_STATUS, 1, '待审核', 2, '审核通过', 3,'审核拒绝') operationStatus,
		decode(ua.reason,'我方有银行无(交易挂起)','交易挂起','调账') operationType,
		ua.UPDATE_TIME
		from
		APPLY_UPADJUST ua,
		user_info ui,
		order_delegate_collect_new t,
		account a,
		bank_trans bt
		where ua.bank_trans_id = bt.trans_id(+)
		and
		ua.remark is not null
		and ua.trans_seq = t.id
		and t.credit_seq =
		a.default_sub_seq
		and ua.apply_user_seq = ui.id
        and ua.bill_type != 1
		<if test="auditStatus != null and auditStatus != ''">
			AND UA.AUDIT_STATUS = #{auditStatus}
		</if>
		<if test="applyNo != null and applyNo!=''">
			and ua.apply_no=#{applyNo,jdbcType=VARCHAR}
		</if>
		<if test="transId != null and transId!=''">
			and t.trans_id=#{transId,jdbcType=VARCHAR}
		</if>
		<if test="startDate != null and startDate!=''">
			and to_char(ua.apply_time,'yyyy-MM-dd') >=
			#{startDate,jdbcType=VARCHAR}
		</if>
		<if test="endDate != null and endDate!=''">
			and #{endDate,jdbcType=VARCHAR} >=
			to_char(ua.apply_time,'yyyy-MM-dd')
		</if>
		<if test="operationType != null and operationType!='' and operationType==3">
			and ua.reason=#{reason,jdbcType=VARCHAR}
		</if>
		<if test="operationType != null and operationType!='' and operationType==2">
			and ua.reason !=#{reason,jdbcType=VARCHAR}
		</if>
		) M
		order by M.UPDATE_TIME desc
	</select>

    <!-- 出金待审核-->
    <select id="getOutAdjustAuditList" resultType="java.util.Map"
            parameterType="com.uns.web.form.AdjustAuditForm">
        select distinct M.* from (
        select
        decode(ua.apply_flag,'1',bt.trans_id,t.trans_id) trans_id,
        ua.apply_no,
        decode(ua.apply_flag,'1','-',a.name)name,
        decode(ua.apply_flag,'1',bt.amount,t.amount)amount,
        decode(ua.apply_flag,'1','-',bi.bank_name)bank_name,
        ua.apply_time,
        ui.user_name,
        decode(ua.AUDIT_STATUS, 1, '待审核', 2, '审核通过', 3,'审核拒绝') operationStatus,
        decode(ua.reason,'我方有银行无(交易挂起)','交易挂起','调账') operationType,
        ua.UPDATE_TIME
        from
        APPLY_UPADJUST ua,
        USER_INFO  UI,
        transaction t,
        account a,
        bank_info bi,
        t_bank_trans bt
        where ua.bank_trans_id = bt.trans_id(+)
        and
        ua.remark is not null
        and ua.bank_trans_id = t.trans_id
        and t.credit_seq = a.default_sub_seq
        and t.bank_seq = bi.id(+)
        and ua.apply_user_seq = ui.id
        and ua.bill_type = 1
		and bt.trans_type = 'interBankPay'
		<if test="auditStatus != null and auditStatus != ''">
            AND UA.AUDIT_STATUS = #{auditStatus}
        </if>
        <if test="applyNo != null and applyNo!=''">
            and ua.apply_no=#{applyNo,jdbcType=VARCHAR}
        </if>
        <if test="transId != null and transId!=''">
            and t.trans_id=#{transId,jdbcType=VARCHAR}
        </if>
        <if test="startDate != null and startDate!=''">
            and to_char(ua.apply_time,'yyyy-MM-dd') >=
            #{startDate,jdbcType=VARCHAR}
        </if>
        <if test="endDate != null and endDate!=''">
            and #{endDate,jdbcType=VARCHAR} >=
            to_char(ua.apply_time,'yyyy-MM-dd')
        </if>
        <if test="operationType != null and operationType!='' and operationType==3">
            and ua.reason=#{reason,jdbcType=VARCHAR}
        </if>
        <if test="operationType != null and operationType!='' and operationType==2">
            and ua.reason !=#{reason,jdbcType=VARCHAR}
        </if>
		UNION ALL
		SELECT T.TRANS_ID,
		UA.APPLY_NO,
		DECODE(UA.APPLY_FLAG, '1', '-', A.NAME) NAME,
		T.AMOUNT AMOUNT,
		DECODE(UA.APPLY_FLAG, '1', '-', BI.BANK_NAME) BANK_NAME,
		UA.APPLY_TIME,
		UI.USER_NAME,
		DECODE(UA.AUDIT_STATUS,
		1,
		'待审核',
		2,
		'审核通过',
		3,
		'审核拒绝') OPERATIONSTATUS,
		DECODE(UA.REASON,
		'我方有银行无(交易挂起)',
		'交易挂起',
		'调账') OPERATIONTYPE,
		UA.UPDATE_TIME
		FROM APPLY_UPADJUST UA,
		USER_INFO      UI,
		TRANSACTION    T,
		ACCOUNT        A,
		BANK_INFO      BI,
		XM_BANK        XB
		WHERE UA.BANK_TRANS_ID = XB.TRANS_ID(+)
		AND UA.REMARK IS NOT NULL
		AND UA.BANK_TRANS_ID = T.TRANS_ID
		AND T.CREDIT_SEQ = A.DEFAULT_SUB_SEQ
		AND T.BANK_SEQ = BI.ID
		AND UA.APPLY_USER_SEQ = UI.ID
		AND UA.BILL_TYPE = 1
		<if test="auditStatus != null and auditStatus != ''">
			AND UA.AUDIT_STATUS = #{auditStatus}
		</if>
		<if test="applyNo != null and applyNo!=''">
			and ua.apply_no=#{applyNo,jdbcType=VARCHAR}
		</if>
		<if test="transId != null and transId!=''">
			and t.trans_id=#{transId,jdbcType=VARCHAR}
		</if>
		<if test="startDate != null and startDate!=''">
			and to_char(ua.apply_time,'yyyy-MM-dd') >=
			#{startDate,jdbcType=VARCHAR}
		</if>
		<if test="endDate != null and endDate!=''">
			and #{endDate,jdbcType=VARCHAR} >=
			to_char(ua.apply_time,'yyyy-MM-dd')
		</if>
		<if test="operationType != null and operationType!='' and operationType==3">
			and ua.reason=#{reason,jdbcType=VARCHAR}
		</if>
		<if test="operationType != null and operationType!='' and operationType==2">
			and ua.reason !=#{reason,jdbcType=VARCHAR}
		</if>
        UNION ALL
        select
        distinct t.trans_id  trans_id,
        ua.apply_no,
        t.name,
        decode(ua.apply_flag, '1', bt.amount, t.amount) amount,
        decode(ua.apply_flag, '1', '-', t.bank_name) bank_name,
        ua.apply_time,
        ui.user_name,
        decode(ua.AUDIT_STATUS,
        1,
        '待审核',
        2,
        '审核通过',
        3,
        '审核拒绝') operationStatus,
        decode(ua.reason,
        '我方有银行无(交易挂起)',
        '交易挂起',
        '调账') operationType,
        ua.UPDATE_TIME
        from APPLY_UPADJUST     ua,
        user_info          ui,
        delegate_pay_order t,
        t_bank_trans       bt
        where ua.bank_trans_id = bt.trans_id(+)
        and ua.remark is not null
        and ua.trans_seq = t.id
        and ua.apply_user_seq = ui.id
        and ua.bill_type = 1
		and bt.trans_type = 'interBankPay'
		<if test="auditStatus != null and auditStatus != ''">
            AND UA.AUDIT_STATUS = #{auditStatus}
        </if>
        <if test="applyNo != null and applyNo!=''">
            and ua.apply_no=#{applyNo,jdbcType=VARCHAR}
        </if>
        <if test="transId != null and transId!=''">
            and t.trans_id=#{transId,jdbcType=VARCHAR}
        </if>
        <if test="startDate != null and startDate!=''">
            and to_char(ua.apply_time,'yyyy-MM-dd') >=
            #{startDate,jdbcType=VARCHAR}
        </if>
        <if test="endDate != null and endDate!=''">
            and #{endDate,jdbcType=VARCHAR} >=
            to_char(ua.apply_time,'yyyy-MM-dd')
        </if>
        <if test="operationType != null and operationType!='' and operationType==3">
            and ua.reason=#{reason,jdbcType=VARCHAR}
        </if>
        <if test="operationType != null and operationType!='' and operationType==2">
            and ua.reason !=#{reason,jdbcType=VARCHAR}
        </if>
         UNION ALL
        select
        distinct t.trans_id  trans_id,
        ua.apply_no,
        t.name,
        decode(ua.apply_flag, '1', t.amount, t.amount) amount,
        decode(ua.apply_flag, '1', '-', t.bank_name) bank_name,
        ua.apply_time,
        ui.user_name,
        decode(ua.AUDIT_STATUS,
        1,
        '待审核',
        2,
        '审核通过',
        3,
        '审核拒绝') operationStatus,
        decode(ua.reason,
        '我方有银行无(交易挂起)',
        '交易挂起',
        '调账') operationType,
        ua.UPDATE_TIME
        from APPLY_UPADJUST     ua,
        user_info          ui,
        WITHDRAW_ORDER t
        where ua.remark is not null
        and ua.trans_seq = t.id
        and ua.apply_user_seq = ui.id
        and ua.bill_type = 1
		<if test="auditStatus != null and auditStatus != ''">
            AND ua.AUDIT_STATUS = #{auditStatus}
        </if>
        <if test="applyNo != null and applyNo!=''">
            and ua.apply_no=#{applyNo,jdbcType=VARCHAR}
        </if>
        <if test="transId != null and transId!=''">
            and t.trans_id=#{transId,jdbcType=VARCHAR}
        </if>
        <if test="startDate != null and startDate!=''">
            and to_char(ua.apply_time,'yyyy-MM-dd') >=
            #{startDate,jdbcType=VARCHAR}
        </if>
        <if test="endDate != null and endDate!=''">
            and #{endDate,jdbcType=VARCHAR} >=
            to_char(ua.apply_time,'yyyy-MM-dd')
        </if>
        <if test="operationType != null and operationType!='' and operationType==3">
            and ua.reason=#{reason,jdbcType=VARCHAR}
        </if>
        <if test="operationType != null and operationType!='' and operationType==2">
            and ua.reason !=#{reason,jdbcType=VARCHAR}
        </if>
        ) M
        order by M.UPDATE_TIME desc
    </select>

	<!--网联待审核列表-->
	<select id="getNetsUnionAdjustAuditList" resultType="java.util.Map"
			parameterType="com.uns.web.form.AdjustAuditForm">
		select au.apply_no,
		tr.trans_id,
		tr.trans_amount,
		au.apply_time,
		ui.user_name,
		decode(au.audit_status, 1, '待审核', 2, '审核通过', 3, '审核拒绝') operationStatus,
		decode(au.reason, '我方有银行无(交易挂起)', '交易挂起', '调账') operationType
		from apply_upadjust au, user_info ui, trans_ref tr
		where au.remark is not null
		and au.apply_user_seq = ui.id
		and au.bill_type = 2
		and au.audit_status = 1
		and ui.id = au.apply_user_seq
		and au.trans_seq = tr.id
		<if test="auditStatus != null and auditStatus != ''">
			and au.audit_status = #{auditStatus}
		</if>
		<if test="applyNo != null and applyNo!=''">
			and au.apply_no=#{applyNo,jdbcType=VARCHAR}
		</if>
		<if test="transId != null and transId!=''">
			and tr.trans_id=#{transId,jdbcType=VARCHAR}
		</if>
		<if test="startDate != null and startDate!=''">
			and to_char(au.apply_time,'yyyy-MM-dd') >=
			#{startDate,jdbcType=VARCHAR}
		</if>
		<if test="endDate != null and endDate!=''">
			and #{endDate,jdbcType=VARCHAR} >=
			to_char(au.apply_time,'yyyy-MM-dd')
		</if>
		order by au.update_time desc
	</select>

	<!-- 银行无 我方有 -->
	<select id="getAuditDetail" resultType="java.util.Map"
		parameterType="java.util.Map">
		select
            t.trans_id, ua.bank_trans_id trans_id,
            t.order_id order_id,
            t.batch_no batch_no,
            at.action_name action_name,
            t.trans_status   trans_status,
            t.begin_date    begin_date,
            t.end_date    end_date,
            t.update_time    update_time,
            decode(t.amount,null,bt.amount,t.amount)amount,
            da.name          debit_name,
            da.email         debit_email,
            da.mobile        debit_mobile,
            t.debit_fee      debit_fee,
            ca.name          credit_name,
            ca.email         credit_email,
            ca.mobile        credit_mobile,
            t.credit_fee     credit_fee,
            ua.apply_no,
            ua.reason,
            ua.remark
		from
		transaction t,
		APPLY_UPADJUST ua,
		bank_trans bt,
		(select id,action_name from action_type where status = 1) at,
		(select
		name,email,mobile,default_sub_seq from ACCOUNT where login_password
		!=
		'test' or pay_password != 'test' or remark != 'import') ca,
		(select
		name,email,mobile,default_sub_seq from ACCOUNT where login_password
		!=
		'test' or pay_password != 'test' or remark != 'import') da
		where
		t.action_seq = at.id
		and ua.bank_trans_id = bt.trans_id(+)
		and t.id =
		ua.trans_seq
		and ua.audit_status !=3
		and t.credit_seq =
		ca.default_sub_seq
		and t.debit_seq = da.default_sub_seq
		and t.trans_id = #{transId,jdbcType=VARCHAR}
        and ua.apply_no = #{applyNo,jdbcType=VARCHAR}
		UNION ALL
    select
		decode(ua.bank_trans_id,null,t.trans_id,ua.bank_trans_id)trans_id,
		decode(ua.bank_trans_id,null,t.order_id,'-')order_id,
		decode(ua.bank_trans_id,null,t.batch_no,'-')batch_no,
		decode(ua.bank_trans_id,null,at.action_name,'-')action_name,
		decode(ua.bank_trans_id,NULL,'-')trade_type,
		decode(ua.bank_trans_id,null,t.order_status,'-')trans_status,
		decode(ua.bank_trans_id,null,t.create_time,'')begin_date,
		decode(ua.bank_trans_id,null,t.update_time,bt.trans_time)end_date,
		decode(ua.bank_trans_id,null,t.update_time,'')update_time,
        decode(t.amount,null,bt.amount,t.amount)amount,
		decode(ua.bank_trans_id,null,da.name,'-')debit_name,
		decode(ua.bank_trans_id,null,da.email,'-')debit_email,
		decode(ua.bank_trans_id,null,da.mobile,'-')debit_mobile,
		decode(ua.bank_trans_id,null,decode(t.debit_fee,NULL,0,t.debit_fee),'')debit_fee,
		decode(ua.bank_trans_id,null,ca.name,'-')credit_name,
		decode(ua.bank_trans_id,null,ca.email,'-')credit_email,
		decode(ua.bank_trans_id,null,ca.mobile,'-')credit_mobile,
		decode(ua.bank_trans_id,null,decode(t.credit_fee,NULL,0,t.credit_fee),'')credit_fee,
		ua.apply_no,
		ua.reason,
		ua.remark
		from
		order_delegate_collect_new t,
		APPLY_UPADJUST ua,
		bank_trans bt,
		(select id,action_name from action_type where status = 1) at,
		(select
		name,email,mobile,default_sub_seq from ACCOUNT where login_password
		!=
		'test' or pay_password != 'test' or remark != 'import') ca,
		(select
		name,email,mobile,default_sub_seq from ACCOUNT where login_password
		!=
		'test' or pay_password != 'test' or remark != 'import') da
		where
		t.action_type = at.id
		and ua.bank_trans_id = bt.trans_id(+)
		and t.id =
		ua.trans_seq
		and ua.audit_status !=3
		and t.credit_seq =
		ca.default_sub_seq
		and t.debit_seq = da.default_sub_seq
		and t.trans_id = #{transId,jdbcType=VARCHAR}
        and ua.apply_no = #{applyNo,jdbcType=VARCHAR}
		UNION ALL
		<!--增加出金审核 -->
        select  distinct t.trans_id, ua.bank_trans_id trans_id,
                t.order_id order_id,
                t.batch_no batch_no,
                at.action_name action_name,
                t.order_status trans_status,
                t.create_time begin_date,
                t.update_time end_date,
                t.update_time update_time,
                decode(t.amount,null,bt.amount,t.amount)amount,
                da.name debit_name,
                da.email debit_email,
                da.mobile debit_mobile,
                t.debit_fee debit_fee,
                ca.name credit_name,
                ca.email credit_email,
                ca.mobile credit_mobile,
                decode(t.credit_fee, NULL, 0, t.credit_fee) credit_fee,
                ua.apply_no,
                ua.reason,
                ua.remark
          from delegate_pay_order t,
               APPLY_UPADJUST ua,
               t_bank_trans bt,
               (select id, action_name from action_type where status = 1) at,
               (select name, email, mobile, default_sub_seq
                  from ACCOUNT
                 where login_password != 'test'
                    or pay_password != 'test'
                    or remark != 'import') ca,
               (select name, email, mobile, default_sub_seq
                  from ACCOUNT
                 where login_password != 'test'
                    or pay_password != 'test'
                    or remark != 'import') da
         where t.action_seq = at.id
           and ua.bank_trans_id = bt.trans_id(+)
           and t.id = ua.trans_seq
           and ua.audit_status !=3
           and t.credit_seq =ca.default_sub_seq
           and t.debit_seq = da.default_sub_seq
           and t.trans_id = #{transId,jdbcType=VARCHAR}
           and ua.apply_no = #{applyNo,jdbcType=VARCHAR}
           <!-- 增加出金银联审核 -->
           UNION ALL
        select  distinct t.trans_id, ua.bank_trans_id trans_id,
                t.order_id order_id,
                t.batch_no batch_no,
                at.action_name action_name,
                t.order_status trans_status,
                t.create_time begin_date,
                t.update_time end_date,
                t.update_time update_time,
                decode(t.amount,null,t.amount,t.amount)amount,
                da.name debit_name,
                da.email debit_email,
                da.mobile debit_mobile,
                t.debit_fee debit_fee,
                ca.name credit_name,
                ca.email credit_email,
                ca.mobile credit_mobile,
                decode(t.credit_fee, NULL, 0, t.credit_fee) credit_fee,
                ua.apply_no,
                ua.reason,
                ua.remark
          from WITHDRAW_ORDER t,
               APPLY_UPADJUST ua,
               (select id, action_name from action_type where status = 1) at,
               (select name, email, mobile, default_sub_seq
                  from ACCOUNT
                 where login_password != 'test'
                    or pay_password != 'test'
                    or remark != 'import') ca,
               (select name, email, mobile, default_sub_seq
                  from ACCOUNT
                 where login_password != 'test'
                    or pay_password != 'test'
                    or remark != 'import') da
         where t.action_seq = at.id
           and t.id = ua.trans_seq
           and ua.audit_status !=3
           and t.credit_seq =ca.default_sub_seq
           and t.debit_seq = da.default_sub_seq
           and t.trans_id = #{transId,jdbcType=VARCHAR}
           and ua.apply_no = #{applyNo,jdbcType=VARCHAR}    
	</select>

	<select id="getNetsUnionAuditDetail" parameterType="java.util.Map" resultType="java.util.Map">
		select t.trans_id,
       		ua.bank_trans_id trans_id,
       		t.order_id       order_id,
       		t.batch_no       batch_no,
       		at.action_name   action_name,
       		t.trans_status   trans_status,
       		t.begin_date     begin_date,
       		t.end_date       end_date,
       		t.update_time    update_time,
       		t.amount         amount,
       		da.name          debit_name,
       		da.email         debit_email,
       		da.mobile        debit_mobile,
       		t.debit_fee      debit_fee,
       		ca.name          credit_name,
       		ca.email         credit_email,
       		ca.mobile        credit_mobile,
       		t.credit_fee     credit_fee,
       		ua.apply_no,
       		ua.reason,
       		ua.remark
  		from transaction t,
       		 apply_upadjust ua,
       		 (select id, action_name from action_type where status = 1) at,
       		 (select name, email, mobile, default_sub_seq
          		from ACCOUNT
                where login_password != 'test'
                or pay_password != 'test'
                or remark != 'import') ca,
             (select name, email, mobile, default_sub_seq
               from ACCOUNT
               where login_password != 'test'
               or pay_password != 'test'
               or remark != 'import') da,
               trans_ref tr
 		where t.action_seq = at.id
 		  	 and tr.id = ua.trans_seq
 		  	 and tr.trans_id = t.trans_id
 		  	 and ua.audit_status != 3
 		  	 and t.credit_seq = ca.default_sub_seq
 		  	 and t.debit_seq = da.default_sub_seq
 		  	 and tr.trans_id = #{transId,jdbcType=VARCHAR}
 		  	 and ua.apply_no = #{applyNo,jdbcType=VARCHAR}
	</select>

	<!-- 其他 -->
	<select id="getAuditBankDetail" resultType="java.util.Map"
		parameterType="java.util.Map">
		select
		decode(ua.bank_trans_id,null,t.trans_id,ua.bank_trans_id)trans_id,
		decode(ua.bank_trans_id,null,t.order_id,'-')order_id,
		decode(ua.bank_trans_id,null,t.batch_no,'-')batch_no,
		decode(ua.bank_trans_id,null,at.action_name,'-')action_name,
		decode(ua.bank_trans_id,null,t.trade_type,'-')trade_type,
		decode(ua.bank_trans_id,null,t.trans_status,'-')trans_status,
		decode(ua.bank_trans_id,null,t.begin_date,'')begin_date,
		decode(ua.bank_trans_id,null,t.end_date,bt.trans_time)end_date,
		decode(ua.bank_trans_id,null,t.update_time,'')update_time,
		decode(ua.bank_trans_id,null,t.amount,bt.amount)amount,
		decode(ua.bank_trans_id,null,da.name,'-')debit_name,
		decode(ua.bank_trans_id,null,da.email,'-')debit_email,
		decode(ua.bank_trans_id,null,da.mobile,'-')debit_mobile,
		decode(ua.bank_trans_id,null,decode(t.debit_fee,NULL,0,t.DEBIT_FEE),'')debit_fee,
		decode(ua.bank_trans_id,null,ca.name,'-')credit_name,
		decode(ua.bank_trans_id,null,ca.email,'-')credit_email,
		decode(ua.bank_trans_id,null,ca.mobile,'-')credit_mobile,
		decode(ua.bank_trans_id,null,decode(t.credit_fee,NULL,0,t.credit_fee),'')credit_fee,
		ua.apply_no,
		ua.reason,
		ua.remark
		from
		transaction t,
		APPLY_UPADJUST ua,
		bank_trans bt,
		(select id,action_name from action_type where status = 1) at,
		(select
		name,email,mobile,default_sub_seq from ACCOUNT where login_password
		!=
		'test' or pay_password != 'test' or remark != 'import') ca,
		(select
		name,email,mobile,default_sub_seq from ACCOUNT where login_password
		!=
		'test' or pay_password != 'test' or remark != 'import') da
		where
		t.action_seq = at.id
		and ua.bank_trans_id = bt.trans_id(+)
		and t.id =
		ua.trans_seq
		and ua.audit_status !=3
		and t.credit_seq =
		ca.default_sub_seq
		and t.debit_seq = da.default_sub_seq
		and bt.trans_id
		= #{transId,jdbcType=VARCHAR}
		UNION ALL
		select
		decode(ua.bank_trans_id,null,t.trans_id,ua.bank_trans_id)trans_id,
		decode(ua.bank_trans_id,null,t.order_id,'-')order_id,
		decode(ua.bank_trans_id,null,t.batch_no,'-')batch_no,
		decode(ua.bank_trans_id,null,at.action_name,'-')action_name,
		decode(ua.bank_trans_id,NULL,'-')trade_type,
		decode(ua.bank_trans_id,null,t.order_status,'-')trans_status,
		decode(ua.bank_trans_id,null,t.create_time,'')begin_date,
		decode(ua.bank_trans_id,null,t.update_time,bt.trans_time)end_date,
		decode(ua.bank_trans_id,null,t.update_time,'')update_time,
		decode(ua.bank_trans_id,null,t.amount,bt.amount)amount,
		decode(ua.bank_trans_id,null,da.name,'-')debit_name,
		decode(ua.bank_trans_id,null,da.email,'-')debit_email,
		decode(ua.bank_trans_id,null,da.mobile,'-')debit_mobile,
		decode(ua.bank_trans_id,null,decode(t.debit_fee,NULL,0,t.debit_fee),'')debit_fee,
		decode(ua.bank_trans_id,null,ca.name,'-')credit_name,
		decode(ua.bank_trans_id,null,ca.email,'-')credit_email,
		decode(ua.bank_trans_id,null,ca.mobile,'-')credit_mobile,
		decode(ua.bank_trans_id,null,decode(t.credit_fee,NULL,0,t.credit_fee),'')credit_fee,
		ua.apply_no,
		ua.reason,
		ua.remark
		from
		Order_Delegate_Collect_New t,
		APPLY_UPADJUST ua,
		bank_trans bt,
		(select id,action_name from action_type where status = 1) at,
		(select
		name,email,mobile,default_sub_seq from ACCOUNT where login_password
		!=
		'test' or pay_password != 'test' or remark != 'import') ca,
		(select
		name,email,mobile,default_sub_seq from ACCOUNT where login_password
		!=
		'test' or pay_password != 'test' or remark != 'import') da
		where
		t.action_type = at.id
		and ua.bank_trans_id = bt.trans_id(+)
		and t.id =
		ua.trans_seq
		and ua.audit_status !=3
		and t.credit_seq =
		ca.default_sub_seq
		and t.debit_seq = da.default_sub_seq
		and bt.trans_id
		= #{transId,jdbcType=VARCHAR}
	</select>

	<!-- 根据调账申请编号查询申请记录 -->
	<select id="getByApplyNo" resultMap="BaseResultMap"
		parameterType="string">
		select
		<include refid="Base_Column_List" />
		from APPLY_UPADJUST
		where apply_no = #{applyNo,jdbcType=VARCHAR}
	</select>

	<!-- 查询该交易是否存在正在审核的记录 -->
	<select id="checkApplied" resultType="Integer" parameterType="string">
		select
		COUNT(1)
		from APPLY_UPADJUST ua,
		TRANSACTION t
		where
		ua.trans_seq = t.id
		and t.trans_id like #{transId,jdbcType=VARCHAR}
		and
		ua.audit_status !=3
	</select>

	<!-- 查询银行冲正的申请记录 -->
	<select id="checkApply" resultType="Integer" parameterType="string">
		select
		count(1)
		from APPLY_UPADJUST
		where bank_trans_id =
		#{transId,jdbcType=VARCHAR}
		and audit_status !=3
	</select>

	<!-- 获取前一对账日期挂起的交易 -->
	<select id="getHandUpTrans" resultType="java.util.Map"
		parameterType="java.util.Map">
		select DISTINCT
		t.trans_id trans_id,
		t.order_id,
		t.amount,
		t.trans_status,
		bi.bank_name,
		at.action_name,
		a.name,
		cb.channel,
		cb.check_date
		from
		APPLY_UPADJUST ua,
		transaction t,
		bank_info bi,
		action_type at,
		account a,
		check_bill cb,
		check_bill_trans_detail cbtd
		where ua.trans_seq = t.id
		and ua.reason=#{reason,jdbcType=VARCHAR}
		and ua.audit_status = 2
		and t.bank_seq =bi.id
		and t.action_seq = at.id
		and t.credit_seq = a.default_sub_seq
		<if test="billType == '1'">
			and at.flag = -1
		</if>
		<if test="billType == '0'">
			and at.flag = 1
		</if>
		and cbtd.check_date = cb.check_date-1
		and  t.trans_id = cbtd.local_trans_id
		and cb.id = #{id,jdbcType=VARCHAR}
		union all
		select DISTINCT
		t.trans_id trans_id,
		t.order_id,
		t.amount,
		DECODE(T.ORDER_STATUS, '2', '3', '0') TRANS_STATUS,
		t.bank_name,
		at.action_name,
		a.name,
		cb.channel,
		cb.check_date
		from
		APPLY_UPADJUST ua,
		order_delegate_collect_new t,
		action_type at,
		account a,
		check_bill cb,
		check_bill_trans_detail cbtd
		where ua.trans_seq = t.id
		and ua.reason=#{reason,jdbcType=VARCHAR}
		and ua.audit_status = 2
		and t.action_type = at.id
		and t.credit_seq = a.default_sub_seq
		<if test="billType == '1'">
			and at.flag = -1
		</if>
		<if test="billType == '0'">
			and at.flag = 1
		</if>
		and cbtd.check_date = cb.check_date-1
		and  t.trans_id = cbtd.local_trans_id
		and cb.id = #{id,jdbcType=VARCHAR}
		union all
		select DISTINCT
		t.trans_id trans_id,
		t.order_id,
		t.amount,
		T.order_status TRANS_STATUS,
		t.bank_name,
		at.action_name,
		a.name,
		cb.channel,
		cb.check_date
		from
		APPLY_UPADJUST ua,
		WITHDRAW_ORDER t,
		action_type at,
		account a,
		check_bill cb,
		check_bill_trans_detail cbtd
		where ua.trans_seq = t.id
		and ua.reason=#{reason,jdbcType=VARCHAR}
		and ua.audit_status = 2
		and t.action_seq = at.id
		and t.credit_seq = a.default_sub_seq
		<if test="billType == '1'">
			and at.flag = -1
		</if>
		<if test="billType == '0'">
			and at.flag = 1
		</if>
		and cbtd.check_date = cb.check_date-1
		and  t.trans_id = cbtd.local_trans_id
		and cb.id = #{id,jdbcType=VARCHAR}
        union all
        SELECT DISTINCT T.TRANS_ID TRANS_ID,
        T.ORDER_ID,
        T.AMOUNT,
        T.ORDER_STATUS TRANS_STATUS,
        T.BANK_NAME,
        AT.ACTION_NAME,
        A.NAME,
        CB.CHANNEL,
        CB.CHECK_DATE
        FROM APPLY_UPADJUST             UA,
        delegate_pay_order T,
        ACTION_TYPE                AT,
        ACCOUNT                    A,
        CHECK_BILL                 CB,
        CHECK_BILL_TRANS_DETAIL    CBTD
        WHERE UA.TRANS_SEQ = T.ID
        and ua.reason=#{reason,jdbcType=VARCHAR}
        and ua.audit_status = 2
        and t.action_seq = at.id
        and t.credit_seq = a.default_sub_seq
        <if test="billType == '1'">
            and at.flag = -1
        </if>
        <if test="billType == '0'">
            and at.flag = 1
        </if>
        and cbtd.check_date = cb.check_date-1
        and  t.trans_id = cbtd.local_trans_id
        and cb.id = #{id,jdbcType=VARCHAR}
	</select>

	<!-- 获取网联挂起的交易 -->
	<select id="getNestUnionHungUpTrans" resultType="java.util.Map"
			parameterType="java.util.Map">
		select
		tr.id,
		tr.trans_id,
		tr.trans_amount,
		tr.trans_status,
		tr.pay_org_id_seq,
		tr.dest_org_id_seq,
		tr.trans_type,
		cb.check_date,
		tr.batch_id,
		bi.bank_name,
		at.action_name
		from
		trans_ref tr,
		apply_upadjust ua,
		check_bill cb,
		check_bill_trans_detail cbtd,
		transaction t
		left join
		bank_info bi
		on t.bank_seq = bi.id
		left join
		action_type at
		on t.action_seq = at.id
		where ua.trans_seq = tr.id
		and ua.reason=#{reason,jdbcType=VARCHAR}
		and ua.audit_status = 2
	  	and ua.check_bill_trans_detail_id = cbtd.id
		and cbtd.check_date = cb.check_date-1
		and tr.trans_id = cbtd.local_trans_id
		and cb.id = #{id,jdbcType=VARCHAR}
		and t.trans_id = tr.trans_id
	</select>


	<!-- 查询银行交易金额 -->
	<select id="getBankTransAmount" resultType="double"
		parameterType="string">
		select
		bt.bank_amount
		from check_bill_trans_detail bt,
		APPLY_UPADJUST ua
		where ua.id = #{id,jdbcType=VARCHAR}
		and ua.bank_trans_id = bt.bank_trans_id
	</select>

	<!-- 查询银行交易金额,金额不对 -->
	<select id="getTransAmount" resultType="double" parameterType="string">
		select
		bt.amount
		from BANK_TRANS bt
		where
		bt.trans_id =
		(select trans_id
		from transaction where id = #{id,jdbcType=VARCHAR})
	</select>

	<!-- 删除银行有我方无的调账记录 -->
	<delete id="delectbyBankTransId" parameterType="java.util.List">
		delete from APPLY_UPADJUST
		where bank_trans_id in
		<foreach collection="list" item="item" index="index" open="("
			close=")" separator=",">
			#{item}
		</foreach>
	</delete>

	<!-- 删除其他调账记录 -->
	<delete id="delectbyTransSeq" parameterType="java.util.List">
		delete from APPLY_UPADJUST
		where trans_seq in
		(
		select id from
		transaction where trans_id in
		<foreach collection="list" item="item" index="index" open="("
			close=")" separator=",">
			#{item}
		</foreach>
		union all
		select id from
		order_delegate_collect_new where trans_id in
		<foreach collection="list" item="item" index="index" open="("
				 close=")" separator=",">
			#{item}
		</foreach>
		)
	</delete>

	<!-- 删除其他调账记录 -->
	<delete id="delectbyTransSeqNetsUnion" parameterType="java.util.List">
		delete from APPLY_UPADJUST
		where trans_seq in
		(
		select id from
		trans_ref where trans_id in
		<foreach collection="list" item="item" index="index" open="("
				 close=")" separator=",">
			#{item}
		</foreach>
		)
	</delete>

	<!-- 获取申请批次号 -->
	<select id="getApplyByBankId" resultType="Long" parameterType="java.util.List">
		select id from APPLY_UPADJUST
		where bank_trans_id in
		<foreach collection="list" item="item" index="index" open="("
			close=")" separator=",">
			#{item}
		</foreach>
	</select>

	<select id="getapplyNoByTransSeq" resultType="Long"
		parameterType="java.util.List">
		select id from APPLY_UPADJUST
		where trans_seq in
		(
		select id from
		transaction where trans_id in
		<foreach collection="list" item="item" index="index" open="("
			close=")" separator=",">
			#{item}
		</foreach>
		)
		union all
		select id from APPLY_UPADJUST
		where trans_seq in
		(
		select id from
		order_delegate_collect_new where trans_id in
		<foreach collection="list" item="item" index="index" open="("
				 close=")" separator=",">
			#{item}
		</foreach>
		)
	</select>

	<!-- 获取cncb_b2c我方有银行无的申请批次号 -->
	<select id="getApplyByCncb" resultType="Long" parameterType="java.util.Map">
		select
		au.id
		from bank_info bi ,
		transaction t ,
		check_bill cb,
		action_type at,
		account a,
		apply_upadjust au
		where
		t.bank_seq = bi.id
		and
		t.action_seq = at.id
		and t.credit_seq = a.default_sub_seq
		and
		t.begin_date >= cb.check_date
		and t.begin_date <![CDATA[<= ]]>
		cb.check_date+1-1/86400
		and at.flag = 1
		and t.trans_status=3
		and
		au.trans_seq=t.id
		and at.id in(${actionType})
		and
		instr(bank_code,#{channelType,jdbcType=VARCHAR})=1
		and
		to_char(cb.check_date,'yyyy-MM-dd')=#{checkDate,jdbcType=VARCHAR}
		and
		cb.channel=#{channel,jdbcType=VARCHAR}
		and bi.bank_code not in
		(${errorChannel})
	</select>

	<delete id="deleteByCncb" parameterType="java.util.Map">
		delete from
		apply_upadjust
		where apply_no in(
		select
		au.apply_no
		from bank_info bi ,
		transaction t ,
		check_bill cb,
		action_type at,
		account a,
		apply_upadjust
		au
		where
		t.bank_seq = bi.id
		and t.action_seq = at.id
		and t.credit_seq =
		a.default_sub_seq
		and t.begin_date >= cb.check_date
		and t.begin_date <![CDATA[ <=]]> cb.check_date+1-1/86400
		and at.flag = 1
		and t.trans_status=3
		and
		au.trans_seq=t.id
		and at.id in(${actionType})
		and
		instr(bank_code,#{channelType,jdbcType=VARCHAR})=1
		and
		to_char(cb.check_date,'yyyy-MM-dd')=#{checkDate,jdbcType=VARCHAR}
		and
		cb.channel=#{channel,jdbcType=VARCHAR}
		and bi.bank_code not in
		(${errorChannel})
		)
	</delete>
	
	<!-- 跟新对账申请记录状态 -->
	<update id="updateByTransId" parameterType="String">
		update check_bill_trans_detail
		 set deal_flag=5
		 where local_trans_id=#{transId,jdbcType=VARCHAR} or bank_trans_id=#{transId,jdbcType=VARCHAR}
	</update>
	
	<update id="updateByApplyTransId" parameterType="java.util.Map">
		update check_bill_trans_detail
		 set deal_flag=#{status,jdbcType=VARCHAR}
		 where local_trans_id=#{transId,jdbcType=VARCHAR}
	</update>
	
    <update id="updateByApplyBankTransId" parameterType="java.util.Map">
		update check_bill_trans_detail
		 set deal_flag=#{status,jdbcType=VARCHAR}
		 where bank_trans_id= #{transId,jdbcType=VARCHAR}
	</update>
	<update id="updateBatch">
		UPDATE CHECK_BILL_TRANS_DETAIL
		   SET DEAL_FLAG = 5
		 WHERE LOCAL_TRANS_ID IN
		 	<foreach collection="transIds" separator="," open="(" close=")" index="index" item="item">
				#{item,jdbcType=VARCHAR}
			</foreach>
			OR BANK_TRANS_ID IN
			<foreach collection="transIds" separator="," open="(" close=")" index="index" item="item">
				#{item,jdbcType=VARCHAR}
			</foreach>
	</update>
	<update id="updateByApplyTransIdBatch">
		update check_bill_trans_detail
		 set deal_flag=#{status,jdbcType=VARCHAR}
		 where 
		 <foreach collection="dealFlagsmaps" item="item" separator="or" index="index">
			<if test="item.type == 1">
				local_trans_id=#{item.transId,jdbcType=VARCHAR}
			</if>
			 <if test="item.type == 2">
				 BANK_TRANS_ID = #{item.transId,jdbcType=VARCHAR}
                 OR
                 local_trans_id=#{item.transId,jdbcType=VARCHAR}
			 </if>
		 </foreach>
	</update>
	<update id="updateApplyBatch">
		update APPLY_UPADJUST
		<trim prefix="set" suffixOverrides=",">
			<trim prefix="AUDIT_STATUS = case" suffix="end,">
				<foreach collection="upadjustApplies" item="item" index="index">
					<if test="item.auditStatus != null">
						WHEN id = #{item.id} then #{item.auditStatus}
					</if>
				</foreach>
			</trim>
			<trim prefix="UPDATE_TIME = case" suffix="end,">
				<foreach collection="upadjustApplies" item="item" index="index">
					<if test="item.updateTime != null">
						WHEN id = #{item.id} then #{item.updateTime,jdbcType=TIMESTAMP}
					</if>
				</foreach>
			</trim>
			<trim prefix="UPDATE_USER = case" suffix="end,">
				<foreach collection="upadjustApplies" item="item" index="index">
					<if test="item.updateUser != null">
						WHEN id = #{item.id} then #{item.updateUser}
					</if>
				</foreach>
			</trim>
		</trim>
		WHERE id in
		<foreach collection="upadjustApplies" separator="," open="(" close=")" index="index" item="item">
			#{item.id}
		</foreach>
	</update>

	<select id="getById" parameterType="String" resultType="String">
		select trans_id 
		from apply_upadjust au,
		 transaction t,
		 check_bill_trans_detail dt
		 where au.apply_no=#{applyNo,jdbcType=VARCHAR}
		 and t.id=au.trans_seq
		 and t.trans_id=dt.local_trans_id
		 and au.trans_type = 0
		 union all
		 select trans_id
		from apply_upadjust au,
		 ORDER_DELEGATE_COLLECT_NEW t,
		 check_bill_trans_detail dt
		 where au.apply_no=#{applyNo,jdbcType=VARCHAR}
		 and t.id=au.trans_seq
		 and t.trans_id=dt.local_trans_id
		 and au.trans_type = 1
		 union all
		 select trans_id
		from apply_upadjust au,
		 delegate_pay_order t,
		 check_bill_trans_detail dt
		 where au.apply_no=#{applyNo,jdbcType=VARCHAR}
		 and t.id=au.trans_seq
		 and t.trans_id=dt.local_trans_id
		 and au.trans_type = 1
	</select>

	<select id="getNetsUnionById" parameterType="String" resultType="String">
		select tr.trans_id
		from apply_upadjust au,
		 trans_ref tr,
		 check_bill_trans_detail dt
		 where au.apply_no=#{applyNo,jdbcType=VARCHAR}
		 and tr.id=au.trans_seq
		 and tr.trans_id = dt.local_trans_id
	</select>

	<select id="getNetsUnionTransId" parameterType="String" resultType="String">
		select t.trans_id
		from apply_upadjust au,
		 trans_ref t,
		 check_bill_trans_detail dt
		 where au.apply_no=#{applyNo,jdbcType=VARCHAR}
		 and t.id=au.trans_seq
		 and t.trans_id=dt.local_trans_id
	</select>

    <select id="getByCncbId" parameterType="String" resultType="String">
		select t.trans_id 
		from apply_upadjust au,
		 transaction t
		 where au.apply_no=#{applyNo,jdbcType=VARCHAR}
		 and t.id=au.trans_seq
	</select>
	<select id="checkApplyed" resultType="java.lang.Integer">
		SELECT COUNT(1)
		  FROM APPLY_UPADJUST UA
		 WHERE UA.TRANS_SEQ IN (SELECT M.ID
								  FROM TRANSACTION M
								 WHERE M.TRANS_ID IN
								 <foreach collection="transIds" item="item" open="(" close=")" separator=",">
									#{item,jdbcType=VARCHAR}
								 </foreach>
								UNION ALL
								SELECT M.ID
								  FROM ORDER_DELEGATE_COLLECT_NEW M
								 WHERE M.TRANS_ID IN
								<foreach collection="transIds" item="item" open="(" close=")" separator=",">
									#{item,jdbcType=VARCHAR}
								</foreach>)
			OR UA.BANK_TRANS_ID IN
				<foreach collection="transIds" item="item" open="(" close=")" separator=",">
					#{item,jdbcType=VARCHAR}
				</foreach>
	</select>

	<select id="checkEpccApplyed" resultType="java.lang.Integer">
		select count(1)
		from apply_upadjust ua
		where ua.trans_seq in (
		select m.id
		from trans_ref m
		where m.trans_id in
		<foreach collection="transIds" item="item" open="(" close=")" separator=",">
			#{item,jdbcType=VARCHAR}
			</foreach>
		)
	</select>

	<select id="getBatchList" resultMap="BaseResultMap">
		SELECT <include refid="Base_Column_List" /> FROM APPLY_UPADJUST M
		WHERE M.APPLY_NO IN
		<foreach collection="applyNos" item="item" open="(" close=")" separator=",">
			#{item,jdbcType=VARCHAR}
		</foreach>
	</select>
	<select id="getWaitAuditList" resultType="java.lang.String">
		SELECT UA.APPLY_NO
		  FROM APPLY_UPADJUST UA
		  LEFT JOIN CHECK_BILL_TRANS_DETAIL CB
			ON UA.CHECK_BILL_TRANS_DETAIL_ID = CB.ID
		 WHERE  UA.AUDIT_STATUS = '1'
		   AND UA.REASON = '我方有银行无(交易挂起)'
		   AND CB.CHECK_TRANS_STATUS = '3'
		   AND CB.CHANNEL = #{channel,jdbcType=VARCHAR}
		   AND cb.check_date = to_date(#{startDate,jdbcType=VARCHAR},'yyyy/MM/dd')
	</select>

	<select id="getNetsUnionWaitAuditList" resultType="java.lang.String">
		SELECT UA.APPLY_NO
		  FROM APPLY_UPADJUST UA
		  LEFT JOIN CHECK_BILL_TRANS_DETAIL CB
			ON UA.CHECK_BILL_TRANS_DETAIL_ID = CB.ID
		 WHERE  UA.AUDIT_STATUS = '1'
		   AND UA.REASON = '我方有银行无(交易挂起)'
		   AND CB.CHECK_TRANS_STATUS = '3'
		   AND CB.CHANNEL = #{channel,jdbcType=VARCHAR}
		   AND cb.check_date = to_date(#{startDate,jdbcType=VARCHAR},'yyyy/MM/dd')
		   and cb.batch_id = #{batchId, jdbcType=VARCHAR}
	</select>

	<select id="getNetsUnionByTransSeq" parameterType="java.util.Map" resultMap="BaseResultMap">
		select au.*
		from apply_upadjust au,check_bill_trans_detail cbtd
		where cbtd.local_trans_id = #{transId, jdbcType=VARCHAR}
		and au.check_bill_trans_detail_id = cbtd.id
		and cbtd.check_date = #{checkdate, jdbcType=TIMESTAMP} - 1
		and au.trans_seq = #{localTransId, jdbcType=DECIMAL}
	</select>

</mapper>