<?xml version="1.0" encoding="UTF-8" ?>
<!DOCTYPE mapper PUBLIC "-//mybatis.org//DTD Mapper 3.0//EN" "mybatis-3-mapper.dtd" >
<mapper namespace="com.uns.dao.UserInfoMapper" >
  <resultMap id="BaseResultMap" type="com.uns.model.UserInfo" >
    <id column="ID" property="id" jdbcType="DECIMAL" />
    <result column="USER_ID" property="userId" jdbcType="VARCHAR" />
    <result column="USER_NAME" property="userName" jdbcType="VARCHAR" />
    <result column="LOGIN_NAME" property="loginName" jdbcType="VARCHAR" />
    <result column="PASSWORD" property="password" jdbcType="VARCHAR" />
    <result column="TEL" property="tel" jdbcType="VARCHAR" />
    <result column="USER_TYPE" property="userType" jdbcType="VARCHAR" />
    <result column="FLAG" property="flag" jdbcType="VARCHAR" />
    <result column="ACTIVE_CODE" property="activeCode" jdbcType="VARCHAR" />
    <result column="OFFER_PERSON" property="offerPerson" jdbcType="VARCHAR" />
    <result column="MOBILE" property="mobile" jdbcType="VARCHAR" />
    <result column="STATUS" property="status" jdbcType="VARCHAR" />
    <result column="REMARK" property="remark" jdbcType="VARCHAR" />
    <result column="SESSION_ID" property="sessionId" jdbcType="VARCHAR" />
    <result column="EMAIL" property="email" jdbcType="VARCHAR" />
    <result column="VERSION" property="version" jdbcType="DECIMAL" />
    <result column="CREATE_USER" property="createUser" jdbcType="VARCHAR" />
    <result column="CREATE_TIME" property="createTime" jdbcType="DATE" />
    <result column="UPDATE_USER" property="updateUser" jdbcType="VARCHAR" />
    <result column="UPDATE_TIME" property="updateTime" jdbcType="DATE" />
    <result column="ROLE_ID" property="roleId" jdbcType="DECIMAL" />
    <result column="LEAVE_INFO" property="leaveInfo" jdbcType="VARCHAR" />
    <result column="attemptTimes" property="attemptTimes" jdbcType="DECIMAL" />
    <result column="UPDATE_PASSWORD_TIME" property="updatePasswordTime" jdbcType="DATE" />
  </resultMap>
  <sql id="Base_Column_List" >
    ID, USER_ID, USER_NAME, LOGIN_NAME, "PASSWORD", TEL, USER_TYPE, FLAG, ACTIVE_CODE, 
    OFFER_PERSON, MOBILE, "STATUS", REMARK, SESSION_ID, EMAIL, VERSION, CREATE_USER, 
    CREATE_TIME, UPDATE_USER, UPDATE_TIME, ROLE_ID, LEAVE_INFO, attemptTimes, UPDATE_PASSWORD_TIME
  </sql>
  <select id="selectByPrimaryKey" resultMap="BaseResultMap" parameterType="java.math.BigDecimal" >
    select 
    <include refid="Base_Column_List" />
    from USER_INFO
    where ID = #{id,jdbcType=DECIMAL}
  </select>
  <delete id="deleteByPrimaryKey" parameterType="java.math.BigDecimal" >
    delete from USER_INFO
    where ID = #{id,jdbcType=DECIMAL}
  </delete>
  <insert id="insert" parameterType="com.uns.model.UserInfo" >
    insert into USER_INFO (ID, USER_ID, USER_NAME, 
      LOGIN_NAME, "PASSWORD", TEL, 
      USER_TYPE, FLAG, ACTIVE_CODE, 
      OFFER_PERSON, MOBILE, "STATUS", 
      REMARK, SESSION_ID, EMAIL, 
      VERSION, CREATE_USER, CREATE_TIME, 
      UPDATE_USER, UPDATE_TIME, ROLE_ID, 
      LEAVE_INFO, attemptTimes, UPDATE_PASSWORD_TIME
      )
    values (#{id,jdbcType=DECIMAL}, #{userId,jdbcType=VARCHAR}, #{userName,jdbcType=VARCHAR}, 
      #{loginName,jdbcType=VARCHAR}, #{password,jdbcType=VARCHAR}, #{tel,jdbcType=VARCHAR}, 
      #{userType,jdbcType=VARCHAR}, #{flag,jdbcType=VARCHAR}, #{activeCode,jdbcType=VARCHAR}, 
      #{offerPerson,jdbcType=VARCHAR}, #{mobile,jdbcType=VARCHAR}, #{status,jdbcType=VARCHAR}, 
      #{remark,jdbcType=VARCHAR}, #{sessionId,jdbcType=VARCHAR}, #{email,jdbcType=VARCHAR}, 
      #{version,jdbcType=DECIMAL}, #{createUser,jdbcType=VARCHAR}, #{createTime,jdbcType=DATE}, 
      #{updateUser,jdbcType=VARCHAR}, #{updateTime,jdbcType=DATE}, #{roleId,jdbcType=DECIMAL}, 
      #{leaveInfo,jdbcType=VARCHAR}, #{attemptTimes,jdbcType=DECIMAL}, #{updatePasswordTime,jdbcType=DATE}
      )
  </insert>
  <insert id="insertSelective" parameterType="com.uns.model.UserInfo" >
    insert into USER_INFO
    <trim prefix="(" suffix=")" suffixOverrides="," >
      ID,
      USER_ID,
      USER_NAME,
      LOGIN_NAME,
      "PASSWORD",
      TEL,
      USER_TYPE,
      FLAG,
      ACTIVE_CODE,
      OFFER_PERSON,
      MOBILE,
      "STATUS",
      REMARK,
      SESSION_ID,
      EMAIL,
      VERSION,
      CREATE_USER,
      CREATE_TIME,
      UPDATE_USER,
      UPDATE_TIME,
      ROLE_ID,
      LEAVE_INFO,
      attemptTimes,
      UPDATE_PASSWORD_TIME,
    </trim>
    <trim prefix="values (" suffix=")" suffixOverrides="," >
      #{id,jdbcType=DECIMAL},
      #{userId,jdbcType=VARCHAR},
      #{userName,jdbcType=VARCHAR},
      #{loginName,jdbcType=VARCHAR},
      #{password,jdbcType=VARCHAR},
      #{tel,jdbcType=VARCHAR},
      #{userType,jdbcType=VARCHAR},
      #{flag,jdbcType=VARCHAR},
      #{activeCode,jdbcType=VARCHAR},
      #{offerPerson,jdbcType=VARCHAR},
      #{mobile,jdbcType=VARCHAR},
      #{status,jdbcType=VARCHAR},
      #{remark,jdbcType=VARCHAR},
      #{sessionId,jdbcType=VARCHAR},
      #{email,jdbcType=VARCHAR},
      #{version,jdbcType=DECIMAL},
      #{createUser,jdbcType=VARCHAR},
      #{createTime,jdbcType=DATE},
      #{updateUser,jdbcType=VARCHAR},
      #{updateTime,jdbcType=DATE},
      #{roleId,jdbcType=DECIMAL},
      #{leaveInfo,jdbcType=VARCHAR},
      #{attemptTimes,jdbcType=DECIMAL},
      #{updatePasswordTime,jdbcType=DATE},
    </trim>
  </insert>
  <update id="updateByPrimaryKeySelective" parameterType="com.uns.model.UserInfo" >
    update USER_INFO
    <set >
      <if test="userId != null" >
        USER_ID = #{userId,jdbcType=VARCHAR},
      </if>
      <if test="userName != null" >
        USER_NAME = #{userName,jdbcType=VARCHAR},
      </if>
      <if test="loginName != null" >
        LOGIN_NAME = #{loginName,jdbcType=VARCHAR},
      </if>
      <if test="password != null" >
        "PASSWORD" = #{password,jdbcType=VARCHAR},
      </if>
      <if test="tel != null" >
        TEL = #{tel,jdbcType=VARCHAR},
      </if>
      <if test="userType != null" >
        USER_TYPE = #{userType,jdbcType=VARCHAR},
      </if>
      <if test="flag != null" >
        FLAG = #{flag,jdbcType=VARCHAR},
      </if>
      <if test="activeCode != null" >
        ACTIVE_CODE = #{activeCode,jdbcType=VARCHAR},
      </if>
      <if test="offerPerson != null" >
        OFFER_PERSON = #{offerPerson,jdbcType=VARCHAR},
      </if>
      <if test="mobile != null" >
        MOBILE = #{mobile,jdbcType=VARCHAR},
      </if>
      <if test="status != null" >
        "STATUS" = #{status,jdbcType=VARCHAR},
      </if>
      <if test="remark != null" >
        REMARK = #{remark,jdbcType=VARCHAR},
      </if>
      <if test="sessionId != null" >
        SESSION_ID = #{sessionId,jdbcType=VARCHAR},
      </if>
      <if test="email != null" >
        EMAIL = #{email,jdbcType=VARCHAR},
      </if>
      <if test="version != null" >
        VERSION = #{version,jdbcType=DECIMAL},
      </if>
      <if test="createUser != null" >
        CREATE_USER = #{createUser,jdbcType=VARCHAR},
      </if>
      <if test="createTime != null" >
        CREATE_TIME = #{createTime,jdbcType=DATE},
      </if>
      <if test="updateUser != null" >
        UPDATE_USER = #{updateUser,jdbcType=VARCHAR},
      </if>
      <if test="updateTime != null" >
        UPDATE_TIME = #{updateTime,jdbcType=DATE},
      </if>
      <if test="roleId != null" >
        ROLE_ID = #{roleId,jdbcType=DECIMAL},
      </if>
      <if test="leaveInfo != null" >
        LEAVE_INFO = #{leaveInfo,jdbcType=VARCHAR},
      </if>
      <if test="attemptTimes != null" >
        attemptTimes = #{attemptTimes,jdbcType=DECIMAL},
      </if>
      <if test="updatePasswordTime != null" >
        UPDATE_PASSWORD_TIME = #{updatePasswordTime,jdbcType=DATE},
      </if>
    </set>
    where ID = #{id,jdbcType=DECIMAL}
  </update>
  <update id="updateByPrimaryKey" parameterType="com.uns.model.UserInfo" >
    update USER_INFO
    set USER_ID = #{userId,jdbcType=VARCHAR},
      USER_NAME = #{userName,jdbcType=VARCHAR},
      LOGIN_NAME = #{loginName,jdbcType=VARCHAR},
      "PASSWORD" = #{password,jdbcType=VARCHAR},
      TEL = #{tel,jdbcType=VARCHAR},
      USER_TYPE = #{userType,jdbcType=VARCHAR},
      FLAG = #{flag,jdbcType=VARCHAR},
      ACTIVE_CODE = #{activeCode,jdbcType=VARCHAR},
      OFFER_PERSON = #{offerPerson,jdbcType=VARCHAR},
      MOBILE = #{mobile,jdbcType=VARCHAR},
      "STATUS" = #{status,jdbcType=VARCHAR},
      REMARK = #{remark,jdbcType=VARCHAR},
      SESSION_ID = #{sessionId,jdbcType=VARCHAR},
      EMAIL = #{email,jdbcType=VARCHAR},
      VERSION = #{version,jdbcType=DECIMAL},
      CREATE_USER = #{createUser,jdbcType=VARCHAR},
      CREATE_TIME = #{createTime,jdbcType=DATE},
      UPDATE_USER = #{updateUser,jdbcType=VARCHAR},
      UPDATE_TIME = #{updateTime,jdbcType=DATE},
      ROLE_ID = #{roleId,jdbcType=DECIMAL},
      LEAVE_INFO = #{leaveInfo,jdbcType=VARCHAR},
      attemptTimes = #{attemptTimes,jdbcType=DECIMAL},
      UPDATE_PASSWORD_TIME = #{updatePasswordTime,jdbcType=DATE}
    where ID = #{id,jdbcType=DECIMAL}
  </update>
  
  
  <!-- 查询用户 -->
  <select id="selectUserInfoByName" resultMap="BaseResultMap"  parameterType="java.lang.String">
	   select 
	    <include refid="Base_Column_List" />
	    from USER_INFO 
	    where LOGIN_NAME=#{loginName,jdbcType=VARCHAR}
  </select>
</mapper>