<?xml version="1.0" encoding="UTF-8" ?>
<!DOCTYPE mapper PUBLIC "-//mybatis.org//DTD Mapper 3.0//EN" "http://mybatis.org/dtd/mybatis-3-mapper.dtd" >
<mapper namespace="com.uns.dao.WhiteAccountMapper" >
  <resultMap id="BaseResultMap" type="com.uns.model.WhiteAccount" >
    <id column="ID" property="id" jdbcType="DECIMAL" />
    <result column="ACCOUNT_SUB_SEQ" property="accountSubSeq" jdbcType="DECIMAL" />
    <result column="ACTION_SEQ" property="actionSeq" jdbcType="DECIMAL" />
    <result column="REASON" property="reason" jdbcType="VARCHAR" />
    <result column="OPER_USER_ID" property="operUserId" jdbcType="DECIMAL" />
    <result column="OPER_TIME" property="operTime" jdbcType="TIMESTAMP" />
    <result column="STATUS" property="status" jdbcType="VARCHAR" />
  </resultMap>

  <resultMap id="WhiteAccountMap" type="com.uns.model.WhiteAccount">
    <id column="id" property="id" jdbcType="DECIMAL"/>
    <result column="ACCOUNT_ID" property="accountId" jdbcType="VARCHAR"/>
    <result column="NAME" property="name" jdbcType="VARCHAR"/>
    <result column="ACTION_NAME" property="actionName" jdbcType="VARCHAR"/>
    <result column="REASON" property="reason" jdbcType="VARCHAR"/>
    <result column="USER_NAME" property="userName" jdbcType="VARCHAR"/>
    <result column="OPER_TIME" property="operTime" jdbcType="TIMESTAMP"/>
    <result column="STATUS" property="status" jdbcType="VARCHAR"/>
    <result column="STATUSTR" property="statuStr" jdbcType="VARCHAR"/>
  </resultMap>

  <sql id="Base_Column_List" >
    ID, ACCOUNT_SUB_SEQ, ACTION_SEQ, REASON, OPER_USER_ID, OPER_TIME, STATUS
  </sql>
  <select id="selectByPrimaryKey" resultMap="BaseResultMap" parameterType="java.math.BigDecimal" >
    select 
    <include refid="Base_Column_List" />
    from WHITE_ACCOUNT
    where ID = #{id,jdbcType=DECIMAL}
  </select>
  <select id="queryWhiteAccountList" resultMap="WhiteAccountMap">
      SELECT WA.ID,
             A.ACCOUNT_ID,
             A.NAME,
             AT.ACTION_NAME,
             WA.REASON,
             UI.USER_NAME,
             WA.OPER_TIME,
             DECODE(WA.STATUS, '0', '已停用', '1', '已启用', '2', '已删除') STATUSTR,
             WA.STATUS
        FROM WHITE_ACCOUNT WA
        LEFT JOIN ACCOUNT A
          ON WA.ACCOUNT_SUB_SEQ = A.DEFAULT_SUB_SEQ
        LEFT JOIN ACTION_TYPE AT
          ON WA.ACTION_SEQ = AT.ID
        LEFT JOIN USER_INFO UI
          ON WA.OPER_USER_ID = UI.ID
       WHERE WA.STATUS != 2
    <if test="accountId != null and accountId != ''">
      AND A.ACCOUNT_ID = #{accountId}
    </if>
    <if test="actionSeq != null and actionSeq != ''">
      AND AT.ID = #{actionSeq}
    </if>
    <if test="name != null and name != ''">
      AND A.NAME = #{name}
    </if>
    <if test="status != null and status != ''">
      AND WA.STATUS = #{status}
    </if>
    <if test="beginOperTime != null and beginOperTime != ''">
      <![CDATA[
           AND TO_CHAR(WA.OPER_TIME,'yyyy-MM-dd') >= #{beginOperTime}
      ]]>
    </if>
    <if test="endOperTime != null and endOperTime != ''">
      <![CDATA[
          AND TO_CHAR(WA.OPER_TIME,'yyyy-MM-dd') <= #{beginOperTime}
      ]]>
    </if>
    ORDER BY WA.OPER_TIME DESC
  </select>
  <select id="queryWhiteAccountByParam" resultMap="BaseResultMap">
    select
    <include refid="Base_Column_List" />
    from WHITE_ACCOUNT
    where 1 = 1
    <if test="id != null and id != ''">
      AND ID = #{id}
    </if>
    <if test="actionSeq != null and actionSeq != ''">
      AND ACTION_SEQ = #{actionSeq}
    </if>
    <if test="accountSubSeq != null and accountSubSeq != ''">
      AND account_sub_seq = #{accountSubSeq}
    </if>
    AND STATUS != 2
  </select>
  <select id="queryActionSeqByAccountId" resultType="java.lang.String">
    SELECT M.ACTION_SEQ FROM WHITE_ACCOUNT M WHERE M.ACCOUNT_SUB_SEQ = #{s}
  </select>
  <delete id="deleteByPrimaryKey" parameterType="java.math.BigDecimal" >
    delete from WHITE_ACCOUNT
    where ID = #{id,jdbcType=DECIMAL}
  </delete>
  <insert id="insert" parameterType="com.uns.model.WhiteAccount" >
    insert into WHITE_ACCOUNT (ID, ACCOUNT_SUB_SEQ, ACTION_SEQ, 
      REASON, OPER_USER_ID, OPER_TIME, 
      STATUS)
    values (#{id,jdbcType=DECIMAL}, #{accountSubSeq,jdbcType=DECIMAL}, #{actionSeq,jdbcType=DECIMAL}, 
      #{reason,jdbcType=VARCHAR}, #{operUserId,jdbcType=DECIMAL}, #{operTime,jdbcType=TIMESTAMP},
      #{status,jdbcType=VARCHAR})
  </insert>
  <insert id="insertSelective" parameterType="com.uns.model.WhiteAccount" >
    <selectKey resultType="java.math.BigDecimal" keyProperty="id" order="BEFORE">
      select seq_whiteaccount_id.nextval from dual
    </selectKey>
    insert into WHITE_ACCOUNT
    <trim prefix="(" suffix=")" suffixOverrides="," >
      <if test="id != null" >
        ID,
      </if>
      <if test="accountSubSeq != null" >
        ACCOUNT_SUB_SEQ,
      </if>
      <if test="actionSeq != null" >
        ACTION_SEQ,
      </if>
      <if test="reason != null" >
        REASON,
      </if>
      <if test="operUserId != null" >
        OPER_USER_ID,
      </if>
      <if test="operTime != null" >
        OPER_TIME,
      </if>
      <if test="status != null" >
        STATUS,
      </if>
    </trim>
    <trim prefix="values (" suffix=")" suffixOverrides="," >
      <if test="id != null" >
        #{id,jdbcType=DECIMAL},
      </if>
      <if test="accountSubSeq != null" >
        #{accountSubSeq,jdbcType=DECIMAL},
      </if>
      <if test="actionSeq != null" >
        #{actionSeq,jdbcType=DECIMAL},
      </if>
      <if test="reason != null" >
        #{reason,jdbcType=VARCHAR},
      </if>
      <if test="operUserId != null" >
        #{operUserId,jdbcType=DECIMAL},
      </if>
      <if test="operTime != null" >
        #{operTime,jdbcType=TIMESTAMP},
      </if>
      <if test="status != null" >
        #{status,jdbcType=VARCHAR},
      </if>
    </trim>
  </insert>

  <update id="updateByPrimaryKeySelective" parameterType="com.uns.model.WhiteAccount" >
    update WHITE_ACCOUNT
    <set >
      <if test="accountSubSeq != null" >
        ACCOUNT_SUB_SEQ = #{accountSubSeq,jdbcType=DECIMAL},
      </if>
      <if test="actionSeq != null" >
        ACTION_SEQ = #{actionSeq,jdbcType=DECIMAL},
      </if>
      <if test="reason != null" >
        REASON = #{reason,jdbcType=VARCHAR},
      </if>
      <if test="operUserId != null" >
        OPER_USER_ID = #{operUserId,jdbcType=DECIMAL},
      </if>
      <if test="operTime != null" >
        OPER_TIME = #{operTime,jdbcType=TIMESTAMP},
      </if>
      <if test="status != null" >
        STATUS = #{status,jdbcType=VARCHAR},
      </if>
    </set>
    where ID = #{id,jdbcType=DECIMAL}
  </update>
  <update id="updateByPrimaryKey" parameterType="com.uns.model.WhiteAccount" >
    update WHITE_ACCOUNT
    set ACCOUNT_SUB_SEQ = #{accountSubSeq,jdbcType=DECIMAL},
      ACTION_SEQ = #{actionSeq,jdbcType=DECIMAL},
      REASON = #{reason,jdbcType=VARCHAR},
      OPER_USER_ID = #{operUserId,jdbcType=DECIMAL},
      OPER_TIME = #{operTime,jdbcType=TIMESTAMP},
      STATUS = #{status,jdbcType=VARCHAR}
    where ID = #{id,jdbcType=DECIMAL}
  </update>
</mapper>