<?xml version="1.0" encoding="UTF-8" ?>
<!DOCTYPE mapper PUBLIC "-//mybatis.org//DTD Mapper 3.0//EN" "http://mybatis.org/dtd/mybatis-3-mapper.dtd" >
<mapper namespace="com.uns.dao.WithDrawOrderMapper" >
  <resultMap id="BaseResultMap" type="com.uns.model.WithdrawOrder" >
    <result column="ID" property="id" jdbcType="DECIMAL" />
    <result column="ORDER_ID" property="orderId" jdbcType="VARCHAR" />
    <result column="INNER_ORDER_CODE" property="innerOrderCode" jdbcType="VARCHAR" />
    <result column="TRANS_ID" property="transId" jdbcType="VARCHAR" />
    <result column="ACTION_SEQ" property="actionSeq" jdbcType="DECIMAL" />
    <result column="CREDIT_SEQ" property="creditSeq" jdbcType="DECIMAL" />
    <result column="DEBIT_SEQ" property="debitSeq" jdbcType="DECIMAL" />
    <result column="AMOUNT" property="amount" jdbcType="DECIMAL" />
    <result column="ORDER_STATUS" property="orderStatus" jdbcType="VARCHAR" />
    <result column="ORDER_DESC" property="orderDesc" jdbcType="VARCHAR" />
    <result column="BANK_RESPONSE" property="bankResponse" jdbcType="VARCHAR" />
    <result column="DEBIT_FEE" property="debitFee" jdbcType="DECIMAL" />
    <result column="CREDIT_FEE" property="creditFee" jdbcType="DECIMAL" />
    <result column="ACCOUNT_NO" property="accountNo" jdbcType="VARCHAR" />
    <result column="ACCOUNT_TYPE" property="accountType" jdbcType="VARCHAR" />
    <result column="BANK_NAME" property="bankName" jdbcType="VARCHAR" />
    <result column="DEPOSIT_BANK_NAME" property="depositBankName" jdbcType="VARCHAR" />
    <result column="BANK_PROV_SEQ" property="bankProvSeq" jdbcType="DECIMAL" />
    <result column="BANK_CITY_SEQ" property="bankCitySeq" jdbcType="DECIMAL" />
    <result column="ACCOUNT_NAME" property="accountName" jdbcType="VARCHAR" />
    <result column="PHONE_NO" property="phoneNo" jdbcType="VARCHAR" />
    <result column="REMARK" property="remark" jdbcType="VARCHAR" />
    <result column="RESPONSE_URL" property="responseUrl" jdbcType="VARCHAR" />
    <result column="CREATE_USER" property="createUser" jdbcType="VARCHAR" />
    <result column="CREATE_TIME" property="createTime" jdbcType="TIMESTAMP" />
    <result column="UPDATE_USER" property="updateUser" jdbcType="VARCHAR" />
    <result column="UPDATE_TIME" property="updateTime" jdbcType="TIMESTAMP" />
    <result column="PURPOSE" property="purpose" jdbcType="VARCHAR" />
    <result column="BATCH_NO" property="batchNo" jdbcType="VARCHAR" />
    <result column="BANK_SERIAL_NO" property="bankSerialNo" jdbcType="VARCHAR" />
    <result column="VNV_ACCOUNT_SEQ" property="vnvAccountSeq" jdbcType="DECIMAL" />
    <result column="CARD_TYPE" property="cardType" jdbcType="VARCHAR" />
    <result column="CHANNEL_CODE" property="channelCode" jdbcType="VARCHAR" />
    <result column="ACCOUNT_ID" property="accountId" jdbcType="VARCHAR" />
    <result column="NAME" property="name" jdbcType="VARCHAR" />
    <result column="RELEVANCE_INNERORDER" property="relevanceInnerorder" jdbcType="VARCHAR" />
    <result column="PAY_STATUS" property="payStatus" jdbcType="VARCHAR" />
    <result column="BANK_PROV_NAME" property="bankProvName" jdbcType="VARCHAR" />
    <result column="BANK_CITY_NAME" property="bankCityName" jdbcType="VARCHAR" />
    <result column="SERVICE_FLAG" property="serviceFlag" jdbcType="VARCHAR" />
    <result column="BUSINESS_TYPE" property="businessType" jdbcType="VARCHAR" />
    <result column="CREDIT_FEERATIO_ID" property="creditFeeratioId" jdbcType="DECIMAL" />
    <result column="DEBIT_FEERATIO_ID" property="debitFeeratioId" jdbcType="DECIMAL" />
    <result column="SETTLEMENT_DATE" property="settlementDate" jdbcType="TIMESTAMP" />
  </resultMap>
  <sql id="Base_Column_List" >
  id,
  order_id,
  inner_order_code,
  trans_id,
  action_seq,
  credit_seq,
  debit_seq ,
  amount ,
  order_status,
  order_desc ,
  bank_response,
  debit_fee,
  credit_fee ,
  account_no,
  account_type,
  bank_name,
  deposit_bank_name,
  bank_prov_seq ,
  bank_city_seq,
  account_name,
  phone_no,
  remark,
  response_url,
  create_user,
  create_time,
  update_user,
  update_time ,
  purpose,
  batch_no,
  bank_serial_no,
  vnv_account_seq,
  card_type,
  channel_code,
  account_id,
  name ,
  relevance_innerorder ,
  pay_status,
  bank_prov_name,
  bank_city_name,
  service_flag ,
  business_type,
  credit_feeratio_id,
  debit_feeratio_id,
  settlement_date 
  </sql>
  <!-- 查询新体现交易数据 -->
  <select id="getTxTrans" parameterType="java.util.Map" resultMap="BaseResultMap">
   select a.* from(
        select
        <include refid="Base_Column_List"/>,rownum rn
        from WITHDRAW_ORDER
        where
        create_time>=to_date(#{checkdate, jdbcType=VARCHAR}, 'yyyy-MM-dd')
	    and create_time <![CDATA[< ]]> to_date(#{checkdate, jdbcType=VARCHAR}, 'yyyy-MM-dd')+1-1/86400
    ) a
    where
    a.rn<![CDATA[>=]]>#{pagenumStart,jdbcType=VARCHAR}
    and
    a.rn<![CDATA[<]]>#{pagenumEnd,jdbcType=VARCHAR}
  </select>

  <insert id="insertTxTable" parameterType="java.util.List">
   insert into
    WITHDRAW_ORDER(
    id,order_id,inner_order_code,trans_id,action_seq,credit_seq,debit_seq ,amount ,order_status,order_desc ,
    bank_response,debit_fee,credit_fee ,account_no,account_type,bank_name,deposit_bank_name,bank_prov_seq ,
   bank_city_seq,account_name,phone_no,remark,response_url,create_user,create_time,update_user,update_time ,
   purpose,batch_no,bank_serial_no,
   vnv_account_seq,card_type,channel_code,account_id,name ,relevance_innerorder ,
   pay_status,bank_prov_name,bank_city_name,
   service_flag ,business_type,credit_feeratio_id,debit_feeratio_id,settlement_date
    )
    select WITHDRAW_ORDER_seq.nextval id, a.*
    from (
    <foreach collection="list" item="item" index="index" separator="union">
      select
      #{item.orderId,jdbcType=VARCHAR} order_id, #{item.innerOrderCode,jdbcType=VARCHAR} inner_order_code,
      #{item.transId,jdbcType=VARCHAR} trans_id, #{item.actionSeq,jdbcType=DECIMAL} action_seq, #{item.creditSeq,jdbcType=DECIMAL} credit_seq,  
      #{item.debitSeq,jdbcType=DECIMAL} debit_seq, #{item.amount,jdbcType=DECIMAL} amount, #{item.orderStatus,jdbcType=VARCHAR} order_status, #{item.orderDesc,jdbcType=VARCHAR} order_desc, 
      #{item.bankResponse,jdbcType=VARCHAR} bank_response, #{item.debitFee,jdbcType=DECIMAL} debit_fee, #{item.creditFee,jdbcType=DECIMAL} credit_fee, 
      #{item.accountNo,jdbcType=VARCHAR} account_no, #{item.accountType,jdbcType=VARCHAR} account_type, #{item.bankName,jdbcType=VARCHAR} bank_name, 
      #{item.depositBankName,jdbcType=VARCHAR} deposit_bank_name, #{item.bankProvSeq,jdbcType=DECIMAL} bank_prov_seq, #{item.bankCitySeq,jdbcType=DECIMAL} bank_city_seq, 
      #{item.accountName,jdbcType=VARCHAR} account_name, #{item.phoneNo,jdbcType=VARCHAR} phone_no, #{item.remark,jdbcType=VARCHAR} remark, 
      #{item.responseUrl,jdbcType=VARCHAR} response_url, #{item.createUser,jdbcType=VARCHAR} create_user, #{item.createTime,jdbcType=TIMESTAMP} create_time, 
      #{item.updateUser,jdbcType=VARCHAR} update_user, #{item.updateTime,jdbcType=TIMESTAMP} update_time, #{item.purpose,jdbcType=VARCHAR} purpose, 
      #{item.batchNo,jdbcType=VARCHAR} batch_no, #{item.bankSerialNo,jdbcType=VARCHAR} bank_serial_no,
      #{item.vnvAccountSeq,jdbcType=DECIMAL} vnv_account_seq,#{item.cardType,jdbcType=VARCHAR} card_type,#{item.channelCode,jdbcType=VARCHAR} channel_code,
      #{item.accountId,jdbcType=VARCHAR} account_id,#{item.name,jdbcType=VARCHAR} name,#{item.relevanceInnerorder,jdbcType=VARCHAR} relevance_innerorder,
      #{item.payStatus,jdbcType=VARCHAR} pay_status,#{item.bankProvName,jdbcType=VARCHAR} bank_prov_name,#{item.bankCityName,jdbcType=VARCHAR} bank_city_name,
      #{item.serviceFlag,jdbcType=VARCHAR} service_flag,#{item.businessType,jdbcType=VARCHAR} business_type,#{item.creditFeeratioId,jdbcType=DECIMAL} credit_feeratio_id,
      #{item.debitFeeratioId,jdbcType=DECIMAL} debit_feeratio_id,#{item.settlementDate,jdbcType=TIMESTAMP} settlement_date
       from dual
    </foreach>
    ) a
  </insert>
</mapper>
