<?xml version="1.0" encoding="UTF-8" ?>
<!DOCTYPE mapper PUBLIC "-//mybatis.org//DTD Mapper 3.0//EN" "http://mybatis.org/dtd/mybatis-3-mapper.dtd" >
<mapper namespace="com.uns.dao.XmBankMapper" >
  <resultMap id="BaseResultMap" type="com.uns.model.XmBank" >
    <id column="ID" property="id" jdbcType="VARCHAR" />
    <result column="TRANS_ID" property="transId" jdbcType="VARCHAR" />
    <result column="BATCH_NO" property="batchNo" jdbcType="VARCHAR" />
    <result column="CREATEDATA" property="createdata" jdbcType="DATE" />
    <result column="BATCH_ID" property="batchId" jdbcType="VARCHAR" />
  </resultMap>
  <sql id="Base_Column_List" >
    ID, TRANS_ID, BATCH_NO, CREATEDATA, BATCH_ID
  </sql>
  <select id="selectByPrimaryKey" resultMap="BaseResultMap" parameterType="java.lang.String" >
    select 
    <include refid="Base_Column_List" />
    from XM_BANK
    where ID = #{id,jdbcType=VARCHAR}
  </select>
  <select id="getXmbankTransCount" resultType="java.lang.Integer">
    SELECT COUNT(1)
    FROM XM_BANK M
    WHERE M.CREATEDATA >= TO_DATE(#{checkdate}, 'YYYY-MM-DD')
    <![CDATA[
    AND M.CREATEDATA <= TO_DATE(#{checkdate} || '23:59:59', 'YYYY-MM-DD HH24:MI:SS')
    ]]>
  </select>
  <select id="getXmbankTrans" resultMap="BaseResultMap">
    SELECT A.* FROM (
      SELECT <include refid="Base_Column_List"/>, ROWNUM rn
    FROM XM_BANK M
    WHERE M.CREATEDATA >= TO_DATE(#{checkdate}, 'YYYY-MM-DD')
    <![CDATA[
    AND M.CREATEDATA <= TO_DATE(#{checkdate} || '23:59:59', 'YYYY-MM-DD HH24:MI:SS')
    ]]>
    ) a
    where
    a.rn<![CDATA[>=]]>#{pagenumStart,jdbcType=VARCHAR}
    and
    a.rn<![CDATA[<]]>#{pagenumEnd,jdbcType=VARCHAR}
  </select>
  <delete id="deleteByPrimaryKey" parameterType="java.lang.String" >
    delete from XM_BANK
    where ID = #{id,jdbcType=VARCHAR}
  </delete>
  <delete id="delXmbankOfCheckdate">
    DELETE FROM XM_BANK M
     WHERE M.CREATEDATA >= TO_DATE(#{checkdate}, 'YYYY-MM-DD')
    <![CDATA[
    AND M.CREATEDATA <= TO_DATE(#{checkdate} || '23:59:59', 'YYYY-MM-DD HH24:MI:SS')
    ]]>
  </delete>
  <insert id="insert" parameterType="com.uns.model.XmBank" >
    insert into XM_BANK (ID, TRANS_ID, BATCH_NO, 
      CREATEDATA, BATCH_ID)
    values (#{id,jdbcType=VARCHAR}, #{transId,jdbcType=VARCHAR}, #{batchNo,jdbcType=VARCHAR}, 
      #{createdata,jdbcType=DATE}, #{batchId,jdbcType=VARCHAR})
  </insert>
  <insert id="insertSelective" parameterType="com.uns.model.XmBank" >
    insert into XM_BANK
    <trim prefix="(" suffix=")" suffixOverrides="," >
      <if test="id != null" >
        ID,
      </if>
      <if test="transId != null" >
        TRANS_ID,
      </if>
      <if test="batchNo != null" >
        BATCH_NO,
      </if>
      <if test="createdata != null" >
        CREATEDATA,
      </if>
      <if test="batchId != null" >
        BATCH_ID,
      </if>
    </trim>
    <trim prefix="values (" suffix=")" suffixOverrides="," >
      <if test="id != null" >
        #{id,jdbcType=VARCHAR},
      </if>
      <if test="transId != null" >
        #{transId,jdbcType=VARCHAR},
      </if>
      <if test="batchNo != null" >
        #{batchNo,jdbcType=VARCHAR},
      </if>
      <if test="createdata != null" >
        #{createdata,jdbcType=DATE},
      </if>
      <if test="batchId != null" >
        #{batchId,jdbcType=VARCHAR},
      </if>
    </trim>
  </insert>
  <insert id="insertXmBank">
    insert into XM_BANK (ID, TRANS_ID, BATCH_NO,
      CREATEDATA, BATCH_ID)
    <foreach collection="list" item="item" index="index" separator="union">
    select #{item.id,jdbcType=VARCHAR}, #{item.transId,jdbcType=VARCHAR}, #{item.batchNo,jdbcType=VARCHAR},
      #{item.createdata,jdbcType=DATE}, #{item.batchId,jdbcType=VARCHAR}
      from dual
    </foreach>

  </insert>
  <update id="updateByPrimaryKeySelective" parameterType="com.uns.model.XmBank" >
    update XM_BANK
    <set >
      <if test="transId != null" >
        TRANS_ID = #{transId,jdbcType=VARCHAR},
      </if>
      <if test="batchNo != null" >
        BATCH_NO = #{batchNo,jdbcType=VARCHAR},
      </if>
      <if test="createdata != null" >
        CREATEDATA = #{createdata,jdbcType=DATE},
      </if>
      <if test="batchId != null" >
        BATCH_ID = #{batchId,jdbcType=VARCHAR},
      </if>
    </set>
    where ID = #{id,jdbcType=VARCHAR}
  </update>
  <update id="updateByPrimaryKey" parameterType="com.uns.model.XmBank" >
    update XM_BANK
    set TRANS_ID = #{transId,jdbcType=VARCHAR},
      BATCH_NO = #{batchNo,jdbcType=VARCHAR},
      CREATEDATA = #{createdata,jdbcType=DATE},
      BATCH_ID = #{batchId,jdbcType=VARCHAR}
    where ID = #{id,jdbcType=VARCHAR}
  </update>
</mapper>